
===========================================================================
report_checks -path_delay max (Setup)
============================================================================
======================= nom_slow_1p08V_125C Corner ===================================

Startpoint: B[11]$_SDFFE_PP1P_ (rising edge-triggered flip-flop clocked by clk)
Endpoint: D[9] (output port clocked by clk)
Path Group: clk
Path Type: max

Fanout         Cap        Slew       Delay        Time   Description
---------------------------------------------------------------------------------------------
                                  0.000000    0.000000   clock clk (rise edge)
                                  0.000000    0.000000   clock source latency
     1    0.016518    0.051123    0.021938    0.021938 ^ clk (in)
                                                         clk (net)
                      0.051133    0.000000    0.021938 ^ clkbuf_0_clk/A (sg13g2_buf_8)
     4    0.048729    0.056917    0.129818    0.151756 ^ clkbuf_0_clk/X (sg13g2_buf_8)
                                                         clknet_0_clk (net)
                      0.057176    0.002697    0.154453 ^ clkbuf_2_2__f_clk/A (sg13g2_buf_8)
     8    0.031400    0.044945    0.123419    0.277872 ^ clkbuf_2_2__f_clk/X (sg13g2_buf_8)
                                                         clknet_2_2__leaf_clk (net)
                      0.044964    0.001350    0.279221 ^ B[11]$_SDFFE_PP1P_/CLK (sg13g2_dfrbpq_2)
     2    0.010631    0.055423    0.297341    0.576563 ^ B[11]$_SDFFE_PP1P_/Q (sg13g2_dfrbpq_2)
                                                         net10 (net)
                      0.055423    0.000075    0.576638 ^ hold43/A (sg13g2_dlygate4sd3_1)
     1    0.008569    0.087238    0.601837    1.178475 ^ hold43/X (sg13g2_dlygate4sd3_1)
                                                         net126 (net)
                      0.087238    0.000351    1.178826 ^ fanout10/A (sg13g2_buf_8)
     8    0.057449    0.064176    0.155368    1.334194 ^ fanout10/X (sg13g2_buf_8)
                                                         net33 (net)
                      0.064642    0.003994    1.338188 ^ _164_/S (sg13g2_mux2_1)
     1    0.005304    0.065582    0.258605    1.596793 v _164_/X (sg13g2_mux2_1)
                                                         net54 (net)
                      0.065583    0.000335    1.597127 v output38/A (sg13g2_buf_1)
     1    0.008814    0.059544    0.133032    1.730160 v output38/X (sg13g2_buf_1)
                                                         D[9] (net)
                      0.059546    0.000391    1.730551 v D[9] (out)
                                              1.730551   data arrival time

                                 10.000000   10.000000   clock clk (rise edge)
                                  0.000000   10.000000   clock network delay (propagated)
                                 -0.250000    9.750000   clock uncertainty
                                  0.000000    9.750000   clock reconvergence pessimism
                                 -2.000000    7.750000   output external delay
                                              7.750000   data required time
---------------------------------------------------------------------------------------------
                                              7.750000   data required time
                                             -1.730551   data arrival time
---------------------------------------------------------------------------------------------
                                              6.019449   slack (MET)


Startpoint: B[11]$_SDFFE_PP1P_ (rising edge-triggered flip-flop clocked by clk)
Endpoint: D[2] (output port clocked by clk)
Path Group: clk
Path Type: max

Fanout         Cap        Slew       Delay        Time   Description
---------------------------------------------------------------------------------------------
                                  0.000000    0.000000   clock clk (rise edge)
                                  0.000000    0.000000   clock source latency
     1    0.016518    0.051123    0.021938    0.021938 ^ clk (in)
                                                         clk (net)
                      0.051133    0.000000    0.021938 ^ clkbuf_0_clk/A (sg13g2_buf_8)
     4    0.048729    0.056917    0.129818    0.151756 ^ clkbuf_0_clk/X (sg13g2_buf_8)
                                                         clknet_0_clk (net)
                      0.057176    0.002697    0.154453 ^ clkbuf_2_2__f_clk/A (sg13g2_buf_8)
     8    0.031400    0.044945    0.123419    0.277872 ^ clkbuf_2_2__f_clk/X (sg13g2_buf_8)
                                                         clknet_2_2__leaf_clk (net)
                      0.044964    0.001350    0.279221 ^ B[11]$_SDFFE_PP1P_/CLK (sg13g2_dfrbpq_2)
     2    0.010631    0.055423    0.297341    0.576563 ^ B[11]$_SDFFE_PP1P_/Q (sg13g2_dfrbpq_2)
                                                         net10 (net)
                      0.055423    0.000075    0.576638 ^ hold43/A (sg13g2_dlygate4sd3_1)
     1    0.008569    0.087238    0.601837    1.178475 ^ hold43/X (sg13g2_dlygate4sd3_1)
                                                         net126 (net)
                      0.087238    0.000351    1.178826 ^ fanout10/A (sg13g2_buf_8)
     8    0.057449    0.064176    0.155368    1.334194 ^ fanout10/X (sg13g2_buf_8)
                                                         net33 (net)
                      0.064428    0.002718    1.336912 ^ _157_/S (sg13g2_mux2_1)
     1    0.006020    0.068367    0.261855    1.598767 v _157_/X (sg13g2_mux2_1)
                                                         net47 (net)
                      0.068369    0.000370    1.599138 v output31/A (sg13g2_buf_1)
     1    0.007280    0.052237    0.128282    1.727419 v output31/X (sg13g2_buf_1)
                                                         D[2] (net)
                      0.052238    0.000302    1.727721 v D[2] (out)
                                              1.727721   data arrival time

                                 10.000000   10.000000   clock clk (rise edge)
                                  0.000000   10.000000   clock network delay (propagated)
                                 -0.250000    9.750000   clock uncertainty
                                  0.000000    9.750000   clock reconvergence pessimism
                                 -2.000000    7.750000   output external delay
                                              7.750000   data required time
---------------------------------------------------------------------------------------------
                                              7.750000   data required time
                                             -1.727721   data arrival time
---------------------------------------------------------------------------------------------
                                              6.022279   slack (MET)


Startpoint: B[11]$_SDFFE_PP1P_ (rising edge-triggered flip-flop clocked by clk)
Endpoint: D[10] (output port clocked by clk)
Path Group: clk
Path Type: max

Fanout         Cap        Slew       Delay        Time   Description
---------------------------------------------------------------------------------------------
                                  0.000000    0.000000   clock clk (rise edge)
                                  0.000000    0.000000   clock source latency
     1    0.016518    0.051123    0.021938    0.021938 ^ clk (in)
                                                         clk (net)
                      0.051133    0.000000    0.021938 ^ clkbuf_0_clk/A (sg13g2_buf_8)
     4    0.048729    0.056917    0.129818    0.151756 ^ clkbuf_0_clk/X (sg13g2_buf_8)
                                                         clknet_0_clk (net)
                      0.057176    0.002697    0.154453 ^ clkbuf_2_2__f_clk/A (sg13g2_buf_8)
     8    0.031400    0.044945    0.123419    0.277872 ^ clkbuf_2_2__f_clk/X (sg13g2_buf_8)
                                                         clknet_2_2__leaf_clk (net)
                      0.044964    0.001350    0.279221 ^ B[11]$_SDFFE_PP1P_/CLK (sg13g2_dfrbpq_2)
     2    0.010631    0.055423    0.297341    0.576563 ^ B[11]$_SDFFE_PP1P_/Q (sg13g2_dfrbpq_2)
                                                         net10 (net)
                      0.055423    0.000075    0.576638 ^ hold43/A (sg13g2_dlygate4sd3_1)
     1    0.008569    0.087238    0.601837    1.178475 ^ hold43/X (sg13g2_dlygate4sd3_1)
                                                         net126 (net)
                      0.087238    0.000351    1.178826 ^ fanout10/A (sg13g2_buf_8)
     8    0.057449    0.064176    0.155368    1.334194 ^ fanout10/X (sg13g2_buf_8)
                                                         net33 (net)
                      0.064498    0.003180    1.337374 ^ _154_/S (sg13g2_mux2_1)
     1    0.004398    0.061911    0.254248    1.591622 v _154_/X (sg13g2_mux2_1)
                                                         net44 (net)
                      0.061911    0.000311    1.591933 v output28/A (sg13g2_buf_1)
     1    0.007262    0.052040    0.124964    1.716897 v output28/X (sg13g2_buf_1)
                                                         D[10] (net)
                      0.052041    0.000305    1.717201 v D[10] (out)
                                              1.717201   data arrival time

                                 10.000000   10.000000   clock clk (rise edge)
                                  0.000000   10.000000   clock network delay (propagated)
                                 -0.250000    9.750000   clock uncertainty
                                  0.000000    9.750000   clock reconvergence pessimism
                                 -2.000000    7.750000   output external delay
                                              7.750000   data required time
---------------------------------------------------------------------------------------------
                                              7.750000   data required time
                                             -1.717201   data arrival time
---------------------------------------------------------------------------------------------
                                              6.032799   slack (MET)


Startpoint: B[11]$_SDFFE_PP1P_ (rising edge-triggered flip-flop clocked by clk)
Endpoint: D[5] (output port clocked by clk)
Path Group: clk
Path Type: max

Fanout         Cap        Slew       Delay        Time   Description
---------------------------------------------------------------------------------------------
                                  0.000000    0.000000   clock clk (rise edge)
                                  0.000000    0.000000   clock source latency
     1    0.016518    0.051123    0.021938    0.021938 ^ clk (in)
                                                         clk (net)
                      0.051133    0.000000    0.021938 ^ clkbuf_0_clk/A (sg13g2_buf_8)
     4    0.048729    0.056917    0.129818    0.151756 ^ clkbuf_0_clk/X (sg13g2_buf_8)
                                                         clknet_0_clk (net)
                      0.057176    0.002697    0.154453 ^ clkbuf_2_2__f_clk/A (sg13g2_buf_8)
     8    0.031400    0.044945    0.123419    0.277872 ^ clkbuf_2_2__f_clk/X (sg13g2_buf_8)
                                                         clknet_2_2__leaf_clk (net)
                      0.044964    0.001350    0.279221 ^ B[11]$_SDFFE_PP1P_/CLK (sg13g2_dfrbpq_2)
     2    0.010631    0.055423    0.297341    0.576563 ^ B[11]$_SDFFE_PP1P_/Q (sg13g2_dfrbpq_2)
                                                         net10 (net)
                      0.055423    0.000075    0.576638 ^ hold43/A (sg13g2_dlygate4sd3_1)
     1    0.008569    0.087238    0.601837    1.178475 ^ hold43/X (sg13g2_dlygate4sd3_1)
                                                         net126 (net)
                      0.087238    0.000351    1.178826 ^ fanout10/A (sg13g2_buf_8)
     8    0.057449    0.064176    0.155368    1.334194 ^ fanout10/X (sg13g2_buf_8)
                                                         net33 (net)
                      0.064565    0.003579    1.337773 ^ _160_/S (sg13g2_mux2_1)
     1    0.003691    0.059032    0.250970    1.588742 v _160_/X (sg13g2_mux2_1)
                                                         net50 (net)
                      0.059032    0.000223    1.588966 v output34/A (sg13g2_buf_1)
     1    0.007689    0.054025    0.125235    1.714200 v output34/X (sg13g2_buf_1)
                                                         D[5] (net)
                      0.054026    0.000328    1.714529 v D[5] (out)
                                              1.714529   data arrival time

                                 10.000000   10.000000   clock clk (rise edge)
                                  0.000000   10.000000   clock network delay (propagated)
                                 -0.250000    9.750000   clock uncertainty
                                  0.000000    9.750000   clock reconvergence pessimism
                                 -2.000000    7.750000   output external delay
                                              7.750000   data required time
---------------------------------------------------------------------------------------------
                                              7.750000   data required time
                                             -1.714529   data arrival time
---------------------------------------------------------------------------------------------
                                              6.035471   slack (MET)


Startpoint: B[11]$_SDFFE_PP1P_ (rising edge-triggered flip-flop clocked by clk)
Endpoint: D[1] (output port clocked by clk)
Path Group: clk
Path Type: max

Fanout         Cap        Slew       Delay        Time   Description
---------------------------------------------------------------------------------------------
                                  0.000000    0.000000   clock clk (rise edge)
                                  0.000000    0.000000   clock source latency
     1    0.016518    0.051123    0.021938    0.021938 ^ clk (in)
                                                         clk (net)
                      0.051133    0.000000    0.021938 ^ clkbuf_0_clk/A (sg13g2_buf_8)
     4    0.048729    0.056917    0.129818    0.151756 ^ clkbuf_0_clk/X (sg13g2_buf_8)
                                                         clknet_0_clk (net)
                      0.057176    0.002697    0.154453 ^ clkbuf_2_2__f_clk/A (sg13g2_buf_8)
     8    0.031400    0.044945    0.123419    0.277872 ^ clkbuf_2_2__f_clk/X (sg13g2_buf_8)
                                                         clknet_2_2__leaf_clk (net)
                      0.044964    0.001350    0.279221 ^ B[11]$_SDFFE_PP1P_/CLK (sg13g2_dfrbpq_2)
     2    0.010631    0.055423    0.297341    0.576563 ^ B[11]$_SDFFE_PP1P_/Q (sg13g2_dfrbpq_2)
                                                         net10 (net)
                      0.055423    0.000075    0.576638 ^ hold43/A (sg13g2_dlygate4sd3_1)
     1    0.008569    0.087238    0.601837    1.178475 ^ hold43/X (sg13g2_dlygate4sd3_1)
                                                         net126 (net)
                      0.087238    0.000351    1.178826 ^ fanout10/A (sg13g2_buf_8)
     8    0.057449    0.064176    0.155368    1.334194 ^ fanout10/X (sg13g2_buf_8)
                                                         net33 (net)
                      0.064651    0.004041    1.338235 ^ _156_/S (sg13g2_mux2_1)
     1    0.002969    0.056094    0.247616    1.585851 v _156_/X (sg13g2_mux2_1)
                                                         net46 (net)
                      0.056094    0.000112    1.585963 v output30/A (sg13g2_buf_1)
     1    0.007987    0.055430    0.124880    1.710843 v output30/X (sg13g2_buf_1)
                                                         D[1] (net)
                      0.055433    0.000501    1.711344 v D[1] (out)
                                              1.711344   data arrival time

                                 10.000000   10.000000   clock clk (rise edge)
                                  0.000000   10.000000   clock network delay (propagated)
                                 -0.250000    9.750000   clock uncertainty
                                  0.000000    9.750000   clock reconvergence pessimism
                                 -2.000000    7.750000   output external delay
                                              7.750000   data required time
---------------------------------------------------------------------------------------------
                                              7.750000   data required time
                                             -1.711344   data arrival time
---------------------------------------------------------------------------------------------
                                              6.038656   slack (MET)


Startpoint: B[11]$_SDFFE_PP1P_ (rising edge-triggered flip-flop clocked by clk)
Endpoint: D[6] (output port clocked by clk)
Path Group: clk
Path Type: max

Fanout         Cap        Slew       Delay        Time   Description
---------------------------------------------------------------------------------------------
                                  0.000000    0.000000   clock clk (rise edge)
                                  0.000000    0.000000   clock source latency
     1    0.016518    0.051123    0.021938    0.021938 ^ clk (in)
                                                         clk (net)
                      0.051133    0.000000    0.021938 ^ clkbuf_0_clk/A (sg13g2_buf_8)
     4    0.048729    0.056917    0.129818    0.151756 ^ clkbuf_0_clk/X (sg13g2_buf_8)
                                                         clknet_0_clk (net)
                      0.057176    0.002697    0.154453 ^ clkbuf_2_2__f_clk/A (sg13g2_buf_8)
     8    0.031400    0.044945    0.123419    0.277872 ^ clkbuf_2_2__f_clk/X (sg13g2_buf_8)
                                                         clknet_2_2__leaf_clk (net)
                      0.044964    0.001350    0.279221 ^ B[11]$_SDFFE_PP1P_/CLK (sg13g2_dfrbpq_2)
     2    0.010631    0.055423    0.297341    0.576563 ^ B[11]$_SDFFE_PP1P_/Q (sg13g2_dfrbpq_2)
                                                         net10 (net)
                      0.055423    0.000075    0.576638 ^ hold43/A (sg13g2_dlygate4sd3_1)
     1    0.008569    0.087238    0.601837    1.178475 ^ hold43/X (sg13g2_dlygate4sd3_1)
                                                         net126 (net)
                      0.087238    0.000351    1.178826 ^ fanout10/A (sg13g2_buf_8)
     8    0.057449    0.064176    0.155368    1.334194 ^ fanout10/X (sg13g2_buf_8)
                                                         net33 (net)
                      0.064465    0.002970    1.337164 ^ _161_/S (sg13g2_mux2_1)
     1    0.002452    0.053984    0.245079    1.582242 v _161_/X (sg13g2_mux2_1)
                                                         net51 (net)
                      0.053984    0.000096    1.582338 v output35/A (sg13g2_buf_1)
     1    0.008464    0.057644    0.125882    1.708220 v output35/X (sg13g2_buf_1)
                                                         D[6] (net)
                      0.057644    0.000227    1.708447 v D[6] (out)
                                              1.708447   data arrival time

                                 10.000000   10.000000   clock clk (rise edge)
                                  0.000000   10.000000   clock network delay (propagated)
                                 -0.250000    9.750000   clock uncertainty
                                  0.000000    9.750000   clock reconvergence pessimism
                                 -2.000000    7.750000   output external delay
                                              7.750000   data required time
---------------------------------------------------------------------------------------------
                                              7.750000   data required time
                                             -1.708447   data arrival time
---------------------------------------------------------------------------------------------
                                              6.041553   slack (MET)


Startpoint: Op (input port clocked by clk)
Endpoint: B[3]$_SDFFE_PP1P_ (rising edge-triggered flip-flop clocked by clk)
Path Group: clk
Path Type: max

Fanout         Cap        Slew       Delay        Time   Description
---------------------------------------------------------------------------------------------
                                  0.000000    0.000000   clock clk (rise edge)
                                  0.000000    0.000000   clock network delay (propagated)
                                  2.000000    2.000000 ^ input external delay
     1    0.003906    0.034084    0.005043    2.005043 ^ Op (in)
                                                         Op (net)
                      0.034084    0.000000    2.005043 ^ input2/A (sg13g2_buf_1)
     3    0.017027    0.119350    0.155164    2.160207 ^ input2/X (sg13g2_buf_1)
                                                         net18 (net)
                      0.119402    0.001018    2.161225 ^ _128_/B_N (sg13g2_nor2b_1)
     2    0.014154    0.207437    0.279301    2.440526 ^ _128_/Y (sg13g2_nor2b_1)
                                                         _030_ (net)
                      0.207438    0.000289    2.440815 ^ fanout7/A (sg13g2_buf_1)
     4    0.018747    0.132101    0.235707    2.676522 ^ fanout7/X (sg13g2_buf_1)
                                                         net7 (net)
                      0.132106    0.000991    2.677512 ^ _139_/D (sg13g2_nand4_1)
     1    0.006891    0.190685    0.252478    2.929990 v _139_/Y (sg13g2_nand4_1)
                                                         _036_ (net)
                      0.190685    0.000721    2.930710 v _140_/A2 (sg13g2_a21o_1)
     1    0.003657    0.047490    0.236817    3.167527 v _140_/X (sg13g2_a21o_1)
                                                         _017_ (net)
                      0.047490    0.000138    3.167666 v hold17/A (sg13g2_dlygate4sd3_1)
     1    0.001469    0.052245    0.588127    3.755793 v hold17/X (sg13g2_dlygate4sd3_1)
                                                         net100 (net)
                      0.052245    0.000111    3.755904 v B[3]$_SDFFE_PP1P_/D (sg13g2_dfrbpq_1)
                                              3.755904   data arrival time

                                 10.000000   10.000000   clock clk (rise edge)
                                  0.000000   10.000000   clock source latency
     1    0.016518    0.051123    0.021938   10.021938 ^ clk (in)
                                                         clk (net)
                      0.051133    0.000000   10.021938 ^ clkbuf_0_clk/A (sg13g2_buf_8)
     4    0.048729    0.056917    0.129818   10.151756 ^ clkbuf_0_clk/X (sg13g2_buf_8)
                                                         clknet_0_clk (net)
                      0.057145    0.002481   10.154237 ^ clkbuf_2_1__f_clk/A (sg13g2_buf_8)
     7    0.027260    0.042135    0.120878   10.275115 ^ clkbuf_2_1__f_clk/X (sg13g2_buf_8)
                                                         clknet_2_1__leaf_clk (net)
                      0.042151    0.001354   10.276470 ^ B[3]$_SDFFE_PP1P_/CLK (sg13g2_dfrbpq_1)
                                 -0.250000   10.026470   clock uncertainty
                                  0.000000   10.026470   clock reconvergence pessimism
                                 -0.185670    9.840799   library setup time
                                              9.840799   data required time
---------------------------------------------------------------------------------------------
                                              9.840799   data required time
                                             -3.755904   data arrival time
---------------------------------------------------------------------------------------------
                                              6.084896   slack (MET)


Startpoint: Om (input port clocked by clk)
Endpoint: BN[3]$_SDFFE_PP1P_ (rising edge-triggered flip-flop clocked by clk)
Path Group: clk
Path Type: max

Fanout         Cap        Slew       Delay        Time   Description
---------------------------------------------------------------------------------------------
                                  0.000000    0.000000   clock clk (rise edge)
                                  0.000000    0.000000   clock network delay (propagated)
                                  2.000000    2.000000 ^ input external delay
     1    0.003910    0.034089    0.005047    2.005047 ^ Om (in)
                                                         Om (net)
                      0.034089    0.000000    2.005047 ^ input1/A (sg13g2_buf_1)
     3    0.014714    0.104919    0.144190    2.149238 ^ input1/X (sg13g2_buf_1)
                                                         net17 (net)
                      0.105010    0.001896    2.151133 ^ _096_/B_N (sg13g2_nor2b_1)
     2    0.011321    0.174304    0.247615    2.398749 ^ _096_/Y (sg13g2_nor2b_1)
                                                         _050_ (net)
                      0.174305    0.000296    2.399044 ^ fanout9/A (sg13g2_buf_1)
     4    0.020499    0.141901    0.233900    2.632944 ^ fanout9/X (sg13g2_buf_1)
                                                         net9 (net)
                      0.141905    0.000944    2.633888 ^ _113_/C (sg13g2_nand4_1)
     1    0.005794    0.173893    0.234444    2.868332 v _113_/Y (sg13g2_nand4_1)
                                                         _062_ (net)
                      0.173893    0.000198    2.868530 v _114_/A2 (sg13g2_a21o_1)
     1    0.005789    0.056111    0.241362    3.109892 v _114_/X (sg13g2_a21o_1)
                                                         _005_ (net)
                      0.056141    0.000508    3.110400 v hold10/A (sg13g2_dlygate4sd3_1)
     1    0.002084    0.055100    0.596364    3.706764 v hold10/X (sg13g2_dlygate4sd3_1)
                                                         net93 (net)
                      0.055100    0.000075    3.706839 v BN[3]$_SDFFE_PP1P_/D (sg13g2_dfrbpq_1)
                                              3.706839   data arrival time

                                 10.000000   10.000000   clock clk (rise edge)
                                  0.000000   10.000000   clock source latency
     1    0.016518    0.051123    0.021938   10.021938 ^ clk (in)
                                                         clk (net)
                      0.051133    0.000000   10.021938 ^ clkbuf_0_clk/A (sg13g2_buf_8)
     4    0.048729    0.056917    0.129818   10.151756 ^ clkbuf_0_clk/X (sg13g2_buf_8)
                                                         clknet_0_clk (net)
                      0.057145    0.002481   10.154237 ^ clkbuf_2_1__f_clk/A (sg13g2_buf_8)
     7    0.027260    0.042135    0.120878   10.275115 ^ clkbuf_2_1__f_clk/X (sg13g2_buf_8)
                                                         clknet_2_1__leaf_clk (net)
                      0.042150    0.001343   10.276458 ^ BN[3]$_SDFFE_PP1P_/CLK (sg13g2_dfrbpq_1)
                                 -0.250000   10.026458   clock uncertainty
                                  0.000000   10.026458   clock reconvergence pessimism
                                 -0.186964    9.839494   library setup time
                                              9.839494   data required time
---------------------------------------------------------------------------------------------
                                              9.839494   data required time
                                             -3.706839   data arrival time
---------------------------------------------------------------------------------------------
                                              6.132655   slack (MET)


Startpoint: Op (input port clocked by clk)
Endpoint: B[7]$_SDFFE_PP1P_ (rising edge-triggered flip-flop clocked by clk)
Path Group: clk
Path Type: max

Fanout         Cap        Slew       Delay        Time   Description
---------------------------------------------------------------------------------------------
                                  0.000000    0.000000   clock clk (rise edge)
                                  0.000000    0.000000   clock network delay (propagated)
                                  2.000000    2.000000 ^ input external delay
     1    0.003906    0.034084    0.005043    2.005043 ^ Op (in)
                                                         Op (net)
                      0.034084    0.000000    2.005043 ^ input2/A (sg13g2_buf_1)
     3    0.017027    0.119350    0.155164    2.160207 ^ input2/X (sg13g2_buf_1)
                                                         net18 (net)
                      0.119402    0.001018    2.161225 ^ _128_/B_N (sg13g2_nor2b_1)
     2    0.014154    0.207437    0.279301    2.440526 ^ _128_/Y (sg13g2_nor2b_1)
                                                         _030_ (net)
                      0.207438    0.000289    2.440815 ^ fanout7/A (sg13g2_buf_1)
     4    0.018747    0.132101    0.235707    2.676522 ^ fanout7/X (sg13g2_buf_1)
                                                         net7 (net)
                      0.132107    0.001017    2.677539 ^ _147_/D (sg13g2_nand4_1)
     1    0.003965    0.152540    0.213684    2.891223 v _147_/Y (sg13g2_nand4_1)
                                                         _040_ (net)
                      0.152540    0.000293    2.891516 v _148_/A2 (sg13g2_a21o_1)
     1    0.003988    0.048258    0.224636    3.116153 v _148_/X (sg13g2_a21o_1)
                                                         _021_ (net)
                      0.048258    0.000219    3.116371 v hold12/A (sg13g2_dlygate4sd3_1)
     1    0.002005    0.054749    0.591548    3.707919 v hold12/X (sg13g2_dlygate4sd3_1)
                                                         net95 (net)
                      0.054749    0.000075    3.707995 v B[7]$_SDFFE_PP1P_/D (sg13g2_dfrbpq_1)
                                              3.707995   data arrival time

                                 10.000000   10.000000   clock clk (rise edge)
                                  0.000000   10.000000   clock source latency
     1    0.016518    0.051123    0.021938   10.021938 ^ clk (in)
                                                         clk (net)
                      0.051133    0.000000   10.021938 ^ clkbuf_0_clk/A (sg13g2_buf_8)
     4    0.048729    0.056917    0.129818   10.151756 ^ clkbuf_0_clk/X (sg13g2_buf_8)
                                                         clknet_0_clk (net)
                      0.057152    0.002535   10.154291 ^ clkbuf_2_3__f_clk/A (sg13g2_buf_8)
     8    0.032470    0.045633    0.124119   10.278410 ^ clkbuf_2_3__f_clk/X (sg13g2_buf_8)
                                                         clknet_2_3__leaf_clk (net)
                      0.045641    0.001120   10.279531 ^ B[7]$_SDFFE_PP1P_/CLK (sg13g2_dfrbpq_1)
                                 -0.250000   10.029531   clock uncertainty
                                  0.000000   10.029531   clock reconvergence pessimism
                                 -0.185608    9.843923   library setup time
                                              9.843923   data required time
---------------------------------------------------------------------------------------------
                                              9.843923   data required time
                                             -3.707995   data arrival time
---------------------------------------------------------------------------------------------
                                              6.135928   slack (MET)


Startpoint: Op (input port clocked by clk)
Endpoint: B[6]$_SDFFE_PP1P_ (rising edge-triggered flip-flop clocked by clk)
Path Group: clk
Path Type: max

Fanout         Cap        Slew       Delay        Time   Description
---------------------------------------------------------------------------------------------
                                  0.000000    0.000000   clock clk (rise edge)
                                  0.000000    0.000000   clock network delay (propagated)
                                  2.000000    2.000000 ^ input external delay
     1    0.003906    0.034084    0.005043    2.005043 ^ Op (in)
                                                         Op (net)
                      0.034084    0.000000    2.005043 ^ input2/A (sg13g2_buf_1)
     3    0.017027    0.119350    0.155164    2.160207 ^ input2/X (sg13g2_buf_1)
                                                         net18 (net)
                      0.119402    0.001018    2.161225 ^ _128_/B_N (sg13g2_nor2b_1)
     2    0.014154    0.207437    0.279301    2.440526 ^ _128_/Y (sg13g2_nor2b_1)
                                                         _030_ (net)
                      0.207438    0.000289    2.440815 ^ fanout7/A (sg13g2_buf_1)
     4    0.018747    0.132101    0.235707    2.676522 ^ fanout7/X (sg13g2_buf_1)
                                                         net7 (net)
                      0.132105    0.000938    2.677459 ^ _145_/C (sg13g2_nand3_1)
     1    0.005429    0.140872    0.177580    2.855039 v _145_/Y (sg13g2_nand3_1)
                                                         _039_ (net)
                      0.140872    0.000352    2.855391 v _146_/A2 (sg13g2_a21o_1)
     1    0.003810    0.047502    0.219224    3.074615 v _146_/X (sg13g2_a21o_1)
                                                         _020_ (net)
                      0.047502    0.000148    3.074763 v hold34/A (sg13g2_dlygate4sd3_1)
     1    0.002484    0.056902    0.593802    3.668565 v hold34/X (sg13g2_dlygate4sd3_1)
                                                         net117 (net)
                      0.056902    0.000096    3.668662 v B[6]$_SDFFE_PP1P_/D (sg13g2_dfrbpq_1)
                                              3.668662   data arrival time

                                 10.000000   10.000000   clock clk (rise edge)
                                  0.000000   10.000000   clock source latency
     1    0.016518    0.051123    0.021938   10.021938 ^ clk (in)
                                                         clk (net)
                      0.051133    0.000000   10.021938 ^ clkbuf_0_clk/A (sg13g2_buf_8)
     4    0.048729    0.056917    0.129818   10.151756 ^ clkbuf_0_clk/X (sg13g2_buf_8)
                                                         clknet_0_clk (net)
                      0.057152    0.002535   10.154291 ^ clkbuf_2_3__f_clk/A (sg13g2_buf_8)
     8    0.032470    0.045633    0.124119   10.278410 ^ clkbuf_2_3__f_clk/X (sg13g2_buf_8)
                                                         clknet_2_3__leaf_clk (net)
                      0.045641    0.001149   10.279560 ^ B[6]$_SDFFE_PP1P_/CLK (sg13g2_dfrbpq_1)
                                 -0.250000   10.029560   clock uncertainty
                                  0.000000   10.029560   clock reconvergence pessimism
                                 -0.186584    9.842976   library setup time
                                              9.842976   data required time
---------------------------------------------------------------------------------------------
                                              9.842976   data required time
                                             -3.668662   data arrival time
---------------------------------------------------------------------------------------------
                                              6.174314   slack (MET)


Startpoint: Om (input port clocked by clk)
Endpoint: BN[7]$_SDFFE_PP1P_ (rising edge-triggered flip-flop clocked by clk)
Path Group: clk
Path Type: max

Fanout         Cap        Slew       Delay        Time   Description
---------------------------------------------------------------------------------------------
                                  0.000000    0.000000   clock clk (rise edge)
                                  0.000000    0.000000   clock network delay (propagated)
                                  2.000000    2.000000 ^ input external delay
     1    0.003910    0.034089    0.005047    2.005047 ^ Om (in)
                                                         Om (net)
                      0.034089    0.000000    2.005047 ^ input1/A (sg13g2_buf_1)
     3    0.014714    0.104919    0.144190    2.149238 ^ input1/X (sg13g2_buf_1)
                                                         net17 (net)
                      0.105010    0.001896    2.151133 ^ _096_/B_N (sg13g2_nor2b_1)
     2    0.011321    0.174304    0.247615    2.398749 ^ _096_/Y (sg13g2_nor2b_1)
                                                         _050_ (net)
                      0.174305    0.000296    2.399044 ^ fanout9/A (sg13g2_buf_1)
     4    0.020499    0.141901    0.233900    2.632944 ^ fanout9/X (sg13g2_buf_1)
                                                         net9 (net)
                      0.141901    0.000173    2.633117 ^ _122_/C (sg13g2_nand4_1)
     1    0.003873    0.144789    0.208723    2.841841 v _122_/Y (sg13g2_nand4_1)
                                                         _067_ (net)
                      0.144789    0.000154    2.841995 v _123_/A2 (sg13g2_a21o_1)
     1    0.004565    0.050472    0.224253    3.066247 v _123_/X (sg13g2_a21o_1)
                                                         _009_ (net)
                      0.050472    0.000269    3.066517 v hold2/A (sg13g2_dlygate4sd3_1)
     1    0.001881    0.054181    0.592085    3.658602 v hold2/X (sg13g2_dlygate4sd3_1)
                                                         net85 (net)
                      0.054181    0.000072    3.658674 v BN[7]$_SDFFE_PP1P_/D (sg13g2_dfrbpq_1)
                                              3.658674   data arrival time

                                 10.000000   10.000000   clock clk (rise edge)
                                  0.000000   10.000000   clock source latency
     1    0.016518    0.051123    0.021938   10.021938 ^ clk (in)
                                                         clk (net)
                      0.051133    0.000000   10.021938 ^ clkbuf_0_clk/A (sg13g2_buf_8)
     4    0.048729    0.056917    0.129818   10.151756 ^ clkbuf_0_clk/X (sg13g2_buf_8)
                                                         clknet_0_clk (net)
                      0.057152    0.002535   10.154291 ^ clkbuf_2_3__f_clk/A (sg13g2_buf_8)
     8    0.032470    0.045633    0.124119   10.278410 ^ clkbuf_2_3__f_clk/X (sg13g2_buf_8)
                                                         clknet_2_3__leaf_clk (net)
                      0.045643    0.001243   10.279653 ^ BN[7]$_SDFFE_PP1P_/CLK (sg13g2_dfrbpq_1)
                                 -0.250000   10.029653   clock uncertainty
                                  0.000000   10.029653   clock reconvergence pessimism
                                 -0.185350    9.844302   library setup time
                                              9.844302   data required time
---------------------------------------------------------------------------------------------
                                              9.844302   data required time
                                             -3.658674   data arrival time
---------------------------------------------------------------------------------------------
                                              6.185628   slack (MET)


Startpoint: Om (input port clocked by clk)
Endpoint: BN[11]$_SDFFE_PP1P_ (rising edge-triggered flip-flop clocked by clk)
Path Group: clk
Path Type: max

Fanout         Cap        Slew       Delay        Time   Description
---------------------------------------------------------------------------------------------
                                  0.000000    0.000000   clock clk (rise edge)
                                  0.000000    0.000000   clock network delay (propagated)
                                  2.000000    2.000000 ^ input external delay
     1    0.003910    0.034089    0.005047    2.005047 ^ Om (in)
                                                         Om (net)
                      0.034089    0.000000    2.005047 ^ input1/A (sg13g2_buf_1)
     3    0.014714    0.104919    0.144190    2.149238 ^ input1/X (sg13g2_buf_1)
                                                         net17 (net)
                      0.105010    0.001896    2.151133 ^ _096_/B_N (sg13g2_nor2b_1)
     2    0.011321    0.174304    0.247615    2.398749 ^ _096_/Y (sg13g2_nor2b_1)
                                                         _050_ (net)
                      0.174305    0.000404    2.399153 ^ fanout8/A (sg13g2_buf_8)
     8    0.040036    0.055502    0.182879    2.582031 ^ fanout8/X (sg13g2_buf_8)
                                                         net8 (net)
                      0.056891    0.007102    2.589133 ^ _106_/C (sg13g2_nand4_1)
     1    0.006844    0.189964    0.217343    2.806476 v _106_/Y (sg13g2_nand4_1)
                                                         _058_ (net)
                      0.189964    0.000476    2.806952 v _107_/A2 (sg13g2_a21o_1)
     1    0.004397    0.050590    0.240023    3.046975 v _107_/X (sg13g2_a21o_1)
                                                         _002_ (net)
                      0.050590    0.000292    3.047267 v hold38/A (sg13g2_dlygate4sd3_1)
     1    0.002441    0.056713    0.595276    3.642542 v hold38/X (sg13g2_dlygate4sd3_1)
                                                         net121 (net)
                      0.056713    0.000093    3.642635 v BN[11]$_SDFFE_PP1P_/D (sg13g2_dfrbpq_1)
                                              3.642635   data arrival time

                                 10.000000   10.000000   clock clk (rise edge)
                                  0.000000   10.000000   clock source latency
     1    0.016518    0.051123    0.021938   10.021938 ^ clk (in)
                                                         clk (net)
                      0.051133    0.000000   10.021938 ^ clkbuf_0_clk/A (sg13g2_buf_8)
     4    0.048729    0.056917    0.129818   10.151756 ^ clkbuf_0_clk/X (sg13g2_buf_8)
                                                         clknet_0_clk (net)
                      0.057145    0.002481   10.154237 ^ clkbuf_2_1__f_clk/A (sg13g2_buf_8)
     7    0.027260    0.042135    0.120878   10.275115 ^ clkbuf_2_1__f_clk/X (sg13g2_buf_8)
                                                         clknet_2_1__leaf_clk (net)
                      0.042149    0.001250   10.276365 ^ BN[11]$_SDFFE_PP1P_/CLK (sg13g2_dfrbpq_1)
                                 -0.250000   10.026365   clock uncertainty
                                  0.000000   10.026365   clock reconvergence pessimism
                                 -0.187696    9.838669   library setup time
                                              9.838669   data required time
---------------------------------------------------------------------------------------------
                                              9.838669   data required time
                                             -3.642635   data arrival time
---------------------------------------------------------------------------------------------
                                              6.196033   slack (MET)


Startpoint: Om (input port clocked by clk)
Endpoint: BN[6]$_SDFFE_PP1P_ (rising edge-triggered flip-flop clocked by clk)
Path Group: clk
Path Type: max

Fanout         Cap        Slew       Delay        Time   Description
---------------------------------------------------------------------------------------------
                                  0.000000    0.000000   clock clk (rise edge)
                                  0.000000    0.000000   clock network delay (propagated)
                                  2.000000    2.000000 ^ input external delay
     1    0.003910    0.034089    0.005047    2.005047 ^ Om (in)
                                                         Om (net)
                      0.034089    0.000000    2.005047 ^ input1/A (sg13g2_buf_1)
     3    0.014714    0.104919    0.144190    2.149238 ^ input1/X (sg13g2_buf_1)
                                                         net17 (net)
                      0.105010    0.001896    2.151133 ^ _096_/B_N (sg13g2_nor2b_1)
     2    0.011321    0.174304    0.247615    2.398749 ^ _096_/Y (sg13g2_nor2b_1)
                                                         _050_ (net)
                      0.174305    0.000296    2.399044 ^ fanout9/A (sg13g2_buf_1)
     4    0.020499    0.141901    0.233900    2.632944 ^ fanout9/X (sg13g2_buf_1)
                                                         net9 (net)
                      0.141906    0.001010    2.633954 ^ _120_/A (sg13g2_nand3_1)
     1    0.007970    0.161101    0.185832    2.819786 v _120_/Y (sg13g2_nand3_1)
                                                         _066_ (net)
                      0.161101    0.000394    2.820180 v _121_/A2 (sg13g2_a21o_1)
     1    0.001616    0.038173    0.216952    3.037133 v _121_/X (sg13g2_a21o_1)
                                                         _008_ (net)
                      0.038173    0.000063    3.037195 v hold28/A (sg13g2_dlygate4sd3_1)
     1    0.002887    0.058686    0.590870    3.628066 v hold28/X (sg13g2_dlygate4sd3_1)
                                                         net111 (net)
                      0.058686    0.000105    3.628171 v BN[6]$_SDFFE_PP1P_/D (sg13g2_dfrbpq_1)
                                              3.628171   data arrival time

                                 10.000000   10.000000   clock clk (rise edge)
                                  0.000000   10.000000   clock source latency
     1    0.016518    0.051123    0.021938   10.021938 ^ clk (in)
                                                         clk (net)
                      0.051133    0.000000   10.021938 ^ clkbuf_0_clk/A (sg13g2_buf_8)
     4    0.048729    0.056917    0.129818   10.151756 ^ clkbuf_0_clk/X (sg13g2_buf_8)
                                                         clknet_0_clk (net)
                      0.057152    0.002535   10.154291 ^ clkbuf_2_3__f_clk/A (sg13g2_buf_8)
     8    0.032470    0.045633    0.124119   10.278410 ^ clkbuf_2_3__f_clk/X (sg13g2_buf_8)
                                                         clknet_2_3__leaf_clk (net)
                      0.045641    0.001109   10.279520 ^ BN[6]$_SDFFE_PP1P_/CLK (sg13g2_dfrbpq_1)
                                 -0.250000   10.029520   clock uncertainty
                                  0.000000   10.029520   clock reconvergence pessimism
                                 -0.187393    9.842127   library setup time
                                              9.842127   data required time
---------------------------------------------------------------------------------------------
                                              9.842127   data required time
                                             -3.628171   data arrival time
---------------------------------------------------------------------------------------------
                                              6.213956   slack (MET)


Startpoint: Op (input port clocked by clk)
Endpoint: B[2]$_SDFFE_PP1P_ (rising edge-triggered flip-flop clocked by clk)
Path Group: clk
Path Type: max

Fanout         Cap        Slew       Delay        Time   Description
---------------------------------------------------------------------------------------------
                                  0.000000    0.000000   clock clk (rise edge)
                                  0.000000    0.000000   clock network delay (propagated)
                                  2.000000    2.000000 ^ input external delay
     1    0.003906    0.034084    0.005043    2.005043 ^ Op (in)
                                                         Op (net)
                      0.034084    0.000000    2.005043 ^ input2/A (sg13g2_buf_1)
     3    0.017027    0.119350    0.155164    2.160207 ^ input2/X (sg13g2_buf_1)
                                                         net18 (net)
                      0.119402    0.001018    2.161225 ^ _128_/B_N (sg13g2_nor2b_1)
     2    0.014154    0.207437    0.279301    2.440526 ^ _128_/Y (sg13g2_nor2b_1)
                                                         _030_ (net)
                      0.207438    0.000289    2.440815 ^ fanout7/A (sg13g2_buf_1)
     4    0.018747    0.132101    0.235707    2.676522 ^ fanout7/X (sg13g2_buf_1)
                                                         net7 (net)
                      0.132110    0.001200    2.677722 ^ _137_/C (sg13g2_nand3_1)
     1    0.003109    0.099815    0.153778    2.831500 v _137_/Y (sg13g2_nand3_1)
                                                         _035_ (net)
                      0.099815    0.000224    2.831724 v _138_/A2 (sg13g2_a21o_1)
     1    0.002319    0.041157    0.196152    3.027876 v _138_/X (sg13g2_a21o_1)
                                                         _016_ (net)
                      0.041158    0.000145    3.028021 v hold23/A (sg13g2_dlygate4sd3_1)
     1    0.002078    0.055047    0.588019    3.616040 v hold23/X (sg13g2_dlygate4sd3_1)
                                                         net106 (net)
                      0.055047    0.000075    3.616114 v B[2]$_SDFFE_PP1P_/D (sg13g2_dfrbpq_1)
                                              3.616114   data arrival time

                                 10.000000   10.000000   clock clk (rise edge)
                                  0.000000   10.000000   clock source latency
     1    0.016518    0.051123    0.021938   10.021938 ^ clk (in)
                                                         clk (net)
                      0.051133    0.000000   10.021938 ^ clkbuf_0_clk/A (sg13g2_buf_8)
     4    0.048729    0.056917    0.129818   10.151756 ^ clkbuf_0_clk/X (sg13g2_buf_8)
                                                         clknet_0_clk (net)
                      0.057152    0.002535   10.154291 ^ clkbuf_2_3__f_clk/A (sg13g2_buf_8)
     8    0.032470    0.045633    0.124119   10.278410 ^ clkbuf_2_3__f_clk/X (sg13g2_buf_8)
                                                         clknet_2_3__leaf_clk (net)
                      0.045636    0.000749   10.279160 ^ B[2]$_SDFFE_PP1P_/CLK (sg13g2_dfrbpq_1)
                                 -0.250000   10.029160   clock uncertainty
                                  0.000000   10.029160   clock reconvergence pessimism
                                 -0.185745    9.843414   library setup time
                                              9.843414   data required time
---------------------------------------------------------------------------------------------
                                              9.843414   data required time
                                             -3.616114   data arrival time
---------------------------------------------------------------------------------------------
                                              6.227300   slack (MET)


Startpoint: Op (input port clocked by clk)
Endpoint: B[11]$_SDFFE_PP1P_ (rising edge-triggered flip-flop clocked by clk)
Path Group: clk
Path Type: max

Fanout         Cap        Slew       Delay        Time   Description
---------------------------------------------------------------------------------------------
                                  0.000000    0.000000   clock clk (rise edge)
                                  0.000000    0.000000   clock network delay (propagated)
                                  2.000000    2.000000 ^ input external delay
     1    0.003906    0.034084    0.005043    2.005043 ^ Op (in)
                                                         Op (net)
                      0.034084    0.000000    2.005043 ^ input2/A (sg13g2_buf_1)
     3    0.017027    0.119350    0.155164    2.160207 ^ input2/X (sg13g2_buf_1)
                                                         net18 (net)
                      0.119402    0.001018    2.161225 ^ _128_/B_N (sg13g2_nor2b_1)
     2    0.014154    0.207437    0.279301    2.440526 ^ _128_/Y (sg13g2_nor2b_1)
                                                         _030_ (net)
                      0.207438    0.000389    2.440915 ^ fanout6/A (sg13g2_buf_8)
     8    0.043214    0.059448    0.196988    2.637903 ^ fanout6/X (sg13g2_buf_8)
                                                         net6 (net)
                      0.059478    0.002092    2.639995 ^ _133_/D (sg13g2_nand4_1)
     1    0.002846    0.118663    0.172251    2.812246 v _133_/Y (sg13g2_nand4_1)
                                                         _033_ (net)
                      0.118663    0.000111    2.812357 v _134_/A2 (sg13g2_a21o_1)
     1    0.001684    0.037727    0.200614    3.012971 v _134_/X (sg13g2_a21o_1)
                                                         _014_ (net)
                      0.037727    0.000065    3.013036 v hold44/A (sg13g2_dlygate4sd3_1)
     1    0.002518    0.057035    0.588555    3.601592 v hold44/X (sg13g2_dlygate4sd3_1)
                                                         net127 (net)
                      0.057035    0.000159    3.601751 v B[11]$_SDFFE_PP1P_/D (sg13g2_dfrbpq_2)
                                              3.601751   data arrival time

                                 10.000000   10.000000   clock clk (rise edge)
                                  0.000000   10.000000   clock source latency
     1    0.016518    0.051123    0.021938   10.021938 ^ clk (in)
                                                         clk (net)
                      0.051133    0.000000   10.021938 ^ clkbuf_0_clk/A (sg13g2_buf_8)
     4    0.048729    0.056917    0.129818   10.151756 ^ clkbuf_0_clk/X (sg13g2_buf_8)
                                                         clknet_0_clk (net)
                      0.057176    0.002697   10.154453 ^ clkbuf_2_2__f_clk/A (sg13g2_buf_8)
     8    0.031400    0.044945    0.123419   10.277872 ^ clkbuf_2_2__f_clk/X (sg13g2_buf_8)
                                                         clknet_2_2__leaf_clk (net)
                      0.044964    0.001349   10.279222 ^ B[11]$_SDFFE_PP1P_/CLK (sg13g2_dfrbpq_2)
                                 -0.250000   10.029222   clock uncertainty
                                  0.000000   10.029222   clock reconvergence pessimism
                                 -0.186694    9.842527   library setup time
                                              9.842527   data required time
---------------------------------------------------------------------------------------------
                                              9.842527   data required time
                                             -3.601751   data arrival time
---------------------------------------------------------------------------------------------
                                              6.240776   slack (MET)


Startpoint: Op (input port clocked by clk)
Endpoint: B[9]$_SDFFE_PP1P_ (rising edge-triggered flip-flop clocked by clk)
Path Group: clk
Path Type: max

Fanout         Cap        Slew       Delay        Time   Description
---------------------------------------------------------------------------------------------
                                  0.000000    0.000000   clock clk (rise edge)
                                  0.000000    0.000000   clock network delay (propagated)
                                  2.000000    2.000000 ^ input external delay
     1    0.003906    0.034084    0.005043    2.005043 ^ Op (in)
                                                         Op (net)
                      0.034084    0.000000    2.005043 ^ input2/A (sg13g2_buf_1)
     3    0.017027    0.119350    0.155164    2.160207 ^ input2/X (sg13g2_buf_1)
                                                         net18 (net)
                      0.119402    0.001018    2.161225 ^ _128_/B_N (sg13g2_nor2b_1)
     2    0.014154    0.207437    0.279301    2.440526 ^ _128_/Y (sg13g2_nor2b_1)
                                                         _030_ (net)
                      0.207438    0.000389    2.440915 ^ fanout6/A (sg13g2_buf_8)
     8    0.043214    0.059448    0.196988    2.637903 ^ fanout6/X (sg13g2_buf_8)
                                                         net6 (net)
                      0.059831    0.003715    2.641618 ^ _151_/C (sg13g2_nand3_1)
     1    0.005570    0.128304    0.151803    2.793421 v _151_/Y (sg13g2_nand3_1)
                                                         _042_ (net)
                      0.128304    0.000409    2.793830 v _152_/A2 (sg13g2_a21o_1)
     1    0.003098    0.044854    0.210956    3.004786 v _152_/X (sg13g2_a21o_1)
                                                         _023_ (net)
                      0.044854    0.000191    3.004977 v hold32/A (sg13g2_dlygate4sd3_1)
     1    0.001520    0.052475    0.586951    3.591928 v hold32/X (sg13g2_dlygate4sd3_1)
                                                         net115 (net)
                      0.052476    0.000059    3.591987 v B[9]$_SDFFE_PP1P_/D (sg13g2_dfrbpq_1)
                                              3.591987   data arrival time

                                 10.000000   10.000000   clock clk (rise edge)
                                  0.000000   10.000000   clock source latency
     1    0.016518    0.051123    0.021938   10.021938 ^ clk (in)
                                                         clk (net)
                      0.051133    0.000000   10.021938 ^ clkbuf_0_clk/A (sg13g2_buf_8)
     4    0.048729    0.056917    0.129818   10.151756 ^ clkbuf_0_clk/X (sg13g2_buf_8)
                                                         clknet_0_clk (net)
                      0.057176    0.002697   10.154453 ^ clkbuf_2_2__f_clk/A (sg13g2_buf_8)
     8    0.031400    0.044945    0.123419   10.277872 ^ clkbuf_2_2__f_clk/X (sg13g2_buf_8)
                                                         clknet_2_2__leaf_clk (net)
                      0.044968    0.001565   10.279437 ^ B[9]$_SDFFE_PP1P_/CLK (sg13g2_dfrbpq_1)
                                 -0.250000   10.029437   clock uncertainty
                                  0.000000   10.029437   clock reconvergence pessimism
                                 -0.184808    9.844628   library setup time
                                              9.844628   data required time
---------------------------------------------------------------------------------------------
                                              9.844628   data required time
                                             -3.591987   data arrival time
---------------------------------------------------------------------------------------------
                                              6.252642   slack (MET)


Startpoint: B[11]$_SDFFE_PP1P_ (rising edge-triggered flip-flop clocked by clk)
Endpoint: B[11] (output port clocked by clk)
Path Group: clk
Path Type: max

Fanout         Cap        Slew       Delay        Time   Description
---------------------------------------------------------------------------------------------
                                  0.000000    0.000000   clock clk (rise edge)
                                  0.000000    0.000000   clock source latency
     1    0.016518    0.051123    0.021938    0.021938 ^ clk (in)
                                                         clk (net)
                      0.051133    0.000000    0.021938 ^ clkbuf_0_clk/A (sg13g2_buf_8)
     4    0.048729    0.056917    0.129818    0.151756 ^ clkbuf_0_clk/X (sg13g2_buf_8)
                                                         clknet_0_clk (net)
                      0.057176    0.002697    0.154453 ^ clkbuf_2_2__f_clk/A (sg13g2_buf_8)
     8    0.031400    0.044945    0.123419    0.277872 ^ clkbuf_2_2__f_clk/X (sg13g2_buf_8)
                                                         clknet_2_2__leaf_clk (net)
                      0.044964    0.001350    0.279221 ^ B[11]$_SDFFE_PP1P_/CLK (sg13g2_dfrbpq_2)
     2    0.010353    0.047263    0.294328    0.573549 v B[11]$_SDFFE_PP1P_/Q (sg13g2_dfrbpq_2)
                                                         net10 (net)
                      0.047263    0.000077    0.573626 v hold43/A (sg13g2_dlygate4sd3_1)
     1    0.008257    0.083134    0.625769    1.199395 v hold43/X (sg13g2_dlygate4sd3_1)
                                                         net126 (net)
                      0.083134    0.000338    1.199733 v fanout10/A (sg13g2_buf_8)
     8    0.056550    0.057657    0.157347    1.357080 v fanout10/X (sg13g2_buf_8)
                                                         net33 (net)
                      0.057805    0.001808    1.358888 v output17/A (sg13g2_buf_1)
     1    0.007490    0.053053    0.123816    1.482703 v output17/X (sg13g2_buf_1)
                                                         B[11] (net)
                      0.053054    0.000318    1.483021 v B[11] (out)
                                              1.483021   data arrival time

                                 10.000000   10.000000   clock clk (rise edge)
                                  0.000000   10.000000   clock network delay (propagated)
                                 -0.250000    9.750000   clock uncertainty
                                  0.000000    9.750000   clock reconvergence pessimism
                                 -2.000000    7.750000   output external delay
                                              7.750000   data required time
---------------------------------------------------------------------------------------------
                                              7.750000   data required time
                                             -1.483021   data arrival time
---------------------------------------------------------------------------------------------
                                              6.266979   slack (MET)


Startpoint: Op (input port clocked by clk)
Endpoint: B[5]$_SDFFE_PP1P_ (rising edge-triggered flip-flop clocked by clk)
Path Group: clk
Path Type: max

Fanout         Cap        Slew       Delay        Time   Description
---------------------------------------------------------------------------------------------
                                  0.000000    0.000000   clock clk (rise edge)
                                  0.000000    0.000000   clock network delay (propagated)
                                  2.000000    2.000000 ^ input external delay
     1    0.003906    0.034084    0.005043    2.005043 ^ Op (in)
                                                         Op (net)
                      0.034084    0.000000    2.005043 ^ input2/A (sg13g2_buf_1)
     3    0.017027    0.119350    0.155164    2.160207 ^ input2/X (sg13g2_buf_1)
                                                         net18 (net)
                      0.119402    0.001018    2.161225 ^ _128_/B_N (sg13g2_nor2b_1)
     2    0.014154    0.207437    0.279301    2.440526 ^ _128_/Y (sg13g2_nor2b_1)
                                                         _030_ (net)
                      0.207438    0.000389    2.440915 ^ fanout6/A (sg13g2_buf_8)
     8    0.043214    0.059448    0.196988    2.637903 ^ fanout6/X (sg13g2_buf_8)
                                                         net6 (net)
                      0.059752    0.003198    2.641101 ^ _143_/C (sg13g2_nand3_1)
     1    0.003013    0.114171    0.126178    2.767278 v _143_/Y (sg13g2_nand3_1)
                                                         _038_ (net)
                      0.114171    0.000119    2.767397 v _144_/A2 (sg13g2_a21o_1)
     1    0.002730    0.043290    0.203697    2.971095 v _144_/X (sg13g2_a21o_1)
                                                         _019_ (net)
                      0.043290    0.000161    2.971255 v hold21/A (sg13g2_dlygate4sd3_1)
     1    0.002411    0.056564    0.591058    3.562313 v hold21/X (sg13g2_dlygate4sd3_1)
                                                         net104 (net)
                      0.056564    0.000090    3.562404 v B[5]$_SDFFE_PP1P_/D (sg13g2_dfrbpq_1)
                                              3.562404   data arrival time

                                 10.000000   10.000000   clock clk (rise edge)
                                  0.000000   10.000000   clock source latency
     1    0.016518    0.051123    0.021938   10.021938 ^ clk (in)
                                                         clk (net)
                      0.051133    0.000000   10.021938 ^ clkbuf_0_clk/A (sg13g2_buf_8)
     4    0.048729    0.056917    0.129818   10.151756 ^ clkbuf_0_clk/X (sg13g2_buf_8)
                                                         clknet_0_clk (net)
                      0.057176    0.002697   10.154453 ^ clkbuf_2_2__f_clk/A (sg13g2_buf_8)
     8    0.031400    0.044945    0.123419   10.277872 ^ clkbuf_2_2__f_clk/X (sg13g2_buf_8)
                                                         clknet_2_2__leaf_clk (net)
                      0.044955    0.000730   10.278603 ^ B[5]$_SDFFE_PP1P_/CLK (sg13g2_dfrbpq_1)
                                 -0.250000   10.028603   clock uncertainty
                                  0.000000   10.028603   clock reconvergence pessimism
                                 -0.186666    9.841936   library setup time
                                              9.841936   data required time
---------------------------------------------------------------------------------------------
                                              9.841936   data required time
                                             -3.562404   data arrival time
---------------------------------------------------------------------------------------------
                                              6.279532   slack (MET)


Startpoint: Op (input port clocked by clk)
Endpoint: B[4]$_SDFFE_PP1P_ (rising edge-triggered flip-flop clocked by clk)
Path Group: clk
Path Type: max

Fanout         Cap        Slew       Delay        Time   Description
---------------------------------------------------------------------------------------------
                                  0.000000    0.000000   clock clk (rise edge)
                                  0.000000    0.000000   clock network delay (propagated)
                                  2.000000    2.000000 ^ input external delay
     1    0.003906    0.034084    0.005043    2.005043 ^ Op (in)
                                                         Op (net)
                      0.034084    0.000000    2.005043 ^ input2/A (sg13g2_buf_1)
     3    0.017027    0.119350    0.155164    2.160207 ^ input2/X (sg13g2_buf_1)
                                                         net18 (net)
                      0.119402    0.001018    2.161225 ^ _128_/B_N (sg13g2_nor2b_1)
     2    0.014154    0.207437    0.279301    2.440526 ^ _128_/Y (sg13g2_nor2b_1)
                                                         _030_ (net)
                      0.207438    0.000389    2.440915 ^ fanout6/A (sg13g2_buf_8)
     8    0.043214    0.059448    0.196988    2.637903 ^ fanout6/X (sg13g2_buf_8)
                                                         net6 (net)
                      0.059587    0.003035    2.640939 ^ _141_/C (sg13g2_nand3_1)
     1    0.002755    0.112020    0.123493    2.764431 v _141_/Y (sg13g2_nand3_1)
                                                         _037_ (net)
                      0.112020    0.000213    2.764644 v _142_/A2 (sg13g2_a21o_1)
     1    0.001630    0.037393    0.197753    2.962398 v _142_/X (sg13g2_a21o_1)
                                                         _018_ (net)
                      0.037393    0.000063    2.962461 v hold6/A (sg13g2_dlygate4sd3_1)
     1    0.001450    0.052128    0.582419    3.544880 v hold6/X (sg13g2_dlygate4sd3_1)
                                                         net89 (net)
                      0.052128    0.000057    3.544937 v B[4]$_SDFFE_PP1P_/D (sg13g2_dfrbpq_1)
                                              3.544937   data arrival time

                                 10.000000   10.000000   clock clk (rise edge)
                                  0.000000   10.000000   clock source latency
     1    0.016518    0.051123    0.021938   10.021938 ^ clk (in)
                                                         clk (net)
                      0.051133    0.000000   10.021938 ^ clkbuf_0_clk/A (sg13g2_buf_8)
     4    0.048729    0.056917    0.129818   10.151756 ^ clkbuf_0_clk/X (sg13g2_buf_8)
                                                         clknet_0_clk (net)
                      0.057165    0.002621   10.154377 ^ clkbuf_2_0__f_clk/A (sg13g2_buf_8)
     8    0.030629    0.044403    0.122827   10.277205 ^ clkbuf_2_0__f_clk/X (sg13g2_buf_8)
                                                         clknet_2_0__leaf_clk (net)
                      0.044429    0.001746   10.278951 ^ B[4]$_SDFFE_PP1P_/CLK (sg13g2_dfrbpq_1)
                                 -0.250000   10.028951   clock uncertainty
                                  0.000000   10.028951   clock reconvergence pessimism
                                 -0.184836    9.844114   library setup time
                                              9.844114   data required time
---------------------------------------------------------------------------------------------
                                              9.844114   data required time
                                             -3.544937   data arrival time
---------------------------------------------------------------------------------------------
                                              6.299177   slack (MET)


Startpoint: Om (input port clocked by clk)
Endpoint: BN[9]$_SDFFE_PP1P_ (rising edge-triggered flip-flop clocked by clk)
Path Group: clk
Path Type: max

Fanout         Cap        Slew       Delay        Time   Description
---------------------------------------------------------------------------------------------
                                  0.000000    0.000000   clock clk (rise edge)
                                  0.000000    0.000000   clock network delay (propagated)
                                  2.000000    2.000000 ^ input external delay
     1    0.003910    0.034089    0.005047    2.005047 ^ Om (in)
                                                         Om (net)
                      0.034089    0.000000    2.005047 ^ input1/A (sg13g2_buf_1)
     3    0.014714    0.104919    0.144190    2.149238 ^ input1/X (sg13g2_buf_1)
                                                         net17 (net)
                      0.105010    0.001896    2.151133 ^ _096_/B_N (sg13g2_nor2b_1)
     2    0.011321    0.174304    0.247615    2.398749 ^ _096_/Y (sg13g2_nor2b_1)
                                                         _050_ (net)
                      0.174305    0.000404    2.399153 ^ fanout8/A (sg13g2_buf_8)
     8    0.040036    0.055502    0.182879    2.582031 ^ fanout8/X (sg13g2_buf_8)
                                                         net8 (net)
                      0.056410    0.005531    2.587563 ^ _126_/A (sg13g2_nand3_1)
     1    0.005906    0.126238    0.132655    2.720218 v _126_/Y (sg13g2_nand3_1)
                                                         _029_ (net)
                      0.126238    0.000401    2.720619 v _127_/A2 (sg13g2_a21o_1)
     1    0.002430    0.042010    0.207050    2.927669 v _127_/X (sg13g2_a21o_1)
                                                         _011_ (net)
                      0.042011    0.000147    2.927815 v hold30/A (sg13g2_dlygate4sd3_1)
     1    0.002558    0.057223    0.591167    3.518982 v hold30/X (sg13g2_dlygate4sd3_1)
                                                         net113 (net)
                      0.057223    0.000095    3.519077 v BN[9]$_SDFFE_PP1P_/D (sg13g2_dfrbpq_1)
                                              3.519077   data arrival time

                                 10.000000   10.000000   clock clk (rise edge)
                                  0.000000   10.000000   clock source latency
     1    0.016518    0.051123    0.021938   10.021938 ^ clk (in)
                                                         clk (net)
                      0.051133    0.000000   10.021938 ^ clkbuf_0_clk/A (sg13g2_buf_8)
     4    0.048729    0.056917    0.129818   10.151756 ^ clkbuf_0_clk/X (sg13g2_buf_8)
                                                         clknet_0_clk (net)
                      0.057176    0.002697   10.154453 ^ clkbuf_2_2__f_clk/A (sg13g2_buf_8)
     8    0.031400    0.044945    0.123419   10.277872 ^ clkbuf_2_2__f_clk/X (sg13g2_buf_8)
                                                         clknet_2_2__leaf_clk (net)
                      0.044968    0.001553   10.279426 ^ BN[9]$_SDFFE_PP1P_/CLK (sg13g2_dfrbpq_1)
                                 -0.250000   10.029426   clock uncertainty
                                  0.000000   10.029426   clock reconvergence pessimism
                                 -0.186960    9.842464   library setup time
                                              9.842464   data required time
---------------------------------------------------------------------------------------------
                                              9.842464   data required time
                                             -3.519077   data arrival time
---------------------------------------------------------------------------------------------
                                              6.323387   slack (MET)


Startpoint: Om (input port clocked by clk)
Endpoint: BN[4]$_SDFFE_PP1P_ (rising edge-triggered flip-flop clocked by clk)
Path Group: clk
Path Type: max

Fanout         Cap        Slew       Delay        Time   Description
---------------------------------------------------------------------------------------------
                                  0.000000    0.000000   clock clk (rise edge)
                                  0.000000    0.000000   clock network delay (propagated)
                                  2.000000    2.000000 ^ input external delay
     1    0.003910    0.034089    0.005047    2.005047 ^ Om (in)
                                                         Om (net)
                      0.034089    0.000000    2.005047 ^ input1/A (sg13g2_buf_1)
     3    0.014714    0.104919    0.144190    2.149238 ^ input1/X (sg13g2_buf_1)
                                                         net17 (net)
                      0.105010    0.001896    2.151133 ^ _096_/B_N (sg13g2_nor2b_1)
     2    0.011321    0.174304    0.247615    2.398749 ^ _096_/Y (sg13g2_nor2b_1)
                                                         _050_ (net)
                      0.174305    0.000404    2.399153 ^ fanout8/A (sg13g2_buf_8)
     8    0.040036    0.055502    0.182879    2.582031 ^ fanout8/X (sg13g2_buf_8)
                                                         net8 (net)
                      0.056887    0.007089    2.589121 ^ _116_/A (sg13g2_nand3_1)
     1    0.004518    0.121006    0.118749    2.707870 v _116_/Y (sg13g2_nand3_1)
                                                         _064_ (net)
                      0.121006    0.000343    2.708213 v _117_/A2 (sg13g2_a21o_1)
     1    0.001647    0.038640    0.201362    2.909575 v _117_/X (sg13g2_a21o_1)
                                                         _006_ (net)
                      0.038640    0.000064    2.909638 v hold14/A (sg13g2_dlygate4sd3_1)
     1    0.001644    0.053050    0.584195    3.493834 v hold14/X (sg13g2_dlygate4sd3_1)
                                                         net97 (net)
                      0.053050    0.000062    3.493896 v BN[4]$_SDFFE_PP1P_/D (sg13g2_dfrbpq_1)
                                              3.493896   data arrival time

                                 10.000000   10.000000   clock clk (rise edge)
                                  0.000000   10.000000   clock source latency
     1    0.016518    0.051123    0.021938   10.021938 ^ clk (in)
                                                         clk (net)
                      0.051133    0.000000   10.021938 ^ clkbuf_0_clk/A (sg13g2_buf_8)
     4    0.048729    0.056917    0.129818   10.151756 ^ clkbuf_0_clk/X (sg13g2_buf_8)
                                                         clknet_0_clk (net)
                      0.057165    0.002621   10.154377 ^ clkbuf_2_0__f_clk/A (sg13g2_buf_8)
     8    0.030629    0.044403    0.122827   10.277205 ^ clkbuf_2_0__f_clk/X (sg13g2_buf_8)
                                                         clknet_2_0__leaf_clk (net)
                      0.044429    0.001762   10.278966 ^ BN[4]$_SDFFE_PP1P_/CLK (sg13g2_dfrbpq_1)
                                 -0.250000   10.028966   clock uncertainty
                                  0.000000   10.028966   clock reconvergence pessimism
                                 -0.185254    9.843713   library setup time
                                              9.843713   data required time
---------------------------------------------------------------------------------------------
                                              9.843713   data required time
                                             -3.493896   data arrival time
---------------------------------------------------------------------------------------------
                                              6.349817   slack (MET)


Startpoint: Om (input port clocked by clk)
Endpoint: BN[5]$_SDFFE_PP1P_ (rising edge-triggered flip-flop clocked by clk)
Path Group: clk
Path Type: max

Fanout         Cap        Slew       Delay        Time   Description
---------------------------------------------------------------------------------------------
                                  0.000000    0.000000   clock clk (rise edge)
                                  0.000000    0.000000   clock network delay (propagated)
                                  2.000000    2.000000 ^ input external delay
     1    0.003910    0.034089    0.005047    2.005047 ^ Om (in)
                                                         Om (net)
                      0.034089    0.000000    2.005047 ^ input1/A (sg13g2_buf_1)
     3    0.014714    0.104919    0.144190    2.149238 ^ input1/X (sg13g2_buf_1)
                                                         net17 (net)
                      0.105010    0.001896    2.151133 ^ _096_/B_N (sg13g2_nor2b_1)
     2    0.011321    0.174304    0.247615    2.398749 ^ _096_/Y (sg13g2_nor2b_1)
                                                         _050_ (net)
                      0.174305    0.000404    2.399153 ^ fanout8/A (sg13g2_buf_8)
     8    0.040036    0.055502    0.182879    2.582031 ^ fanout8/X (sg13g2_buf_8)
                                                         net8 (net)
                      0.056108    0.004345    2.586377 ^ _118_/A (sg13g2_nand3_1)
     1    0.003378    0.107245    0.106912    2.693289 v _118_/Y (sg13g2_nand3_1)
                                                         _065_ (net)
                      0.107245    0.000238    2.693526 v _119_/A2 (sg13g2_a21o_1)
     1    0.003030    0.044565    0.202377    2.895904 v _119_/X (sg13g2_a21o_1)
                                                         _007_ (net)
                      0.044565    0.000107    2.896011 v hold36/A (sg13g2_dlygate4sd3_1)
     1    0.001887    0.054205    0.588833    3.484844 v hold36/X (sg13g2_dlygate4sd3_1)
                                                         net119 (net)
                      0.054206    0.000136    3.484980 v BN[5]$_SDFFE_PP1P_/D (sg13g2_dfrbpq_1)
                                              3.484980   data arrival time

                                 10.000000   10.000000   clock clk (rise edge)
                                  0.000000   10.000000   clock source latency
     1    0.016518    0.051123    0.021938   10.021938 ^ clk (in)
                                                         clk (net)
                      0.051133    0.000000   10.021938 ^ clkbuf_0_clk/A (sg13g2_buf_8)
     4    0.048729    0.056917    0.129818   10.151756 ^ clkbuf_0_clk/X (sg13g2_buf_8)
                                                         clknet_0_clk (net)
                      0.057176    0.002697   10.154453 ^ clkbuf_2_2__f_clk/A (sg13g2_buf_8)
     8    0.031400    0.044945    0.123419   10.277872 ^ clkbuf_2_2__f_clk/X (sg13g2_buf_8)
                                                         clknet_2_2__leaf_clk (net)
                      0.044955    0.000749   10.278621 ^ BN[5]$_SDFFE_PP1P_/CLK (sg13g2_dfrbpq_1)
                                 -0.250000   10.028621   clock uncertainty
                                  0.000000   10.028621   clock reconvergence pessimism
                                 -0.185597    9.843023   library setup time
                                              9.843023   data required time
---------------------------------------------------------------------------------------------
                                              9.843023   data required time
                                             -3.484980   data arrival time
---------------------------------------------------------------------------------------------
                                              6.358044   slack (MET)


Startpoint: Om (input port clocked by clk)
Endpoint: BN[8]$_SDFFE_PP1P_ (rising edge-triggered flip-flop clocked by clk)
Path Group: clk
Path Type: max

Fanout         Cap        Slew       Delay        Time   Description
---------------------------------------------------------------------------------------------
                                  0.000000    0.000000   clock clk (rise edge)
                                  0.000000    0.000000   clock network delay (propagated)
                                  2.000000    2.000000 ^ input external delay
     1    0.003910    0.034089    0.005047    2.005047 ^ Om (in)
                                                         Om (net)
                      0.034089    0.000000    2.005047 ^ input1/A (sg13g2_buf_1)
     3    0.014714    0.104919    0.144190    2.149238 ^ input1/X (sg13g2_buf_1)
                                                         net17 (net)
                      0.105010    0.001896    2.151133 ^ _096_/B_N (sg13g2_nor2b_1)
     2    0.011321    0.174304    0.247615    2.398749 ^ _096_/Y (sg13g2_nor2b_1)
                                                         _050_ (net)
                      0.174305    0.000404    2.399153 ^ fanout8/A (sg13g2_buf_8)
     8    0.040036    0.055502    0.182879    2.582031 ^ fanout8/X (sg13g2_buf_8)
                                                         net8 (net)
                      0.057005    0.007432    2.589464 ^ _124_/A (sg13g2_nand3_1)
     1    0.003866    0.113690    0.112209    2.701673 v _124_/Y (sg13g2_nand3_1)
                                                         _028_ (net)
                      0.113690    0.000260    2.701933 v _125_/A2 (sg13g2_a21o_1)
     1    0.001897    0.038576    0.199651    2.901584 v _125_/X (sg13g2_a21o_1)
                                                         _010_ (net)
                      0.038576    0.000070    2.901654 v hold8/A (sg13g2_dlygate4sd3_1)
     1    0.001450    0.052131    0.583076    3.484730 v hold8/X (sg13g2_dlygate4sd3_1)
                                                         net91 (net)
                      0.052131    0.000057    3.484787 v BN[8]$_SDFFE_PP1P_/D (sg13g2_dfrbpq_1)
                                              3.484787   data arrival time

                                 10.000000   10.000000   clock clk (rise edge)
                                  0.000000   10.000000   clock source latency
     1    0.016518    0.051123    0.021938   10.021938 ^ clk (in)
                                                         clk (net)
                      0.051133    0.000000   10.021938 ^ clkbuf_0_clk/A (sg13g2_buf_8)
     4    0.048729    0.056917    0.129818   10.151756 ^ clkbuf_0_clk/X (sg13g2_buf_8)
                                                         clknet_0_clk (net)
                      0.057165    0.002621   10.154377 ^ clkbuf_2_0__f_clk/A (sg13g2_buf_8)
     8    0.030629    0.044403    0.122827   10.277205 ^ clkbuf_2_0__f_clk/X (sg13g2_buf_8)
                                                         clknet_2_0__leaf_clk (net)
                      0.044429    0.001740   10.278944 ^ BN[8]$_SDFFE_PP1P_/CLK (sg13g2_dfrbpq_1)
                                 -0.250000   10.028944   clock uncertainty
                                  0.000000   10.028944   clock reconvergence pessimism
                                 -0.184837    9.844107   library setup time
                                              9.844107   data required time
---------------------------------------------------------------------------------------------
                                              9.844107   data required time
                                             -3.484787   data arrival time
---------------------------------------------------------------------------------------------
                                              6.359320   slack (MET)


Startpoint: Op (input port clocked by clk)
Endpoint: dbit[2]$_SDFFE_PP0P_ (rising edge-triggered flip-flop clocked by clk)
Path Group: clk
Path Type: max

Fanout         Cap        Slew       Delay        Time   Description
---------------------------------------------------------------------------------------------
                                  0.000000    0.000000   clock clk (rise edge)
                                  0.000000    0.000000   clock network delay (propagated)
                                  2.000000    2.000000 v input external delay
     1    0.003837    0.028523    0.004362    2.004362 v Op (in)
                                                         Op (net)
                      0.028523    0.000000    2.004362 v input2/A (sg13g2_buf_1)
     3    0.016723    0.098258    0.145848    2.150210 v input2/X (sg13g2_buf_1)
                                                         net18 (net)
                      0.098267    0.000998    2.151208 v _165_/A (sg13g2_xnor2_1)
     6    0.022502    0.240144    0.299400    2.450607 v _165_/Y (sg13g2_xnor2_1)
                                                         _043_ (net)
                      0.240229    0.001859    2.452466 v _172_/A_N (sg13g2_nand3b_1)
     2    0.008793    0.168514    0.279774    2.732240 v _172_/Y (sg13g2_nand3b_1)
                                                         _048_ (net)
                      0.168514    0.000809    2.733049 v _174_/A1 (sg13g2_a21oi_1)
     1    0.003396    0.085993    0.147056    2.880105 ^ _174_/Y (sg13g2_a21oi_1)
                                                         _026_ (net)
                      0.085993    0.000181    2.880286 ^ hold40/A (sg13g2_dlygate4sd3_1)
     1    0.002020    0.051618    0.583519    3.463805 ^ hold40/X (sg13g2_dlygate4sd3_1)
                                                         net123 (net)
                      0.051619    0.000077    3.463882 ^ dbit[2]$_SDFFE_PP0P_/D (sg13g2_dfrbpq_2)
                                              3.463882   data arrival time

                                 10.000000   10.000000   clock clk (rise edge)
                                  0.000000   10.000000   clock source latency
     1    0.016518    0.051123    0.021938   10.021938 ^ clk (in)
                                                         clk (net)
                      0.051133    0.000000   10.021938 ^ clkbuf_0_clk/A (sg13g2_buf_8)
     4    0.048729    0.056917    0.129818   10.151756 ^ clkbuf_0_clk/X (sg13g2_buf_8)
                                                         clknet_0_clk (net)
                      0.057145    0.002481   10.154237 ^ clkbuf_2_1__f_clk/A (sg13g2_buf_8)
     7    0.027260    0.042135    0.120878   10.275115 ^ clkbuf_2_1__f_clk/X (sg13g2_buf_8)
                                                         clknet_2_1__leaf_clk (net)
                      0.042160    0.001745   10.276860 ^ dbit[2]$_SDFFE_PP0P_/CLK (sg13g2_dfrbpq_2)
                                 -0.250000   10.026860   clock uncertainty
                                  0.000000   10.026860   clock reconvergence pessimism
                                 -0.199537    9.827324   library setup time
                                              9.827324   data required time
---------------------------------------------------------------------------------------------
                                              9.827324   data required time
                                             -3.463882   data arrival time
---------------------------------------------------------------------------------------------
                                              6.363442   slack (MET)


Startpoint: B[11]$_SDFFE_PP1P_ (rising edge-triggered flip-flop clocked by clk)
Endpoint: D[8] (output port clocked by clk)
Path Group: clk
Path Type: max

Fanout         Cap        Slew       Delay        Time   Description
---------------------------------------------------------------------------------------------
                                  0.000000    0.000000   clock clk (rise edge)
                                  0.000000    0.000000   clock source latency
     1    0.016518    0.051123    0.021938    0.021938 ^ clk (in)
                                                         clk (net)
                      0.051133    0.000000    0.021938 ^ clkbuf_0_clk/A (sg13g2_buf_8)
     4    0.048729    0.056917    0.129818    0.151756 ^ clkbuf_0_clk/X (sg13g2_buf_8)
                                                         clknet_0_clk (net)
                      0.057176    0.002697    0.154453 ^ clkbuf_2_2__f_clk/A (sg13g2_buf_8)
     8    0.031400    0.044945    0.123419    0.277872 ^ clkbuf_2_2__f_clk/X (sg13g2_buf_8)
                                                         clknet_2_2__leaf_clk (net)
                      0.044964    0.001350    0.279221 ^ B[11]$_SDFFE_PP1P_/CLK (sg13g2_dfrbpq_2)
     2    0.010631    0.055423    0.297341    0.576563 ^ B[11]$_SDFFE_PP1P_/Q (sg13g2_dfrbpq_2)
                                                         net10 (net)
                      0.055423    0.000353    0.576916 ^ fanout11/A (sg13g2_buf_8)
     6    0.040761    0.051213    0.127864    0.704780 ^ fanout11/X (sg13g2_buf_8)
                                                         net11 (net)
                      0.051426    0.002108    0.706887 ^ _163_/S (sg13g2_mux2_1)
     1    0.005336    0.065663    0.251794    0.958681 v _163_/X (sg13g2_mux2_1)
                                                         net53 (net)
                      0.065664    0.000461    0.959142 v output37/A (sg13g2_buf_1)
     1    0.010834    0.069374    0.141229    1.100371 v output37/X (sg13g2_buf_1)
                                                         D[8] (net)
                      0.069375    0.000454    1.100825 v D[8] (out)
                                              1.100825   data arrival time

                                 10.000000   10.000000   clock clk (rise edge)
                                  0.000000   10.000000   clock network delay (propagated)
                                 -0.250000    9.750000   clock uncertainty
                                  0.000000    9.750000   clock reconvergence pessimism
                                 -2.000000    7.750000   output external delay
                                              7.750000   data required time
---------------------------------------------------------------------------------------------
                                              7.750000   data required time
                                             -1.100825   data arrival time
---------------------------------------------------------------------------------------------
                                              6.649176   slack (MET)


Startpoint: B[11]$_SDFFE_PP1P_ (rising edge-triggered flip-flop clocked by clk)
Endpoint: D[4] (output port clocked by clk)
Path Group: clk
Path Type: max

Fanout         Cap        Slew       Delay        Time   Description
---------------------------------------------------------------------------------------------
                                  0.000000    0.000000   clock clk (rise edge)
                                  0.000000    0.000000   clock source latency
     1    0.016518    0.051123    0.021938    0.021938 ^ clk (in)
                                                         clk (net)
                      0.051133    0.000000    0.021938 ^ clkbuf_0_clk/A (sg13g2_buf_8)
     4    0.048729    0.056917    0.129818    0.151756 ^ clkbuf_0_clk/X (sg13g2_buf_8)
                                                         clknet_0_clk (net)
                      0.057176    0.002697    0.154453 ^ clkbuf_2_2__f_clk/A (sg13g2_buf_8)
     8    0.031400    0.044945    0.123419    0.277872 ^ clkbuf_2_2__f_clk/X (sg13g2_buf_8)
                                                         clknet_2_2__leaf_clk (net)
                      0.044964    0.001350    0.279221 ^ B[11]$_SDFFE_PP1P_/CLK (sg13g2_dfrbpq_2)
     2    0.010631    0.055423    0.297341    0.576563 ^ B[11]$_SDFFE_PP1P_/Q (sg13g2_dfrbpq_2)
                                                         net10 (net)
                      0.055423    0.000353    0.576916 ^ fanout11/A (sg13g2_buf_8)
     6    0.040761    0.051213    0.127864    0.704780 ^ fanout11/X (sg13g2_buf_8)
                                                         net11 (net)
                      0.051428    0.002129    0.706908 ^ _159_/S (sg13g2_mux2_1)
     1    0.005692    0.067130    0.253557    0.960465 v _159_/X (sg13g2_mux2_1)
                                                         net49 (net)
                      0.067130    0.000186    0.960650 v output33/A (sg13g2_buf_1)
     1    0.008807    0.059477    0.133621    1.094272 v output33/X (sg13g2_buf_1)
                                                         D[4] (net)
                      0.059485    0.000723    1.094994 v D[4] (out)
                                              1.094994   data arrival time

                                 10.000000   10.000000   clock clk (rise edge)
                                  0.000000   10.000000   clock network delay (propagated)
                                 -0.250000    9.750000   clock uncertainty
                                  0.000000    9.750000   clock reconvergence pessimism
                                 -2.000000    7.750000   output external delay
                                              7.750000   data required time
---------------------------------------------------------------------------------------------
                                              7.750000   data required time
                                             -1.094994   data arrival time
---------------------------------------------------------------------------------------------
                                              6.655005   slack (MET)


Startpoint: B[11]$_SDFFE_PP1P_ (rising edge-triggered flip-flop clocked by clk)
Endpoint: D[11] (output port clocked by clk)
Path Group: clk
Path Type: max

Fanout         Cap        Slew       Delay        Time   Description
---------------------------------------------------------------------------------------------
                                  0.000000    0.000000   clock clk (rise edge)
                                  0.000000    0.000000   clock source latency
     1    0.016518    0.051123    0.021938    0.021938 ^ clk (in)
                                                         clk (net)
                      0.051133    0.000000    0.021938 ^ clkbuf_0_clk/A (sg13g2_buf_8)
     4    0.048729    0.056917    0.129818    0.151756 ^ clkbuf_0_clk/X (sg13g2_buf_8)
                                                         clknet_0_clk (net)
                      0.057176    0.002697    0.154453 ^ clkbuf_2_2__f_clk/A (sg13g2_buf_8)
     8    0.031400    0.044945    0.123419    0.277872 ^ clkbuf_2_2__f_clk/X (sg13g2_buf_8)
                                                         clknet_2_2__leaf_clk (net)
                      0.044964    0.001350    0.279221 ^ B[11]$_SDFFE_PP1P_/CLK (sg13g2_dfrbpq_2)
     2    0.010631    0.055423    0.297341    0.576563 ^ B[11]$_SDFFE_PP1P_/Q (sg13g2_dfrbpq_2)
                                                         net10 (net)
                      0.055423    0.000353    0.576916 ^ fanout11/A (sg13g2_buf_8)
     6    0.040761    0.051213    0.127864    0.704780 ^ fanout11/X (sg13g2_buf_8)
                                                         net11 (net)
                      0.051318    0.001023    0.705802 ^ _155_/S (sg13g2_mux2_1)
     1    0.005060    0.064444    0.250465    0.956267 v _155_/X (sg13g2_mux2_1)
                                                         net45 (net)
                      0.064444    0.000342    0.956608 v output29/A (sg13g2_buf_1)
     1    0.009541    0.063093    0.135274    1.091882 v output29/X (sg13g2_buf_1)
                                                         D[11] (net)
                      0.063099    0.000630    1.092512 v D[11] (out)
                                              1.092512   data arrival time

                                 10.000000   10.000000   clock clk (rise edge)
                                  0.000000   10.000000   clock network delay (propagated)
                                 -0.250000    9.750000   clock uncertainty
                                  0.000000    9.750000   clock reconvergence pessimism
                                 -2.000000    7.750000   output external delay
                                              7.750000   data required time
---------------------------------------------------------------------------------------------
                                              7.750000   data required time
                                             -1.092512   data arrival time
---------------------------------------------------------------------------------------------
                                              6.657488   slack (MET)


Startpoint: B[11]$_SDFFE_PP1P_ (rising edge-triggered flip-flop clocked by clk)
Endpoint: D[3] (output port clocked by clk)
Path Group: clk
Path Type: max

Fanout         Cap        Slew       Delay        Time   Description
---------------------------------------------------------------------------------------------
                                  0.000000    0.000000   clock clk (rise edge)
                                  0.000000    0.000000   clock source latency
     1    0.016518    0.051123    0.021938    0.021938 ^ clk (in)
                                                         clk (net)
                      0.051133    0.000000    0.021938 ^ clkbuf_0_clk/A (sg13g2_buf_8)
     4    0.048729    0.056917    0.129818    0.151756 ^ clkbuf_0_clk/X (sg13g2_buf_8)
                                                         clknet_0_clk (net)
                      0.057176    0.002697    0.154453 ^ clkbuf_2_2__f_clk/A (sg13g2_buf_8)
     8    0.031400    0.044945    0.123419    0.277872 ^ clkbuf_2_2__f_clk/X (sg13g2_buf_8)
                                                         clknet_2_2__leaf_clk (net)
                      0.044964    0.001350    0.279221 ^ B[11]$_SDFFE_PP1P_/CLK (sg13g2_dfrbpq_2)
     2    0.010631    0.055423    0.297341    0.576563 ^ B[11]$_SDFFE_PP1P_/Q (sg13g2_dfrbpq_2)
                                                         net10 (net)
                      0.055423    0.000353    0.576916 ^ fanout11/A (sg13g2_buf_8)
     6    0.040761    0.051213    0.127864    0.704780 ^ fanout11/X (sg13g2_buf_8)
                                                         net11 (net)
                      0.051396    0.001838    0.706617 ^ _158_/S (sg13g2_mux2_1)
     1    0.004022    0.060516    0.245616    0.952233 v _158_/X (sg13g2_mux2_1)
                                                         net48 (net)
                      0.060516    0.000274    0.952508 v output32/A (sg13g2_buf_1)
     1    0.008008    0.055581    0.127263    1.079770 v output32/X (sg13g2_buf_1)
                                                         D[3] (net)
                      0.055582    0.000340    1.080110 v D[3] (out)
                                              1.080110   data arrival time

                                 10.000000   10.000000   clock clk (rise edge)
                                  0.000000   10.000000   clock network delay (propagated)
                                 -0.250000    9.750000   clock uncertainty
                                  0.000000    9.750000   clock reconvergence pessimism
                                 -2.000000    7.750000   output external delay
                                              7.750000   data required time
---------------------------------------------------------------------------------------------
                                              7.750000   data required time
                                             -1.080110   data arrival time
---------------------------------------------------------------------------------------------
                                              6.669890   slack (MET)


Startpoint: B[11]$_SDFFE_PP1P_ (rising edge-triggered flip-flop clocked by clk)
Endpoint: D[7] (output port clocked by clk)
Path Group: clk
Path Type: max

Fanout         Cap        Slew       Delay        Time   Description
---------------------------------------------------------------------------------------------
                                  0.000000    0.000000   clock clk (rise edge)
                                  0.000000    0.000000   clock source latency
     1    0.016518    0.051123    0.021938    0.021938 ^ clk (in)
                                                         clk (net)
                      0.051133    0.000000    0.021938 ^ clkbuf_0_clk/A (sg13g2_buf_8)
     4    0.048729    0.056917    0.129818    0.151756 ^ clkbuf_0_clk/X (sg13g2_buf_8)
                                                         clknet_0_clk (net)
                      0.057176    0.002697    0.154453 ^ clkbuf_2_2__f_clk/A (sg13g2_buf_8)
     8    0.031400    0.044945    0.123419    0.277872 ^ clkbuf_2_2__f_clk/X (sg13g2_buf_8)
                                                         clknet_2_2__leaf_clk (net)
                      0.044964    0.001350    0.279221 ^ B[11]$_SDFFE_PP1P_/CLK (sg13g2_dfrbpq_2)
     2    0.010631    0.055423    0.297341    0.576563 ^ B[11]$_SDFFE_PP1P_/Q (sg13g2_dfrbpq_2)
                                                         net10 (net)
                      0.055423    0.000353    0.576916 ^ fanout11/A (sg13g2_buf_8)
     6    0.040761    0.051213    0.127864    0.704780 ^ fanout11/X (sg13g2_buf_8)
                                                         net11 (net)
                      0.051354    0.001419    0.706199 ^ _162_/S (sg13g2_mux2_1)
     1    0.004203    0.061033    0.246442    0.952641 v _162_/X (sg13g2_mux2_1)
                                                         net52 (net)
                      0.061033    0.000302    0.952943 v output36/A (sg13g2_buf_1)
     1    0.006700    0.049365    0.122265    1.075208 v output36/X (sg13g2_buf_1)
                                                         D[7] (net)
                      0.049366    0.000277    1.075485 v D[7] (out)
                                              1.075485   data arrival time

                                 10.000000   10.000000   clock clk (rise edge)
                                  0.000000   10.000000   clock network delay (propagated)
                                 -0.250000    9.750000   clock uncertainty
                                  0.000000    9.750000   clock reconvergence pessimism
                                 -2.000000    7.750000   output external delay
                                              7.750000   data required time
---------------------------------------------------------------------------------------------
                                              7.750000   data required time
                                             -1.075485   data arrival time
---------------------------------------------------------------------------------------------
                                              6.674514   slack (MET)


Startpoint: B[11]$_SDFFE_PP1P_ (rising edge-triggered flip-flop clocked by clk)
Endpoint: D[0] (output port clocked by clk)
Path Group: clk
Path Type: max

Fanout         Cap        Slew       Delay        Time   Description
---------------------------------------------------------------------------------------------
                                  0.000000    0.000000   clock clk (rise edge)
                                  0.000000    0.000000   clock source latency
     1    0.016518    0.051123    0.021938    0.021938 ^ clk (in)
                                                         clk (net)
                      0.051133    0.000000    0.021938 ^ clkbuf_0_clk/A (sg13g2_buf_8)
     4    0.048729    0.056917    0.129818    0.151756 ^ clkbuf_0_clk/X (sg13g2_buf_8)
                                                         clknet_0_clk (net)
                      0.057176    0.002697    0.154453 ^ clkbuf_2_2__f_clk/A (sg13g2_buf_8)
     8    0.031400    0.044945    0.123419    0.277872 ^ clkbuf_2_2__f_clk/X (sg13g2_buf_8)
                                                         clknet_2_2__leaf_clk (net)
                      0.044964    0.001350    0.279221 ^ B[11]$_SDFFE_PP1P_/CLK (sg13g2_dfrbpq_2)
     2    0.010353    0.047263    0.294328    0.573549 v B[11]$_SDFFE_PP1P_/Q (sg13g2_dfrbpq_2)
                                                         net10 (net)
                      0.047263    0.000340    0.573889 v fanout11/A (sg13g2_buf_8)
     6    0.040079    0.047243    0.129668    0.703557 v fanout11/X (sg13g2_buf_8)
                                                         net11 (net)
                      0.047447    0.002112    0.705668 v _153_/A (sg13g2_or2_1)
     1    0.003499    0.046227    0.165505    0.871173 v _153_/X (sg13g2_or2_1)
                                                         net43 (net)
                      0.046227    0.000226    0.871399 v output27/A (sg13g2_buf_1)
     1    0.009902    0.064475    0.127446    0.998845 v output27/X (sg13g2_buf_1)
                                                         D[0] (net)
                      0.064485    0.000839    0.999684 v D[0] (out)
                                              0.999684   data arrival time

                                 10.000000   10.000000   clock clk (rise edge)
                                  0.000000   10.000000   clock network delay (propagated)
                                 -0.250000    9.750000   clock uncertainty
                                  0.000000    9.750000   clock reconvergence pessimism
                                 -2.000000    7.750000   output external delay
                                              7.750000   data required time
---------------------------------------------------------------------------------------------
                                              7.750000   data required time
                                             -0.999684   data arrival time
---------------------------------------------------------------------------------------------
                                              6.750316   slack (MET)


Startpoint: Op (input port clocked by clk)
Endpoint: B[0]$_SDFFE_PP1P_ (rising edge-triggered flip-flop clocked by clk)
Path Group: clk
Path Type: max

Fanout         Cap        Slew       Delay        Time   Description
---------------------------------------------------------------------------------------------
                                  0.000000    0.000000   clock clk (rise edge)
                                  0.000000    0.000000   clock network delay (propagated)
                                  2.000000    2.000000 ^ input external delay
     1    0.003906    0.034084    0.005043    2.005043 ^ Op (in)
                                                         Op (net)
                      0.034084    0.000000    2.005043 ^ input2/A (sg13g2_buf_1)
     3    0.017027    0.119350    0.155164    2.160207 ^ input2/X (sg13g2_buf_1)
                                                         net18 (net)
                      0.119402    0.001018    2.161225 ^ _128_/B_N (sg13g2_nor2b_1)
     2    0.014154    0.207437    0.279301    2.440526 ^ _128_/Y (sg13g2_nor2b_1)
                                                         _030_ (net)
                      0.207438    0.000389    2.440915 ^ fanout6/A (sg13g2_buf_8)
     8    0.043214    0.059448    0.196988    2.637903 ^ fanout6/X (sg13g2_buf_8)
                                                         net6 (net)
                      0.059930    0.004299    2.642203 ^ _129_/C (sg13g2_nand3_1)
     1    0.005161    0.138184    0.147738    2.789941 v _129_/Y (sg13g2_nand3_1)
                                                         _031_ (net)
                      0.138184    0.000400    2.790341 v _130_/A2 (sg13g2_a21o_1)
     1    0.001861    0.038833    0.209099    2.999440 v _130_/X (sg13g2_a21o_1)
                                                         _012_ (net)
                      0.038833    0.000069    2.999509 v B[0]$_SDFFE_PP1P_/D (sg13g2_dfrbpq_1)
                                              2.999509   data arrival time

                                 10.000000   10.000000   clock clk (rise edge)
                                  0.000000   10.000000   clock source latency
     1    0.016518    0.051123    0.021938   10.021938 ^ clk (in)
                                                         clk (net)
                      0.051133    0.000000   10.021938 ^ clkbuf_0_clk/A (sg13g2_buf_8)
     4    0.048729    0.056917    0.129818   10.151756 ^ clkbuf_0_clk/X (sg13g2_buf_8)
                                                         clknet_0_clk (net)
                      0.057165    0.002621   10.154377 ^ clkbuf_2_0__f_clk/A (sg13g2_buf_8)
     8    0.030629    0.044403    0.122827   10.277205 ^ clkbuf_2_0__f_clk/X (sg13g2_buf_8)
                                                         clknet_2_0__leaf_clk (net)
                      0.044424    0.001550   10.278754 ^ B[0]$_SDFFE_PP1P_/CLK (sg13g2_dfrbpq_1)
                                 -0.250000   10.028754   clock uncertainty
                                  0.000000   10.028754   clock reconvergence pessimism
                                 -0.178811    9.849943   library setup time
                                              9.849943   data required time
---------------------------------------------------------------------------------------------
                                              9.849943   data required time
                                             -2.999509   data arrival time
---------------------------------------------------------------------------------------------
                                              6.850434   slack (MET)


Startpoint: Om (input port clocked by clk)
Endpoint: BN[2]$_SDFFE_PP1P_ (rising edge-triggered flip-flop clocked by clk)
Path Group: clk
Path Type: max

Fanout         Cap        Slew       Delay        Time   Description
---------------------------------------------------------------------------------------------
                                  0.000000    0.000000   clock clk (rise edge)
                                  0.000000    0.000000   clock network delay (propagated)
                                  2.000000    2.000000 ^ input external delay
     1    0.003910    0.034089    0.005047    2.005047 ^ Om (in)
                                                         Om (net)
                      0.034089    0.000000    2.005047 ^ input1/A (sg13g2_buf_1)
     3    0.014714    0.104919    0.144190    2.149238 ^ input1/X (sg13g2_buf_1)
                                                         net17 (net)
                      0.105010    0.001896    2.151133 ^ _096_/B_N (sg13g2_nor2b_1)
     2    0.011321    0.174304    0.247615    2.398749 ^ _096_/Y (sg13g2_nor2b_1)
                                                         _050_ (net)
                      0.174305    0.000296    2.399044 ^ fanout9/A (sg13g2_buf_1)
     4    0.020499    0.141901    0.233900    2.632944 ^ fanout9/X (sg13g2_buf_1)
                                                         net9 (net)
                      0.141904    0.000848    2.633792 ^ _111_/A (sg13g2_nand3_1)
     1    0.005179    0.123880    0.156020    2.789812 v _111_/Y (sg13g2_nand3_1)
                                                         _061_ (net)
                      0.123880    0.000208    2.790020 v _112_/A2 (sg13g2_a21o_1)
     1    0.002903    0.043080    0.208317    2.998338 v _112_/X (sg13g2_a21o_1)
                                                         _004_ (net)
                      0.043080    0.000163    2.998501 v BN[2]$_SDFFE_PP1P_/D (sg13g2_dfrbpq_1)
                                              2.998501   data arrival time

                                 10.000000   10.000000   clock clk (rise edge)
                                  0.000000   10.000000   clock source latency
     1    0.016518    0.051123    0.021938   10.021938 ^ clk (in)
                                                         clk (net)
                      0.051133    0.000000   10.021938 ^ clkbuf_0_clk/A (sg13g2_buf_8)
     4    0.048729    0.056917    0.129818   10.151756 ^ clkbuf_0_clk/X (sg13g2_buf_8)
                                                         clknet_0_clk (net)
                      0.057152    0.002535   10.154291 ^ clkbuf_2_3__f_clk/A (sg13g2_buf_8)
     8    0.032470    0.045633    0.124119   10.278410 ^ clkbuf_2_3__f_clk/X (sg13g2_buf_8)
                                                         clknet_2_3__leaf_clk (net)
                      0.045644    0.001271   10.279681 ^ BN[2]$_SDFFE_PP1P_/CLK (sg13g2_dfrbpq_1)
                                 -0.250000   10.029681   clock uncertainty
                                  0.000000   10.029681   clock reconvergence pessimism
                                 -0.180318    9.849363   library setup time
                                              9.849363   data required time
---------------------------------------------------------------------------------------------
                                              9.849363   data required time
                                             -2.998501   data arrival time
---------------------------------------------------------------------------------------------
                                              6.850863   slack (MET)


Startpoint: Op (input port clocked by clk)
Endpoint: B[8]$_SDFFE_PP1P_ (rising edge-triggered flip-flop clocked by clk)
Path Group: clk
Path Type: max

Fanout         Cap        Slew       Delay        Time   Description
---------------------------------------------------------------------------------------------
                                  0.000000    0.000000   clock clk (rise edge)
                                  0.000000    0.000000   clock network delay (propagated)
                                  2.000000    2.000000 ^ input external delay
     1    0.003906    0.034084    0.005043    2.005043 ^ Op (in)
                                                         Op (net)
                      0.034084    0.000000    2.005043 ^ input2/A (sg13g2_buf_1)
     3    0.017027    0.119350    0.155164    2.160207 ^ input2/X (sg13g2_buf_1)
                                                         net18 (net)
                      0.119402    0.001018    2.161225 ^ _128_/B_N (sg13g2_nor2b_1)
     2    0.014154    0.207437    0.279301    2.440526 ^ _128_/Y (sg13g2_nor2b_1)
                                                         _030_ (net)
                      0.207438    0.000389    2.440915 ^ fanout6/A (sg13g2_buf_8)
     8    0.043214    0.059448    0.196988    2.637903 ^ fanout6/X (sg13g2_buf_8)
                                                         net6 (net)
                      0.059919    0.004235    2.642138 ^ _149_/C (sg13g2_nand3_1)
     1    0.004889    0.135229    0.145073    2.787211 v _149_/Y (sg13g2_nand3_1)
                                                         _041_ (net)
                      0.135229    0.000198    2.787409 v _150_/A2 (sg13g2_a21o_1)
     1    0.002201    0.040259    0.209514    2.996923 v _150_/X (sg13g2_a21o_1)
                                                         _022_ (net)
                      0.040259    0.000135    2.997058 v B[8]$_SDFFE_PP1P_/D (sg13g2_dfrbpq_1)
                                              2.997058   data arrival time

                                 10.000000   10.000000   clock clk (rise edge)
                                  0.000000   10.000000   clock source latency
     1    0.016518    0.051123    0.021938   10.021938 ^ clk (in)
                                                         clk (net)
                      0.051133    0.000000   10.021938 ^ clkbuf_0_clk/A (sg13g2_buf_8)
     4    0.048729    0.056917    0.129818   10.151756 ^ clkbuf_0_clk/X (sg13g2_buf_8)
                                                         clknet_0_clk (net)
                      0.057165    0.002621   10.154377 ^ clkbuf_2_0__f_clk/A (sg13g2_buf_8)
     8    0.030629    0.044403    0.122827   10.277205 ^ clkbuf_2_0__f_clk/X (sg13g2_buf_8)
                                                         clknet_2_0__leaf_clk (net)
                      0.044428    0.001723   10.278928 ^ B[8]$_SDFFE_PP1P_/CLK (sg13g2_dfrbpq_1)
                                 -0.250000   10.028927   clock uncertainty
                                  0.000000   10.028927   clock reconvergence pessimism
                                 -0.179456    9.849472   library setup time
                                              9.849472   data required time
---------------------------------------------------------------------------------------------
                                              9.849472   data required time
                                             -2.997058   data arrival time
---------------------------------------------------------------------------------------------
                                              6.852414   slack (MET)


Startpoint: Op (input port clocked by clk)
Endpoint: B[10]$_SDFFE_PP1P_ (rising edge-triggered flip-flop clocked by clk)
Path Group: clk
Path Type: max

Fanout         Cap        Slew       Delay        Time   Description
---------------------------------------------------------------------------------------------
                                  0.000000    0.000000   clock clk (rise edge)
                                  0.000000    0.000000   clock network delay (propagated)
                                  2.000000    2.000000 ^ input external delay
     1    0.003906    0.034084    0.005043    2.005043 ^ Op (in)
                                                         Op (net)
                      0.034084    0.000000    2.005043 ^ input2/A (sg13g2_buf_1)
     3    0.017027    0.119350    0.155164    2.160207 ^ input2/X (sg13g2_buf_1)
                                                         net18 (net)
                      0.119402    0.001018    2.161225 ^ _128_/B_N (sg13g2_nor2b_1)
     2    0.014154    0.207437    0.279301    2.440526 ^ _128_/Y (sg13g2_nor2b_1)
                                                         _030_ (net)
                      0.207438    0.000389    2.440915 ^ fanout6/A (sg13g2_buf_8)
     8    0.043214    0.059448    0.196988    2.637903 ^ fanout6/X (sg13g2_buf_8)
                                                         net6 (net)
                      0.059762    0.003263    2.641167 ^ _131_/C (sg13g2_nand3_1)
     1    0.004550    0.124701    0.141608    2.782775 v _131_/Y (sg13g2_nand3_1)
                                                         _032_ (net)
                      0.124701    0.000185    2.782960 v _132_/A2 (sg13g2_a21o_1)
     1    0.002152    0.040436    0.205153    2.988113 v _132_/X (sg13g2_a21o_1)
                                                         _013_ (net)
                      0.040436    0.000131    2.988244 v B[10]$_SDFFE_PP1P_/D (sg13g2_dfrbpq_1)
                                              2.988244   data arrival time

                                 10.000000   10.000000   clock clk (rise edge)
                                  0.000000   10.000000   clock source latency
     1    0.016518    0.051123    0.021938   10.021938 ^ clk (in)
                                                         clk (net)
                      0.051133    0.000000   10.021938 ^ clkbuf_0_clk/A (sg13g2_buf_8)
     4    0.048729    0.056917    0.129818   10.151756 ^ clkbuf_0_clk/X (sg13g2_buf_8)
                                                         clknet_0_clk (net)
                      0.057176    0.002697   10.154453 ^ clkbuf_2_2__f_clk/A (sg13g2_buf_8)
     8    0.031400    0.044945    0.123419   10.277872 ^ clkbuf_2_2__f_clk/X (sg13g2_buf_8)
                                                         clknet_2_2__leaf_clk (net)
                      0.044965    0.001395   10.279267 ^ B[10]$_SDFFE_PP1P_/CLK (sg13g2_dfrbpq_1)
                                 -0.250000   10.029267   clock uncertainty
                                  0.000000   10.029267   clock reconvergence pessimism
                                 -0.179352    9.849915   library setup time
                                              9.849915   data required time
---------------------------------------------------------------------------------------------
                                              9.849915   data required time
                                             -2.988244   data arrival time
---------------------------------------------------------------------------------------------
                                              6.861670   slack (MET)


Startpoint: Op (input port clocked by clk)
Endpoint: dbit[3]$_SDFFE_PP1P_ (rising edge-triggered flip-flop clocked by clk)
Path Group: clk
Path Type: max

Fanout         Cap        Slew       Delay        Time   Description
---------------------------------------------------------------------------------------------
                                  0.000000    0.000000   clock clk (rise edge)
                                  0.000000    0.000000   clock network delay (propagated)
                                  2.000000    2.000000 v input external delay
     1    0.003837    0.028523    0.004362    2.004362 v Op (in)
                                                         Op (net)
                      0.028523    0.000000    2.004362 v input2/A (sg13g2_buf_1)
     3    0.016723    0.098258    0.145848    2.150210 v input2/X (sg13g2_buf_1)
                                                         net18 (net)
                      0.098267    0.000998    2.151208 v _165_/A (sg13g2_xnor2_1)
     6    0.022502    0.240144    0.299400    2.450607 v _165_/Y (sg13g2_xnor2_1)
                                                         _043_ (net)
                      0.240229    0.001859    2.452466 v _172_/A_N (sg13g2_nand3b_1)
     2    0.008793    0.168514    0.279774    2.732240 v _172_/Y (sg13g2_nand3b_1)
                                                         _048_ (net)
                      0.168514    0.000582    2.732821 v _175_/A2 (sg13g2_a21o_1)
     1    0.002518    0.042178    0.224078    2.956899 v _175_/X (sg13g2_a21o_1)
                                                         _027_ (net)
                      0.042178    0.000091    2.956991 v dbit[3]$_SDFFE_PP1P_/D (sg13g2_dfrbpq_2)
                                              2.956991   data arrival time

                                 10.000000   10.000000   clock clk (rise edge)
                                  0.000000   10.000000   clock source latency
     1    0.016518    0.051123    0.021938   10.021938 ^ clk (in)
                                                         clk (net)
                      0.051133    0.000000   10.021938 ^ clkbuf_0_clk/A (sg13g2_buf_8)
     4    0.048729    0.056917    0.129818   10.151756 ^ clkbuf_0_clk/X (sg13g2_buf_8)
                                                         clknet_0_clk (net)
                      0.057145    0.002481   10.154237 ^ clkbuf_2_1__f_clk/A (sg13g2_buf_8)
     7    0.027260    0.042135    0.120878   10.275115 ^ clkbuf_2_1__f_clk/X (sg13g2_buf_8)
                                                         clknet_2_1__leaf_clk (net)
                      0.042164    0.001876   10.276991 ^ dbit[3]$_SDFFE_PP1P_/CLK (sg13g2_dfrbpq_2)
                                 -0.250000   10.026991   clock uncertainty
                                  0.000000   10.026991   clock reconvergence pessimism
                                 -0.180990    9.846002   library setup time
                                              9.846002   data required time
---------------------------------------------------------------------------------------------
                                              9.846002   data required time
                                             -2.956991   data arrival time
---------------------------------------------------------------------------------------------
                                              6.889010   slack (MET)


Startpoint: Op (input port clocked by clk)
Endpoint: B[1]$_SDFFE_PP1P_ (rising edge-triggered flip-flop clocked by clk)
Path Group: clk
Path Type: max

Fanout         Cap        Slew       Delay        Time   Description
---------------------------------------------------------------------------------------------
                                  0.000000    0.000000   clock clk (rise edge)
                                  0.000000    0.000000   clock network delay (propagated)
                                  2.000000    2.000000 ^ input external delay
     1    0.003906    0.034084    0.005043    2.005043 ^ Op (in)
                                                         Op (net)
                      0.034084    0.000000    2.005043 ^ input2/A (sg13g2_buf_1)
     3    0.017027    0.119350    0.155164    2.160207 ^ input2/X (sg13g2_buf_1)
                                                         net18 (net)
                      0.119402    0.001018    2.161225 ^ _128_/B_N (sg13g2_nor2b_1)
     2    0.014154    0.207437    0.279301    2.440526 ^ _128_/Y (sg13g2_nor2b_1)
                                                         _030_ (net)
                      0.207438    0.000389    2.440915 ^ fanout6/A (sg13g2_buf_8)
     8    0.043214    0.059448    0.196988    2.637903 ^ fanout6/X (sg13g2_buf_8)
                                                         net6 (net)
                      0.059567    0.002910    2.640813 ^ _135_/C (sg13g2_nand3_1)
     1    0.002701    0.095833    0.122968    2.763782 v _135_/Y (sg13g2_nand3_1)
                                                         _034_ (net)
                      0.095833    0.000107    2.763889 v _136_/A2 (sg13g2_a21o_1)
     1    0.002428    0.042003    0.195034    2.958923 v _136_/X (sg13g2_a21o_1)
                                                         _015_ (net)
                      0.042003    0.000149    2.959072 v B[1]$_SDFFE_PP1P_/D (sg13g2_dfrbpq_1)
                                              2.959072   data arrival time

                                 10.000000   10.000000   clock clk (rise edge)
                                  0.000000   10.000000   clock source latency
     1    0.016518    0.051123    0.021938   10.021938 ^ clk (in)
                                                         clk (net)
                      0.051133    0.000000   10.021938 ^ clkbuf_0_clk/A (sg13g2_buf_8)
     4    0.048729    0.056917    0.129818   10.151756 ^ clkbuf_0_clk/X (sg13g2_buf_8)
                                                         clknet_0_clk (net)
                      0.057165    0.002621   10.154377 ^ clkbuf_2_0__f_clk/A (sg13g2_buf_8)
     8    0.030629    0.044403    0.122827   10.277205 ^ clkbuf_2_0__f_clk/X (sg13g2_buf_8)
                                                         clknet_2_0__leaf_clk (net)
                      0.044430    0.001788   10.278992 ^ B[1]$_SDFFE_PP1P_/CLK (sg13g2_dfrbpq_1)
                                 -0.250000   10.028992   clock uncertainty
                                  0.000000   10.028992   clock reconvergence pessimism
                                 -0.180246    9.848746   library setup time
                                              9.848746   data required time
---------------------------------------------------------------------------------------------
                                              9.848746   data required time
                                             -2.959072   data arrival time
---------------------------------------------------------------------------------------------
                                              6.889674   slack (MET)


Startpoint: Om (input port clocked by clk)
Endpoint: BN[0]$_SDFFE_PP1P_ (rising edge-triggered flip-flop clocked by clk)
Path Group: clk
Path Type: max

Fanout         Cap        Slew       Delay        Time   Description
---------------------------------------------------------------------------------------------
                                  0.000000    0.000000   clock clk (rise edge)
                                  0.000000    0.000000   clock network delay (propagated)
                                  2.000000    2.000000 ^ input external delay
     1    0.003910    0.034089    0.005047    2.005047 ^ Om (in)
                                                         Om (net)
                      0.034089    0.000000    2.005047 ^ input1/A (sg13g2_buf_1)
     3    0.014714    0.104919    0.144190    2.149238 ^ input1/X (sg13g2_buf_1)
                                                         net17 (net)
                      0.105010    0.001896    2.151133 ^ _096_/B_N (sg13g2_nor2b_1)
     2    0.011321    0.174304    0.247615    2.398749 ^ _096_/Y (sg13g2_nor2b_1)
                                                         _050_ (net)
                      0.174305    0.000404    2.399153 ^ fanout8/A (sg13g2_buf_8)
     8    0.040036    0.055502    0.182879    2.582031 ^ fanout8/X (sg13g2_buf_8)
                                                         net8 (net)
                      0.056693    0.006493    2.588525 ^ _100_/A (sg13g2_nand3_1)
     1    0.005804    0.135455    0.131692    2.720217 v _100_/Y (sg13g2_nand3_1)
                                                         _054_ (net)
                      0.135464    0.000522    2.720739 v _101_/A2 (sg13g2_a21o_1)
     1    0.002407    0.041149    0.210558    2.931298 v _101_/X (sg13g2_a21o_1)
                                                         _000_ (net)
                      0.041150    0.000162    2.931460 v BN[0]$_SDFFE_PP1P_/D (sg13g2_dfrbpq_1)
                                              2.931460   data arrival time

                                 10.000000   10.000000   clock clk (rise edge)
                                  0.000000   10.000000   clock source latency
     1    0.016518    0.051123    0.021938   10.021938 ^ clk (in)
                                                         clk (net)
                      0.051133    0.000000   10.021938 ^ clkbuf_0_clk/A (sg13g2_buf_8)
     4    0.048729    0.056917    0.129818   10.151756 ^ clkbuf_0_clk/X (sg13g2_buf_8)
                                                         clknet_0_clk (net)
                      0.057165    0.002621   10.154377 ^ clkbuf_2_0__f_clk/A (sg13g2_buf_8)
     8    0.030629    0.044403    0.122827   10.277205 ^ clkbuf_2_0__f_clk/X (sg13g2_buf_8)
                                                         clknet_2_0__leaf_clk (net)
                      0.044424    0.001531   10.278735 ^ BN[0]$_SDFFE_PP1P_/CLK (sg13g2_dfrbpq_1)
                                 -0.250000   10.028735   clock uncertainty
                                  0.000000   10.028735   clock reconvergence pessimism
                                 -0.179861    9.848874   library setup time
                                              9.848874   data required time
---------------------------------------------------------------------------------------------
                                              9.848874   data required time
                                             -2.931460   data arrival time
---------------------------------------------------------------------------------------------
                                              6.917414   slack (MET)


Startpoint: BN[11]$_SDFFE_PP1P_ (rising edge-triggered flip-flop clocked by clk)
Endpoint: BN[11] (output port clocked by clk)
Path Group: clk
Path Type: max

Fanout         Cap        Slew       Delay        Time   Description
---------------------------------------------------------------------------------------------
                                  0.000000    0.000000   clock clk (rise edge)
                                  0.000000    0.000000   clock source latency
     1    0.016518    0.051123    0.021938    0.021938 ^ clk (in)
                                                         clk (net)
                      0.051133    0.000000    0.021938 ^ clkbuf_0_clk/A (sg13g2_buf_8)
     4    0.048729    0.056917    0.129818    0.151756 ^ clkbuf_0_clk/X (sg13g2_buf_8)
                                                         clknet_0_clk (net)
                      0.057145    0.002481    0.154237 ^ clkbuf_2_1__f_clk/A (sg13g2_buf_8)
     7    0.027260    0.042135    0.120878    0.275115 ^ clkbuf_2_1__f_clk/X (sg13g2_buf_8)
                                                         clknet_2_1__leaf_clk (net)
                      0.042149    0.001250    0.276365 ^ BN[11]$_SDFFE_PP1P_/CLK (sg13g2_dfrbpq_1)
     4    0.011234    0.084796    0.301305    0.577670 ^ BN[11]$_SDFFE_PP1P_/Q (sg13g2_dfrbpq_1)
                                                         net55 (net)
                      0.084799    0.000596    0.578266 ^ _204_/A (sg13g2_buf_1)
     1    0.003175    0.037558    0.119056    0.697322 ^ _204_/X (sg13g2_buf_1)
                                                         net21 (net)
                      0.037558    0.000208    0.697529 ^ output5/A (sg13g2_buf_1)
     1    0.008254    0.065759    0.117144    0.814673 ^ output5/X (sg13g2_buf_1)
                                                         BN[11] (net)
                      0.065766    0.000718    0.815391 ^ BN[11] (out)
                                              0.815391   data arrival time

                                 10.000000   10.000000   clock clk (rise edge)
                                  0.000000   10.000000   clock network delay (propagated)
                                 -0.250000    9.750000   clock uncertainty
                                  0.000000    9.750000   clock reconvergence pessimism
                                 -2.000000    7.750000   output external delay
                                              7.750000   data required time
---------------------------------------------------------------------------------------------
                                              7.750000   data required time
                                             -0.815391   data arrival time
---------------------------------------------------------------------------------------------
                                              6.934609   slack (MET)


Startpoint: Om (input port clocked by clk)
Endpoint: BN[10]$_SDFFE_PP1P_ (rising edge-triggered flip-flop clocked by clk)
Path Group: clk
Path Type: max

Fanout         Cap        Slew       Delay        Time   Description
---------------------------------------------------------------------------------------------
                                  0.000000    0.000000   clock clk (rise edge)
                                  0.000000    0.000000   clock network delay (propagated)
                                  2.000000    2.000000 ^ input external delay
     1    0.003910    0.034089    0.005047    2.005047 ^ Om (in)
                                                         Om (net)
                      0.034089    0.000000    2.005047 ^ input1/A (sg13g2_buf_1)
     3    0.014714    0.104919    0.144190    2.149238 ^ input1/X (sg13g2_buf_1)
                                                         net17 (net)
                      0.105010    0.001896    2.151133 ^ _096_/B_N (sg13g2_nor2b_1)
     2    0.011321    0.174304    0.247615    2.398749 ^ _096_/Y (sg13g2_nor2b_1)
                                                         _050_ (net)
                      0.174305    0.000404    2.399153 ^ fanout8/A (sg13g2_buf_8)
     8    0.040036    0.055502    0.182879    2.582031 ^ fanout8/X (sg13g2_buf_8)
                                                         net8 (net)
                      0.055929    0.003516    2.585548 ^ _104_/A (sg13g2_nand3_1)
     1    0.003720    0.106732    0.110306    2.695853 v _104_/Y (sg13g2_nand3_1)
                                                         _057_ (net)
                      0.106732    0.000258    2.696112 v _105_/A2 (sg13g2_a21o_1)
     1    0.001889    0.038421    0.196880    2.892992 v _105_/X (sg13g2_a21o_1)
                                                         _001_ (net)
                      0.038421    0.000069    2.893061 v BN[10]$_SDFFE_PP1P_/D (sg13g2_dfrbpq_1)
                                              2.893061   data arrival time

                                 10.000000   10.000000   clock clk (rise edge)
                                  0.000000   10.000000   clock source latency
     1    0.016518    0.051123    0.021938   10.021938 ^ clk (in)
                                                         clk (net)
                      0.051133    0.000000   10.021938 ^ clkbuf_0_clk/A (sg13g2_buf_8)
     4    0.048729    0.056917    0.129818   10.151756 ^ clkbuf_0_clk/X (sg13g2_buf_8)
                                                         clknet_0_clk (net)
                      0.057152    0.002535   10.154291 ^ clkbuf_2_3__f_clk/A (sg13g2_buf_8)
     8    0.032470    0.045633    0.124119   10.278410 ^ clkbuf_2_3__f_clk/X (sg13g2_buf_8)
                                                         clknet_2_3__leaf_clk (net)
                      0.045643    0.001249   10.279659 ^ BN[10]$_SDFFE_PP1P_/CLK (sg13g2_dfrbpq_1)
                                 -0.250000   10.029659   clock uncertainty
                                  0.000000   10.029659   clock reconvergence pessimism
                                 -0.178206    9.851453   library setup time
                                              9.851453   data required time
---------------------------------------------------------------------------------------------
                                              9.851453   data required time
                                             -2.893061   data arrival time
---------------------------------------------------------------------------------------------
                                              6.958392   slack (MET)


Startpoint: Om (input port clocked by clk)
Endpoint: BN[1]$_SDFFE_PP1P_ (rising edge-triggered flip-flop clocked by clk)
Path Group: clk
Path Type: max

Fanout         Cap        Slew       Delay        Time   Description
---------------------------------------------------------------------------------------------
                                  0.000000    0.000000   clock clk (rise edge)
                                  0.000000    0.000000   clock network delay (propagated)
                                  2.000000    2.000000 ^ input external delay
     1    0.003910    0.034089    0.005047    2.005047 ^ Om (in)
                                                         Om (net)
                      0.034089    0.000000    2.005047 ^ input1/A (sg13g2_buf_1)
     3    0.014714    0.104919    0.144190    2.149238 ^ input1/X (sg13g2_buf_1)
                                                         net17 (net)
                      0.105010    0.001896    2.151133 ^ _096_/B_N (sg13g2_nor2b_1)
     2    0.011321    0.174304    0.247615    2.398749 ^ _096_/Y (sg13g2_nor2b_1)
                                                         _050_ (net)
                      0.174305    0.000404    2.399153 ^ fanout8/A (sg13g2_buf_8)
     8    0.040036    0.055502    0.182879    2.582031 ^ fanout8/X (sg13g2_buf_8)
                                                         net8 (net)
                      0.056283    0.005058    2.587090 ^ _109_/A (sg13g2_nand3_1)
     1    0.003495    0.098136    0.108163    2.695252 v _109_/Y (sg13g2_nand3_1)
                                                         _060_ (net)
                      0.098136    0.000239    2.695492 v _110_/A2 (sg13g2_a21o_1)
     1    0.002103    0.040604    0.194499    2.889990 v _110_/X (sg13g2_a21o_1)
                                                         _003_ (net)
                      0.040604    0.000079    2.890070 v BN[1]$_SDFFE_PP1P_/D (sg13g2_dfrbpq_1)
                                              2.890070   data arrival time

                                 10.000000   10.000000   clock clk (rise edge)
                                  0.000000   10.000000   clock source latency
     1    0.016518    0.051123    0.021938   10.021938 ^ clk (in)
                                                         clk (net)
                      0.051133    0.000000   10.021938 ^ clkbuf_0_clk/A (sg13g2_buf_8)
     4    0.048729    0.056917    0.129818   10.151756 ^ clkbuf_0_clk/X (sg13g2_buf_8)
                                                         clknet_0_clk (net)
                      0.057176    0.002697   10.154453 ^ clkbuf_2_2__f_clk/A (sg13g2_buf_8)
     8    0.031400    0.044945    0.123419   10.277872 ^ clkbuf_2_2__f_clk/X (sg13g2_buf_8)
                                                         clknet_2_2__leaf_clk (net)
                      0.044970    0.001616   10.279489 ^ BN[1]$_SDFFE_PP1P_/CLK (sg13g2_dfrbpq_1)
                                 -0.250000   10.029489   clock uncertainty
                                  0.000000   10.029489   clock reconvergence pessimism
                                 -0.179427    9.850062   library setup time
                                              9.850062   data required time
---------------------------------------------------------------------------------------------
                                              9.850062   data required time
                                             -2.890070   data arrival time
---------------------------------------------------------------------------------------------
                                              6.959993   slack (MET)


Startpoint: Op (input port clocked by clk)
Endpoint: dbit[0]$_SDFFE_PP1P_ (rising edge-triggered flip-flop clocked by clk)
Path Group: clk
Path Type: max

Fanout         Cap        Slew       Delay        Time   Description
---------------------------------------------------------------------------------------------
                                  0.000000    0.000000   clock clk (rise edge)
                                  0.000000    0.000000   clock network delay (propagated)
                                  2.000000    2.000000 v input external delay
     1    0.003837    0.028523    0.004362    2.004362 v Op (in)
                                                         Op (net)
                      0.028523    0.000000    2.004362 v input2/A (sg13g2_buf_1)
     3    0.016723    0.098258    0.145848    2.150210 v input2/X (sg13g2_buf_1)
                                                         net18 (net)
                      0.098267    0.000998    2.151208 v _165_/A (sg13g2_xnor2_1)
     6    0.022502    0.240144    0.299400    2.450607 v _165_/Y (sg13g2_xnor2_1)
                                                         _043_ (net)
                      0.240215    0.001076    2.451684 v _166_/B1 (sg13g2_a21o_1)
     1    0.004087    0.052029    0.238896    2.690580 v _166_/X (sg13g2_a21o_1)
                                                         _044_ (net)
                      0.052029    0.000282    2.690861 v _168_/A2 (sg13g2_o21ai_1)
     1    0.003874    0.112845    0.130834    2.821696 ^ _168_/Y (sg13g2_o21ai_1)
                                                         _024_ (net)
                      0.112845    0.000205    2.821901 ^ dbit[0]$_SDFFE_PP1P_/D (sg13g2_dfrbpq_1)
                                              2.821901   data arrival time

                                 10.000000   10.000000   clock clk (rise edge)
                                  0.000000   10.000000   clock source latency
     1    0.016518    0.051123    0.021938   10.021938 ^ clk (in)
                                                         clk (net)
                      0.051133    0.000000   10.021938 ^ clkbuf_0_clk/A (sg13g2_buf_8)
     4    0.048729    0.056917    0.129818   10.151756 ^ clkbuf_0_clk/X (sg13g2_buf_8)
                                                         clknet_0_clk (net)
                      0.057145    0.002481   10.154237 ^ clkbuf_2_1__f_clk/A (sg13g2_buf_8)
     7    0.027260    0.042135    0.120878   10.275115 ^ clkbuf_2_1__f_clk/X (sg13g2_buf_8)
                                                         clknet_2_1__leaf_clk (net)
                      0.042153    0.001446   10.276561 ^ dbit[0]$_SDFFE_PP1P_/CLK (sg13g2_dfrbpq_1)
                                 -0.250000   10.026561   clock uncertainty
                                  0.000000   10.026561   clock reconvergence pessimism
                                 -0.224845    9.801716   library setup time
                                              9.801716   data required time
---------------------------------------------------------------------------------------------
                                              9.801716   data required time
                                             -2.821901   data arrival time
---------------------------------------------------------------------------------------------
                                              6.979815   slack (MET)


Startpoint: Op (input port clocked by clk)
Endpoint: dbit[1]$_SDFFE_PP1P_ (rising edge-triggered flip-flop clocked by clk)
Path Group: clk
Path Type: max

Fanout         Cap        Slew       Delay        Time   Description
---------------------------------------------------------------------------------------------
                                  0.000000    0.000000   clock clk (rise edge)
                                  0.000000    0.000000   clock network delay (propagated)
                                  2.000000    2.000000 ^ input external delay
     1    0.003906    0.034084    0.005043    2.005043 ^ Op (in)
                                                         Op (net)
                      0.034084    0.000000    2.005043 ^ input2/A (sg13g2_buf_1)
     3    0.017027    0.119350    0.155164    2.160207 ^ input2/X (sg13g2_buf_1)
                                                         net18 (net)
                      0.119402    0.001019    2.161226 ^ _165_/A (sg13g2_xnor2_1)
     6    0.023536    0.336084    0.333649    2.494875 ^ _165_/Y (sg13g2_xnor2_1)
                                                         _043_ (net)
                      0.336101    0.001963    2.496837 ^ _170_/C (sg13g2_or3_1)
     1    0.003328    0.049893    0.223441    2.720278 ^ _170_/X (sg13g2_or3_1)
                                                         _047_ (net)
                      0.049893    0.000250    2.720529 ^ _171_/C (sg13g2_nand3b_1)
     1    0.002020    0.085982    0.116672    2.837200 v _171_/Y (sg13g2_nand3b_1)
                                                         _025_ (net)
                      0.085982    0.000129    2.837329 v dbit[1]$_SDFFE_PP1P_/D (sg13g2_dfrbpq_2)
                                              2.837329   data arrival time

                                 10.000000   10.000000   clock clk (rise edge)
                                  0.000000   10.000000   clock source latency
     1    0.016518    0.051123    0.021938   10.021938 ^ clk (in)
                                                         clk (net)
                      0.051133    0.000000   10.021938 ^ clkbuf_0_clk/A (sg13g2_buf_8)
     4    0.048729    0.056917    0.129818   10.151756 ^ clkbuf_0_clk/X (sg13g2_buf_8)
                                                         clknet_0_clk (net)
                      0.057145    0.002481   10.154237 ^ clkbuf_2_1__f_clk/A (sg13g2_buf_8)
     7    0.027260    0.042135    0.120878   10.275115 ^ clkbuf_2_1__f_clk/X (sg13g2_buf_8)
                                                         clknet_2_1__leaf_clk (net)
                      0.042149    0.001292   10.276407 ^ dbit[1]$_SDFFE_PP1P_/CLK (sg13g2_dfrbpq_2)
                                 -0.250000   10.026407   clock uncertainty
                                  0.000000   10.026407   clock reconvergence pessimism
                                 -0.200641    9.825767   library setup time
                                              9.825767   data required time
---------------------------------------------------------------------------------------------
                                              9.825767   data required time
                                             -2.837329   data arrival time
---------------------------------------------------------------------------------------------
                                              6.988438   slack (MET)


Startpoint: B[2]$_SDFFE_PP1P_ (rising edge-triggered flip-flop clocked by clk)
Endpoint: B[2] (output port clocked by clk)
Path Group: clk
Path Type: max

Fanout         Cap        Slew       Delay        Time   Description
---------------------------------------------------------------------------------------------
                                  0.000000    0.000000   clock clk (rise edge)
                                  0.000000    0.000000   clock source latency
     1    0.016518    0.051123    0.021938    0.021938 ^ clk (in)
                                                         clk (net)
                      0.051133    0.000000    0.021938 ^ clkbuf_0_clk/A (sg13g2_buf_8)
     4    0.048729    0.056917    0.129818    0.151756 ^ clkbuf_0_clk/X (sg13g2_buf_8)
                                                         clknet_0_clk (net)
                      0.057152    0.002535    0.154291 ^ clkbuf_2_3__f_clk/A (sg13g2_buf_8)
     8    0.032470    0.045633    0.124120    0.278410 ^ clkbuf_2_3__f_clk/X (sg13g2_buf_8)
                                                         clknet_2_3__leaf_clk (net)
                      0.045636    0.000749    0.279159 ^ B[2]$_SDFFE_PP1P_/CLK (sg13g2_dfrbpq_1)
     3    0.013745    0.099741    0.314709    0.593868 ^ B[2]$_SDFFE_PP1P_/Q (sg13g2_dfrbpq_1)
                                                         net35 (net)
                      0.099747    0.000869    0.594737 ^ output19/A (sg13g2_buf_1)
     1    0.009833    0.076522    0.156791    0.751528 ^ output19/X (sg13g2_buf_1)
                                                         B[2] (net)
                      0.076523    0.000414    0.751942 ^ B[2] (out)
                                              0.751942   data arrival time

                                 10.000000   10.000000   clock clk (rise edge)
                                  0.000000   10.000000   clock network delay (propagated)
                                 -0.250000    9.750000   clock uncertainty
                                  0.000000    9.750000   clock reconvergence pessimism
                                 -2.000000    7.750000   output external delay
                                              7.750000   data required time
---------------------------------------------------------------------------------------------
                                              7.750000   data required time
                                             -0.751942   data arrival time
---------------------------------------------------------------------------------------------
                                              6.998058   slack (MET)


Startpoint: B[8]$_SDFFE_PP1P_ (rising edge-triggered flip-flop clocked by clk)
Endpoint: B[8] (output port clocked by clk)
Path Group: clk
Path Type: max

Fanout         Cap        Slew       Delay        Time   Description
---------------------------------------------------------------------------------------------
                                  0.000000    0.000000   clock clk (rise edge)
                                  0.000000    0.000000   clock source latency
     1    0.016518    0.051123    0.021938    0.021938 ^ clk (in)
                                                         clk (net)
                      0.051133    0.000000    0.021938 ^ clkbuf_0_clk/A (sg13g2_buf_8)
     4    0.048729    0.056917    0.129818    0.151756 ^ clkbuf_0_clk/X (sg13g2_buf_8)
                                                         clknet_0_clk (net)
                      0.057165    0.002621    0.154377 ^ clkbuf_2_0__f_clk/A (sg13g2_buf_8)
     8    0.030629    0.044403    0.122827    0.277204 ^ clkbuf_2_0__f_clk/X (sg13g2_buf_8)
                                                         clknet_2_0__leaf_clk (net)
                      0.044428    0.001724    0.278927 ^ B[8]$_SDFFE_PP1P_/CLK (sg13g2_dfrbpq_1)
     3    0.011827    0.088322    0.305276    0.584204 ^ B[8]$_SDFFE_PP1P_/Q (sg13g2_dfrbpq_1)
                                                         net41 (net)
                      0.088325    0.000653    0.584857 ^ output25/A (sg13g2_buf_1)
     1    0.009433    0.073903    0.149376    0.734232 ^ output25/X (sg13g2_buf_1)
                                                         B[8] (net)
                      0.073904    0.000442    0.734674 ^ B[8] (out)
                                              0.734674   data arrival time

                                 10.000000   10.000000   clock clk (rise edge)
                                  0.000000   10.000000   clock network delay (propagated)
                                 -0.250000    9.750000   clock uncertainty
                                  0.000000    9.750000   clock reconvergence pessimism
                                 -2.000000    7.750000   output external delay
                                              7.750000   data required time
---------------------------------------------------------------------------------------------
                                              7.750000   data required time
                                             -0.734674   data arrival time
---------------------------------------------------------------------------------------------
                                              7.015326   slack (MET)


Startpoint: BN[11]$_SDFFE_PP1P_ (rising edge-triggered flip-flop clocked by clk)
Endpoint: sign (output port clocked by clk)
Path Group: clk
Path Type: max

Fanout         Cap        Slew       Delay        Time   Description
---------------------------------------------------------------------------------------------
                                  0.000000    0.000000   clock clk (rise edge)
                                  0.000000    0.000000   clock source latency
     1    0.016518    0.051123    0.021938    0.021938 ^ clk (in)
                                                         clk (net)
                      0.051133    0.000000    0.021938 ^ clkbuf_0_clk/A (sg13g2_buf_8)
     4    0.048729    0.056917    0.129818    0.151756 ^ clkbuf_0_clk/X (sg13g2_buf_8)
                                                         clknet_0_clk (net)
                      0.057145    0.002481    0.154237 ^ clkbuf_2_1__f_clk/A (sg13g2_buf_8)
     7    0.027260    0.042135    0.120878    0.275115 ^ clkbuf_2_1__f_clk/X (sg13g2_buf_8)
                                                         clknet_2_1__leaf_clk (net)
                      0.042149    0.001250    0.276365 ^ BN[11]$_SDFFE_PP1P_/CLK (sg13g2_dfrbpq_1)
     4    0.011234    0.084796    0.301305    0.577670 ^ BN[11]$_SDFFE_PP1P_/Q (sg13g2_dfrbpq_1)
                                                         net55 (net)
                      0.084799    0.000605    0.578275 ^ output39/A (sg13g2_buf_1)
     1    0.010417    0.079615    0.151775    0.730050 ^ output39/X (sg13g2_buf_1)
                                                         sign (net)
                      0.079625    0.000895    0.730944 ^ sign (out)
                                              0.730944   data arrival time

                                 10.000000   10.000000   clock clk (rise edge)
                                  0.000000   10.000000   clock network delay (propagated)
                                 -0.250000    9.750000   clock uncertainty
                                  0.000000    9.750000   clock reconvergence pessimism
                                 -2.000000    7.750000   output external delay
                                              7.750000   data required time
---------------------------------------------------------------------------------------------
                                              7.750000   data required time
                                             -0.730944   data arrival time
---------------------------------------------------------------------------------------------
                                              7.019056   slack (MET)


Startpoint: BN[10]$_SDFFE_PP1P_ (rising edge-triggered flip-flop clocked by clk)
Endpoint: BN[10] (output port clocked by clk)
Path Group: clk
Path Type: max

Fanout         Cap        Slew       Delay        Time   Description
---------------------------------------------------------------------------------------------
                                  0.000000    0.000000   clock clk (rise edge)
                                  0.000000    0.000000   clock source latency
     1    0.016518    0.051123    0.021938    0.021938 ^ clk (in)
                                                         clk (net)
                      0.051133    0.000000    0.021938 ^ clkbuf_0_clk/A (sg13g2_buf_8)
     4    0.048729    0.056917    0.129818    0.151756 ^ clkbuf_0_clk/X (sg13g2_buf_8)
                                                         clknet_0_clk (net)
                      0.057152    0.002535    0.154291 ^ clkbuf_2_3__f_clk/A (sg13g2_buf_8)
     8    0.032470    0.045633    0.124120    0.278410 ^ clkbuf_2_3__f_clk/X (sg13g2_buf_8)
                                                         clknet_2_3__leaf_clk (net)
                      0.045643    0.001248    0.279659 ^ BN[10]$_SDFFE_PP1P_/CLK (sg13g2_dfrbpq_1)
     3    0.010709    0.081688    0.300895    0.580554 ^ BN[10]$_SDFFE_PP1P_/Q (sg13g2_dfrbpq_1)
                                                         net20 (net)
                      0.081691    0.000628    0.581183 ^ output4/A (sg13g2_buf_1)
     1    0.009479    0.074070    0.146009    0.727192 ^ output4/X (sg13g2_buf_1)
                                                         BN[10] (net)
                      0.074074    0.000625    0.727817 ^ BN[10] (out)
                                              0.727817   data arrival time

                                 10.000000   10.000000   clock clk (rise edge)
                                  0.000000   10.000000   clock network delay (propagated)
                                 -0.250000    9.750000   clock uncertainty
                                  0.000000    9.750000   clock reconvergence pessimism
                                 -2.000000    7.750000   output external delay
                                              7.750000   data required time
---------------------------------------------------------------------------------------------
                                              7.750000   data required time
                                             -0.727817   data arrival time
---------------------------------------------------------------------------------------------
                                              7.022183   slack (MET)


Startpoint: B[3]$_SDFFE_PP1P_ (rising edge-triggered flip-flop clocked by clk)
Endpoint: B[3] (output port clocked by clk)
Path Group: clk
Path Type: max

Fanout         Cap        Slew       Delay        Time   Description
---------------------------------------------------------------------------------------------
                                  0.000000    0.000000   clock clk (rise edge)
                                  0.000000    0.000000   clock source latency
     1    0.016518    0.051123    0.021938    0.021938 ^ clk (in)
                                                         clk (net)
                      0.051133    0.000000    0.021938 ^ clkbuf_0_clk/A (sg13g2_buf_8)
     4    0.048729    0.056917    0.129818    0.151756 ^ clkbuf_0_clk/X (sg13g2_buf_8)
                                                         clknet_0_clk (net)
                      0.057145    0.002481    0.154237 ^ clkbuf_2_1__f_clk/A (sg13g2_buf_8)
     7    0.027260    0.042135    0.120878    0.275115 ^ clkbuf_2_1__f_clk/X (sg13g2_buf_8)
                                                         clknet_2_1__leaf_clk (net)
                      0.042151    0.001355    0.276470 ^ B[3]$_SDFFE_PP1P_/CLK (sg13g2_dfrbpq_1)
     3    0.011818    0.088284    0.303888    0.580358 ^ B[3]$_SDFFE_PP1P_/Q (sg13g2_dfrbpq_1)
                                                         net36 (net)
                      0.088292    0.000891    0.581249 ^ output20/A (sg13g2_buf_1)
     1    0.008351    0.067449    0.144456    0.725705 ^ output20/X (sg13g2_buf_1)
                                                         B[3] (net)
                      0.067450    0.000366    0.726071 ^ B[3] (out)
                                              0.726071   data arrival time

                                 10.000000   10.000000   clock clk (rise edge)
                                  0.000000   10.000000   clock network delay (propagated)
                                 -0.250000    9.750000   clock uncertainty
                                  0.000000    9.750000   clock reconvergence pessimism
                                 -2.000000    7.750000   output external delay
                                              7.750000   data required time
---------------------------------------------------------------------------------------------
                                              7.750000   data required time
                                             -0.726071   data arrival time
---------------------------------------------------------------------------------------------
                                              7.023928   slack (MET)


Startpoint: BN[3]$_SDFFE_PP1P_ (rising edge-triggered flip-flop clocked by clk)
Endpoint: BN[3] (output port clocked by clk)
Path Group: clk
Path Type: max

Fanout         Cap        Slew       Delay        Time   Description
---------------------------------------------------------------------------------------------
                                  0.000000    0.000000   clock clk (rise edge)
                                  0.000000    0.000000   clock source latency
     1    0.016518    0.051123    0.021938    0.021938 ^ clk (in)
                                                         clk (net)
                      0.051133    0.000000    0.021938 ^ clkbuf_0_clk/A (sg13g2_buf_8)
     4    0.048729    0.056917    0.129818    0.151756 ^ clkbuf_0_clk/X (sg13g2_buf_8)
                                                         clknet_0_clk (net)
                      0.057145    0.002481    0.154237 ^ clkbuf_2_1__f_clk/A (sg13g2_buf_8)
     7    0.027260    0.042135    0.120878    0.275115 ^ clkbuf_2_1__f_clk/X (sg13g2_buf_8)
                                                         clknet_2_1__leaf_clk (net)
                      0.042150    0.001344    0.276458 ^ BN[3]$_SDFFE_PP1P_/CLK (sg13g2_dfrbpq_1)
     3    0.011735    0.087736    0.303723    0.580181 ^ BN[3]$_SDFFE_PP1P_/Q (sg13g2_dfrbpq_1)
                                                         net24 (net)
                      0.087737    0.000372    0.580552 ^ output8/A (sg13g2_buf_1)
     1    0.008485    0.068233    0.144777    0.725329 ^ output8/X (sg13g2_buf_1)
                                                         BN[3] (net)
                      0.068233    0.000369    0.725698 ^ BN[3] (out)
                                              0.725698   data arrival time

                                 10.000000   10.000000   clock clk (rise edge)
                                  0.000000   10.000000   clock network delay (propagated)
                                 -0.250000    9.750000   clock uncertainty
                                  0.000000    9.750000   clock reconvergence pessimism
                                 -2.000000    7.750000   output external delay
                                              7.750000   data required time
---------------------------------------------------------------------------------------------
                                              7.750000   data required time
                                             -0.725698   data arrival time
---------------------------------------------------------------------------------------------
                                              7.024302   slack (MET)


Startpoint: B[7]$_SDFFE_PP1P_ (rising edge-triggered flip-flop clocked by clk)
Endpoint: B[7] (output port clocked by clk)
Path Group: clk
Path Type: max

Fanout         Cap        Slew       Delay        Time   Description
---------------------------------------------------------------------------------------------
                                  0.000000    0.000000   clock clk (rise edge)
                                  0.000000    0.000000   clock source latency
     1    0.016518    0.051123    0.021938    0.021938 ^ clk (in)
                                                         clk (net)
                      0.051133    0.000000    0.021938 ^ clkbuf_0_clk/A (sg13g2_buf_8)
     4    0.048729    0.056917    0.129818    0.151756 ^ clkbuf_0_clk/X (sg13g2_buf_8)
                                                         clknet_0_clk (net)
                      0.057152    0.002535    0.154291 ^ clkbuf_2_3__f_clk/A (sg13g2_buf_8)
     8    0.032470    0.045633    0.124120    0.278410 ^ clkbuf_2_3__f_clk/X (sg13g2_buf_8)
                                                         clknet_2_3__leaf_clk (net)
                      0.045641    0.001120    0.279530 ^ B[7]$_SDFFE_PP1P_/CLK (sg13g2_dfrbpq_1)
     3    0.010453    0.080155    0.299830    0.579360 ^ B[7]$_SDFFE_PP1P_/Q (sg13g2_dfrbpq_1)
                                                         net40 (net)
                      0.080155    0.000305    0.579665 ^ output24/A (sg13g2_buf_1)
     1    0.008869    0.070284    0.142379    0.722044 ^ output24/X (sg13g2_buf_1)
                                                         B[7] (net)
                      0.070290    0.000729    0.722773 ^ B[7] (out)
                                              0.722773   data arrival time

                                 10.000000   10.000000   clock clk (rise edge)
                                  0.000000   10.000000   clock network delay (propagated)
                                 -0.250000    9.750000   clock uncertainty
                                  0.000000    9.750000   clock reconvergence pessimism
                                 -2.000000    7.750000   output external delay
                                              7.750000   data required time
---------------------------------------------------------------------------------------------
                                              7.750000   data required time
                                             -0.722773   data arrival time
---------------------------------------------------------------------------------------------
                                              7.027226   slack (MET)


Startpoint: BN[0]$_SDFFE_PP1P_ (rising edge-triggered flip-flop clocked by clk)
Endpoint: BN[0] (output port clocked by clk)
Path Group: clk
Path Type: max

Fanout         Cap        Slew       Delay        Time   Description
---------------------------------------------------------------------------------------------
                                  0.000000    0.000000   clock clk (rise edge)
                                  0.000000    0.000000   clock source latency
     1    0.016518    0.051123    0.021938    0.021938 ^ clk (in)
                                                         clk (net)
                      0.051133    0.000000    0.021938 ^ clkbuf_0_clk/A (sg13g2_buf_8)
     4    0.048729    0.056917    0.129818    0.151756 ^ clkbuf_0_clk/X (sg13g2_buf_8)
                                                         clknet_0_clk (net)
                      0.057165    0.002621    0.154377 ^ clkbuf_2_0__f_clk/A (sg13g2_buf_8)
     8    0.030629    0.044403    0.122827    0.277204 ^ clkbuf_2_0__f_clk/X (sg13g2_buf_8)
                                                         clknet_2_0__leaf_clk (net)
                      0.044424    0.001531    0.278735 ^ BN[0]$_SDFFE_PP1P_/CLK (sg13g2_dfrbpq_1)
     3    0.010892    0.082777    0.301017    0.579752 ^ BN[0]$_SDFFE_PP1P_/Q (sg13g2_dfrbpq_1)
                                                         net19 (net)
                      0.082780    0.000626    0.580378 ^ output3/A (sg13g2_buf_1)
     1    0.007749    0.063770    0.138817    0.719195 ^ output3/X (sg13g2_buf_1)
                                                         BN[0] (net)
                      0.063771    0.000340    0.719535 ^ BN[0] (out)
                                              0.719535   data arrival time

                                 10.000000   10.000000   clock clk (rise edge)
                                  0.000000   10.000000   clock network delay (propagated)
                                 -0.250000    9.750000   clock uncertainty
                                  0.000000    9.750000   clock reconvergence pessimism
                                 -2.000000    7.750000   output external delay
                                              7.750000   data required time
---------------------------------------------------------------------------------------------
                                              7.750000   data required time
                                             -0.719535   data arrival time
---------------------------------------------------------------------------------------------
                                              7.030465   slack (MET)


Startpoint: BN[7]$_SDFFE_PP1P_ (rising edge-triggered flip-flop clocked by clk)
Endpoint: BN[7] (output port clocked by clk)
Path Group: clk
Path Type: max

Fanout         Cap        Slew       Delay        Time   Description
---------------------------------------------------------------------------------------------
                                  0.000000    0.000000   clock clk (rise edge)
                                  0.000000    0.000000   clock source latency
     1    0.016518    0.051123    0.021938    0.021938 ^ clk (in)
                                                         clk (net)
                      0.051133    0.000000    0.021938 ^ clkbuf_0_clk/A (sg13g2_buf_8)
     4    0.048729    0.056917    0.129818    0.151756 ^ clkbuf_0_clk/X (sg13g2_buf_8)
                                                         clknet_0_clk (net)
                      0.057152    0.002535    0.154291 ^ clkbuf_2_3__f_clk/A (sg13g2_buf_8)
     8    0.032470    0.045633    0.124120    0.278410 ^ clkbuf_2_3__f_clk/X (sg13g2_buf_8)
                                                         clknet_2_3__leaf_clk (net)
                      0.045643    0.001243    0.279653 ^ BN[7]$_SDFFE_PP1P_/CLK (sg13g2_dfrbpq_1)
     3    0.009893    0.076837    0.297324    0.576976 ^ BN[7]$_SDFFE_PP1P_/Q (sg13g2_dfrbpq_1)
                                                         net28 (net)
                      0.076837    0.000316    0.577293 ^ output12/A (sg13g2_buf_1)
     1    0.009060    0.071453    0.141644    0.718937 ^ output12/X (sg13g2_buf_1)
                                                         BN[7] (net)
                      0.071454    0.000410    0.719347 ^ BN[7] (out)
                                              0.719347   data arrival time

                                 10.000000   10.000000   clock clk (rise edge)
                                  0.000000   10.000000   clock network delay (propagated)
                                 -0.250000    9.750000   clock uncertainty
                                  0.000000    9.750000   clock reconvergence pessimism
                                 -2.000000    7.750000   output external delay
                                              7.750000   data required time
---------------------------------------------------------------------------------------------
                                              7.750000   data required time
                                             -0.719347   data arrival time
---------------------------------------------------------------------------------------------
                                              7.030653   slack (MET)


Startpoint: B[4]$_SDFFE_PP1P_ (rising edge-triggered flip-flop clocked by clk)
Endpoint: B[4] (output port clocked by clk)
Path Group: clk
Path Type: max

Fanout         Cap        Slew       Delay        Time   Description
---------------------------------------------------------------------------------------------
                                  0.000000    0.000000   clock clk (rise edge)
                                  0.000000    0.000000   clock source latency
     1    0.016518    0.051123    0.021938    0.021938 ^ clk (in)
                                                         clk (net)
                      0.051133    0.000000    0.021938 ^ clkbuf_0_clk/A (sg13g2_buf_8)
     4    0.048729    0.056917    0.129818    0.151756 ^ clkbuf_0_clk/X (sg13g2_buf_8)
                                                         clknet_0_clk (net)
                      0.057165    0.002621    0.154377 ^ clkbuf_2_0__f_clk/A (sg13g2_buf_8)
     8    0.030629    0.044403    0.122827    0.277204 ^ clkbuf_2_0__f_clk/X (sg13g2_buf_8)
                                                         clknet_2_0__leaf_clk (net)
                      0.044429    0.001746    0.278950 ^ B[4]$_SDFFE_PP1P_/CLK (sg13g2_dfrbpq_1)
     3    0.009951    0.077206    0.296776    0.575726 ^ B[4]$_SDFFE_PP1P_/Q (sg13g2_dfrbpq_1)
                                                         net37 (net)
                      0.077208    0.000509    0.576235 ^ output21/A (sg13g2_buf_1)
     1    0.008808    0.069863    0.140529    0.716765 ^ output21/X (sg13g2_buf_1)
                                                         B[4] (net)
                      0.069870    0.000733    0.717498 ^ B[4] (out)
                                              0.717498   data arrival time

                                 10.000000   10.000000   clock clk (rise edge)
                                  0.000000   10.000000   clock network delay (propagated)
                                 -0.250000    9.750000   clock uncertainty
                                  0.000000    9.750000   clock reconvergence pessimism
                                 -2.000000    7.750000   output external delay
                                              7.750000   data required time
---------------------------------------------------------------------------------------------
                                              7.750000   data required time
                                             -0.717498   data arrival time
---------------------------------------------------------------------------------------------
                                              7.032502   slack (MET)


Startpoint: B[9]$_SDFFE_PP1P_ (rising edge-triggered flip-flop clocked by clk)
Endpoint: B[9] (output port clocked by clk)
Path Group: clk
Path Type: max

Fanout         Cap        Slew       Delay        Time   Description
---------------------------------------------------------------------------------------------
                                  0.000000    0.000000   clock clk (rise edge)
                                  0.000000    0.000000   clock source latency
     1    0.016518    0.051123    0.021938    0.021938 ^ clk (in)
                                                         clk (net)
                      0.051133    0.000000    0.021938 ^ clkbuf_0_clk/A (sg13g2_buf_8)
     4    0.048729    0.056917    0.129818    0.151756 ^ clkbuf_0_clk/X (sg13g2_buf_8)
                                                         clknet_0_clk (net)
                      0.057176    0.002697    0.154453 ^ clkbuf_2_2__f_clk/A (sg13g2_buf_8)
     8    0.031400    0.044945    0.123419    0.277872 ^ clkbuf_2_2__f_clk/X (sg13g2_buf_8)
                                                         clknet_2_2__leaf_clk (net)
                      0.044968    0.001565    0.279437 ^ B[9]$_SDFFE_PP1P_/CLK (sg13g2_dfrbpq_1)
     3    0.010990    0.083368    0.301715    0.581152 ^ B[9]$_SDFFE_PP1P_/Q (sg13g2_dfrbpq_1)
                                                         net42 (net)
                      0.083370    0.000559    0.581711 ^ output26/A (sg13g2_buf_1)
     1    0.006718    0.057667    0.134446    0.716157 ^ output26/X (sg13g2_buf_1)
                                                         B[9] (net)
                      0.057668    0.000279    0.716435 ^ B[9] (out)
                                              0.716435   data arrival time

                                 10.000000   10.000000   clock clk (rise edge)
                                  0.000000   10.000000   clock network delay (propagated)
                                 -0.250000    9.750000   clock uncertainty
                                  0.000000    9.750000   clock reconvergence pessimism
                                 -2.000000    7.750000   output external delay
                                              7.750000   data required time
---------------------------------------------------------------------------------------------
                                              7.750000   data required time
                                             -0.716435   data arrival time
---------------------------------------------------------------------------------------------
                                              7.033565   slack (MET)


Startpoint: BN[8]$_SDFFE_PP1P_ (rising edge-triggered flip-flop clocked by clk)
Endpoint: BN[8] (output port clocked by clk)
Path Group: clk
Path Type: max

Fanout         Cap        Slew       Delay        Time   Description
---------------------------------------------------------------------------------------------
                                  0.000000    0.000000   clock clk (rise edge)
                                  0.000000    0.000000   clock source latency
     1    0.016518    0.051123    0.021938    0.021938 ^ clk (in)
                                                         clk (net)
                      0.051133    0.000000    0.021938 ^ clkbuf_0_clk/A (sg13g2_buf_8)
     4    0.048729    0.056917    0.129818    0.151756 ^ clkbuf_0_clk/X (sg13g2_buf_8)
                                                         clknet_0_clk (net)
                      0.057165    0.002621    0.154377 ^ clkbuf_2_0__f_clk/A (sg13g2_buf_8)
     8    0.030629    0.044403    0.122827    0.277204 ^ clkbuf_2_0__f_clk/X (sg13g2_buf_8)
                                                         clknet_2_0__leaf_clk (net)
                      0.044429    0.001740    0.278944 ^ BN[8]$_SDFFE_PP1P_/CLK (sg13g2_dfrbpq_1)
     3    0.009625    0.075177    0.295263    0.574207 ^ BN[8]$_SDFFE_PP1P_/Q (sg13g2_dfrbpq_1)
                                                         net29 (net)
                      0.075178    0.000485    0.574692 ^ output13/A (sg13g2_buf_1)
     1    0.009175    0.072111    0.141288    0.715980 ^ output13/X (sg13g2_buf_1)
                                                         BN[8] (net)
                      0.072112    0.000426    0.716406 ^ BN[8] (out)
                                              0.716406   data arrival time

                                 10.000000   10.000000   clock clk (rise edge)
                                  0.000000   10.000000   clock network delay (propagated)
                                 -0.250000    9.750000   clock uncertainty
                                  0.000000    9.750000   clock reconvergence pessimism
                                 -2.000000    7.750000   output external delay
                                              7.750000   data required time
---------------------------------------------------------------------------------------------
                                              7.750000   data required time
                                             -0.716406   data arrival time
---------------------------------------------------------------------------------------------
                                              7.033594   slack (MET)


Startpoint: BN[1]$_SDFFE_PP1P_ (rising edge-triggered flip-flop clocked by clk)
Endpoint: BN[1] (output port clocked by clk)
Path Group: clk
Path Type: max

Fanout         Cap        Slew       Delay        Time   Description
---------------------------------------------------------------------------------------------
                                  0.000000    0.000000   clock clk (rise edge)
                                  0.000000    0.000000   clock source latency
     1    0.016518    0.051123    0.021938    0.021938 ^ clk (in)
                                                         clk (net)
                      0.051133    0.000000    0.021938 ^ clkbuf_0_clk/A (sg13g2_buf_8)
     4    0.048729    0.056917    0.129818    0.151756 ^ clkbuf_0_clk/X (sg13g2_buf_8)
                                                         clknet_0_clk (net)
                      0.057176    0.002697    0.154453 ^ clkbuf_2_2__f_clk/A (sg13g2_buf_8)
     8    0.031400    0.044945    0.123419    0.277872 ^ clkbuf_2_2__f_clk/X (sg13g2_buf_8)
                                                         clknet_2_2__leaf_clk (net)
                      0.044970    0.001617    0.279488 ^ BN[1]$_SDFFE_PP1P_/CLK (sg13g2_dfrbpq_1)
     3    0.010881    0.082710    0.301274    0.580763 ^ BN[1]$_SDFFE_PP1P_/Q (sg13g2_dfrbpq_1)
                                                         net22 (net)
                      0.082712    0.000539    0.581301 ^ output6/A (sg13g2_buf_1)
     1    0.006643    0.057213    0.133757    0.715059 ^ output6/X (sg13g2_buf_1)
                                                         BN[1] (net)
                      0.057213    0.000273    0.715332 ^ BN[1] (out)
                                              0.715332   data arrival time

                                 10.000000   10.000000   clock clk (rise edge)
                                  0.000000   10.000000   clock network delay (propagated)
                                 -0.250000    9.750000   clock uncertainty
                                  0.000000    9.750000   clock reconvergence pessimism
                                 -2.000000    7.750000   output external delay
                                              7.750000   data required time
---------------------------------------------------------------------------------------------
                                              7.750000   data required time
                                             -0.715332   data arrival time
---------------------------------------------------------------------------------------------
                                              7.034668   slack (MET)


Startpoint: BN[4]$_SDFFE_PP1P_ (rising edge-triggered flip-flop clocked by clk)
Endpoint: BN[4] (output port clocked by clk)
Path Group: clk
Path Type: max

Fanout         Cap        Slew       Delay        Time   Description
---------------------------------------------------------------------------------------------
                                  0.000000    0.000000   clock clk (rise edge)
                                  0.000000    0.000000   clock source latency
     1    0.016518    0.051123    0.021938    0.021938 ^ clk (in)
                                                         clk (net)
                      0.051133    0.000000    0.021938 ^ clkbuf_0_clk/A (sg13g2_buf_8)
     4    0.048729    0.056917    0.129818    0.151756 ^ clkbuf_0_clk/X (sg13g2_buf_8)
                                                         clknet_0_clk (net)
                      0.057165    0.002621    0.154377 ^ clkbuf_2_0__f_clk/A (sg13g2_buf_8)
     8    0.030629    0.044403    0.122827    0.277204 ^ clkbuf_2_0__f_clk/X (sg13g2_buf_8)
                                                         clknet_2_0__leaf_clk (net)
                      0.044429    0.001762    0.278966 ^ BN[4]$_SDFFE_PP1P_/CLK (sg13g2_dfrbpq_1)
     3    0.009757    0.076046    0.295963    0.574928 ^ BN[4]$_SDFFE_PP1P_/Q (sg13g2_dfrbpq_1)
                                                         net25 (net)
                      0.076046    0.000350    0.575278 ^ output9/A (sg13g2_buf_1)
     1    0.008594    0.068654    0.139117    0.714395 ^ output9/X (sg13g2_buf_1)
                                                         BN[4] (net)
                      0.068655    0.000381    0.714776 ^ BN[4] (out)
                                              0.714776   data arrival time

                                 10.000000   10.000000   clock clk (rise edge)
                                  0.000000   10.000000   clock network delay (propagated)
                                 -0.250000    9.750000   clock uncertainty
                                  0.000000    9.750000   clock reconvergence pessimism
                                 -2.000000    7.750000   output external delay
                                              7.750000   data required time
---------------------------------------------------------------------------------------------
                                              7.750000   data required time
                                             -0.714776   data arrival time
---------------------------------------------------------------------------------------------
                                              7.035223   slack (MET)


Startpoint: BN[2]$_SDFFE_PP1P_ (rising edge-triggered flip-flop clocked by clk)
Endpoint: BN[2] (output port clocked by clk)
Path Group: clk
Path Type: max

Fanout         Cap        Slew       Delay        Time   Description
---------------------------------------------------------------------------------------------
                                  0.000000    0.000000   clock clk (rise edge)
                                  0.000000    0.000000   clock source latency
     1    0.016518    0.051123    0.021938    0.021938 ^ clk (in)
                                                         clk (net)
                      0.051133    0.000000    0.021938 ^ clkbuf_0_clk/A (sg13g2_buf_8)
     4    0.048729    0.056917    0.129818    0.151756 ^ clkbuf_0_clk/X (sg13g2_buf_8)
                                                         clknet_0_clk (net)
                      0.057152    0.002535    0.154291 ^ clkbuf_2_3__f_clk/A (sg13g2_buf_8)
     8    0.032470    0.045633    0.124120    0.278410 ^ clkbuf_2_3__f_clk/X (sg13g2_buf_8)
                                                         clknet_2_3__leaf_clk (net)
                      0.045644    0.001271    0.279681 ^ BN[2]$_SDFFE_PP1P_/CLK (sg13g2_dfrbpq_1)
     3    0.009397    0.073931    0.295028    0.574709 ^ BN[2]$_SDFFE_PP1P_/Q (sg13g2_dfrbpq_1)
                                                         net23 (net)
                      0.073931    0.000367    0.575076 ^ output7/A (sg13g2_buf_1)
     1    0.008728    0.069412    0.138614    0.713690 ^ output7/X (sg13g2_buf_1)
                                                         BN[2] (net)
                      0.069412    0.000388    0.714078 ^ BN[2] (out)
                                              0.714078   data arrival time

                                 10.000000   10.000000   clock clk (rise edge)
                                  0.000000   10.000000   clock network delay (propagated)
                                 -0.250000    9.750000   clock uncertainty
                                  0.000000    9.750000   clock reconvergence pessimism
                                 -2.000000    7.750000   output external delay
                                              7.750000   data required time
---------------------------------------------------------------------------------------------
                                              7.750000   data required time
                                             -0.714078   data arrival time
---------------------------------------------------------------------------------------------
                                              7.035922   slack (MET)


Startpoint: BN[9]$_SDFFE_PP1P_ (rising edge-triggered flip-flop clocked by clk)
Endpoint: BN[9] (output port clocked by clk)
Path Group: clk
Path Type: max

Fanout         Cap        Slew       Delay        Time   Description
---------------------------------------------------------------------------------------------
                                  0.000000    0.000000   clock clk (rise edge)
                                  0.000000    0.000000   clock source latency
     1    0.016518    0.051123    0.021938    0.021938 ^ clk (in)
                                                         clk (net)
                      0.051133    0.000000    0.021938 ^ clkbuf_0_clk/A (sg13g2_buf_8)
     4    0.048729    0.056917    0.129818    0.151756 ^ clkbuf_0_clk/X (sg13g2_buf_8)
                                                         clknet_0_clk (net)
                      0.057176    0.002697    0.154453 ^ clkbuf_2_2__f_clk/A (sg13g2_buf_8)
     8    0.031400    0.044945    0.123419    0.277872 ^ clkbuf_2_2__f_clk/X (sg13g2_buf_8)
                                                         clknet_2_2__leaf_clk (net)
                      0.044968    0.001554    0.279426 ^ BN[9]$_SDFFE_PP1P_/CLK (sg13g2_dfrbpq_1)
     3    0.010314    0.079359    0.298676    0.578101 ^ BN[9]$_SDFFE_PP1P_/Q (sg13g2_dfrbpq_1)
                                                         net30 (net)
                      0.079360    0.000524    0.578625 ^ output14/A (sg13g2_buf_1)
     1    0.006949    0.058932    0.133395    0.712020 ^ output14/X (sg13g2_buf_1)
                                                         BN[9] (net)
                      0.058932    0.000283    0.712303 ^ BN[9] (out)
                                              0.712303   data arrival time

                                 10.000000   10.000000   clock clk (rise edge)
                                  0.000000   10.000000   clock network delay (propagated)
                                 -0.250000    9.750000   clock uncertainty
                                  0.000000    9.750000   clock reconvergence pessimism
                                 -2.000000    7.750000   output external delay
                                              7.750000   data required time
---------------------------------------------------------------------------------------------
                                              7.750000   data required time
                                             -0.712303   data arrival time
---------------------------------------------------------------------------------------------
                                              7.037697   slack (MET)


Startpoint: B[5]$_SDFFE_PP1P_ (rising edge-triggered flip-flop clocked by clk)
Endpoint: B[5] (output port clocked by clk)
Path Group: clk
Path Type: max

Fanout         Cap        Slew       Delay        Time   Description
---------------------------------------------------------------------------------------------
                                  0.000000    0.000000   clock clk (rise edge)
                                  0.000000    0.000000   clock source latency
     1    0.016518    0.051123    0.021938    0.021938 ^ clk (in)
                                                         clk (net)
                      0.051133    0.000000    0.021938 ^ clkbuf_0_clk/A (sg13g2_buf_8)
     4    0.048729    0.056917    0.129818    0.151756 ^ clkbuf_0_clk/X (sg13g2_buf_8)
                                                         clknet_0_clk (net)
                      0.057176    0.002697    0.154453 ^ clkbuf_2_2__f_clk/A (sg13g2_buf_8)
     8    0.031400    0.044945    0.123419    0.277872 ^ clkbuf_2_2__f_clk/X (sg13g2_buf_8)
                                                         clknet_2_2__leaf_clk (net)
                      0.044955    0.000730    0.278602 ^ B[5]$_SDFFE_PP1P_/CLK (sg13g2_dfrbpq_1)
     3    0.009210    0.072737    0.293641    0.572243 ^ B[5]$_SDFFE_PP1P_/Q (sg13g2_dfrbpq_1)
                                                         net38 (net)
                      0.072744    0.000764    0.573007 ^ output22/A (sg13g2_buf_1)
     1    0.008113    0.065710    0.135268    0.708275 ^ output22/X (sg13g2_buf_1)
                                                         B[5] (net)
                      0.065710    0.000216    0.708491 ^ B[5] (out)
                                              0.708491   data arrival time

                                 10.000000   10.000000   clock clk (rise edge)
                                  0.000000   10.000000   clock network delay (propagated)
                                 -0.250000    9.750000   clock uncertainty
                                  0.000000    9.750000   clock reconvergence pessimism
                                 -2.000000    7.750000   output external delay
                                              7.750000   data required time
---------------------------------------------------------------------------------------------
                                              7.750000   data required time
                                             -0.708491   data arrival time
---------------------------------------------------------------------------------------------
                                              7.041509   slack (MET)


Startpoint: B[1]$_SDFFE_PP1P_ (rising edge-triggered flip-flop clocked by clk)
Endpoint: B[1] (output port clocked by clk)
Path Group: clk
Path Type: max

Fanout         Cap        Slew       Delay        Time   Description
---------------------------------------------------------------------------------------------
                                  0.000000    0.000000   clock clk (rise edge)
                                  0.000000    0.000000   clock source latency
     1    0.016518    0.051123    0.021938    0.021938 ^ clk (in)
                                                         clk (net)
                      0.051133    0.000000    0.021938 ^ clkbuf_0_clk/A (sg13g2_buf_8)
     4    0.048729    0.056917    0.129818    0.151756 ^ clkbuf_0_clk/X (sg13g2_buf_8)
                                                         clknet_0_clk (net)
                      0.057165    0.002621    0.154377 ^ clkbuf_2_0__f_clk/A (sg13g2_buf_8)
     8    0.030629    0.044403    0.122827    0.277204 ^ clkbuf_2_0__f_clk/X (sg13g2_buf_8)
                                                         clknet_2_0__leaf_clk (net)
                      0.044430    0.001788    0.278992 ^ B[1]$_SDFFE_PP1P_/CLK (sg13g2_dfrbpq_1)
     3    0.009476    0.074373    0.294769    0.573761 ^ B[1]$_SDFFE_PP1P_/Q (sg13g2_dfrbpq_1)
                                                         net34 (net)
                      0.074373    0.000109    0.573870 ^ output18/A (sg13g2_buf_1)
     1    0.007683    0.063198    0.134098    0.707968 ^ output18/X (sg13g2_buf_1)
                                                         B[1] (net)
                      0.063198    0.000328    0.708296 ^ B[1] (out)
                                              0.708296   data arrival time

                                 10.000000   10.000000   clock clk (rise edge)
                                  0.000000   10.000000   clock network delay (propagated)
                                 -0.250000    9.750000   clock uncertainty
                                  0.000000    9.750000   clock reconvergence pessimism
                                 -2.000000    7.750000   output external delay
                                              7.750000   data required time
---------------------------------------------------------------------------------------------
                                              7.750000   data required time
                                             -0.708296   data arrival time
---------------------------------------------------------------------------------------------
                                              7.041704   slack (MET)


Startpoint: BN[6]$_SDFFE_PP1P_ (rising edge-triggered flip-flop clocked by clk)
Endpoint: BN[6] (output port clocked by clk)
Path Group: clk
Path Type: max

Fanout         Cap        Slew       Delay        Time   Description
---------------------------------------------------------------------------------------------
                                  0.000000    0.000000   clock clk (rise edge)
                                  0.000000    0.000000   clock source latency
     1    0.016518    0.051123    0.021938    0.021938 ^ clk (in)
                                                         clk (net)
                      0.051133    0.000000    0.021938 ^ clkbuf_0_clk/A (sg13g2_buf_8)
     4    0.048729    0.056917    0.129818    0.151756 ^ clkbuf_0_clk/X (sg13g2_buf_8)
                                                         clknet_0_clk (net)
                      0.057152    0.002535    0.154291 ^ clkbuf_2_3__f_clk/A (sg13g2_buf_8)
     8    0.032470    0.045633    0.124120    0.278410 ^ clkbuf_2_3__f_clk/X (sg13g2_buf_8)
                                                         clknet_2_3__leaf_clk (net)
                      0.045641    0.001109    0.279520 ^ BN[6]$_SDFFE_PP1P_/CLK (sg13g2_dfrbpq_1)
     3    0.009886    0.076831    0.297136    0.576656 ^ BN[6]$_SDFFE_PP1P_/Q (sg13g2_dfrbpq_1)
                                                         net27 (net)
                      0.076833    0.000535    0.577191 ^ output11/A (sg13g2_buf_1)
     1    0.006657    0.057160    0.130730    0.707921 ^ output11/X (sg13g2_buf_1)
                                                         BN[6] (net)
                      0.057160    0.000278    0.708199 ^ BN[6] (out)
                                              0.708199   data arrival time

                                 10.000000   10.000000   clock clk (rise edge)
                                  0.000000   10.000000   clock network delay (propagated)
                                 -0.250000    9.750000   clock uncertainty
                                  0.000000    9.750000   clock reconvergence pessimism
                                 -2.000000    7.750000   output external delay
                                              7.750000   data required time
---------------------------------------------------------------------------------------------
                                              7.750000   data required time
                                             -0.708199   data arrival time
---------------------------------------------------------------------------------------------
                                              7.041800   slack (MET)


Startpoint: B[0]$_SDFFE_PP1P_ (rising edge-triggered flip-flop clocked by clk)
Endpoint: B[0] (output port clocked by clk)
Path Group: clk
Path Type: max

Fanout         Cap        Slew       Delay        Time   Description
---------------------------------------------------------------------------------------------
                                  0.000000    0.000000   clock clk (rise edge)
                                  0.000000    0.000000   clock source latency
     1    0.016518    0.051123    0.021938    0.021938 ^ clk (in)
                                                         clk (net)
                      0.051133    0.000000    0.021938 ^ clkbuf_0_clk/A (sg13g2_buf_8)
     4    0.048729    0.056917    0.129818    0.151756 ^ clkbuf_0_clk/X (sg13g2_buf_8)
                                                         clknet_0_clk (net)
                      0.057165    0.002621    0.154377 ^ clkbuf_2_0__f_clk/A (sg13g2_buf_8)
     8    0.030629    0.044403    0.122827    0.277204 ^ clkbuf_2_0__f_clk/X (sg13g2_buf_8)
                                                         clknet_2_0__leaf_clk (net)
                      0.044424    0.001550    0.278754 ^ B[0]$_SDFFE_PP1P_/CLK (sg13g2_dfrbpq_1)
     3    0.009352    0.073649    0.294187    0.572941 ^ B[0]$_SDFFE_PP1P_/Q (sg13g2_dfrbpq_1)
                                                         net31 (net)
                      0.073649    0.000378    0.573319 ^ output15/A (sg13g2_buf_1)
     1    0.007800    0.063808    0.134185    0.707504 ^ output15/X (sg13g2_buf_1)
                                                         B[0] (net)
                      0.063810    0.000492    0.707996 ^ B[0] (out)
                                              0.707996   data arrival time

                                 10.000000   10.000000   clock clk (rise edge)
                                  0.000000   10.000000   clock network delay (propagated)
                                 -0.250000    9.750000   clock uncertainty
                                  0.000000    9.750000   clock reconvergence pessimism
                                 -2.000000    7.750000   output external delay
                                              7.750000   data required time
---------------------------------------------------------------------------------------------
                                              7.750000   data required time
                                             -0.707996   data arrival time
---------------------------------------------------------------------------------------------
                                              7.042004   slack (MET)


Startpoint: B[6]$_SDFFE_PP1P_ (rising edge-triggered flip-flop clocked by clk)
Endpoint: B[6] (output port clocked by clk)
Path Group: clk
Path Type: max

Fanout         Cap        Slew       Delay        Time   Description
---------------------------------------------------------------------------------------------
                                  0.000000    0.000000   clock clk (rise edge)
                                  0.000000    0.000000   clock source latency
     1    0.016518    0.051123    0.021938    0.021938 ^ clk (in)
                                                         clk (net)
                      0.051133    0.000000    0.021938 ^ clkbuf_0_clk/A (sg13g2_buf_8)
     4    0.048729    0.056917    0.129818    0.151756 ^ clkbuf_0_clk/X (sg13g2_buf_8)
                                                         clknet_0_clk (net)
                      0.057152    0.002535    0.154291 ^ clkbuf_2_3__f_clk/A (sg13g2_buf_8)
     8    0.032470    0.045633    0.124120    0.278410 ^ clkbuf_2_3__f_clk/X (sg13g2_buf_8)
                                                         clknet_2_3__leaf_clk (net)
                      0.045641    0.001149    0.279560 ^ B[6]$_SDFFE_PP1P_/CLK (sg13g2_dfrbpq_1)
     3    0.008506    0.068629    0.290945    0.570505 ^ B[6]$_SDFFE_PP1P_/Q (sg13g2_dfrbpq_1)
                                                         net39 (net)
                      0.068631    0.000461    0.570966 ^ output23/A (sg13g2_buf_1)
     1    0.007808    0.063815    0.131713    0.702679 ^ output23/X (sg13g2_buf_1)
                                                         B[6] (net)
                      0.063815    0.000214    0.702893 ^ B[6] (out)
                                              0.702893   data arrival time

                                 10.000000   10.000000   clock clk (rise edge)
                                  0.000000   10.000000   clock network delay (propagated)
                                 -0.250000    9.750000   clock uncertainty
                                  0.000000    9.750000   clock reconvergence pessimism
                                 -2.000000    7.750000   output external delay
                                              7.750000   data required time
---------------------------------------------------------------------------------------------
                                              7.750000   data required time
                                             -0.702893   data arrival time
---------------------------------------------------------------------------------------------
                                              7.047107   slack (MET)


Startpoint: BN[5]$_SDFFE_PP1P_ (rising edge-triggered flip-flop clocked by clk)
Endpoint: BN[5] (output port clocked by clk)
Path Group: clk
Path Type: max

Fanout         Cap        Slew       Delay        Time   Description
---------------------------------------------------------------------------------------------
                                  0.000000    0.000000   clock clk (rise edge)
                                  0.000000    0.000000   clock source latency
     1    0.016518    0.051123    0.021938    0.021938 ^ clk (in)
                                                         clk (net)
                      0.051133    0.000000    0.021938 ^ clkbuf_0_clk/A (sg13g2_buf_8)
     4    0.048729    0.056917    0.129818    0.151756 ^ clkbuf_0_clk/X (sg13g2_buf_8)
                                                         clknet_0_clk (net)
                      0.057176    0.002697    0.154453 ^ clkbuf_2_2__f_clk/A (sg13g2_buf_8)
     8    0.031400    0.044945    0.123419    0.277872 ^ clkbuf_2_2__f_clk/X (sg13g2_buf_8)
                                                         clknet_2_2__leaf_clk (net)
                      0.044955    0.000749    0.278620 ^ BN[5]$_SDFFE_PP1P_/CLK (sg13g2_dfrbpq_1)
     3    0.008470    0.068475    0.290547    0.569167 ^ BN[5]$_SDFFE_PP1P_/Q (sg13g2_dfrbpq_1)
                                                         net26 (net)
                      0.068475    0.000184    0.569352 ^ output10/A (sg13g2_buf_1)
     1    0.008119    0.065659    0.133047    0.702399 ^ output10/X (sg13g2_buf_1)
                                                         BN[5] (net)
                      0.065659    0.000224    0.702623 ^ BN[5] (out)
                                              0.702623   data arrival time

                                 10.000000   10.000000   clock clk (rise edge)
                                  0.000000   10.000000   clock network delay (propagated)
                                 -0.250000    9.750000   clock uncertainty
                                  0.000000    9.750000   clock reconvergence pessimism
                                 -2.000000    7.750000   output external delay
                                              7.750000   data required time
---------------------------------------------------------------------------------------------
                                              7.750000   data required time
                                             -0.702623   data arrival time
---------------------------------------------------------------------------------------------
                                              7.047377   slack (MET)


Startpoint: B[10]$_SDFFE_PP1P_ (rising edge-triggered flip-flop clocked by clk)
Endpoint: B[10] (output port clocked by clk)
Path Group: clk
Path Type: max

Fanout         Cap        Slew       Delay        Time   Description
---------------------------------------------------------------------------------------------
                                  0.000000    0.000000   clock clk (rise edge)
                                  0.000000    0.000000   clock source latency
     1    0.016518    0.051123    0.021938    0.021938 ^ clk (in)
                                                         clk (net)
                      0.051133    0.000000    0.021938 ^ clkbuf_0_clk/A (sg13g2_buf_8)
     4    0.048729    0.056917    0.129818    0.151756 ^ clkbuf_0_clk/X (sg13g2_buf_8)
                                                         clknet_0_clk (net)
                      0.057176    0.002697    0.154453 ^ clkbuf_2_2__f_clk/A (sg13g2_buf_8)
     8    0.031400    0.044945    0.123419    0.277872 ^ clkbuf_2_2__f_clk/X (sg13g2_buf_8)
                                                         clknet_2_2__leaf_clk (net)
                      0.044965    0.001395    0.279267 ^ B[10]$_SDFFE_PP1P_/CLK (sg13g2_dfrbpq_1)
     3    0.007662    0.063775    0.286830    0.566097 ^ B[10]$_SDFFE_PP1P_/Q (sg13g2_dfrbpq_1)
                                                         net32 (net)
                      0.063775    0.000204    0.566301 ^ output16/A (sg13g2_buf_1)
     1    0.008001    0.064861    0.130039    0.696340 ^ output16/X (sg13g2_buf_1)
                                                         B[10] (net)
                      0.064861    0.000221    0.696560 ^ B[10] (out)
                                              0.696560   data arrival time

                                 10.000000   10.000000   clock clk (rise edge)
                                  0.000000   10.000000   clock network delay (propagated)
                                 -0.250000    9.750000   clock uncertainty
                                  0.000000    9.750000   clock reconvergence pessimism
                                 -2.000000    7.750000   output external delay
                                              7.750000   data required time
---------------------------------------------------------------------------------------------
                                              7.750000   data required time
                                             -0.696560   data arrival time
---------------------------------------------------------------------------------------------
                                              7.053440   slack (MET)



