
===========================================================================
report_checks -path_delay min (Hold)
============================================================================
======================= nom_slow_1p08V_125C Corner ===================================

Startpoint: B[10]$_SDFFE_PP1P_ (rising edge-triggered flip-flop clocked by clk)
Endpoint: B[10]$_SDFFE_PP1P_ (rising edge-triggered flip-flop clocked by clk)
Path Group: clk
Path Type: min

Fanout         Cap        Slew       Delay        Time   Description
---------------------------------------------------------------------------------------------
                                  0.000000    0.000000   clock clk (rise edge)
                                  0.000000    0.000000   clock source latency
     1    0.016518    0.051123    0.021938    0.021938 ^ clk (in)
                                                         clk (net)
                      0.051133    0.000000    0.021938 ^ clkbuf_0_clk/A (sg13g2_buf_8)
     4    0.048729    0.056917    0.129818    0.151756 ^ clkbuf_0_clk/X (sg13g2_buf_8)
                                                         clknet_0_clk (net)
                      0.057176    0.002697    0.154453 ^ clkbuf_2_2__f_clk/A (sg13g2_buf_8)
     8    0.031400    0.044945    0.123419    0.277872 ^ clkbuf_2_2__f_clk/X (sg13g2_buf_8)
                                                         clknet_2_2__leaf_clk (net)
                      0.044965    0.001395    0.279267 ^ B[10]$_SDFFE_PP1P_/CLK (sg13g2_dfrbpq_1)
     3    0.007571    0.052782    0.281980    0.561247 v B[10]$_SDFFE_PP1P_/Q (sg13g2_dfrbpq_1)
                                                         net32 (net)
                      0.052782    0.000197    0.561444 v hold19/A (sg13g2_dlygate4sd3_1)
     1    0.002805    0.058358    0.598502    1.159946 v hold19/X (sg13g2_dlygate4sd3_1)
                                                         net102 (net)
                      0.058358    0.000213    1.160159 v _132_/A1 (sg13g2_a21o_1)
     1    0.002152    0.034731    0.163338    1.323496 v _132_/X (sg13g2_a21o_1)
                                                         _013_ (net)
                      0.034731    0.000131    1.323627 v B[10]$_SDFFE_PP1P_/D (sg13g2_dfrbpq_1)
                                              1.323627   data arrival time

                                  0.000000    0.000000   clock clk (rise edge)
                                  0.000000    0.000000   clock source latency
     1    0.016518    0.051123    0.021938    0.021938 ^ clk (in)
                                                         clk (net)
                      0.051133    0.000000    0.021938 ^ clkbuf_0_clk/A (sg13g2_buf_8)
     4    0.048729    0.056917    0.129818    0.151756 ^ clkbuf_0_clk/X (sg13g2_buf_8)
                                                         clknet_0_clk (net)
                      0.057176    0.002697    0.154453 ^ clkbuf_2_2__f_clk/A (sg13g2_buf_8)
     8    0.031400    0.044945    0.123419    0.277872 ^ clkbuf_2_2__f_clk/X (sg13g2_buf_8)
                                                         clknet_2_2__leaf_clk (net)
                      0.044965    0.001395    0.279267 ^ B[10]$_SDFFE_PP1P_/CLK (sg13g2_dfrbpq_1)
                                  0.250000    0.529267   clock uncertainty
                                  0.000000    0.529267   clock reconvergence pessimism
                                 -0.047800    0.481466   library hold time
                                              0.481466   data required time
---------------------------------------------------------------------------------------------
                                              0.481466   data required time
                                             -1.323627   data arrival time
---------------------------------------------------------------------------------------------
                                              0.842161   slack (MET)


Startpoint: B[0]$_SDFFE_PP1P_ (rising edge-triggered flip-flop clocked by clk)
Endpoint: B[0]$_SDFFE_PP1P_ (rising edge-triggered flip-flop clocked by clk)
Path Group: clk
Path Type: min

Fanout         Cap        Slew       Delay        Time   Description
---------------------------------------------------------------------------------------------
                                  0.000000    0.000000   clock clk (rise edge)
                                  0.000000    0.000000   clock source latency
     1    0.016518    0.051123    0.021938    0.021938 ^ clk (in)
                                                         clk (net)
                      0.051133    0.000000    0.021938 ^ clkbuf_0_clk/A (sg13g2_buf_8)
     4    0.048729    0.056917    0.129818    0.151756 ^ clkbuf_0_clk/X (sg13g2_buf_8)
                                                         clknet_0_clk (net)
                      0.057165    0.002621    0.154377 ^ clkbuf_2_0__f_clk/A (sg13g2_buf_8)
     8    0.030629    0.044403    0.122827    0.277204 ^ clkbuf_2_0__f_clk/X (sg13g2_buf_8)
                                                         clknet_2_0__leaf_clk (net)
                      0.044424    0.001550    0.278754 ^ B[0]$_SDFFE_PP1P_/CLK (sg13g2_dfrbpq_1)
     3    0.009261    0.060872    0.288414    0.567168 v B[0]$_SDFFE_PP1P_/Q (sg13g2_dfrbpq_1)
                                                         net31 (net)
                      0.060872    0.000244    0.567412 v hold24/A (sg13g2_dlygate4sd3_1)
     1    0.004531    0.065997    0.612597    1.180009 v hold24/X (sg13g2_dlygate4sd3_1)
                                                         net107 (net)
                      0.065997    0.000308    1.180317 v _130_/A1 (sg13g2_a21o_1)
     1    0.001861    0.031582    0.165427    1.345744 v _130_/X (sg13g2_a21o_1)
                                                         _012_ (net)
                      0.031582    0.000069    1.345813 v B[0]$_SDFFE_PP1P_/D (sg13g2_dfrbpq_1)
                                              1.345813   data arrival time

                                  0.000000    0.000000   clock clk (rise edge)
                                  0.000000    0.000000   clock source latency
     1    0.016518    0.051123    0.021938    0.021938 ^ clk (in)
                                                         clk (net)
                      0.051133    0.000000    0.021938 ^ clkbuf_0_clk/A (sg13g2_buf_8)
     4    0.048729    0.056917    0.129818    0.151756 ^ clkbuf_0_clk/X (sg13g2_buf_8)
                                                         clknet_0_clk (net)
                      0.057165    0.002621    0.154377 ^ clkbuf_2_0__f_clk/A (sg13g2_buf_8)
     8    0.030629    0.044403    0.122827    0.277204 ^ clkbuf_2_0__f_clk/X (sg13g2_buf_8)
                                                         clknet_2_0__leaf_clk (net)
                      0.044424    0.001550    0.278754 ^ B[0]$_SDFFE_PP1P_/CLK (sg13g2_dfrbpq_1)
                                  0.250000    0.528754   clock uncertainty
                                  0.000000    0.528754   clock reconvergence pessimism
                                 -0.046688    0.482066   library hold time
                                              0.482066   data required time
---------------------------------------------------------------------------------------------
                                              0.482066   data required time
                                             -1.345813   data arrival time
---------------------------------------------------------------------------------------------
                                              0.863747   slack (MET)


Startpoint: BN[10]$_SDFFE_PP1P_ (rising edge-triggered flip-flop clocked by clk)
Endpoint: BN[10]$_SDFFE_PP1P_ (rising edge-triggered flip-flop clocked by clk)
Path Group: clk
Path Type: min

Fanout         Cap        Slew       Delay        Time   Description
---------------------------------------------------------------------------------------------
                                  0.000000    0.000000   clock clk (rise edge)
                                  0.000000    0.000000   clock source latency
     1    0.016518    0.051123    0.021938    0.021938 ^ clk (in)
                                                         clk (net)
                      0.051133    0.000000    0.021938 ^ clkbuf_0_clk/A (sg13g2_buf_8)
     4    0.048729    0.056917    0.129818    0.151756 ^ clkbuf_0_clk/X (sg13g2_buf_8)
                                                         clknet_0_clk (net)
                      0.057152    0.002535    0.154291 ^ clkbuf_2_3__f_clk/A (sg13g2_buf_8)
     8    0.032470    0.045633    0.124120    0.278410 ^ clkbuf_2_3__f_clk/X (sg13g2_buf_8)
                                                         clknet_2_3__leaf_clk (net)
                      0.045643    0.001248    0.279659 ^ BN[10]$_SDFFE_PP1P_/CLK (sg13g2_dfrbpq_1)
     3    0.010609    0.067464    0.294341    0.574000 v BN[10]$_SDFFE_PP1P_/Q (sg13g2_dfrbpq_1)
                                                         net20 (net)
                      0.067467    0.000514    0.574514 v hold26/A (sg13g2_dlygate4sd3_1)
     1    0.003851    0.063015    0.612481    1.186995 v hold26/X (sg13g2_dlygate4sd3_1)
                                                         net109 (net)
                      0.063015    0.000253    1.187248 v _105_/A1 (sg13g2_a21o_1)
     1    0.001889    0.031714    0.164221    1.351469 v _105_/X (sg13g2_a21o_1)
                                                         _001_ (net)
                      0.031715    0.000070    1.351539 v BN[10]$_SDFFE_PP1P_/D (sg13g2_dfrbpq_1)
                                              1.351539   data arrival time

                                  0.000000    0.000000   clock clk (rise edge)
                                  0.000000    0.000000   clock source latency
     1    0.016518    0.051123    0.021938    0.021938 ^ clk (in)
                                                         clk (net)
                      0.051133    0.000000    0.021938 ^ clkbuf_0_clk/A (sg13g2_buf_8)
     4    0.048729    0.056917    0.129818    0.151756 ^ clkbuf_0_clk/X (sg13g2_buf_8)
                                                         clknet_0_clk (net)
                      0.057152    0.002535    0.154291 ^ clkbuf_2_3__f_clk/A (sg13g2_buf_8)
     8    0.032470    0.045633    0.124120    0.278410 ^ clkbuf_2_3__f_clk/X (sg13g2_buf_8)
                                                         clknet_2_3__leaf_clk (net)
                      0.045643    0.001248    0.279659 ^ BN[10]$_SDFFE_PP1P_/CLK (sg13g2_dfrbpq_1)
                                  0.250000    0.529659   clock uncertainty
                                  0.000000    0.529659   clock reconvergence pessimism
                                 -0.046390    0.483269   library hold time
                                              0.483269   data required time
---------------------------------------------------------------------------------------------
                                              0.483269   data required time
                                             -1.351539   data arrival time
---------------------------------------------------------------------------------------------
                                              0.868270   slack (MET)


Startpoint: B[1]$_SDFFE_PP1P_ (rising edge-triggered flip-flop clocked by clk)
Endpoint: B[1]$_SDFFE_PP1P_ (rising edge-triggered flip-flop clocked by clk)
Path Group: clk
Path Type: min

Fanout         Cap        Slew       Delay        Time   Description
---------------------------------------------------------------------------------------------
                                  0.000000    0.000000   clock clk (rise edge)
                                  0.000000    0.000000   clock source latency
     1    0.016518    0.051123    0.021938    0.021938 ^ clk (in)
                                                         clk (net)
                      0.051133    0.000000    0.021938 ^ clkbuf_0_clk/A (sg13g2_buf_8)
     4    0.048729    0.056917    0.129818    0.151756 ^ clkbuf_0_clk/X (sg13g2_buf_8)
                                                         clknet_0_clk (net)
                      0.057165    0.002621    0.154377 ^ clkbuf_2_0__f_clk/A (sg13g2_buf_8)
     8    0.030629    0.044403    0.122827    0.277204 ^ clkbuf_2_0__f_clk/X (sg13g2_buf_8)
                                                         clknet_2_0__leaf_clk (net)
                      0.044430    0.001788    0.278992 ^ B[1]$_SDFFE_PP1P_/CLK (sg13g2_dfrbpq_1)
     3    0.009385    0.061463    0.288928    0.567920 v B[1]$_SDFFE_PP1P_/Q (sg13g2_dfrbpq_1)
                                                         net34 (net)
                      0.061464    0.000355    0.568275 v hold4/A (sg13g2_dlygate4sd3_1)
     1    0.004485    0.065799    0.612666    1.180942 v hold4/X (sg13g2_dlygate4sd3_1)
                                                         net87 (net)
                      0.065799    0.000312    1.181254 v _136_/A1 (sg13g2_a21o_1)
     1    0.002428    0.036443    0.167923    1.349177 v _136_/X (sg13g2_a21o_1)
                                                         _015_ (net)
                      0.036443    0.000149    1.349325 v B[1]$_SDFFE_PP1P_/D (sg13g2_dfrbpq_1)
                                              1.349325   data arrival time

                                  0.000000    0.000000   clock clk (rise edge)
                                  0.000000    0.000000   clock source latency
     1    0.016518    0.051123    0.021938    0.021938 ^ clk (in)
                                                         clk (net)
                      0.051133    0.000000    0.021938 ^ clkbuf_0_clk/A (sg13g2_buf_8)
     4    0.048729    0.056917    0.129818    0.151756 ^ clkbuf_0_clk/X (sg13g2_buf_8)
                                                         clknet_0_clk (net)
                      0.057165    0.002621    0.154377 ^ clkbuf_2_0__f_clk/A (sg13g2_buf_8)
     8    0.030629    0.044403    0.122827    0.277204 ^ clkbuf_2_0__f_clk/X (sg13g2_buf_8)
                                                         clknet_2_0__leaf_clk (net)
                      0.044430    0.001788    0.278992 ^ B[1]$_SDFFE_PP1P_/CLK (sg13g2_dfrbpq_1)
                                  0.250000    0.528992   clock uncertainty
                                  0.000000    0.528992   clock reconvergence pessimism
                                 -0.048644    0.480348   library hold time
                                              0.480348   data required time
---------------------------------------------------------------------------------------------
                                              0.480348   data required time
                                             -1.349325   data arrival time
---------------------------------------------------------------------------------------------
                                              0.868978   slack (MET)


Startpoint: BN[0]$_SDFFE_PP1P_ (rising edge-triggered flip-flop clocked by clk)
Endpoint: BN[0]$_SDFFE_PP1P_ (rising edge-triggered flip-flop clocked by clk)
Path Group: clk
Path Type: min

Fanout         Cap        Slew       Delay        Time   Description
---------------------------------------------------------------------------------------------
                                  0.000000    0.000000   clock clk (rise edge)
                                  0.000000    0.000000   clock source latency
     1    0.016518    0.051123    0.021938    0.021938 ^ clk (in)
                                                         clk (net)
                      0.051133    0.000000    0.021938 ^ clkbuf_0_clk/A (sg13g2_buf_8)
     4    0.048729    0.056917    0.129818    0.151756 ^ clkbuf_0_clk/X (sg13g2_buf_8)
                                                         clknet_0_clk (net)
                      0.057165    0.002621    0.154377 ^ clkbuf_2_0__f_clk/A (sg13g2_buf_8)
     8    0.030629    0.044403    0.122827    0.277204 ^ clkbuf_2_0__f_clk/X (sg13g2_buf_8)
                                                         clknet_2_0__leaf_clk (net)
                      0.044424    0.001531    0.278735 ^ BN[0]$_SDFFE_PP1P_/CLK (sg13g2_dfrbpq_1)
     3    0.010793    0.068366    0.294356    0.573091 v BN[0]$_SDFFE_PP1P_/Q (sg13g2_dfrbpq_1)
                                                         net19 (net)
                      0.068372    0.000684    0.573776 v hold25/A (sg13g2_dlygate4sd3_1)
     1    0.004111    0.064166    0.614428    1.188204 v hold25/X (sg13g2_dlygate4sd3_1)
                                                         net108 (net)
                      0.064166    0.000272    1.188476 v _101_/A1 (sg13g2_a21o_1)
     1    0.002407    0.033961    0.167090    1.355566 v _101_/X (sg13g2_a21o_1)
                                                         _000_ (net)
                      0.033961    0.000162    1.355728 v BN[0]$_SDFFE_PP1P_/D (sg13g2_dfrbpq_1)
                                              1.355728   data arrival time

                                  0.000000    0.000000   clock clk (rise edge)
                                  0.000000    0.000000   clock source latency
     1    0.016518    0.051123    0.021938    0.021938 ^ clk (in)
                                                         clk (net)
                      0.051133    0.000000    0.021938 ^ clkbuf_0_clk/A (sg13g2_buf_8)
     4    0.048729    0.056917    0.129818    0.151756 ^ clkbuf_0_clk/X (sg13g2_buf_8)
                                                         clknet_0_clk (net)
                      0.057165    0.002621    0.154377 ^ clkbuf_2_0__f_clk/A (sg13g2_buf_8)
     8    0.030629    0.044403    0.122827    0.277204 ^ clkbuf_2_0__f_clk/X (sg13g2_buf_8)
                                                         clknet_2_0__leaf_clk (net)
                      0.044424    0.001531    0.278735 ^ BN[0]$_SDFFE_PP1P_/CLK (sg13g2_dfrbpq_1)
                                  0.250000    0.528735   clock uncertainty
                                  0.000000    0.528735   clock reconvergence pessimism
                                 -0.047646    0.481089   library hold time
                                              0.481089   data required time
---------------------------------------------------------------------------------------------
                                              0.481089   data required time
                                             -1.355728   data arrival time
---------------------------------------------------------------------------------------------
                                              0.874639   slack (MET)


Startpoint: BN[2]$_SDFFE_PP1P_ (rising edge-triggered flip-flop clocked by clk)
Endpoint: BN[2]$_SDFFE_PP1P_ (rising edge-triggered flip-flop clocked by clk)
Path Group: clk
Path Type: min

Fanout         Cap        Slew       Delay        Time   Description
---------------------------------------------------------------------------------------------
                                  0.000000    0.000000   clock clk (rise edge)
                                  0.000000    0.000000   clock source latency
     1    0.016518    0.051123    0.021938    0.021938 ^ clk (in)
                                                         clk (net)
                      0.051133    0.000000    0.021938 ^ clkbuf_0_clk/A (sg13g2_buf_8)
     4    0.048729    0.056917    0.129818    0.151756 ^ clkbuf_0_clk/X (sg13g2_buf_8)
                                                         clknet_0_clk (net)
                      0.057152    0.002535    0.154291 ^ clkbuf_2_3__f_clk/A (sg13g2_buf_8)
     8    0.032470    0.045633    0.124120    0.278410 ^ clkbuf_2_3__f_clk/X (sg13g2_buf_8)
                                                         clknet_2_3__leaf_clk (net)
                      0.045644    0.001271    0.279681 ^ BN[2]$_SDFFE_PP1P_/CLK (sg13g2_dfrbpq_1)
     3    0.009298    0.061074    0.289196    0.568877 v BN[2]$_SDFFE_PP1P_/Q (sg13g2_dfrbpq_1)
                                                         net23 (net)
                      0.061075    0.000374    0.569251 v hold3/A (sg13g2_dlygate4sd3_1)
     1    0.005192    0.068396    0.616391    1.185641 v hold3/X (sg13g2_dlygate4sd3_1)
                                                         net86 (net)
                      0.068396    0.000326    1.185968 v _112_/A1 (sg13g2_a21o_1)
     1    0.002903    0.036120    0.171252    1.357219 v _112_/X (sg13g2_a21o_1)
                                                         _004_ (net)
                      0.036120    0.000163    1.357382 v BN[2]$_SDFFE_PP1P_/D (sg13g2_dfrbpq_1)
                                              1.357382   data arrival time

                                  0.000000    0.000000   clock clk (rise edge)
                                  0.000000    0.000000   clock source latency
     1    0.016518    0.051123    0.021938    0.021938 ^ clk (in)
                                                         clk (net)
                      0.051133    0.000000    0.021938 ^ clkbuf_0_clk/A (sg13g2_buf_8)
     4    0.048729    0.056917    0.129818    0.151756 ^ clkbuf_0_clk/X (sg13g2_buf_8)
                                                         clknet_0_clk (net)
                      0.057152    0.002535    0.154291 ^ clkbuf_2_3__f_clk/A (sg13g2_buf_8)
     8    0.032470    0.045633    0.124120    0.278410 ^ clkbuf_2_3__f_clk/X (sg13g2_buf_8)
                                                         clknet_2_3__leaf_clk (net)
                      0.045644    0.001271    0.279681 ^ BN[2]$_SDFFE_PP1P_/CLK (sg13g2_dfrbpq_1)
                                  0.250000    0.529681   clock uncertainty
                                  0.000000    0.529681   clock reconvergence pessimism
                                 -0.048165    0.481517   library hold time
                                              0.481517   data required time
---------------------------------------------------------------------------------------------
                                              0.481517   data required time
                                             -1.357382   data arrival time
---------------------------------------------------------------------------------------------
                                              0.875866   slack (MET)


Startpoint: B[8]$_SDFFE_PP1P_ (rising edge-triggered flip-flop clocked by clk)
Endpoint: B[8]$_SDFFE_PP1P_ (rising edge-triggered flip-flop clocked by clk)
Path Group: clk
Path Type: min

Fanout         Cap        Slew       Delay        Time   Description
---------------------------------------------------------------------------------------------
                                  0.000000    0.000000   clock clk (rise edge)
                                  0.000000    0.000000   clock source latency
     1    0.016518    0.051123    0.021938    0.021938 ^ clk (in)
                                                         clk (net)
                      0.051133    0.000000    0.021938 ^ clkbuf_0_clk/A (sg13g2_buf_8)
     4    0.048729    0.056917    0.129818    0.151756 ^ clkbuf_0_clk/X (sg13g2_buf_8)
                                                         clknet_0_clk (net)
                      0.057165    0.002621    0.154377 ^ clkbuf_2_0__f_clk/A (sg13g2_buf_8)
     8    0.030629    0.044403    0.122827    0.277204 ^ clkbuf_2_0__f_clk/X (sg13g2_buf_8)
                                                         clknet_2_0__leaf_clk (net)
                      0.044428    0.001724    0.278927 ^ B[8]$_SDFFE_PP1P_/CLK (sg13g2_dfrbpq_1)
     3    0.011736    0.072965    0.298140    0.577067 v B[8]$_SDFFE_PP1P_/Q (sg13g2_dfrbpq_1)
                                                         net41 (net)
                      0.072970    0.000614    0.577681 v hold15/A (sg13g2_dlygate4sd3_1)
     1    0.004208    0.064598    0.617526    1.195207 v hold15/X (sg13g2_dlygate4sd3_1)
                                                         net98 (net)
                      0.064598    0.000269    1.195476 v _150_/A1 (sg13g2_a21o_1)
     1    0.002201    0.033064    0.166349    1.361825 v _150_/X (sg13g2_a21o_1)
                                                         _022_ (net)
                      0.033064    0.000134    1.361959 v B[8]$_SDFFE_PP1P_/D (sg13g2_dfrbpq_1)
                                              1.361959   data arrival time

                                  0.000000    0.000000   clock clk (rise edge)
                                  0.000000    0.000000   clock source latency
     1    0.016518    0.051123    0.021938    0.021938 ^ clk (in)
                                                         clk (net)
                      0.051133    0.000000    0.021938 ^ clkbuf_0_clk/A (sg13g2_buf_8)
     4    0.048729    0.056917    0.129818    0.151756 ^ clkbuf_0_clk/X (sg13g2_buf_8)
                                                         clknet_0_clk (net)
                      0.057165    0.002621    0.154377 ^ clkbuf_2_0__f_clk/A (sg13g2_buf_8)
     8    0.030629    0.044403    0.122827    0.277204 ^ clkbuf_2_0__f_clk/X (sg13g2_buf_8)
                                                         clknet_2_0__leaf_clk (net)
                      0.044428    0.001724    0.278927 ^ B[8]$_SDFFE_PP1P_/CLK (sg13g2_dfrbpq_1)
                                  0.250000    0.528927   clock uncertainty
                                  0.000000    0.528927   clock reconvergence pessimism
                                 -0.047284    0.481644   library hold time
                                              0.481644   data required time
---------------------------------------------------------------------------------------------
                                              0.481644   data required time
                                             -1.361959   data arrival time
---------------------------------------------------------------------------------------------
                                              0.880315   slack (MET)


Startpoint: BN[1]$_SDFFE_PP1P_ (rising edge-triggered flip-flop clocked by clk)
Endpoint: BN[1]$_SDFFE_PP1P_ (rising edge-triggered flip-flop clocked by clk)
Path Group: clk
Path Type: min

Fanout         Cap        Slew       Delay        Time   Description
---------------------------------------------------------------------------------------------
                                  0.000000    0.000000   clock clk (rise edge)
                                  0.000000    0.000000   clock source latency
     1    0.016518    0.051123    0.021938    0.021938 ^ clk (in)
                                                         clk (net)
                      0.051133    0.000000    0.021938 ^ clkbuf_0_clk/A (sg13g2_buf_8)
     4    0.048729    0.056917    0.129818    0.151756 ^ clkbuf_0_clk/X (sg13g2_buf_8)
                                                         clknet_0_clk (net)
                      0.057176    0.002697    0.154453 ^ clkbuf_2_2__f_clk/A (sg13g2_buf_8)
     8    0.031400    0.044945    0.123419    0.277872 ^ clkbuf_2_2__f_clk/X (sg13g2_buf_8)
                                                         clknet_2_2__leaf_clk (net)
                      0.044970    0.001617    0.279488 ^ BN[1]$_SDFFE_PP1P_/CLK (sg13g2_dfrbpq_1)
     3    0.010781    0.068310    0.294622    0.574110 v BN[1]$_SDFFE_PP1P_/Q (sg13g2_dfrbpq_1)
                                                         net22 (net)
                      0.068313    0.000523    0.574633 v hold18/A (sg13g2_dlygate4sd3_1)
     1    0.005302    0.068820    0.621003    1.195636 v hold18/X (sg13g2_dlygate4sd3_1)
                                                         net101 (net)
                      0.068820    0.000373    1.196009 v _110_/A1 (sg13g2_a21o_1)
     1    0.002103    0.035048    0.167794    1.363804 v _110_/X (sg13g2_a21o_1)
                                                         _003_ (net)
                      0.035048    0.000080    1.363883 v BN[1]$_SDFFE_PP1P_/D (sg13g2_dfrbpq_1)
                                              1.363883   data arrival time

                                  0.000000    0.000000   clock clk (rise edge)
                                  0.000000    0.000000   clock source latency
     1    0.016518    0.051123    0.021938    0.021938 ^ clk (in)
                                                         clk (net)
                      0.051133    0.000000    0.021938 ^ clkbuf_0_clk/A (sg13g2_buf_8)
     4    0.048729    0.056917    0.129818    0.151756 ^ clkbuf_0_clk/X (sg13g2_buf_8)
                                                         clknet_0_clk (net)
                      0.057176    0.002697    0.154453 ^ clkbuf_2_2__f_clk/A (sg13g2_buf_8)
     8    0.031400    0.044945    0.123419    0.277872 ^ clkbuf_2_2__f_clk/X (sg13g2_buf_8)
                                                         clknet_2_2__leaf_clk (net)
                      0.044970    0.001617    0.279488 ^ BN[1]$_SDFFE_PP1P_/CLK (sg13g2_dfrbpq_1)
                                  0.250000    0.529488   clock uncertainty
                                  0.000000    0.529488   clock reconvergence pessimism
                                 -0.047927    0.481562   library hold time
                                              0.481562   data required time
---------------------------------------------------------------------------------------------
                                              0.481562   data required time
                                             -1.363883   data arrival time
---------------------------------------------------------------------------------------------
                                              0.882322   slack (MET)


Startpoint: dbit[3]$_SDFFE_PP1P_
            (rising edge-triggered flip-flop clocked by clk)
Endpoint: dbit[3]$_SDFFE_PP1P_ (rising edge-triggered flip-flop clocked by clk)
Path Group: clk
Path Type: min

Fanout         Cap        Slew       Delay        Time   Description
---------------------------------------------------------------------------------------------
                                  0.000000    0.000000   clock clk (rise edge)
                                  0.000000    0.000000   clock source latency
     1    0.016518    0.051123    0.021938    0.021938 ^ clk (in)
                                                         clk (net)
                      0.051133    0.000000    0.021938 ^ clkbuf_0_clk/A (sg13g2_buf_8)
     4    0.048729    0.056917    0.129818    0.151756 ^ clkbuf_0_clk/X (sg13g2_buf_8)
                                                         clknet_0_clk (net)
                      0.057145    0.002481    0.154237 ^ clkbuf_2_1__f_clk/A (sg13g2_buf_8)
     7    0.027260    0.042135    0.120878    0.275115 ^ clkbuf_2_1__f_clk/X (sg13g2_buf_8)
                                                         clknet_2_1__leaf_clk (net)
                      0.042164    0.001877    0.276991 ^ dbit[3]$_SDFFE_PP1P_/CLK (sg13g2_dfrbpq_2)
     3    0.015112    0.058230    0.303093    0.580084 v dbit[3]$_SDFFE_PP1P_/Q (sg13g2_dfrbpq_2)
                                                         dbit[3] (net)
                      0.058230    0.000340    0.580424 v hold41/A (sg13g2_dlygate4sd3_1)
     2    0.009760    0.090921    0.640037    1.220462 v hold41/X (sg13g2_dlygate4sd3_1)
                                                         net124 (net)
                      0.090921    0.000653    1.221115 v _175_/A1 (sg13g2_a21o_1)
     1    0.002518    0.034444    0.179569    1.400685 v _175_/X (sg13g2_a21o_1)
                                                         _027_ (net)
                      0.034444    0.000091    1.400776 v dbit[3]$_SDFFE_PP1P_/D (sg13g2_dfrbpq_2)
                                              1.400776   data arrival time

                                  0.000000    0.000000   clock clk (rise edge)
                                  0.000000    0.000000   clock source latency
     1    0.016518    0.051123    0.021938    0.021938 ^ clk (in)
                                                         clk (net)
                      0.051133    0.000000    0.021938 ^ clkbuf_0_clk/A (sg13g2_buf_8)
     4    0.048729    0.056917    0.129818    0.151756 ^ clkbuf_0_clk/X (sg13g2_buf_8)
                                                         clknet_0_clk (net)
                      0.057145    0.002481    0.154237 ^ clkbuf_2_1__f_clk/A (sg13g2_buf_8)
     7    0.027260    0.042135    0.120878    0.275115 ^ clkbuf_2_1__f_clk/X (sg13g2_buf_8)
                                                         clknet_2_1__leaf_clk (net)
                      0.042164    0.001877    0.276991 ^ dbit[3]$_SDFFE_PP1P_/CLK (sg13g2_dfrbpq_2)
                                  0.250000    0.526991   clock uncertainty
                                  0.000000    0.526991   clock reconvergence pessimism
                                 -0.048454    0.478538   library hold time
                                              0.478538   data required time
---------------------------------------------------------------------------------------------
                                              0.478538   data required time
                                             -1.400776   data arrival time
---------------------------------------------------------------------------------------------
                                              0.922238   slack (MET)


Startpoint: dbit[1]$_SDFFE_PP1P_
            (rising edge-triggered flip-flop clocked by clk)
Endpoint: B[7]$_SDFFE_PP1P_ (rising edge-triggered flip-flop clocked by clk)
Path Group: clk
Path Type: min

Fanout         Cap        Slew       Delay        Time   Description
---------------------------------------------------------------------------------------------
                                  0.000000    0.000000   clock clk (rise edge)
                                  0.000000    0.000000   clock source latency
     1    0.016518    0.051123    0.021938    0.021938 ^ clk (in)
                                                         clk (net)
                      0.051133    0.000000    0.021938 ^ clkbuf_0_clk/A (sg13g2_buf_8)
     4    0.048729    0.056917    0.129818    0.151756 ^ clkbuf_0_clk/X (sg13g2_buf_8)
                                                         clknet_0_clk (net)
                      0.057145    0.002481    0.154237 ^ clkbuf_2_1__f_clk/A (sg13g2_buf_8)
     7    0.027260    0.042135    0.120878    0.275115 ^ clkbuf_2_1__f_clk/X (sg13g2_buf_8)
                                                         clknet_2_1__leaf_clk (net)
                      0.042149    0.001292    0.276407 ^ dbit[1]$_SDFFE_PP1P_/CLK (sg13g2_dfrbpq_2)
     4    0.015363    0.058777    0.303482    0.579889 v dbit[1]$_SDFFE_PP1P_/Q (sg13g2_dfrbpq_2)
                                                         dbit[1] (net)
                      0.058792    0.000922    0.580810 v _147_/A (sg13g2_nand4_1)
     1    0.004063    0.054477    0.069653    0.650464 ^ _147_/Y (sg13g2_nand4_1)
                                                         _040_ (net)
                      0.054477    0.000302    0.650766 ^ _148_/A2 (sg13g2_a21o_1)
     1    0.003954    0.043772    0.164540    0.815306 ^ _148_/X (sg13g2_a21o_1)
                                                         _021_ (net)
                      0.043772    0.000216    0.815522 ^ hold12/A (sg13g2_dlygate4sd3_1)
     1    0.001985    0.051417    0.558481    1.374003 ^ hold12/X (sg13g2_dlygate4sd3_1)
                                                         net95 (net)
                      0.051418    0.000075    1.374078 ^ B[7]$_SDFFE_PP1P_/D (sg13g2_dfrbpq_1)
                                              1.374078   data arrival time

                                  0.000000    0.000000   clock clk (rise edge)
                                  0.000000    0.000000   clock source latency
     1    0.016518    0.051123    0.021938    0.021938 ^ clk (in)
                                                         clk (net)
                      0.051133    0.000000    0.021938 ^ clkbuf_0_clk/A (sg13g2_buf_8)
     4    0.048729    0.056917    0.129818    0.151756 ^ clkbuf_0_clk/X (sg13g2_buf_8)
                                                         clknet_0_clk (net)
                      0.057152    0.002535    0.154291 ^ clkbuf_2_3__f_clk/A (sg13g2_buf_8)
     8    0.032470    0.045633    0.124120    0.278410 ^ clkbuf_2_3__f_clk/X (sg13g2_buf_8)
                                                         clknet_2_3__leaf_clk (net)
                      0.045641    0.001120    0.279530 ^ B[7]$_SDFFE_PP1P_/CLK (sg13g2_dfrbpq_1)
                                  0.250000    0.529530   clock uncertainty
                                  0.000000    0.529530   clock reconvergence pessimism
                                 -0.105546    0.423984   library hold time
                                              0.423984   data required time
---------------------------------------------------------------------------------------------
                                              0.423984   data required time
                                             -1.374078   data arrival time
---------------------------------------------------------------------------------------------
                                              0.950094   slack (MET)


Startpoint: dbit[1]$_SDFFE_PP1P_
            (rising edge-triggered flip-flop clocked by clk)
Endpoint: BN[7]$_SDFFE_PP1P_ (rising edge-triggered flip-flop clocked by clk)
Path Group: clk
Path Type: min

Fanout         Cap        Slew       Delay        Time   Description
---------------------------------------------------------------------------------------------
                                  0.000000    0.000000   clock clk (rise edge)
                                  0.000000    0.000000   clock source latency
     1    0.016518    0.051123    0.021938    0.021938 ^ clk (in)
                                                         clk (net)
                      0.051133    0.000000    0.021938 ^ clkbuf_0_clk/A (sg13g2_buf_8)
     4    0.048729    0.056917    0.129818    0.151756 ^ clkbuf_0_clk/X (sg13g2_buf_8)
                                                         clknet_0_clk (net)
                      0.057145    0.002481    0.154237 ^ clkbuf_2_1__f_clk/A (sg13g2_buf_8)
     7    0.027260    0.042135    0.120878    0.275115 ^ clkbuf_2_1__f_clk/X (sg13g2_buf_8)
                                                         clknet_2_1__leaf_clk (net)
                      0.042149    0.001292    0.276407 ^ dbit[1]$_SDFFE_PP1P_/CLK (sg13g2_dfrbpq_2)
     4    0.015363    0.058777    0.303482    0.579889 v dbit[1]$_SDFFE_PP1P_/Q (sg13g2_dfrbpq_2)
                                                         dbit[1] (net)
                      0.058791    0.000897    0.580785 v _122_/A (sg13g2_nand4_1)
     1    0.003970    0.053981    0.069258    0.650044 ^ _122_/Y (sg13g2_nand4_1)
                                                         _067_ (net)
                      0.053981    0.000158    0.650202 ^ _123_/A2 (sg13g2_a21o_1)
     1    0.004530    0.043439    0.167103    0.817305 ^ _123_/X (sg13g2_a21o_1)
                                                         _009_ (net)
                      0.043445    0.000266    0.817571 ^ hold2/A (sg13g2_dlygate4sd3_1)
     1    0.001861    0.050763    0.557599    1.375170 ^ hold2/X (sg13g2_dlygate4sd3_1)
                                                         net85 (net)
                      0.050763    0.000071    1.375241 ^ BN[7]$_SDFFE_PP1P_/D (sg13g2_dfrbpq_1)
                                              1.375241   data arrival time

                                  0.000000    0.000000   clock clk (rise edge)
                                  0.000000    0.000000   clock source latency
     1    0.016518    0.051123    0.021938    0.021938 ^ clk (in)
                                                         clk (net)
                      0.051133    0.000000    0.021938 ^ clkbuf_0_clk/A (sg13g2_buf_8)
     4    0.048729    0.056917    0.129818    0.151756 ^ clkbuf_0_clk/X (sg13g2_buf_8)
                                                         clknet_0_clk (net)
                      0.057152    0.002535    0.154291 ^ clkbuf_2_3__f_clk/A (sg13g2_buf_8)
     8    0.032470    0.045633    0.124120    0.278410 ^ clkbuf_2_3__f_clk/X (sg13g2_buf_8)
                                                         clknet_2_3__leaf_clk (net)
                      0.045643    0.001243    0.279653 ^ BN[7]$_SDFFE_PP1P_/CLK (sg13g2_dfrbpq_1)
                                  0.250000    0.529653   clock uncertainty
                                  0.000000    0.529653   clock reconvergence pessimism
                                 -0.105307    0.424345   library hold time
                                              0.424345   data required time
---------------------------------------------------------------------------------------------
                                              0.424345   data required time
                                             -1.375241   data arrival time
---------------------------------------------------------------------------------------------
                                              0.950896   slack (MET)


Startpoint: dbit[0]$_SDFFE_PP1P_
            (rising edge-triggered flip-flop clocked by clk)
Endpoint: dbit[0]$_SDFFE_PP1P_ (rising edge-triggered flip-flop clocked by clk)
Path Group: clk
Path Type: min

Fanout         Cap        Slew       Delay        Time   Description
---------------------------------------------------------------------------------------------
                                  0.000000    0.000000   clock clk (rise edge)
                                  0.000000    0.000000   clock source latency
     1    0.016518    0.051123    0.021938    0.021938 ^ clk (in)
                                                         clk (net)
                      0.051133    0.000000    0.021938 ^ clkbuf_0_clk/A (sg13g2_buf_8)
     4    0.048729    0.056917    0.129818    0.151756 ^ clkbuf_0_clk/X (sg13g2_buf_8)
                                                         clknet_0_clk (net)
                      0.057145    0.002481    0.154237 ^ clkbuf_2_1__f_clk/A (sg13g2_buf_8)
     7    0.027260    0.042135    0.120878    0.275115 ^ clkbuf_2_1__f_clk/X (sg13g2_buf_8)
                                                         clknet_2_1__leaf_clk (net)
                      0.042153    0.001446    0.276561 ^ dbit[0]$_SDFFE_PP1P_/CLK (sg13g2_dfrbpq_1)
     2    0.007204    0.061070    0.283070    0.559631 ^ dbit[0]$_SDFFE_PP1P_/Q (sg13g2_dfrbpq_1)
                                                         dbit[0] (net)
                      0.061071    0.000397    0.560029 ^ hold42/A (sg13g2_dlygate4sd3_1)
     1    0.009321    0.091631    0.609310    1.169339 ^ hold42/X (sg13g2_dlygate4sd3_1)
                                                         net125 (net)
                      0.091631    0.000392    1.169731 ^ fanout4/A (sg13g2_buf_8)
     8    0.039568    0.051321    0.147139    1.316870 ^ fanout4/X (sg13g2_buf_8)
                                                         net4 (net)
                      0.051715    0.002842    1.319712 ^ _168_/A1 (sg13g2_o21ai_1)
     1    0.003894    0.058227    0.105645    1.425357 v _168_/Y (sg13g2_o21ai_1)
                                                         _024_ (net)
                      0.058230    0.000207    1.425564 v dbit[0]$_SDFFE_PP1P_/D (sg13g2_dfrbpq_1)
                                              1.425564   data arrival time

                                  0.000000    0.000000   clock clk (rise edge)
                                  0.000000    0.000000   clock source latency
     1    0.016518    0.051123    0.021938    0.021938 ^ clk (in)
                                                         clk (net)
                      0.051133    0.000000    0.021938 ^ clkbuf_0_clk/A (sg13g2_buf_8)
     4    0.048729    0.056917    0.129818    0.151756 ^ clkbuf_0_clk/X (sg13g2_buf_8)
                                                         clknet_0_clk (net)
                      0.057145    0.002481    0.154237 ^ clkbuf_2_1__f_clk/A (sg13g2_buf_8)
     7    0.027260    0.042135    0.120878    0.275115 ^ clkbuf_2_1__f_clk/X (sg13g2_buf_8)
                                                         clknet_2_1__leaf_clk (net)
                      0.042153    0.001446    0.276561 ^ dbit[0]$_SDFFE_PP1P_/CLK (sg13g2_dfrbpq_1)
                                  0.250000    0.526561   clock uncertainty
                                  0.000000    0.526561   clock reconvergence pessimism
                                 -0.058076    0.468485   library hold time
                                              0.468485   data required time
---------------------------------------------------------------------------------------------
                                              0.468485   data required time
                                             -1.425564   data arrival time
---------------------------------------------------------------------------------------------
                                              0.957079   slack (MET)


Startpoint: dbit[1]$_SDFFE_PP1P_
            (rising edge-triggered flip-flop clocked by clk)
Endpoint: B[3]$_SDFFE_PP1P_ (rising edge-triggered flip-flop clocked by clk)
Path Group: clk
Path Type: min

Fanout         Cap        Slew       Delay        Time   Description
---------------------------------------------------------------------------------------------
                                  0.000000    0.000000   clock clk (rise edge)
                                  0.000000    0.000000   clock source latency
     1    0.016518    0.051123    0.021938    0.021938 ^ clk (in)
                                                         clk (net)
                      0.051133    0.000000    0.021938 ^ clkbuf_0_clk/A (sg13g2_buf_8)
     4    0.048729    0.056917    0.129818    0.151756 ^ clkbuf_0_clk/X (sg13g2_buf_8)
                                                         clknet_0_clk (net)
                      0.057145    0.002481    0.154237 ^ clkbuf_2_1__f_clk/A (sg13g2_buf_8)
     7    0.027260    0.042135    0.120878    0.275115 ^ clkbuf_2_1__f_clk/X (sg13g2_buf_8)
                                                         clknet_2_1__leaf_clk (net)
                      0.042149    0.001292    0.276407 ^ dbit[1]$_SDFFE_PP1P_/CLK (sg13g2_dfrbpq_2)
     4    0.015363    0.058777    0.303482    0.579889 v dbit[1]$_SDFFE_PP1P_/Q (sg13g2_dfrbpq_2)
                                                         dbit[1] (net)
                      0.058786    0.000762    0.580651 v _139_/A (sg13g2_nand4_1)
     1    0.006988    0.070371    0.083142    0.663793 ^ _139_/Y (sg13g2_nand4_1)
                                                         _036_ (net)
                      0.070373    0.000733    0.664526 ^ _140_/A2 (sg13g2_a21o_1)
     1    0.003623    0.038340    0.170810    0.835336 ^ _140_/X (sg13g2_a21o_1)
                                                         _017_ (net)
                      0.038340    0.000137    0.835473 ^ hold17/A (sg13g2_dlygate4sd3_1)
     1    0.001449    0.048471    0.552297    1.387770 ^ hold17/X (sg13g2_dlygate4sd3_1)
                                                         net100 (net)
                      0.048471    0.000110    1.387880 ^ B[3]$_SDFFE_PP1P_/D (sg13g2_dfrbpq_1)
                                              1.387880   data arrival time

                                  0.000000    0.000000   clock clk (rise edge)
                                  0.000000    0.000000   clock source latency
     1    0.016518    0.051123    0.021938    0.021938 ^ clk (in)
                                                         clk (net)
                      0.051133    0.000000    0.021938 ^ clkbuf_0_clk/A (sg13g2_buf_8)
     4    0.048729    0.056917    0.129818    0.151756 ^ clkbuf_0_clk/X (sg13g2_buf_8)
                                                         clknet_0_clk (net)
                      0.057145    0.002481    0.154237 ^ clkbuf_2_1__f_clk/A (sg13g2_buf_8)
     7    0.027260    0.042135    0.120878    0.275115 ^ clkbuf_2_1__f_clk/X (sg13g2_buf_8)
                                                         clknet_2_1__leaf_clk (net)
                      0.042151    0.001355    0.276470 ^ B[3]$_SDFFE_PP1P_/CLK (sg13g2_dfrbpq_1)
                                  0.250000    0.526470   clock uncertainty
                                  0.000000    0.526470   clock reconvergence pessimism
                                 -0.105018    0.421451   library hold time
                                              0.421451   data required time
---------------------------------------------------------------------------------------------
                                              0.421451   data required time
                                             -1.387880   data arrival time
---------------------------------------------------------------------------------------------
                                              0.966429   slack (MET)


Startpoint: dbit[3]$_SDFFE_PP1P_
            (rising edge-triggered flip-flop clocked by clk)
Endpoint: B[2]$_SDFFE_PP1P_ (rising edge-triggered flip-flop clocked by clk)
Path Group: clk
Path Type: min

Fanout         Cap        Slew       Delay        Time   Description
---------------------------------------------------------------------------------------------
                                  0.000000    0.000000   clock clk (rise edge)
                                  0.000000    0.000000   clock source latency
     1    0.016518    0.051123    0.021938    0.021938 ^ clk (in)
                                                         clk (net)
                      0.051133    0.000000    0.021938 ^ clkbuf_0_clk/A (sg13g2_buf_8)
     4    0.048729    0.056917    0.129818    0.151756 ^ clkbuf_0_clk/X (sg13g2_buf_8)
                                                         clknet_0_clk (net)
                      0.057145    0.002481    0.154237 ^ clkbuf_2_1__f_clk/A (sg13g2_buf_8)
     7    0.027260    0.042135    0.120878    0.275115 ^ clkbuf_2_1__f_clk/X (sg13g2_buf_8)
                                                         clknet_2_1__leaf_clk (net)
                      0.042164    0.001877    0.276991 ^ dbit[3]$_SDFFE_PP1P_/CLK (sg13g2_dfrbpq_2)
     3    0.015418    0.068589    0.307295    0.584286 ^ dbit[3]$_SDFFE_PP1P_/Q (sg13g2_dfrbpq_2)
                                                         dbit[3] (net)
                      0.068591    0.000526    0.584812 ^ _099_/A (sg13g2_nor2_2)
     3    0.013299    0.052480    0.082838    0.667650 v _099_/Y (sg13g2_nor2_2)
                                                         _053_ (net)
                      0.052489    0.000686    0.668336 v _137_/A (sg13g2_nand3_1)
     1    0.003206    0.045700    0.059954    0.728289 ^ _137_/Y (sg13g2_nand3_1)
                                                         _035_ (net)
                      0.045700    0.000232    0.728521 ^ _138_/A2 (sg13g2_a21o_1)
     1    0.002285    0.034653    0.152028    0.880549 ^ _138_/X (sg13g2_a21o_1)
                                                         _016_ (net)
                      0.034653    0.000143    0.880692 ^ hold23/A (sg13g2_dlygate4sd3_1)
     1    0.002059    0.051818    0.553526    1.434218 ^ hold23/X (sg13g2_dlygate4sd3_1)
                                                         net106 (net)
                      0.051818    0.000074    1.434291 ^ B[2]$_SDFFE_PP1P_/D (sg13g2_dfrbpq_1)
                                              1.434291   data arrival time

                                  0.000000    0.000000   clock clk (rise edge)
                                  0.000000    0.000000   clock source latency
     1    0.016518    0.051123    0.021938    0.021938 ^ clk (in)
                                                         clk (net)
                      0.051133    0.000000    0.021938 ^ clkbuf_0_clk/A (sg13g2_buf_8)
     4    0.048729    0.056917    0.129818    0.151756 ^ clkbuf_0_clk/X (sg13g2_buf_8)
                                                         clknet_0_clk (net)
                      0.057152    0.002535    0.154291 ^ clkbuf_2_3__f_clk/A (sg13g2_buf_8)
     8    0.032470    0.045633    0.124120    0.278410 ^ clkbuf_2_3__f_clk/X (sg13g2_buf_8)
                                                         clknet_2_3__leaf_clk (net)
                      0.045636    0.000749    0.279159 ^ B[2]$_SDFFE_PP1P_/CLK (sg13g2_dfrbpq_1)
                                  0.250000    0.529159   clock uncertainty
                                  0.000000    0.529159   clock reconvergence pessimism
                                 -0.105693    0.423466   library hold time
                                              0.423466   data required time
---------------------------------------------------------------------------------------------
                                              0.423466   data required time
                                             -1.434291   data arrival time
---------------------------------------------------------------------------------------------
                                              1.010825   slack (MET)


Startpoint: dbit[0]$_SDFFE_PP1P_
            (rising edge-triggered flip-flop clocked by clk)
Endpoint: dbit[1]$_SDFFE_PP1P_ (rising edge-triggered flip-flop clocked by clk)
Path Group: clk
Path Type: min

Fanout         Cap        Slew       Delay        Time   Description
---------------------------------------------------------------------------------------------
                                  0.000000    0.000000   clock clk (rise edge)
                                  0.000000    0.000000   clock source latency
     1    0.016518    0.051123    0.021938    0.021938 ^ clk (in)
                                                         clk (net)
                      0.051133    0.000000    0.021938 ^ clkbuf_0_clk/A (sg13g2_buf_8)
     4    0.048729    0.056917    0.129818    0.151756 ^ clkbuf_0_clk/X (sg13g2_buf_8)
                                                         clknet_0_clk (net)
                      0.057145    0.002481    0.154237 ^ clkbuf_2_1__f_clk/A (sg13g2_buf_8)
     7    0.027260    0.042135    0.120878    0.275115 ^ clkbuf_2_1__f_clk/X (sg13g2_buf_8)
                                                         clknet_2_1__leaf_clk (net)
                      0.042153    0.001446    0.276561 ^ dbit[0]$_SDFFE_PP1P_/CLK (sg13g2_dfrbpq_1)
     2    0.007204    0.061070    0.283070    0.559631 ^ dbit[0]$_SDFFE_PP1P_/Q (sg13g2_dfrbpq_1)
                                                         dbit[0] (net)
                      0.061071    0.000397    0.560029 ^ hold42/A (sg13g2_dlygate4sd3_1)
     1    0.009321    0.091631    0.609310    1.169339 ^ hold42/X (sg13g2_dlygate4sd3_1)
                                                         net125 (net)
                      0.091631    0.000392    1.169731 ^ fanout4/A (sg13g2_buf_8)
     8    0.039568    0.051321    0.147139    1.316870 ^ fanout4/X (sg13g2_buf_8)
                                                         net4 (net)
                      0.051705    0.002781    1.319652 ^ _169_/A1 (sg13g2_o21ai_1)
     1    0.004472    0.066732    0.109743    1.429395 v _169_/Y (sg13g2_o21ai_1)
                                                         _046_ (net)
                      0.066733    0.000301    1.429696 v _171_/B (sg13g2_nand3b_1)
     1    0.002000    0.038103    0.067821    1.497517 ^ _171_/Y (sg13g2_nand3b_1)
                                                         _025_ (net)
                      0.038103    0.000127    1.497644 ^ dbit[1]$_SDFFE_PP1P_/D (sg13g2_dfrbpq_2)
                                              1.497644   data arrival time

                                  0.000000    0.000000   clock clk (rise edge)
                                  0.000000    0.000000   clock source latency
     1    0.016518    0.051123    0.021938    0.021938 ^ clk (in)
                                                         clk (net)
                      0.051133    0.000000    0.021938 ^ clkbuf_0_clk/A (sg13g2_buf_8)
     4    0.048729    0.056917    0.129818    0.151756 ^ clkbuf_0_clk/X (sg13g2_buf_8)
                                                         clknet_0_clk (net)
                      0.057145    0.002481    0.154237 ^ clkbuf_2_1__f_clk/A (sg13g2_buf_8)
     7    0.027260    0.042135    0.120878    0.275115 ^ clkbuf_2_1__f_clk/X (sg13g2_buf_8)
                                                         clknet_2_1__leaf_clk (net)
                      0.042149    0.001292    0.276407 ^ dbit[1]$_SDFFE_PP1P_/CLK (sg13g2_dfrbpq_2)
                                  0.250000    0.526407   clock uncertainty
                                  0.000000    0.526407   clock reconvergence pessimism
                                 -0.103687    0.422721   library hold time
                                              0.422721   data required time
---------------------------------------------------------------------------------------------
                                              0.422721   data required time
                                             -1.497644   data arrival time
---------------------------------------------------------------------------------------------
                                              1.074924   slack (MET)


Startpoint: dbit[3]$_SDFFE_PP1P_
            (rising edge-triggered flip-flop clocked by clk)
Endpoint: B[4]$_SDFFE_PP1P_ (rising edge-triggered flip-flop clocked by clk)
Path Group: clk
Path Type: min

Fanout         Cap        Slew       Delay        Time   Description
---------------------------------------------------------------------------------------------
                                  0.000000    0.000000   clock clk (rise edge)
                                  0.000000    0.000000   clock source latency
     1    0.016518    0.051123    0.021938    0.021938 ^ clk (in)
                                                         clk (net)
                      0.051133    0.000000    0.021938 ^ clkbuf_0_clk/A (sg13g2_buf_8)
     4    0.048729    0.056917    0.129818    0.151756 ^ clkbuf_0_clk/X (sg13g2_buf_8)
                                                         clknet_0_clk (net)
                      0.057145    0.002481    0.154237 ^ clkbuf_2_1__f_clk/A (sg13g2_buf_8)
     7    0.027260    0.042135    0.120878    0.275115 ^ clkbuf_2_1__f_clk/X (sg13g2_buf_8)
                                                         clknet_2_1__leaf_clk (net)
                      0.042164    0.001877    0.276991 ^ dbit[3]$_SDFFE_PP1P_/CLK (sg13g2_dfrbpq_2)
     3    0.015418    0.068589    0.307295    0.584286 ^ dbit[3]$_SDFFE_PP1P_/Q (sg13g2_dfrbpq_2)
                                                         dbit[3] (net)
                      0.068592    0.000533    0.584820 ^ _115_/A (sg13g2_nor2b_2)
     8    0.041675    0.127866    0.134792    0.719612 v _115_/Y (sg13g2_nor2b_2)
                                                         _063_ (net)
                      0.128179    0.005119    0.724730 v _141_/B (sg13g2_nand3_1)
     1    0.002853    0.051304    0.095915    0.820645 ^ _141_/Y (sg13g2_nand3_1)
                                                         _037_ (net)
                      0.051304    0.000221    0.820866 ^ _142_/A2 (sg13g2_a21o_1)
     1    0.001595    0.026865    0.151432    0.972298 ^ _142_/X (sg13g2_a21o_1)
                                                         _018_ (net)
                      0.026865    0.000062    0.972359 ^ hold6/A (sg13g2_dlygate4sd3_1)
     1    0.001430    0.048355    0.545441    1.517801 ^ hold6/X (sg13g2_dlygate4sd3_1)
                                                         net89 (net)
                      0.048355    0.000056    1.517857 ^ B[4]$_SDFFE_PP1P_/D (sg13g2_dfrbpq_1)
                                              1.517857   data arrival time

                                  0.000000    0.000000   clock clk (rise edge)
                                  0.000000    0.000000   clock source latency
     1    0.016518    0.051123    0.021938    0.021938 ^ clk (in)
                                                         clk (net)
                      0.051133    0.000000    0.021938 ^ clkbuf_0_clk/A (sg13g2_buf_8)
     4    0.048729    0.056917    0.129818    0.151756 ^ clkbuf_0_clk/X (sg13g2_buf_8)
                                                         clknet_0_clk (net)
                      0.057165    0.002621    0.154377 ^ clkbuf_2_0__f_clk/A (sg13g2_buf_8)
     8    0.030629    0.044403    0.122827    0.277204 ^ clkbuf_2_0__f_clk/X (sg13g2_buf_8)
                                                         clknet_2_0__leaf_clk (net)
                      0.044429    0.001746    0.278950 ^ B[4]$_SDFFE_PP1P_/CLK (sg13g2_dfrbpq_1)
                                  0.250000    0.528950   clock uncertainty
                                  0.000000    0.528950   clock reconvergence pessimism
                                 -0.104620    0.424330   library hold time
                                              0.424330   data required time
---------------------------------------------------------------------------------------------
                                              0.424330   data required time
                                             -1.517857   data arrival time
---------------------------------------------------------------------------------------------
                                              1.093527   slack (MET)


Startpoint: dbit[3]$_SDFFE_PP1P_
            (rising edge-triggered flip-flop clocked by clk)
Endpoint: B[5]$_SDFFE_PP1P_ (rising edge-triggered flip-flop clocked by clk)
Path Group: clk
Path Type: min

Fanout         Cap        Slew       Delay        Time   Description
---------------------------------------------------------------------------------------------
                                  0.000000    0.000000   clock clk (rise edge)
                                  0.000000    0.000000   clock source latency
     1    0.016518    0.051123    0.021938    0.021938 ^ clk (in)
                                                         clk (net)
                      0.051133    0.000000    0.021938 ^ clkbuf_0_clk/A (sg13g2_buf_8)
     4    0.048729    0.056917    0.129818    0.151756 ^ clkbuf_0_clk/X (sg13g2_buf_8)
                                                         clknet_0_clk (net)
                      0.057145    0.002481    0.154237 ^ clkbuf_2_1__f_clk/A (sg13g2_buf_8)
     7    0.027260    0.042135    0.120878    0.275115 ^ clkbuf_2_1__f_clk/X (sg13g2_buf_8)
                                                         clknet_2_1__leaf_clk (net)
                      0.042164    0.001877    0.276991 ^ dbit[3]$_SDFFE_PP1P_/CLK (sg13g2_dfrbpq_2)
     3    0.015418    0.068589    0.307295    0.584286 ^ dbit[3]$_SDFFE_PP1P_/Q (sg13g2_dfrbpq_2)
                                                         dbit[3] (net)
                      0.068592    0.000533    0.584820 ^ _115_/A (sg13g2_nor2b_2)
     8    0.041675    0.127866    0.134792    0.719612 v _115_/Y (sg13g2_nor2b_2)
                                                         _063_ (net)
                      0.128118    0.004569    0.724181 v _143_/B (sg13g2_nand3_1)
     1    0.003111    0.050898    0.097256    0.821436 ^ _143_/Y (sg13g2_nand3_1)
                                                         _038_ (net)
                      0.050898    0.000123    0.821559 ^ _144_/A2 (sg13g2_a21o_1)
     1    0.002695    0.037781    0.156613    0.978173 ^ _144_/X (sg13g2_a21o_1)
                                                         _019_ (net)
                      0.037781    0.000158    0.978330 ^ hold21/A (sg13g2_dlygate4sd3_1)
     1    0.002391    0.053628    0.557218    1.535548 ^ hold21/X (sg13g2_dlygate4sd3_1)
                                                         net104 (net)
                      0.053628    0.000089    1.535638 ^ B[5]$_SDFFE_PP1P_/D (sg13g2_dfrbpq_1)
                                              1.535638   data arrival time

                                  0.000000    0.000000   clock clk (rise edge)
                                  0.000000    0.000000   clock source latency
     1    0.016518    0.051123    0.021938    0.021938 ^ clk (in)
                                                         clk (net)
                      0.051133    0.000000    0.021938 ^ clkbuf_0_clk/A (sg13g2_buf_8)
     4    0.048729    0.056917    0.129818    0.151756 ^ clkbuf_0_clk/X (sg13g2_buf_8)
                                                         clknet_0_clk (net)
                      0.057176    0.002697    0.154453 ^ clkbuf_2_2__f_clk/A (sg13g2_buf_8)
     8    0.031400    0.044945    0.123419    0.277872 ^ clkbuf_2_2__f_clk/X (sg13g2_buf_8)
                                                         clknet_2_2__leaf_clk (net)
                      0.044955    0.000730    0.278602 ^ B[5]$_SDFFE_PP1P_/CLK (sg13g2_dfrbpq_1)
                                  0.250000    0.528602   clock uncertainty
                                  0.000000    0.528602   clock reconvergence pessimism
                                 -0.106459    0.422143   library hold time
                                              0.422143   data required time
---------------------------------------------------------------------------------------------
                                              0.422143   data required time
                                             -1.535638   data arrival time
---------------------------------------------------------------------------------------------
                                              1.113495   slack (MET)


Startpoint: dbit[3]$_SDFFE_PP1P_
            (rising edge-triggered flip-flop clocked by clk)
Endpoint: BN[4]$_SDFFE_PP1P_ (rising edge-triggered flip-flop clocked by clk)
Path Group: clk
Path Type: min

Fanout         Cap        Slew       Delay        Time   Description
---------------------------------------------------------------------------------------------
                                  0.000000    0.000000   clock clk (rise edge)
                                  0.000000    0.000000   clock source latency
     1    0.016518    0.051123    0.021938    0.021938 ^ clk (in)
                                                         clk (net)
                      0.051133    0.000000    0.021938 ^ clkbuf_0_clk/A (sg13g2_buf_8)
     4    0.048729    0.056917    0.129818    0.151756 ^ clkbuf_0_clk/X (sg13g2_buf_8)
                                                         clknet_0_clk (net)
                      0.057145    0.002481    0.154237 ^ clkbuf_2_1__f_clk/A (sg13g2_buf_8)
     7    0.027260    0.042135    0.120878    0.275115 ^ clkbuf_2_1__f_clk/X (sg13g2_buf_8)
                                                         clknet_2_1__leaf_clk (net)
                      0.042164    0.001877    0.276991 ^ dbit[3]$_SDFFE_PP1P_/CLK (sg13g2_dfrbpq_2)
     3    0.015418    0.068589    0.307295    0.584286 ^ dbit[3]$_SDFFE_PP1P_/Q (sg13g2_dfrbpq_2)
                                                         dbit[3] (net)
                      0.068592    0.000533    0.584820 ^ _115_/A (sg13g2_nor2b_2)
     8    0.041675    0.127866    0.134792    0.719612 v _115_/Y (sg13g2_nor2b_2)
                                                         _063_ (net)
                      0.128181    0.005139    0.724751 v _116_/C (sg13g2_nand3_1)
     1    0.004615    0.052753    0.110926    0.835677 ^ _116_/Y (sg13g2_nand3_1)
                                                         _064_ (net)
                      0.052754    0.000352    0.836029 ^ _117_/A2 (sg13g2_a21o_1)
     1    0.001613    0.031858    0.152236    0.988264 ^ _117_/X (sg13g2_a21o_1)
                                                         _006_ (net)
                      0.031858    0.000062    0.988326 ^ hold14/A (sg13g2_dlygate4sd3_1)
     1    0.001624    0.049445    0.549462    1.537788 ^ hold14/X (sg13g2_dlygate4sd3_1)
                                                         net97 (net)
                      0.049445    0.000062    1.537850 ^ BN[4]$_SDFFE_PP1P_/D (sg13g2_dfrbpq_1)
                                              1.537850   data arrival time

                                  0.000000    0.000000   clock clk (rise edge)
                                  0.000000    0.000000   clock source latency
     1    0.016518    0.051123    0.021938    0.021938 ^ clk (in)
                                                         clk (net)
                      0.051133    0.000000    0.021938 ^ clkbuf_0_clk/A (sg13g2_buf_8)
     4    0.048729    0.056917    0.129818    0.151756 ^ clkbuf_0_clk/X (sg13g2_buf_8)
                                                         clknet_0_clk (net)
                      0.057165    0.002621    0.154377 ^ clkbuf_2_0__f_clk/A (sg13g2_buf_8)
     8    0.030629    0.044403    0.122827    0.277204 ^ clkbuf_2_0__f_clk/X (sg13g2_buf_8)
                                                         clknet_2_0__leaf_clk (net)
                      0.044429    0.001762    0.278966 ^ BN[4]$_SDFFE_PP1P_/CLK (sg13g2_dfrbpq_1)
                                  0.250000    0.528966   clock uncertainty
                                  0.000000    0.528966   clock reconvergence pessimism
                                 -0.105017    0.423949   library hold time
                                              0.423949   data required time
---------------------------------------------------------------------------------------------
                                              0.423949   data required time
                                             -1.537850   data arrival time
---------------------------------------------------------------------------------------------
                                              1.113901   slack (MET)


Startpoint: dbit[3]$_SDFFE_PP1P_
            (rising edge-triggered flip-flop clocked by clk)
Endpoint: BN[5]$_SDFFE_PP1P_ (rising edge-triggered flip-flop clocked by clk)
Path Group: clk
Path Type: min

Fanout         Cap        Slew       Delay        Time   Description
---------------------------------------------------------------------------------------------
                                  0.000000    0.000000   clock clk (rise edge)
                                  0.000000    0.000000   clock source latency
     1    0.016518    0.051123    0.021938    0.021938 ^ clk (in)
                                                         clk (net)
                      0.051133    0.000000    0.021938 ^ clkbuf_0_clk/A (sg13g2_buf_8)
     4    0.048729    0.056917    0.129818    0.151756 ^ clkbuf_0_clk/X (sg13g2_buf_8)
                                                         clknet_0_clk (net)
                      0.057145    0.002481    0.154237 ^ clkbuf_2_1__f_clk/A (sg13g2_buf_8)
     7    0.027260    0.042135    0.120878    0.275115 ^ clkbuf_2_1__f_clk/X (sg13g2_buf_8)
                                                         clknet_2_1__leaf_clk (net)
                      0.042164    0.001877    0.276991 ^ dbit[3]$_SDFFE_PP1P_/CLK (sg13g2_dfrbpq_2)
     3    0.015418    0.068589    0.307295    0.584286 ^ dbit[3]$_SDFFE_PP1P_/Q (sg13g2_dfrbpq_2)
                                                         dbit[3] (net)
                      0.068592    0.000533    0.584820 ^ _115_/A (sg13g2_nor2b_2)
     8    0.041675    0.127866    0.134792    0.719612 v _115_/Y (sg13g2_nor2b_2)
                                                         _063_ (net)
                      0.128080    0.004177    0.723789 v _118_/C (sg13g2_nand3_1)
     1    0.003476    0.046293    0.105057    0.828846 ^ _118_/Y (sg13g2_nand3_1)
                                                         _065_ (net)
                      0.046294    0.000246    0.829092 ^ _119_/A2 (sg13g2_a21o_1)
     1    0.002996    0.039416    0.155814    0.984906 ^ _119_/X (sg13g2_a21o_1)
                                                         _007_ (net)
                      0.039416    0.000105    0.985012 ^ hold36/A (sg13g2_dlygate4sd3_1)
     1    0.001867    0.050804    0.555255    1.540266 ^ hold36/X (sg13g2_dlygate4sd3_1)
                                                         net119 (net)
                      0.050804    0.000134    1.540400 ^ BN[5]$_SDFFE_PP1P_/D (sg13g2_dfrbpq_1)
                                              1.540400   data arrival time

                                  0.000000    0.000000   clock clk (rise edge)
                                  0.000000    0.000000   clock source latency
     1    0.016518    0.051123    0.021938    0.021938 ^ clk (in)
                                                         clk (net)
                      0.051133    0.000000    0.021938 ^ clkbuf_0_clk/A (sg13g2_buf_8)
     4    0.048729    0.056917    0.129818    0.151756 ^ clkbuf_0_clk/X (sg13g2_buf_8)
                                                         clknet_0_clk (net)
                      0.057176    0.002697    0.154453 ^ clkbuf_2_2__f_clk/A (sg13g2_buf_8)
     8    0.031400    0.044945    0.123419    0.277872 ^ clkbuf_2_2__f_clk/X (sg13g2_buf_8)
                                                         clknet_2_2__leaf_clk (net)
                      0.044955    0.000749    0.278620 ^ BN[5]$_SDFFE_PP1P_/CLK (sg13g2_dfrbpq_1)
                                  0.250000    0.528620   clock uncertainty
                                  0.000000    0.528620   clock reconvergence pessimism
                                 -0.105430    0.423190   library hold time
                                              0.423190   data required time
---------------------------------------------------------------------------------------------
                                              0.423190   data required time
                                             -1.540400   data arrival time
---------------------------------------------------------------------------------------------
                                              1.117210   slack (MET)


Startpoint: dbit[3]$_SDFFE_PP1P_
            (rising edge-triggered flip-flop clocked by clk)
Endpoint: B[6]$_SDFFE_PP1P_ (rising edge-triggered flip-flop clocked by clk)
Path Group: clk
Path Type: min

Fanout         Cap        Slew       Delay        Time   Description
---------------------------------------------------------------------------------------------
                                  0.000000    0.000000   clock clk (rise edge)
                                  0.000000    0.000000   clock source latency
     1    0.016518    0.051123    0.021938    0.021938 ^ clk (in)
                                                         clk (net)
                      0.051133    0.000000    0.021938 ^ clkbuf_0_clk/A (sg13g2_buf_8)
     4    0.048729    0.056917    0.129818    0.151756 ^ clkbuf_0_clk/X (sg13g2_buf_8)
                                                         clknet_0_clk (net)
                      0.057145    0.002481    0.154237 ^ clkbuf_2_1__f_clk/A (sg13g2_buf_8)
     7    0.027260    0.042135    0.120878    0.275115 ^ clkbuf_2_1__f_clk/X (sg13g2_buf_8)
                                                         clknet_2_1__leaf_clk (net)
                      0.042164    0.001877    0.276991 ^ dbit[3]$_SDFFE_PP1P_/CLK (sg13g2_dfrbpq_2)
     3    0.015418    0.068589    0.307295    0.584286 ^ dbit[3]$_SDFFE_PP1P_/Q (sg13g2_dfrbpq_2)
                                                         dbit[3] (net)
                      0.068592    0.000533    0.584820 ^ _115_/A (sg13g2_nor2b_2)
     8    0.041675    0.127866    0.134792    0.719612 v _115_/Y (sg13g2_nor2b_2)
                                                         _063_ (net)
                      0.128101    0.004401    0.724013 v _145_/B (sg13g2_nand3_1)
     1    0.005526    0.063060    0.109793    0.833806 ^ _145_/Y (sg13g2_nand3_1)
                                                         _039_ (net)
                      0.063061    0.000360    0.834166 ^ _146_/A2 (sg13g2_a21o_1)
     1    0.003775    0.042802    0.167933    1.002099 ^ _146_/X (sg13g2_a21o_1)
                                                         _020_ (net)
                      0.042802    0.000146    1.002246 ^ hold34/A (sg13g2_dlygate4sd3_1)
     1    0.002464    0.054024    0.560577    1.562822 ^ hold34/X (sg13g2_dlygate4sd3_1)
                                                         net117 (net)
                      0.054025    0.000095    1.562918 ^ B[6]$_SDFFE_PP1P_/D (sg13g2_dfrbpq_1)
                                              1.562918   data arrival time

                                  0.000000    0.000000   clock clk (rise edge)
                                  0.000000    0.000000   clock source latency
     1    0.016518    0.051123    0.021938    0.021938 ^ clk (in)
                                                         clk (net)
                      0.051133    0.000000    0.021938 ^ clkbuf_0_clk/A (sg13g2_buf_8)
     4    0.048729    0.056917    0.129818    0.151756 ^ clkbuf_0_clk/X (sg13g2_buf_8)
                                                         clknet_0_clk (net)
                      0.057152    0.002535    0.154291 ^ clkbuf_2_3__f_clk/A (sg13g2_buf_8)
     8    0.032470    0.045633    0.124120    0.278410 ^ clkbuf_2_3__f_clk/X (sg13g2_buf_8)
                                                         clknet_2_3__leaf_clk (net)
                      0.045641    0.001149    0.279560 ^ B[6]$_SDFFE_PP1P_/CLK (sg13g2_dfrbpq_1)
                                  0.250000    0.529559   clock uncertainty
                                  0.000000    0.529559   clock reconvergence pessimism
                                 -0.106496    0.423064   library hold time
                                              0.423064   data required time
---------------------------------------------------------------------------------------------
                                              0.423064   data required time
                                             -1.562918   data arrival time
---------------------------------------------------------------------------------------------
                                              1.139854   slack (MET)


Startpoint: dbit[3]$_SDFFE_PP1P_
            (rising edge-triggered flip-flop clocked by clk)
Endpoint: BN[6]$_SDFFE_PP1P_ (rising edge-triggered flip-flop clocked by clk)
Path Group: clk
Path Type: min

Fanout         Cap        Slew       Delay        Time   Description
---------------------------------------------------------------------------------------------
                                  0.000000    0.000000   clock clk (rise edge)
                                  0.000000    0.000000   clock source latency
     1    0.016518    0.051123    0.021938    0.021938 ^ clk (in)
                                                         clk (net)
                      0.051133    0.000000    0.021938 ^ clkbuf_0_clk/A (sg13g2_buf_8)
     4    0.048729    0.056917    0.129818    0.151756 ^ clkbuf_0_clk/X (sg13g2_buf_8)
                                                         clknet_0_clk (net)
                      0.057145    0.002481    0.154237 ^ clkbuf_2_1__f_clk/A (sg13g2_buf_8)
     7    0.027260    0.042135    0.120878    0.275115 ^ clkbuf_2_1__f_clk/X (sg13g2_buf_8)
                                                         clknet_2_1__leaf_clk (net)
                      0.042164    0.001877    0.276991 ^ dbit[3]$_SDFFE_PP1P_/CLK (sg13g2_dfrbpq_2)
     3    0.015418    0.068589    0.307295    0.584286 ^ dbit[3]$_SDFFE_PP1P_/Q (sg13g2_dfrbpq_2)
                                                         dbit[3] (net)
                      0.068592    0.000533    0.584820 ^ _115_/A (sg13g2_nor2b_2)
     8    0.041675    0.127866    0.134792    0.719612 v _115_/Y (sg13g2_nor2b_2)
                                                         _063_ (net)
                      0.128117    0.004554    0.724165 v _120_/C (sg13g2_nand3_1)
     1    0.008067    0.080706    0.128661    0.852827 ^ _120_/Y (sg13g2_nand3_1)
                                                         _066_ (net)
                      0.080712    0.000404    0.853230 ^ _121_/A2 (sg13g2_a21o_1)
     1    0.001582    0.030777    0.165926    1.019156 ^ _121_/X (sg13g2_a21o_1)
                                                         _008_ (net)
                      0.030777    0.000061    1.019217 ^ hold28/A (sg13g2_dlygate4sd3_1)
     1    0.002867    0.056186    0.555745    1.574962 ^ hold28/X (sg13g2_dlygate4sd3_1)
                                                         net111 (net)
                      0.056186    0.000105    1.575067 ^ BN[6]$_SDFFE_PP1P_/D (sg13g2_dfrbpq_1)
                                              1.575067   data arrival time

                                  0.000000    0.000000   clock clk (rise edge)
                                  0.000000    0.000000   clock source latency
     1    0.016518    0.051123    0.021938    0.021938 ^ clk (in)
                                                         clk (net)
                      0.051133    0.000000    0.021938 ^ clkbuf_0_clk/A (sg13g2_buf_8)
     4    0.048729    0.056917    0.129818    0.151756 ^ clkbuf_0_clk/X (sg13g2_buf_8)
                                                         clknet_0_clk (net)
                      0.057152    0.002535    0.154291 ^ clkbuf_2_3__f_clk/A (sg13g2_buf_8)
     8    0.032470    0.045633    0.124120    0.278410 ^ clkbuf_2_3__f_clk/X (sg13g2_buf_8)
                                                         clknet_2_3__leaf_clk (net)
                      0.045641    0.001109    0.279520 ^ BN[6]$_SDFFE_PP1P_/CLK (sg13g2_dfrbpq_1)
                                  0.250000    0.529520   clock uncertainty
                                  0.000000    0.529520   clock reconvergence pessimism
                                 -0.107283    0.422237   library hold time
                                              0.422237   data required time
---------------------------------------------------------------------------------------------
                                              0.422237   data required time
                                             -1.575067   data arrival time
---------------------------------------------------------------------------------------------
                                              1.152830   slack (MET)


Startpoint: dbit[0]$_SDFFE_PP1P_
            (rising edge-triggered flip-flop clocked by clk)
Endpoint: BN[11]$_SDFFE_PP1P_ (rising edge-triggered flip-flop clocked by clk)
Path Group: clk
Path Type: min

Fanout         Cap        Slew       Delay        Time   Description
---------------------------------------------------------------------------------------------
                                  0.000000    0.000000   clock clk (rise edge)
                                  0.000000    0.000000   clock source latency
     1    0.016518    0.051123    0.021938    0.021938 ^ clk (in)
                                                         clk (net)
                      0.051133    0.000000    0.021938 ^ clkbuf_0_clk/A (sg13g2_buf_8)
     4    0.048729    0.056917    0.129818    0.151756 ^ clkbuf_0_clk/X (sg13g2_buf_8)
                                                         clknet_0_clk (net)
                      0.057145    0.002481    0.154237 ^ clkbuf_2_1__f_clk/A (sg13g2_buf_8)
     7    0.027260    0.042135    0.120878    0.275115 ^ clkbuf_2_1__f_clk/X (sg13g2_buf_8)
                                                         clknet_2_1__leaf_clk (net)
                      0.042153    0.001446    0.276561 ^ dbit[0]$_SDFFE_PP1P_/CLK (sg13g2_dfrbpq_1)
     2    0.007169    0.050807    0.278681    0.555242 v dbit[0]$_SDFFE_PP1P_/Q (sg13g2_dfrbpq_1)
                                                         dbit[0] (net)
                      0.050852    0.000447    0.555689 v fanout5/A (sg13g2_buf_1)
     5    0.026717    0.146161    0.196403    0.752092 v fanout5/X (sg13g2_buf_1)
                                                         net5 (net)
                      0.146161    0.000271    0.752363 v _106_/B (sg13g2_nand4_1)
     1    0.006941    0.068604    0.127858    0.880220 ^ _106_/Y (sg13g2_nand4_1)
                                                         _058_ (net)
                      0.068605    0.000485    0.880705 ^ _107_/A2 (sg13g2_a21o_1)
     1    0.004363    0.042492    0.173524    1.054230 ^ _107_/X (sg13g2_a21o_1)
                                                         _002_ (net)
                      0.042493    0.000288    1.054518 ^ hold38/A (sg13g2_dlygate4sd3_1)
     1    0.002421    0.053791    0.560155    1.614673 ^ hold38/X (sg13g2_dlygate4sd3_1)
                                                         net121 (net)
                      0.053791    0.000092    1.614765 ^ BN[11]$_SDFFE_PP1P_/D (sg13g2_dfrbpq_1)
                                              1.614765   data arrival time

                                  0.000000    0.000000   clock clk (rise edge)
                                  0.000000    0.000000   clock source latency
     1    0.016518    0.051123    0.021938    0.021938 ^ clk (in)
                                                         clk (net)
                      0.051133    0.000000    0.021938 ^ clkbuf_0_clk/A (sg13g2_buf_8)
     4    0.048729    0.056917    0.129818    0.151756 ^ clkbuf_0_clk/X (sg13g2_buf_8)
                                                         clknet_0_clk (net)
                      0.057145    0.002481    0.154237 ^ clkbuf_2_1__f_clk/A (sg13g2_buf_8)
     7    0.027260    0.042135    0.120878    0.275115 ^ clkbuf_2_1__f_clk/X (sg13g2_buf_8)
                                                         clknet_2_1__leaf_clk (net)
                      0.042149    0.001250    0.276365 ^ BN[11]$_SDFFE_PP1P_/CLK (sg13g2_dfrbpq_1)
                                  0.250000    0.526365   clock uncertainty
                                  0.000000    0.526365   clock reconvergence pessimism
                                 -0.106957    0.419408   library hold time
                                              0.419408   data required time
---------------------------------------------------------------------------------------------
                                              0.419408   data required time
                                             -1.614765   data arrival time
---------------------------------------------------------------------------------------------
                                              1.195357   slack (MET)


Startpoint: dbit[0]$_SDFFE_PP1P_
            (rising edge-triggered flip-flop clocked by clk)
Endpoint: BN[3]$_SDFFE_PP1P_ (rising edge-triggered flip-flop clocked by clk)
Path Group: clk
Path Type: min

Fanout         Cap        Slew       Delay        Time   Description
---------------------------------------------------------------------------------------------
                                  0.000000    0.000000   clock clk (rise edge)
                                  0.000000    0.000000   clock source latency
     1    0.016518    0.051123    0.021938    0.021938 ^ clk (in)
                                                         clk (net)
                      0.051133    0.000000    0.021938 ^ clkbuf_0_clk/A (sg13g2_buf_8)
     4    0.048729    0.056917    0.129818    0.151756 ^ clkbuf_0_clk/X (sg13g2_buf_8)
                                                         clknet_0_clk (net)
                      0.057145    0.002481    0.154237 ^ clkbuf_2_1__f_clk/A (sg13g2_buf_8)
     7    0.027260    0.042135    0.120878    0.275115 ^ clkbuf_2_1__f_clk/X (sg13g2_buf_8)
                                                         clknet_2_1__leaf_clk (net)
                      0.042153    0.001446    0.276561 ^ dbit[0]$_SDFFE_PP1P_/CLK (sg13g2_dfrbpq_1)
     2    0.007169    0.050807    0.278681    0.555242 v dbit[0]$_SDFFE_PP1P_/Q (sg13g2_dfrbpq_1)
                                                         dbit[0] (net)
                      0.050852    0.000447    0.555689 v fanout5/A (sg13g2_buf_1)
     5    0.026717    0.146161    0.196403    0.752092 v fanout5/X (sg13g2_buf_1)
                                                         net5 (net)
                      0.146161    0.000560    0.752652 v _113_/B (sg13g2_nand4_1)
     1    0.005891    0.062798    0.122320    0.874972 ^ _113_/Y (sg13g2_nand4_1)
                                                         _062_ (net)
                      0.062798    0.000203    0.875175 ^ _114_/A2 (sg13g2_a21o_1)
     1    0.005754    0.050485    0.177389    1.052563 ^ _114_/X (sg13g2_a21o_1)
                                                         _005_ (net)
                      0.050490    0.000503    1.053066 ^ hold10/A (sg13g2_dlygate4sd3_1)
     1    0.002064    0.051850    0.562873    1.615940 ^ hold10/X (sg13g2_dlygate4sd3_1)
                                                         net93 (net)
                      0.051850    0.000074    1.616014 ^ BN[3]$_SDFFE_PP1P_/D (sg13g2_dfrbpq_1)
                                              1.616014   data arrival time

                                  0.000000    0.000000   clock clk (rise edge)
                                  0.000000    0.000000   clock source latency
     1    0.016518    0.051123    0.021938    0.021938 ^ clk (in)
                                                         clk (net)
                      0.051133    0.000000    0.021938 ^ clkbuf_0_clk/A (sg13g2_buf_8)
     4    0.048729    0.056917    0.129818    0.151756 ^ clkbuf_0_clk/X (sg13g2_buf_8)
                                                         clknet_0_clk (net)
                      0.057145    0.002481    0.154237 ^ clkbuf_2_1__f_clk/A (sg13g2_buf_8)
     7    0.027260    0.042135    0.120878    0.275115 ^ clkbuf_2_1__f_clk/X (sg13g2_buf_8)
                                                         clknet_2_1__leaf_clk (net)
                      0.042150    0.001344    0.276458 ^ BN[3]$_SDFFE_PP1P_/CLK (sg13g2_dfrbpq_1)
                                  0.250000    0.526458   clock uncertainty
                                  0.000000    0.526458   clock reconvergence pessimism
                                 -0.106249    0.420209   library hold time
                                              0.420209   data required time
---------------------------------------------------------------------------------------------
                                              0.420209   data required time
                                             -1.616014   data arrival time
---------------------------------------------------------------------------------------------
                                              1.195805   slack (MET)


Startpoint: BN[8]$_SDFFE_PP1P_ (rising edge-triggered flip-flop clocked by clk)
Endpoint: BN[8]$_SDFFE_PP1P_ (rising edge-triggered flip-flop clocked by clk)
Path Group: clk
Path Type: min

Fanout         Cap        Slew       Delay        Time   Description
---------------------------------------------------------------------------------------------
                                  0.000000    0.000000   clock clk (rise edge)
                                  0.000000    0.000000   clock source latency
     1    0.016518    0.051123    0.021938    0.021938 ^ clk (in)
                                                         clk (net)
                      0.051133    0.000000    0.021938 ^ clkbuf_0_clk/A (sg13g2_buf_8)
     4    0.048729    0.056917    0.129818    0.151756 ^ clkbuf_0_clk/X (sg13g2_buf_8)
                                                         clknet_0_clk (net)
                      0.057165    0.002621    0.154377 ^ clkbuf_2_0__f_clk/A (sg13g2_buf_8)
     8    0.030629    0.044403    0.122827    0.277204 ^ clkbuf_2_0__f_clk/X (sg13g2_buf_8)
                                                         clknet_2_0__leaf_clk (net)
                      0.044429    0.001740    0.278944 ^ BN[8]$_SDFFE_PP1P_/CLK (sg13g2_dfrbpq_1)
     3    0.009625    0.075177    0.295263    0.574207 ^ BN[8]$_SDFFE_PP1P_/Q (sg13g2_dfrbpq_1)
                                                         net29 (net)
                      0.075180    0.000578    0.574785 ^ hold7/A (sg13g2_dlygate4sd3_1)
     1    0.003263    0.058325    0.584027    1.158811 ^ hold7/X (sg13g2_dlygate4sd3_1)
                                                         net90 (net)
                      0.058325    0.000242    1.159054 ^ _125_/A1 (sg13g2_a21o_1)
     1    0.001863    0.028386    0.150718    1.309772 ^ _125_/X (sg13g2_a21o_1)
                                                         _010_ (net)
                      0.028386    0.000069    1.309841 ^ hold8/A (sg13g2_dlygate4sd3_1)
     1    0.001430    0.048355    0.546336    1.856177 ^ hold8/X (sg13g2_dlygate4sd3_1)
                                                         net91 (net)
                      0.048356    0.000056    1.856233 ^ BN[8]$_SDFFE_PP1P_/D (sg13g2_dfrbpq_1)
                                              1.856233   data arrival time

                                  0.000000    0.000000   clock clk (rise edge)
                                  0.000000    0.000000   clock source latency
     1    0.016518    0.051123    0.021938    0.021938 ^ clk (in)
                                                         clk (net)
                      0.051133    0.000000    0.021938 ^ clkbuf_0_clk/A (sg13g2_buf_8)
     4    0.048729    0.056917    0.129818    0.151756 ^ clkbuf_0_clk/X (sg13g2_buf_8)
                                                         clknet_0_clk (net)
                      0.057165    0.002621    0.154377 ^ clkbuf_2_0__f_clk/A (sg13g2_buf_8)
     8    0.030629    0.044403    0.122827    0.277204 ^ clkbuf_2_0__f_clk/X (sg13g2_buf_8)
                                                         clknet_2_0__leaf_clk (net)
                      0.044429    0.001740    0.278944 ^ BN[8]$_SDFFE_PP1P_/CLK (sg13g2_dfrbpq_1)
                                  0.250000    0.528944   clock uncertainty
                                  0.000000    0.528944   clock reconvergence pessimism
                                 -0.104620    0.424323   library hold time
                                              0.424323   data required time
---------------------------------------------------------------------------------------------
                                              0.424323   data required time
                                             -1.856233   data arrival time
---------------------------------------------------------------------------------------------
                                              1.431910   slack (MET)


Startpoint: BN[9]$_SDFFE_PP1P_ (rising edge-triggered flip-flop clocked by clk)
Endpoint: BN[9]$_SDFFE_PP1P_ (rising edge-triggered flip-flop clocked by clk)
Path Group: clk
Path Type: min

Fanout         Cap        Slew       Delay        Time   Description
---------------------------------------------------------------------------------------------
                                  0.000000    0.000000   clock clk (rise edge)
                                  0.000000    0.000000   clock source latency
     1    0.016518    0.051123    0.021938    0.021938 ^ clk (in)
                                                         clk (net)
                      0.051133    0.000000    0.021938 ^ clkbuf_0_clk/A (sg13g2_buf_8)
     4    0.048729    0.056917    0.129818    0.151756 ^ clkbuf_0_clk/X (sg13g2_buf_8)
                                                         clknet_0_clk (net)
                      0.057176    0.002697    0.154453 ^ clkbuf_2_2__f_clk/A (sg13g2_buf_8)
     8    0.031400    0.044945    0.123419    0.277872 ^ clkbuf_2_2__f_clk/X (sg13g2_buf_8)
                                                         clknet_2_2__leaf_clk (net)
                      0.044968    0.001554    0.279426 ^ BN[9]$_SDFFE_PP1P_/CLK (sg13g2_dfrbpq_1)
     3    0.010314    0.079359    0.298676    0.578101 ^ BN[9]$_SDFFE_PP1P_/Q (sg13g2_dfrbpq_1)
                                                         net30 (net)
                      0.079362    0.000655    0.578756 ^ hold29/A (sg13g2_dlygate4sd3_1)
     1    0.003351    0.058800    0.586972    1.165728 ^ hold29/X (sg13g2_dlygate4sd3_1)
                                                         net112 (net)
                      0.058800    0.000257    1.165985 ^ _127_/A1 (sg13g2_a21o_1)
     1    0.002396    0.036146    0.153566    1.319551 ^ _127_/X (sg13g2_a21o_1)
                                                         _011_ (net)
                      0.036146    0.000144    1.319695 ^ hold30/A (sg13g2_dlygate4sd3_1)
     1    0.002538    0.054420    0.557073    1.876768 ^ hold30/X (sg13g2_dlygate4sd3_1)
                                                         net113 (net)
                      0.054420    0.000094    1.876862 ^ BN[9]$_SDFFE_PP1P_/D (sg13g2_dfrbpq_1)
                                              1.876862   data arrival time

                                  0.000000    0.000000   clock clk (rise edge)
                                  0.000000    0.000000   clock source latency
     1    0.016518    0.051123    0.021938    0.021938 ^ clk (in)
                                                         clk (net)
                      0.051133    0.000000    0.021938 ^ clkbuf_0_clk/A (sg13g2_buf_8)
     4    0.048729    0.056917    0.129818    0.151756 ^ clkbuf_0_clk/X (sg13g2_buf_8)
                                                         clknet_0_clk (net)
                      0.057176    0.002697    0.154453 ^ clkbuf_2_2__f_clk/A (sg13g2_buf_8)
     8    0.031400    0.044945    0.123419    0.277872 ^ clkbuf_2_2__f_clk/X (sg13g2_buf_8)
                                                         clknet_2_2__leaf_clk (net)
                      0.044968    0.001554    0.279426 ^ BN[9]$_SDFFE_PP1P_/CLK (sg13g2_dfrbpq_1)
                                  0.250000    0.529426   clock uncertainty
                                  0.000000    0.529426   clock reconvergence pessimism
                                 -0.106745    0.422681   library hold time
                                              0.422681   data required time
---------------------------------------------------------------------------------------------
                                              0.422681   data required time
                                             -1.876862   data arrival time
---------------------------------------------------------------------------------------------
                                              1.454181   slack (MET)


Startpoint: B[9]$_SDFFE_PP1P_ (rising edge-triggered flip-flop clocked by clk)
Endpoint: B[9]$_SDFFE_PP1P_ (rising edge-triggered flip-flop clocked by clk)
Path Group: clk
Path Type: min

Fanout         Cap        Slew       Delay        Time   Description
---------------------------------------------------------------------------------------------
                                  0.000000    0.000000   clock clk (rise edge)
                                  0.000000    0.000000   clock source latency
     1    0.016518    0.051123    0.021938    0.021938 ^ clk (in)
                                                         clk (net)
                      0.051133    0.000000    0.021938 ^ clkbuf_0_clk/A (sg13g2_buf_8)
     4    0.048729    0.056917    0.129818    0.151756 ^ clkbuf_0_clk/X (sg13g2_buf_8)
                                                         clknet_0_clk (net)
                      0.057176    0.002697    0.154453 ^ clkbuf_2_2__f_clk/A (sg13g2_buf_8)
     8    0.031400    0.044945    0.123419    0.277872 ^ clkbuf_2_2__f_clk/X (sg13g2_buf_8)
                                                         clknet_2_2__leaf_clk (net)
                      0.044968    0.001565    0.279437 ^ B[9]$_SDFFE_PP1P_/CLK (sg13g2_dfrbpq_1)
     3    0.010990    0.083368    0.301715    0.581152 ^ B[9]$_SDFFE_PP1P_/Q (sg13g2_dfrbpq_1)
                                                         net42 (net)
                      0.083372    0.000661    0.581813 ^ hold31/A (sg13g2_dlygate4sd3_1)
     1    0.005077    0.067554    0.598897    1.180710 ^ hold31/X (sg13g2_dlygate4sd3_1)
                                                         net114 (net)
                      0.067554    0.000323    1.181033 ^ _152_/A1 (sg13g2_a21o_1)
     1    0.003063    0.039779    0.161253    1.342286 ^ _152_/X (sg13g2_a21o_1)
                                                         _023_ (net)
                      0.039779    0.000188    1.342474 ^ hold32/A (sg13g2_dlygate4sd3_1)
     1    0.001500    0.048750    0.553432    1.895905 ^ hold32/X (sg13g2_dlygate4sd3_1)
                                                         net115 (net)
                      0.048750    0.000058    1.895963 ^ B[9]$_SDFFE_PP1P_/D (sg13g2_dfrbpq_1)
                                              1.895963   data arrival time

                                  0.000000    0.000000   clock clk (rise edge)
                                  0.000000    0.000000   clock source latency
     1    0.016518    0.051123    0.021938    0.021938 ^ clk (in)
                                                         clk (net)
                      0.051133    0.000000    0.021938 ^ clkbuf_0_clk/A (sg13g2_buf_8)
     4    0.048729    0.056917    0.129818    0.151756 ^ clkbuf_0_clk/X (sg13g2_buf_8)
                                                         clknet_0_clk (net)
                      0.057176    0.002697    0.154453 ^ clkbuf_2_2__f_clk/A (sg13g2_buf_8)
     8    0.031400    0.044945    0.123419    0.277872 ^ clkbuf_2_2__f_clk/X (sg13g2_buf_8)
                                                         clknet_2_2__leaf_clk (net)
                      0.044968    0.001565    0.279437 ^ B[9]$_SDFFE_PP1P_/CLK (sg13g2_dfrbpq_1)
                                  0.250000    0.529437   clock uncertainty
                                  0.000000    0.529437   clock reconvergence pessimism
                                 -0.104680    0.424757   library hold time
                                              0.424757   data required time
---------------------------------------------------------------------------------------------
                                              0.424757   data required time
                                             -1.895963   data arrival time
---------------------------------------------------------------------------------------------
                                              1.471206   slack (MET)


Startpoint: dbit[2]$_SDFFE_PP0P_
            (rising edge-triggered flip-flop clocked by clk)
Endpoint: dbit[2]$_SDFFE_PP0P_ (rising edge-triggered flip-flop clocked by clk)
Path Group: clk
Path Type: min

Fanout         Cap        Slew       Delay        Time   Description
---------------------------------------------------------------------------------------------
                                  0.000000    0.000000   clock clk (rise edge)
                                  0.000000    0.000000   clock source latency
     1    0.016518    0.051123    0.021938    0.021938 ^ clk (in)
                                                         clk (net)
                      0.051133    0.000000    0.021938 ^ clkbuf_0_clk/A (sg13g2_buf_8)
     4    0.048729    0.056917    0.129818    0.151756 ^ clkbuf_0_clk/X (sg13g2_buf_8)
                                                         clknet_0_clk (net)
                      0.057145    0.002481    0.154237 ^ clkbuf_2_1__f_clk/A (sg13g2_buf_8)
     7    0.027260    0.042135    0.120878    0.275115 ^ clkbuf_2_1__f_clk/X (sg13g2_buf_8)
                                                         clknet_2_1__leaf_clk (net)
                      0.042160    0.001746    0.276860 ^ dbit[2]$_SDFFE_PP0P_/CLK (sg13g2_dfrbpq_2)
     3    0.009293    0.044985    0.290370    0.567231 v dbit[2]$_SDFFE_PP0P_/Q (sg13g2_dfrbpq_2)
                                                         dbit[2] (net)
                      0.044985    0.000246    0.567477 v hold39/A (sg13g2_dlygate4sd3_1)
     2    0.011150    0.098359    0.640274    1.207750 v hold39/X (sg13g2_dlygate4sd3_1)
                                                         net122 (net)
                      0.098359    0.000731    1.208481 v _173_/B1 (sg13g2_o21ai_1)
     1    0.004577    0.062650    0.088237    1.296719 ^ _173_/Y (sg13g2_o21ai_1)
                                                         _049_ (net)
                      0.062650    0.000180    1.296899 ^ _174_/A2 (sg13g2_a21oi_1)
     1    0.003430    0.033715    0.103456    1.400355 v _174_/Y (sg13g2_a21oi_1)
                                                         _026_ (net)
                      0.033715    0.000184    1.400539 v hold40/A (sg13g2_dlygate4sd3_1)
     1    0.002040    0.054858    0.583673    1.984212 v hold40/X (sg13g2_dlygate4sd3_1)
                                                         net123 (net)
                      0.054858    0.000078    1.984290 v dbit[2]$_SDFFE_PP0P_/D (sg13g2_dfrbpq_2)
                                              1.984290   data arrival time

                                  0.000000    0.000000   clock clk (rise edge)
                                  0.000000    0.000000   clock source latency
     1    0.016518    0.051123    0.021938    0.021938 ^ clk (in)
                                                         clk (net)
                      0.051133    0.000000    0.021938 ^ clkbuf_0_clk/A (sg13g2_buf_8)
     4    0.048729    0.056917    0.129818    0.151756 ^ clkbuf_0_clk/X (sg13g2_buf_8)
                                                         clknet_0_clk (net)
                      0.057145    0.002481    0.154237 ^ clkbuf_2_1__f_clk/A (sg13g2_buf_8)
     7    0.027260    0.042135    0.120878    0.275115 ^ clkbuf_2_1__f_clk/X (sg13g2_buf_8)
                                                         clknet_2_1__leaf_clk (net)
                      0.042160    0.001746    0.276860 ^ dbit[2]$_SDFFE_PP0P_/CLK (sg13g2_dfrbpq_2)
                                  0.250000    0.526860   clock uncertainty
                                  0.000000    0.526860   clock reconvergence pessimism
                                 -0.056779    0.470081   library hold time
                                              0.470081   data required time
---------------------------------------------------------------------------------------------
                                              0.470081   data required time
                                             -1.984290   data arrival time
---------------------------------------------------------------------------------------------
                                              1.514209   slack (MET)


Startpoint: B[11]$_SDFFE_PP1P_ (rising edge-triggered flip-flop clocked by clk)
Endpoint: B[11]$_SDFFE_PP1P_ (rising edge-triggered flip-flop clocked by clk)
Path Group: clk
Path Type: min

Fanout         Cap        Slew       Delay        Time   Description
---------------------------------------------------------------------------------------------
                                  0.000000    0.000000   clock clk (rise edge)
                                  0.000000    0.000000   clock source latency
     1    0.016518    0.051123    0.021938    0.021938 ^ clk (in)
                                                         clk (net)
                      0.051133    0.000000    0.021938 ^ clkbuf_0_clk/A (sg13g2_buf_8)
     4    0.048729    0.056917    0.129818    0.151756 ^ clkbuf_0_clk/X (sg13g2_buf_8)
                                                         clknet_0_clk (net)
                      0.057176    0.002697    0.154453 ^ clkbuf_2_2__f_clk/A (sg13g2_buf_8)
     8    0.031400    0.044945    0.123419    0.277872 ^ clkbuf_2_2__f_clk/X (sg13g2_buf_8)
                                                         clknet_2_2__leaf_clk (net)
                      0.044964    0.001350    0.279221 ^ B[11]$_SDFFE_PP1P_/CLK (sg13g2_dfrbpq_2)
     2    0.010631    0.055423    0.297341    0.576563 ^ B[11]$_SDFFE_PP1P_/Q (sg13g2_dfrbpq_2)
                                                         net10 (net)
                      0.055423    0.000075    0.576638 ^ hold43/A (sg13g2_dlygate4sd3_1)
     1    0.008569    0.087238    0.601837    1.178475 ^ hold43/X (sg13g2_dlygate4sd3_1)
                                                         net126 (net)
                      0.087238    0.000351    1.178826 ^ fanout10/A (sg13g2_buf_8)
     8    0.057449    0.064176    0.155368    1.334194 ^ fanout10/X (sg13g2_buf_8)
                                                         net33 (net)
                      0.064390    0.002439    1.336633 ^ _134_/A1 (sg13g2_a21o_1)
     1    0.001650    0.027210    0.152738    1.489370 ^ _134_/X (sg13g2_a21o_1)
                                                         _014_ (net)
                      0.027210    0.000064    1.489434 ^ hold44/A (sg13g2_dlygate4sd3_1)
     1    0.002498    0.054200    0.551581    2.041016 ^ hold44/X (sg13g2_dlygate4sd3_1)
                                                         net127 (net)
                      0.054200    0.000158    2.041173 ^ B[11]$_SDFFE_PP1P_/D (sg13g2_dfrbpq_2)
                                              2.041173   data arrival time

                                  0.000000    0.000000   clock clk (rise edge)
                                  0.000000    0.000000   clock source latency
     1    0.016518    0.051123    0.021938    0.021938 ^ clk (in)
                                                         clk (net)
                      0.051133    0.000000    0.021938 ^ clkbuf_0_clk/A (sg13g2_buf_8)
     4    0.048729    0.056917    0.129818    0.151756 ^ clkbuf_0_clk/X (sg13g2_buf_8)
                                                         clknet_0_clk (net)
                      0.057176    0.002697    0.154453 ^ clkbuf_2_2__f_clk/A (sg13g2_buf_8)
     8    0.031400    0.044945    0.123419    0.277872 ^ clkbuf_2_2__f_clk/X (sg13g2_buf_8)
                                                         clknet_2_2__leaf_clk (net)
                      0.044964    0.001350    0.279221 ^ B[11]$_SDFFE_PP1P_/CLK (sg13g2_dfrbpq_2)
                                  0.250000    0.529221   clock uncertainty
                                  0.000000    0.529221   clock reconvergence pessimism
                                 -0.109108    0.420114   library hold time
                                              0.420114   data required time
---------------------------------------------------------------------------------------------
                                              0.420114   data required time
                                             -2.041173   data arrival time
---------------------------------------------------------------------------------------------
                                              1.621060   slack (MET)


Startpoint: B[10]$_SDFFE_PP1P_ (rising edge-triggered flip-flop clocked by clk)
Endpoint: B[10] (output port clocked by clk)
Path Group: clk
Path Type: min

Fanout         Cap        Slew       Delay        Time   Description
---------------------------------------------------------------------------------------------
                                  0.000000    0.000000   clock clk (rise edge)
                                  0.000000    0.000000   clock source latency
     1    0.016518    0.051123    0.021938    0.021938 ^ clk (in)
                                                         clk (net)
                      0.051133    0.000000    0.021938 ^ clkbuf_0_clk/A (sg13g2_buf_8)
     4    0.048729    0.056917    0.129818    0.151756 ^ clkbuf_0_clk/X (sg13g2_buf_8)
                                                         clknet_0_clk (net)
                      0.057176    0.002697    0.154453 ^ clkbuf_2_2__f_clk/A (sg13g2_buf_8)
     8    0.031400    0.044945    0.123419    0.277872 ^ clkbuf_2_2__f_clk/X (sg13g2_buf_8)
                                                         clknet_2_2__leaf_clk (net)
                      0.044965    0.001395    0.279267 ^ B[10]$_SDFFE_PP1P_/CLK (sg13g2_dfrbpq_1)
     3    0.007571    0.052782    0.281980    0.561247 v B[10]$_SDFFE_PP1P_/Q (sg13g2_dfrbpq_1)
                                                         net32 (net)
                      0.052782    0.000201    0.561447 v output16/A (sg13g2_buf_1)
     1    0.008001    0.055401    0.123411    0.684859 v output16/X (sg13g2_buf_1)
                                                         B[10] (net)
                      0.055401    0.000221    0.685079 v B[10] (out)
                                              0.685079   data arrival time

                                  0.000000    0.000000   clock clk (rise edge)
                                  0.000000    0.000000   clock network delay (propagated)
                                  0.250000    0.250000   clock uncertainty
                                  0.000000    0.250000   clock reconvergence pessimism
                                 -2.000000   -1.750000   output external delay
                                             -1.750000   data required time
---------------------------------------------------------------------------------------------
                                             -1.750000   data required time
                                             -0.685079   data arrival time
---------------------------------------------------------------------------------------------
                                              2.435079   slack (MET)


Startpoint: BN[5]$_SDFFE_PP1P_ (rising edge-triggered flip-flop clocked by clk)
Endpoint: BN[5] (output port clocked by clk)
Path Group: clk
Path Type: min

Fanout         Cap        Slew       Delay        Time   Description
---------------------------------------------------------------------------------------------
                                  0.000000    0.000000   clock clk (rise edge)
                                  0.000000    0.000000   clock source latency
     1    0.016518    0.051123    0.021938    0.021938 ^ clk (in)
                                                         clk (net)
                      0.051133    0.000000    0.021938 ^ clkbuf_0_clk/A (sg13g2_buf_8)
     4    0.048729    0.056917    0.129818    0.151756 ^ clkbuf_0_clk/X (sg13g2_buf_8)
                                                         clknet_0_clk (net)
                      0.057176    0.002697    0.154453 ^ clkbuf_2_2__f_clk/A (sg13g2_buf_8)
     8    0.031400    0.044945    0.123419    0.277872 ^ clkbuf_2_2__f_clk/X (sg13g2_buf_8)
                                                         clknet_2_2__leaf_clk (net)
                      0.044955    0.000749    0.278620 ^ BN[5]$_SDFFE_PP1P_/CLK (sg13g2_dfrbpq_1)
     3    0.008371    0.056576    0.285226    0.563847 v BN[5]$_SDFFE_PP1P_/Q (sg13g2_dfrbpq_1)
                                                         net26 (net)
                      0.056576    0.000180    0.564026 v output10/A (sg13g2_buf_1)
     1    0.008119    0.056028    0.125792    0.689819 v output10/X (sg13g2_buf_1)
                                                         BN[5] (net)
                      0.056028    0.000224    0.690043 v BN[5] (out)
                                              0.690043   data arrival time

                                  0.000000    0.000000   clock clk (rise edge)
                                  0.000000    0.000000   clock network delay (propagated)
                                  0.250000    0.250000   clock uncertainty
                                  0.000000    0.250000   clock reconvergence pessimism
                                 -2.000000   -1.750000   output external delay
                                             -1.750000   data required time
---------------------------------------------------------------------------------------------
                                             -1.750000   data required time
                                             -0.690043   data arrival time
---------------------------------------------------------------------------------------------
                                              2.440043   slack (MET)


Startpoint: B[6]$_SDFFE_PP1P_ (rising edge-triggered flip-flop clocked by clk)
Endpoint: B[6] (output port clocked by clk)
Path Group: clk
Path Type: min

Fanout         Cap        Slew       Delay        Time   Description
---------------------------------------------------------------------------------------------
                                  0.000000    0.000000   clock clk (rise edge)
                                  0.000000    0.000000   clock source latency
     1    0.016518    0.051123    0.021938    0.021938 ^ clk (in)
                                                         clk (net)
                      0.051133    0.000000    0.021938 ^ clkbuf_0_clk/A (sg13g2_buf_8)
     4    0.048729    0.056917    0.129818    0.151756 ^ clkbuf_0_clk/X (sg13g2_buf_8)
                                                         clknet_0_clk (net)
                      0.057152    0.002535    0.154291 ^ clkbuf_2_3__f_clk/A (sg13g2_buf_8)
     8    0.032470    0.045633    0.124120    0.278410 ^ clkbuf_2_3__f_clk/X (sg13g2_buf_8)
                                                         clknet_2_3__leaf_clk (net)
                      0.045641    0.001149    0.279560 ^ B[6]$_SDFFE_PP1P_/CLK (sg13g2_dfrbpq_1)
     3    0.008415    0.056843    0.285621    0.565181 v B[6]$_SDFFE_PP1P_/Q (sg13g2_dfrbpq_1)
                                                         net39 (net)
                      0.056845    0.000454    0.565634 v output23/A (sg13g2_buf_1)
     1    0.007808    0.054543    0.124676    0.690311 v output23/X (sg13g2_buf_1)
                                                         B[6] (net)
                      0.054543    0.000214    0.690525 v B[6] (out)
                                              0.690525   data arrival time

                                  0.000000    0.000000   clock clk (rise edge)
                                  0.000000    0.000000   clock network delay (propagated)
                                  0.250000    0.250000   clock uncertainty
                                  0.000000    0.250000   clock reconvergence pessimism
                                 -2.000000   -1.750000   output external delay
                                             -1.750000   data required time
---------------------------------------------------------------------------------------------
                                             -1.750000   data required time
                                             -0.690525   data arrival time
---------------------------------------------------------------------------------------------
                                              2.440525   slack (MET)


Startpoint: B[0]$_SDFFE_PP1P_ (rising edge-triggered flip-flop clocked by clk)
Endpoint: B[0] (output port clocked by clk)
Path Group: clk
Path Type: min

Fanout         Cap        Slew       Delay        Time   Description
---------------------------------------------------------------------------------------------
                                  0.000000    0.000000   clock clk (rise edge)
                                  0.000000    0.000000   clock source latency
     1    0.016518    0.051123    0.021938    0.021938 ^ clk (in)
                                                         clk (net)
                      0.051133    0.000000    0.021938 ^ clkbuf_0_clk/A (sg13g2_buf_8)
     4    0.048729    0.056917    0.129818    0.151756 ^ clkbuf_0_clk/X (sg13g2_buf_8)
                                                         clknet_0_clk (net)
                      0.057165    0.002621    0.154377 ^ clkbuf_2_0__f_clk/A (sg13g2_buf_8)
     8    0.030629    0.044403    0.122827    0.277204 ^ clkbuf_2_0__f_clk/X (sg13g2_buf_8)
                                                         clknet_2_0__leaf_clk (net)
                      0.044424    0.001550    0.278754 ^ B[0]$_SDFFE_PP1P_/CLK (sg13g2_dfrbpq_1)
     3    0.009261    0.060872    0.288414    0.567168 v B[0]$_SDFFE_PP1P_/Q (sg13g2_dfrbpq_1)
                                                         net31 (net)
                      0.060873    0.000372    0.567540 v output15/A (sg13g2_buf_1)
     1    0.007800    0.054609    0.126523    0.694063 v output15/X (sg13g2_buf_1)
                                                         B[0] (net)
                      0.054612    0.000492    0.694555 v B[0] (out)
                                              0.694555   data arrival time

                                  0.000000    0.000000   clock clk (rise edge)
                                  0.000000    0.000000   clock network delay (propagated)
                                  0.250000    0.250000   clock uncertainty
                                  0.000000    0.250000   clock reconvergence pessimism
                                 -2.000000   -1.750000   output external delay
                                             -1.750000   data required time
---------------------------------------------------------------------------------------------
                                             -1.750000   data required time
                                             -0.694555   data arrival time
---------------------------------------------------------------------------------------------
                                              2.444555   slack (MET)


Startpoint: BN[6]$_SDFFE_PP1P_ (rising edge-triggered flip-flop clocked by clk)
Endpoint: BN[6] (output port clocked by clk)
Path Group: clk
Path Type: min

Fanout         Cap        Slew       Delay        Time   Description
---------------------------------------------------------------------------------------------
                                  0.000000    0.000000   clock clk (rise edge)
                                  0.000000    0.000000   clock source latency
     1    0.016518    0.051123    0.021938    0.021938 ^ clk (in)
                                                         clk (net)
                      0.051133    0.000000    0.021938 ^ clkbuf_0_clk/A (sg13g2_buf_8)
     4    0.048729    0.056917    0.129818    0.151756 ^ clkbuf_0_clk/X (sg13g2_buf_8)
                                                         clknet_0_clk (net)
                      0.057152    0.002535    0.154291 ^ clkbuf_2_3__f_clk/A (sg13g2_buf_8)
     8    0.032470    0.045633    0.124120    0.278410 ^ clkbuf_2_3__f_clk/X (sg13g2_buf_8)
                                                         clknet_2_3__leaf_clk (net)
                      0.045641    0.001109    0.279520 ^ BN[6]$_SDFFE_PP1P_/CLK (sg13g2_dfrbpq_1)
     3    0.009787    0.063478    0.291029    0.570549 v BN[6]$_SDFFE_PP1P_/Q (sg13g2_dfrbpq_1)
                                                         net27 (net)
                      0.063482    0.000528    0.571077 v output11/A (sg13g2_buf_1)
     1    0.006657    0.049163    0.123323    0.694400 v output11/X (sg13g2_buf_1)
                                                         BN[6] (net)
                      0.049164    0.000278    0.694678 v BN[6] (out)
                                              0.694678   data arrival time

                                  0.000000    0.000000   clock clk (rise edge)
                                  0.000000    0.000000   clock network delay (propagated)
                                  0.250000    0.250000   clock uncertainty
                                  0.000000    0.250000   clock reconvergence pessimism
                                 -2.000000   -1.750000   output external delay
                                             -1.750000   data required time
---------------------------------------------------------------------------------------------
                                             -1.750000   data required time
                                             -0.694678   data arrival time
---------------------------------------------------------------------------------------------
                                              2.444677   slack (MET)


Startpoint: B[1]$_SDFFE_PP1P_ (rising edge-triggered flip-flop clocked by clk)
Endpoint: B[1] (output port clocked by clk)
Path Group: clk
Path Type: min

Fanout         Cap        Slew       Delay        Time   Description
---------------------------------------------------------------------------------------------
                                  0.000000    0.000000   clock clk (rise edge)
                                  0.000000    0.000000   clock source latency
     1    0.016518    0.051123    0.021938    0.021938 ^ clk (in)
                                                         clk (net)
                      0.051133    0.000000    0.021938 ^ clkbuf_0_clk/A (sg13g2_buf_8)
     4    0.048729    0.056917    0.129818    0.151756 ^ clkbuf_0_clk/X (sg13g2_buf_8)
                                                         clknet_0_clk (net)
                      0.057165    0.002621    0.154377 ^ clkbuf_2_0__f_clk/A (sg13g2_buf_8)
     8    0.030629    0.044403    0.122827    0.277204 ^ clkbuf_2_0__f_clk/X (sg13g2_buf_8)
                                                         clknet_2_0__leaf_clk (net)
                      0.044430    0.001788    0.278992 ^ B[1]$_SDFFE_PP1P_/CLK (sg13g2_dfrbpq_1)
     3    0.009385    0.061463    0.288928    0.567920 v B[1]$_SDFFE_PP1P_/Q (sg13g2_dfrbpq_1)
                                                         net34 (net)
                      0.061463    0.000106    0.568026 v output18/A (sg13g2_buf_1)
     1    0.007683    0.054038    0.126425    0.694451 v output18/X (sg13g2_buf_1)
                                                         B[1] (net)
                      0.054039    0.000328    0.694779 v B[1] (out)
                                              0.694779   data arrival time

                                  0.000000    0.000000   clock clk (rise edge)
                                  0.000000    0.000000   clock network delay (propagated)
                                  0.250000    0.250000   clock uncertainty
                                  0.000000    0.250000   clock reconvergence pessimism
                                 -2.000000   -1.750000   output external delay
                                             -1.750000   data required time
---------------------------------------------------------------------------------------------
                                             -1.750000   data required time
                                             -0.694779   data arrival time
---------------------------------------------------------------------------------------------
                                              2.444779   slack (MET)


Startpoint: B[5]$_SDFFE_PP1P_ (rising edge-triggered flip-flop clocked by clk)
Endpoint: B[5] (output port clocked by clk)
Path Group: clk
Path Type: min

Fanout         Cap        Slew       Delay        Time   Description
---------------------------------------------------------------------------------------------
                                  0.000000    0.000000   clock clk (rise edge)
                                  0.000000    0.000000   clock source latency
     1    0.016518    0.051123    0.021938    0.021938 ^ clk (in)
                                                         clk (net)
                      0.051133    0.000000    0.021938 ^ clkbuf_0_clk/A (sg13g2_buf_8)
     4    0.048729    0.056917    0.129818    0.151756 ^ clkbuf_0_clk/X (sg13g2_buf_8)
                                                         clknet_0_clk (net)
                      0.057176    0.002697    0.154453 ^ clkbuf_2_2__f_clk/A (sg13g2_buf_8)
     8    0.031400    0.044945    0.123419    0.277872 ^ clkbuf_2_2__f_clk/X (sg13g2_buf_8)
                                                         clknet_2_2__leaf_clk (net)
                      0.044955    0.000730    0.278602 ^ B[5]$_SDFFE_PP1P_/CLK (sg13g2_dfrbpq_1)
     3    0.009119    0.060268    0.287921    0.566522 v B[5]$_SDFFE_PP1P_/Q (sg13g2_dfrbpq_1)
                                                         net38 (net)
                      0.060277    0.000752    0.567274 v output22/A (sg13g2_buf_1)
     1    0.008113    0.056057    0.127631    0.694905 v output22/X (sg13g2_buf_1)
                                                         B[5] (net)
                      0.056057    0.000216    0.695121 v B[5] (out)
                                              0.695121   data arrival time

                                  0.000000    0.000000   clock clk (rise edge)
                                  0.000000    0.000000   clock network delay (propagated)
                                  0.250000    0.250000   clock uncertainty
                                  0.000000    0.250000   clock reconvergence pessimism
                                 -2.000000   -1.750000   output external delay
                                             -1.750000   data required time
---------------------------------------------------------------------------------------------
                                             -1.750000   data required time
                                             -0.695121   data arrival time
---------------------------------------------------------------------------------------------
                                              2.445121   slack (MET)


Startpoint: BN[9]$_SDFFE_PP1P_ (rising edge-triggered flip-flop clocked by clk)
Endpoint: BN[9] (output port clocked by clk)
Path Group: clk
Path Type: min

Fanout         Cap        Slew       Delay        Time   Description
---------------------------------------------------------------------------------------------
                                  0.000000    0.000000   clock clk (rise edge)
                                  0.000000    0.000000   clock source latency
     1    0.016518    0.051123    0.021938    0.021938 ^ clk (in)
                                                         clk (net)
                      0.051133    0.000000    0.021938 ^ clkbuf_0_clk/A (sg13g2_buf_8)
     4    0.048729    0.056917    0.129818    0.151756 ^ clkbuf_0_clk/X (sg13g2_buf_8)
                                                         clknet_0_clk (net)
                      0.057176    0.002697    0.154453 ^ clkbuf_2_2__f_clk/A (sg13g2_buf_8)
     8    0.031400    0.044945    0.123419    0.277872 ^ clkbuf_2_2__f_clk/X (sg13g2_buf_8)
                                                         clknet_2_2__leaf_clk (net)
                      0.044968    0.001554    0.279426 ^ BN[9]$_SDFFE_PP1P_/CLK (sg13g2_dfrbpq_1)
     3    0.010214    0.065561    0.292331    0.571756 v BN[9]$_SDFFE_PP1P_/Q (sg13g2_dfrbpq_1)
                                                         net30 (net)
                      0.065563    0.000517    0.572273 v output14/A (sg13g2_buf_1)
     1    0.006949    0.050620    0.125544    0.697818 v output14/X (sg13g2_buf_1)
                                                         BN[9] (net)
                      0.050620    0.000283    0.698100 v BN[9] (out)
                                              0.698100   data arrival time

                                  0.000000    0.000000   clock clk (rise edge)
                                  0.000000    0.000000   clock network delay (propagated)
                                  0.250000    0.250000   clock uncertainty
                                  0.000000    0.250000   clock reconvergence pessimism
                                 -2.000000   -1.750000   output external delay
                                             -1.750000   data required time
---------------------------------------------------------------------------------------------
                                             -1.750000   data required time
                                             -0.698100   data arrival time
---------------------------------------------------------------------------------------------
                                              2.448101   slack (MET)


Startpoint: BN[2]$_SDFFE_PP1P_ (rising edge-triggered flip-flop clocked by clk)
Endpoint: BN[2] (output port clocked by clk)
Path Group: clk
Path Type: min

Fanout         Cap        Slew       Delay        Time   Description
---------------------------------------------------------------------------------------------
                                  0.000000    0.000000   clock clk (rise edge)
                                  0.000000    0.000000   clock source latency
     1    0.016518    0.051123    0.021938    0.021938 ^ clk (in)
                                                         clk (net)
                      0.051133    0.000000    0.021938 ^ clkbuf_0_clk/A (sg13g2_buf_8)
     4    0.048729    0.056917    0.129818    0.151756 ^ clkbuf_0_clk/X (sg13g2_buf_8)
                                                         clknet_0_clk (net)
                      0.057152    0.002535    0.154291 ^ clkbuf_2_3__f_clk/A (sg13g2_buf_8)
     8    0.032470    0.045633    0.124120    0.278410 ^ clkbuf_2_3__f_clk/X (sg13g2_buf_8)
                                                         clknet_2_3__leaf_clk (net)
                      0.045644    0.001271    0.279681 ^ BN[2]$_SDFFE_PP1P_/CLK (sg13g2_dfrbpq_1)
     3    0.009298    0.061074    0.289196    0.568877 v BN[2]$_SDFFE_PP1P_/Q (sg13g2_dfrbpq_1)
                                                         net23 (net)
                      0.061075    0.000360    0.569237 v output7/A (sg13g2_buf_1)
     1    0.008728    0.059060    0.130423    0.699660 v output7/X (sg13g2_buf_1)
                                                         BN[2] (net)
                      0.059062    0.000388    0.700048 v BN[2] (out)
                                              0.700048   data arrival time

                                  0.000000    0.000000   clock clk (rise edge)
                                  0.000000    0.000000   clock network delay (propagated)
                                  0.250000    0.250000   clock uncertainty
                                  0.000000    0.250000   clock reconvergence pessimism
                                 -2.000000   -1.750000   output external delay
                                             -1.750000   data required time
---------------------------------------------------------------------------------------------
                                             -1.750000   data required time
                                             -0.700048   data arrival time
---------------------------------------------------------------------------------------------
                                              2.450048   slack (MET)


Startpoint: BN[4]$_SDFFE_PP1P_ (rising edge-triggered flip-flop clocked by clk)
Endpoint: BN[4] (output port clocked by clk)
Path Group: clk
Path Type: min

Fanout         Cap        Slew       Delay        Time   Description
---------------------------------------------------------------------------------------------
                                  0.000000    0.000000   clock clk (rise edge)
                                  0.000000    0.000000   clock source latency
     1    0.016518    0.051123    0.021938    0.021938 ^ clk (in)
                                                         clk (net)
                      0.051133    0.000000    0.021938 ^ clkbuf_0_clk/A (sg13g2_buf_8)
     4    0.048729    0.056917    0.129818    0.151756 ^ clkbuf_0_clk/X (sg13g2_buf_8)
                                                         clknet_0_clk (net)
                      0.057165    0.002621    0.154377 ^ clkbuf_2_0__f_clk/A (sg13g2_buf_8)
     8    0.030629    0.044403    0.122827    0.277204 ^ clkbuf_2_0__f_clk/X (sg13g2_buf_8)
                                                         clknet_2_0__leaf_clk (net)
                      0.044429    0.001762    0.278966 ^ BN[4]$_SDFFE_PP1P_/CLK (sg13g2_dfrbpq_1)
     3    0.009657    0.062814    0.289929    0.568895 v BN[4]$_SDFFE_PP1P_/Q (sg13g2_dfrbpq_1)
                                                         net25 (net)
                      0.062815    0.000343    0.569238 v output9/A (sg13g2_buf_1)
     1    0.008594    0.058441    0.130760    0.699998 v output9/X (sg13g2_buf_1)
                                                         BN[4] (net)
                      0.058442    0.000381    0.700379 v BN[4] (out)
                                              0.700379   data arrival time

                                  0.000000    0.000000   clock clk (rise edge)
                                  0.000000    0.000000   clock network delay (propagated)
                                  0.250000    0.250000   clock uncertainty
                                  0.000000    0.250000   clock reconvergence pessimism
                                 -2.000000   -1.750000   output external delay
                                             -1.750000   data required time
---------------------------------------------------------------------------------------------
                                             -1.750000   data required time
                                             -0.700379   data arrival time
---------------------------------------------------------------------------------------------
                                              2.450379   slack (MET)


Startpoint: BN[1]$_SDFFE_PP1P_ (rising edge-triggered flip-flop clocked by clk)
Endpoint: BN[1] (output port clocked by clk)
Path Group: clk
Path Type: min

Fanout         Cap        Slew       Delay        Time   Description
---------------------------------------------------------------------------------------------
                                  0.000000    0.000000   clock clk (rise edge)
                                  0.000000    0.000000   clock source latency
     1    0.016518    0.051123    0.021938    0.021938 ^ clk (in)
                                                         clk (net)
                      0.051133    0.000000    0.021938 ^ clkbuf_0_clk/A (sg13g2_buf_8)
     4    0.048729    0.056917    0.129818    0.151756 ^ clkbuf_0_clk/X (sg13g2_buf_8)
                                                         clknet_0_clk (net)
                      0.057176    0.002697    0.154453 ^ clkbuf_2_2__f_clk/A (sg13g2_buf_8)
     8    0.031400    0.044945    0.123419    0.277872 ^ clkbuf_2_2__f_clk/X (sg13g2_buf_8)
                                                         clknet_2_2__leaf_clk (net)
                      0.044970    0.001617    0.279488 ^ BN[1]$_SDFFE_PP1P_/CLK (sg13g2_dfrbpq_1)
     3    0.010781    0.068310    0.294622    0.574110 v BN[1]$_SDFFE_PP1P_/Q (sg13g2_dfrbpq_1)
                                                         net22 (net)
                      0.068313    0.000532    0.574642 v output6/A (sg13g2_buf_1)
     1    0.006643    0.049183    0.125693    0.700335 v output6/X (sg13g2_buf_1)
                                                         BN[1] (net)
                      0.049184    0.000273    0.700607 v BN[1] (out)
                                              0.700607   data arrival time

                                  0.000000    0.000000   clock clk (rise edge)
                                  0.000000    0.000000   clock network delay (propagated)
                                  0.250000    0.250000   clock uncertainty
                                  0.000000    0.250000   clock reconvergence pessimism
                                 -2.000000   -1.750000   output external delay
                                             -1.750000   data required time
---------------------------------------------------------------------------------------------
                                             -1.750000   data required time
                                             -0.700607   data arrival time
---------------------------------------------------------------------------------------------
                                              2.450607   slack (MET)


Startpoint: B[9]$_SDFFE_PP1P_ (rising edge-triggered flip-flop clocked by clk)
Endpoint: B[9] (output port clocked by clk)
Path Group: clk
Path Type: min

Fanout         Cap        Slew       Delay        Time   Description
---------------------------------------------------------------------------------------------
                                  0.000000    0.000000   clock clk (rise edge)
                                  0.000000    0.000000   clock source latency
     1    0.016518    0.051123    0.021938    0.021938 ^ clk (in)
                                                         clk (net)
                      0.051133    0.000000    0.021938 ^ clkbuf_0_clk/A (sg13g2_buf_8)
     4    0.048729    0.056917    0.129818    0.151756 ^ clkbuf_0_clk/X (sg13g2_buf_8)
                                                         clknet_0_clk (net)
                      0.057176    0.002697    0.154453 ^ clkbuf_2_2__f_clk/A (sg13g2_buf_8)
     8    0.031400    0.044945    0.123419    0.277872 ^ clkbuf_2_2__f_clk/X (sg13g2_buf_8)
                                                         clknet_2_2__leaf_clk (net)
                      0.044968    0.001565    0.279437 ^ B[9]$_SDFFE_PP1P_/CLK (sg13g2_dfrbpq_1)
     3    0.010899    0.068904    0.295032    0.574469 v B[9]$_SDFFE_PP1P_/Q (sg13g2_dfrbpq_1)
                                                         net42 (net)
                      0.068907    0.000552    0.575021 v output26/A (sg13g2_buf_1)
     1    0.006718    0.049588    0.126289    0.701310 v output26/X (sg13g2_buf_1)
                                                         B[9] (net)
                      0.049589    0.000276    0.701586 v B[9] (out)
                                              0.701586   data arrival time

                                  0.000000    0.000000   clock clk (rise edge)
                                  0.000000    0.000000   clock network delay (propagated)
                                  0.250000    0.250000   clock uncertainty
                                  0.000000    0.250000   clock reconvergence pessimism
                                 -2.000000   -1.750000   output external delay
                                             -1.750000   data required time
---------------------------------------------------------------------------------------------
                                             -1.750000   data required time
                                             -0.701586   data arrival time
---------------------------------------------------------------------------------------------
                                              2.451586   slack (MET)


Startpoint: BN[8]$_SDFFE_PP1P_ (rising edge-triggered flip-flop clocked by clk)
Endpoint: BN[8] (output port clocked by clk)
Path Group: clk
Path Type: min

Fanout         Cap        Slew       Delay        Time   Description
---------------------------------------------------------------------------------------------
                                  0.000000    0.000000   clock clk (rise edge)
                                  0.000000    0.000000   clock source latency
     1    0.016518    0.051123    0.021938    0.021938 ^ clk (in)
                                                         clk (net)
                      0.051133    0.000000    0.021938 ^ clkbuf_0_clk/A (sg13g2_buf_8)
     4    0.048729    0.056917    0.129818    0.151756 ^ clkbuf_0_clk/X (sg13g2_buf_8)
                                                         clknet_0_clk (net)
                      0.057165    0.002621    0.154377 ^ clkbuf_2_0__f_clk/A (sg13g2_buf_8)
     8    0.030629    0.044403    0.122827    0.277204 ^ clkbuf_2_0__f_clk/X (sg13g2_buf_8)
                                                         clknet_2_0__leaf_clk (net)
                      0.044429    0.001740    0.278944 ^ BN[8]$_SDFFE_PP1P_/CLK (sg13g2_dfrbpq_1)
     3    0.009526    0.062222    0.289279    0.568223 v BN[8]$_SDFFE_PP1P_/Q (sg13g2_dfrbpq_1)
                                                         net29 (net)
                      0.062225    0.000478    0.568701 v output13/A (sg13g2_buf_1)
     1    0.009175    0.061249    0.132782    0.701483 v output13/X (sg13g2_buf_1)
                                                         BN[8] (net)
                      0.061250    0.000426    0.701909 v BN[8] (out)
                                              0.701909   data arrival time

                                  0.000000    0.000000   clock clk (rise edge)
                                  0.000000    0.000000   clock network delay (propagated)
                                  0.250000    0.250000   clock uncertainty
                                  0.000000    0.250000   clock reconvergence pessimism
                                 -2.000000   -1.750000   output external delay
                                             -1.750000   data required time
---------------------------------------------------------------------------------------------
                                             -1.750000   data required time
                                             -0.701909   data arrival time
---------------------------------------------------------------------------------------------
                                              2.451909   slack (MET)


Startpoint: B[4]$_SDFFE_PP1P_ (rising edge-triggered flip-flop clocked by clk)
Endpoint: B[4] (output port clocked by clk)
Path Group: clk
Path Type: min

Fanout         Cap        Slew       Delay        Time   Description
---------------------------------------------------------------------------------------------
                                  0.000000    0.000000   clock clk (rise edge)
                                  0.000000    0.000000   clock source latency
     1    0.016518    0.051123    0.021938    0.021938 ^ clk (in)
                                                         clk (net)
                      0.051133    0.000000    0.021938 ^ clkbuf_0_clk/A (sg13g2_buf_8)
     4    0.048729    0.056917    0.129818    0.151756 ^ clkbuf_0_clk/X (sg13g2_buf_8)
                                                         clknet_0_clk (net)
                      0.057165    0.002621    0.154377 ^ clkbuf_2_0__f_clk/A (sg13g2_buf_8)
     8    0.030629    0.044403    0.122827    0.277204 ^ clkbuf_2_0__f_clk/X (sg13g2_buf_8)
                                                         clknet_2_0__leaf_clk (net)
                      0.044429    0.001746    0.278950 ^ B[4]$_SDFFE_PP1P_/CLK (sg13g2_dfrbpq_1)
     3    0.009860    0.063822    0.290665    0.569615 v B[4]$_SDFFE_PP1P_/Q (sg13g2_dfrbpq_1)
                                                         net37 (net)
                      0.063825    0.000503    0.570118 v output21/A (sg13g2_buf_1)
     1    0.008808    0.059432    0.131948    0.702066 v output21/X (sg13g2_buf_1)
                                                         B[4] (net)
                      0.059441    0.000733    0.702799 v B[4] (out)
                                              0.702799   data arrival time

                                  0.000000    0.000000   clock clk (rise edge)
                                  0.000000    0.000000   clock network delay (propagated)
                                  0.250000    0.250000   clock uncertainty
                                  0.000000    0.250000   clock reconvergence pessimism
                                 -2.000000   -1.750000   output external delay
                                             -1.750000   data required time
---------------------------------------------------------------------------------------------
                                             -1.750000   data required time
                                             -0.702799   data arrival time
---------------------------------------------------------------------------------------------
                                              2.452798   slack (MET)


Startpoint: BN[0]$_SDFFE_PP1P_ (rising edge-triggered flip-flop clocked by clk)
Endpoint: BN[0] (output port clocked by clk)
Path Group: clk
Path Type: min

Fanout         Cap        Slew       Delay        Time   Description
---------------------------------------------------------------------------------------------
                                  0.000000    0.000000   clock clk (rise edge)
                                  0.000000    0.000000   clock source latency
     1    0.016518    0.051123    0.021938    0.021938 ^ clk (in)
                                                         clk (net)
                      0.051133    0.000000    0.021938 ^ clkbuf_0_clk/A (sg13g2_buf_8)
     4    0.048729    0.056917    0.129818    0.151756 ^ clkbuf_0_clk/X (sg13g2_buf_8)
                                                         clknet_0_clk (net)
                      0.057165    0.002621    0.154377 ^ clkbuf_2_0__f_clk/A (sg13g2_buf_8)
     8    0.030629    0.044403    0.122827    0.277204 ^ clkbuf_2_0__f_clk/X (sg13g2_buf_8)
                                                         clknet_2_0__leaf_clk (net)
                      0.044424    0.001531    0.278735 ^ BN[0]$_SDFFE_PP1P_/CLK (sg13g2_dfrbpq_1)
     3    0.010793    0.068366    0.294356    0.573091 v BN[0]$_SDFFE_PP1P_/Q (sg13g2_dfrbpq_1)
                                                         net19 (net)
                      0.068371    0.000618    0.573709 v output3/A (sg13g2_buf_1)
     1    0.007749    0.054472    0.130158    0.703868 v output3/X (sg13g2_buf_1)
                                                         BN[0] (net)
                      0.054473    0.000340    0.704208 v BN[0] (out)
                                              0.704208   data arrival time

                                  0.000000    0.000000   clock clk (rise edge)
                                  0.000000    0.000000   clock network delay (propagated)
                                  0.250000    0.250000   clock uncertainty
                                  0.000000    0.250000   clock reconvergence pessimism
                                 -2.000000   -1.750000   output external delay
                                             -1.750000   data required time
---------------------------------------------------------------------------------------------
                                             -1.750000   data required time
                                             -0.704208   data arrival time
---------------------------------------------------------------------------------------------
                                              2.454208   slack (MET)


Startpoint: BN[7]$_SDFFE_PP1P_ (rising edge-triggered flip-flop clocked by clk)
Endpoint: BN[7] (output port clocked by clk)
Path Group: clk
Path Type: min

Fanout         Cap        Slew       Delay        Time   Description
---------------------------------------------------------------------------------------------
                                  0.000000    0.000000   clock clk (rise edge)
                                  0.000000    0.000000   clock source latency
     1    0.016518    0.051123    0.021938    0.021938 ^ clk (in)
                                                         clk (net)
                      0.051133    0.000000    0.021938 ^ clkbuf_0_clk/A (sg13g2_buf_8)
     4    0.048729    0.056917    0.129818    0.151756 ^ clkbuf_0_clk/X (sg13g2_buf_8)
                                                         clknet_0_clk (net)
                      0.057152    0.002535    0.154291 ^ clkbuf_2_3__f_clk/A (sg13g2_buf_8)
     8    0.032470    0.045633    0.124120    0.278410 ^ clkbuf_2_3__f_clk/X (sg13g2_buf_8)
                                                         clknet_2_3__leaf_clk (net)
                      0.045643    0.001243    0.279653 ^ BN[7]$_SDFFE_PP1P_/CLK (sg13g2_dfrbpq_1)
     3    0.009793    0.063448    0.291225    0.570878 v BN[7]$_SDFFE_PP1P_/Q (sg13g2_dfrbpq_1)
                                                         net28 (net)
                      0.063449    0.000312    0.571190 v output12/A (sg13g2_buf_1)
     1    0.009060    0.060707    0.132942    0.704132 v output12/X (sg13g2_buf_1)
                                                         BN[7] (net)
                      0.060708    0.000410    0.704543 v BN[7] (out)
                                              0.704543   data arrival time

                                  0.000000    0.000000   clock clk (rise edge)
                                  0.000000    0.000000   clock network delay (propagated)
                                  0.250000    0.250000   clock uncertainty
                                  0.000000    0.250000   clock reconvergence pessimism
                                 -2.000000   -1.750000   output external delay
                                             -1.750000   data required time
---------------------------------------------------------------------------------------------
                                             -1.750000   data required time
                                             -0.704543   data arrival time
---------------------------------------------------------------------------------------------
                                              2.454543   slack (MET)


Startpoint: B[7]$_SDFFE_PP1P_ (rising edge-triggered flip-flop clocked by clk)
Endpoint: B[7] (output port clocked by clk)
Path Group: clk
Path Type: min

Fanout         Cap        Slew       Delay        Time   Description
---------------------------------------------------------------------------------------------
                                  0.000000    0.000000   clock clk (rise edge)
                                  0.000000    0.000000   clock source latency
     1    0.016518    0.051123    0.021938    0.021938 ^ clk (in)
                                                         clk (net)
                      0.051133    0.000000    0.021938 ^ clkbuf_0_clk/A (sg13g2_buf_8)
     4    0.048729    0.056917    0.129818    0.151756 ^ clkbuf_0_clk/X (sg13g2_buf_8)
                                                         clknet_0_clk (net)
                      0.057152    0.002535    0.154291 ^ clkbuf_2_3__f_clk/A (sg13g2_buf_8)
     8    0.032470    0.045633    0.124120    0.278410 ^ clkbuf_2_3__f_clk/X (sg13g2_buf_8)
                                                         clknet_2_3__leaf_clk (net)
                      0.045641    0.001120    0.279530 ^ B[7]$_SDFFE_PP1P_/CLK (sg13g2_dfrbpq_1)
     3    0.010363    0.066224    0.293455    0.572985 v B[7]$_SDFFE_PP1P_/Q (sg13g2_dfrbpq_1)
                                                         net40 (net)
                      0.066224    0.000301    0.573286 v output24/A (sg13g2_buf_1)
     1    0.008869    0.059760    0.133422    0.706709 v output24/X (sg13g2_buf_1)
                                                         B[7] (net)
                      0.059768    0.000729    0.707438 v B[7] (out)
                                              0.707438   data arrival time

                                  0.000000    0.000000   clock clk (rise edge)
                                  0.000000    0.000000   clock network delay (propagated)
                                  0.250000    0.250000   clock uncertainty
                                  0.000000    0.250000   clock reconvergence pessimism
                                 -2.000000   -1.750000   output external delay
                                             -1.750000   data required time
---------------------------------------------------------------------------------------------
                                             -1.750000   data required time
                                             -0.707438   data arrival time
---------------------------------------------------------------------------------------------
                                              2.457438   slack (MET)


Startpoint: BN[3]$_SDFFE_PP1P_ (rising edge-triggered flip-flop clocked by clk)
Endpoint: BN[3] (output port clocked by clk)
Path Group: clk
Path Type: min

Fanout         Cap        Slew       Delay        Time   Description
---------------------------------------------------------------------------------------------
                                  0.000000    0.000000   clock clk (rise edge)
                                  0.000000    0.000000   clock source latency
     1    0.016518    0.051123    0.021938    0.021938 ^ clk (in)
                                                         clk (net)
                      0.051133    0.000000    0.021938 ^ clkbuf_0_clk/A (sg13g2_buf_8)
     4    0.048729    0.056917    0.129818    0.151756 ^ clkbuf_0_clk/X (sg13g2_buf_8)
                                                         clknet_0_clk (net)
                      0.057145    0.002481    0.154237 ^ clkbuf_2_1__f_clk/A (sg13g2_buf_8)
     7    0.027260    0.042135    0.120878    0.275115 ^ clkbuf_2_1__f_clk/X (sg13g2_buf_8)
                                                         clknet_2_1__leaf_clk (net)
                      0.042150    0.001344    0.276458 ^ BN[3]$_SDFFE_PP1P_/CLK (sg13g2_dfrbpq_1)
     3    0.011636    0.072411    0.296609    0.573067 v BN[3]$_SDFFE_PP1P_/Q (sg13g2_dfrbpq_1)
                                                         net24 (net)
                      0.072411    0.000365    0.573433 v output8/A (sg13g2_buf_1)
     1    0.008485    0.058062    0.135155    0.708588 v output8/X (sg13g2_buf_1)
                                                         BN[3] (net)
                      0.058063    0.000369    0.708956 v BN[3] (out)
                                              0.708956   data arrival time

                                  0.000000    0.000000   clock clk (rise edge)
                                  0.000000    0.000000   clock network delay (propagated)
                                  0.250000    0.250000   clock uncertainty
                                  0.000000    0.250000   clock reconvergence pessimism
                                 -2.000000   -1.750000   output external delay
                                             -1.750000   data required time
---------------------------------------------------------------------------------------------
                                             -1.750000   data required time
                                             -0.708956   data arrival time
---------------------------------------------------------------------------------------------
                                              2.458956   slack (MET)


Startpoint: B[3]$_SDFFE_PP1P_ (rising edge-triggered flip-flop clocked by clk)
Endpoint: B[3] (output port clocked by clk)
Path Group: clk
Path Type: min

Fanout         Cap        Slew       Delay        Time   Description
---------------------------------------------------------------------------------------------
                                  0.000000    0.000000   clock clk (rise edge)
                                  0.000000    0.000000   clock source latency
     1    0.016518    0.051123    0.021938    0.021938 ^ clk (in)
                                                         clk (net)
                      0.051133    0.000000    0.021938 ^ clkbuf_0_clk/A (sg13g2_buf_8)
     4    0.048729    0.056917    0.129818    0.151756 ^ clkbuf_0_clk/X (sg13g2_buf_8)
                                                         clknet_0_clk (net)
                      0.057145    0.002481    0.154237 ^ clkbuf_2_1__f_clk/A (sg13g2_buf_8)
     7    0.027260    0.042135    0.120878    0.275115 ^ clkbuf_2_1__f_clk/X (sg13g2_buf_8)
                                                         clknet_2_1__leaf_clk (net)
                      0.042151    0.001355    0.276470 ^ B[3]$_SDFFE_PP1P_/CLK (sg13g2_dfrbpq_1)
     3    0.011727    0.072951    0.296745    0.573215 v B[3]$_SDFFE_PP1P_/Q (sg13g2_dfrbpq_1)
                                                         net36 (net)
                      0.072961    0.000882    0.574096 v output20/A (sg13g2_buf_1)
     1    0.008351    0.057428    0.134889    0.708985 v output20/X (sg13g2_buf_1)
                                                         B[3] (net)
                      0.057429    0.000366    0.709351 v B[3] (out)
                                              0.709351   data arrival time

                                  0.000000    0.000000   clock clk (rise edge)
                                  0.000000    0.000000   clock network delay (propagated)
                                  0.250000    0.250000   clock uncertainty
                                  0.000000    0.250000   clock reconvergence pessimism
                                 -2.000000   -1.750000   output external delay
                                             -1.750000   data required time
---------------------------------------------------------------------------------------------
                                             -1.750000   data required time
                                             -0.709351   data arrival time
---------------------------------------------------------------------------------------------
                                              2.459351   slack (MET)


Startpoint: BN[10]$_SDFFE_PP1P_ (rising edge-triggered flip-flop clocked by clk)
Endpoint: BN[10] (output port clocked by clk)
Path Group: clk
Path Type: min

Fanout         Cap        Slew       Delay        Time   Description
---------------------------------------------------------------------------------------------
                                  0.000000    0.000000   clock clk (rise edge)
                                  0.000000    0.000000   clock source latency
     1    0.016518    0.051123    0.021938    0.021938 ^ clk (in)
                                                         clk (net)
                      0.051133    0.000000    0.021938 ^ clkbuf_0_clk/A (sg13g2_buf_8)
     4    0.048729    0.056917    0.129818    0.151756 ^ clkbuf_0_clk/X (sg13g2_buf_8)
                                                         clknet_0_clk (net)
                      0.057152    0.002535    0.154291 ^ clkbuf_2_3__f_clk/A (sg13g2_buf_8)
     8    0.032470    0.045633    0.124120    0.278410 ^ clkbuf_2_3__f_clk/X (sg13g2_buf_8)
                                                         clknet_2_3__leaf_clk (net)
                      0.045643    0.001248    0.279659 ^ BN[10]$_SDFFE_PP1P_/CLK (sg13g2_dfrbpq_1)
     3    0.010609    0.067464    0.294341    0.574000 v BN[10]$_SDFFE_PP1P_/Q (sg13g2_dfrbpq_1)
                                                         net20 (net)
                      0.067469    0.000621    0.574620 v output4/A (sg13g2_buf_1)
     1    0.009479    0.062838    0.136547    0.711167 v output4/X (sg13g2_buf_1)
                                                         BN[10] (net)
                      0.062843    0.000625    0.711793 v BN[10] (out)
                                              0.711793   data arrival time

                                  0.000000    0.000000   clock clk (rise edge)
                                  0.000000    0.000000   clock network delay (propagated)
                                  0.250000    0.250000   clock uncertainty
                                  0.000000    0.250000   clock reconvergence pessimism
                                 -2.000000   -1.750000   output external delay
                                             -1.750000   data required time
---------------------------------------------------------------------------------------------
                                             -1.750000   data required time
                                             -0.711793   data arrival time
---------------------------------------------------------------------------------------------
                                              2.461793   slack (MET)


Startpoint: BN[11]$_SDFFE_PP1P_ (rising edge-triggered flip-flop clocked by clk)
Endpoint: sign (output port clocked by clk)
Path Group: clk
Path Type: min

Fanout         Cap        Slew       Delay        Time   Description
---------------------------------------------------------------------------------------------
                                  0.000000    0.000000   clock clk (rise edge)
                                  0.000000    0.000000   clock source latency
     1    0.016518    0.051123    0.021938    0.021938 ^ clk (in)
                                                         clk (net)
                      0.051133    0.000000    0.021938 ^ clkbuf_0_clk/A (sg13g2_buf_8)
     4    0.048729    0.056917    0.129818    0.151756 ^ clkbuf_0_clk/X (sg13g2_buf_8)
                                                         clknet_0_clk (net)
                      0.057145    0.002481    0.154237 ^ clkbuf_2_1__f_clk/A (sg13g2_buf_8)
     7    0.027260    0.042135    0.120878    0.275115 ^ clkbuf_2_1__f_clk/X (sg13g2_buf_8)
                                                         clknet_2_1__leaf_clk (net)
                      0.042149    0.001250    0.276365 ^ BN[11]$_SDFFE_PP1P_/CLK (sg13g2_dfrbpq_1)
     4    0.011048    0.069603    0.294110    0.570475 v BN[11]$_SDFFE_PP1P_/Q (sg13g2_dfrbpq_1)
                                                         net55 (net)
                      0.069606    0.000594    0.571069 v output39/A (sg13g2_buf_1)
     1    0.010417    0.067499    0.141228    0.712297 v output39/X (sg13g2_buf_1)
                                                         sign (net)
                      0.067510    0.000894    0.713191 v sign (out)
                                              0.713191   data arrival time

                                  0.000000    0.000000   clock clk (rise edge)
                                  0.000000    0.000000   clock network delay (propagated)
                                  0.250000    0.250000   clock uncertainty
                                  0.000000    0.250000   clock reconvergence pessimism
                                 -2.000000   -1.750000   output external delay
                                             -1.750000   data required time
---------------------------------------------------------------------------------------------
                                             -1.750000   data required time
                                             -0.713191   data arrival time
---------------------------------------------------------------------------------------------
                                              2.463191   slack (MET)


Startpoint: B[8]$_SDFFE_PP1P_ (rising edge-triggered flip-flop clocked by clk)
Endpoint: B[8] (output port clocked by clk)
Path Group: clk
Path Type: min

Fanout         Cap        Slew       Delay        Time   Description
---------------------------------------------------------------------------------------------
                                  0.000000    0.000000   clock clk (rise edge)
                                  0.000000    0.000000   clock source latency
     1    0.016518    0.051123    0.021938    0.021938 ^ clk (in)
                                                         clk (net)
                      0.051133    0.000000    0.021938 ^ clkbuf_0_clk/A (sg13g2_buf_8)
     4    0.048729    0.056917    0.129818    0.151756 ^ clkbuf_0_clk/X (sg13g2_buf_8)
                                                         clknet_0_clk (net)
                      0.057165    0.002621    0.154377 ^ clkbuf_2_0__f_clk/A (sg13g2_buf_8)
     8    0.030629    0.044403    0.122827    0.277204 ^ clkbuf_2_0__f_clk/X (sg13g2_buf_8)
                                                         clknet_2_0__leaf_clk (net)
                      0.044428    0.001724    0.278927 ^ B[8]$_SDFFE_PP1P_/CLK (sg13g2_dfrbpq_1)
     3    0.011736    0.072965    0.298140    0.577067 v B[8]$_SDFFE_PP1P_/Q (sg13g2_dfrbpq_1)
                                                         net41 (net)
                      0.072970    0.000646    0.577713 v output25/A (sg13g2_buf_1)
     1    0.009433    0.062666    0.139222    0.716935 v output25/X (sg13g2_buf_1)
                                                         B[8] (net)
                      0.062668    0.000442    0.717377 v B[8] (out)
                                              0.717377   data arrival time

                                  0.000000    0.000000   clock clk (rise edge)
                                  0.000000    0.000000   clock network delay (propagated)
                                  0.250000    0.250000   clock uncertainty
                                  0.000000    0.250000   clock reconvergence pessimism
                                 -2.000000   -1.750000   output external delay
                                             -1.750000   data required time
---------------------------------------------------------------------------------------------
                                             -1.750000   data required time
                                             -0.717377   data arrival time
---------------------------------------------------------------------------------------------
                                              2.467377   slack (MET)


Startpoint: B[2]$_SDFFE_PP1P_ (rising edge-triggered flip-flop clocked by clk)
Endpoint: B[2] (output port clocked by clk)
Path Group: clk
Path Type: min

Fanout         Cap        Slew       Delay        Time   Description
---------------------------------------------------------------------------------------------
                                  0.000000    0.000000   clock clk (rise edge)
                                  0.000000    0.000000   clock source latency
     1    0.016518    0.051123    0.021938    0.021938 ^ clk (in)
                                                         clk (net)
                      0.051133    0.000000    0.021938 ^ clkbuf_0_clk/A (sg13g2_buf_8)
     4    0.048729    0.056917    0.129818    0.151756 ^ clkbuf_0_clk/X (sg13g2_buf_8)
                                                         clknet_0_clk (net)
                      0.057152    0.002535    0.154291 ^ clkbuf_2_3__f_clk/A (sg13g2_buf_8)
     8    0.032470    0.045633    0.124120    0.278410 ^ clkbuf_2_3__f_clk/X (sg13g2_buf_8)
                                                         clknet_2_3__leaf_clk (net)
                      0.045636    0.000749    0.279159 ^ B[2]$_SDFFE_PP1P_/CLK (sg13g2_dfrbpq_1)
     3    0.013654    0.082359    0.306533    0.585693 v B[2]$_SDFFE_PP1P_/Q (sg13g2_dfrbpq_1)
                                                         net35 (net)
                      0.082367    0.000858    0.586551 v output19/A (sg13g2_buf_1)
     1    0.009833    0.064727    0.145611    0.732162 v output19/X (sg13g2_buf_1)
                                                         B[2] (net)
                      0.064729    0.000414    0.732576 v B[2] (out)
                                              0.732576   data arrival time

                                  0.000000    0.000000   clock clk (rise edge)
                                  0.000000    0.000000   clock network delay (propagated)
                                  0.250000    0.250000   clock uncertainty
                                  0.000000    0.250000   clock reconvergence pessimism
                                 -2.000000   -1.750000   output external delay
                                             -1.750000   data required time
---------------------------------------------------------------------------------------------
                                             -1.750000   data required time
                                             -0.732576   data arrival time
---------------------------------------------------------------------------------------------
                                              2.482576   slack (MET)


Startpoint: BN[11]$_SDFFE_PP1P_ (rising edge-triggered flip-flop clocked by clk)
Endpoint: BN[11] (output port clocked by clk)
Path Group: clk
Path Type: min

Fanout         Cap        Slew       Delay        Time   Description
---------------------------------------------------------------------------------------------
                                  0.000000    0.000000   clock clk (rise edge)
                                  0.000000    0.000000   clock source latency
     1    0.016518    0.051123    0.021938    0.021938 ^ clk (in)
                                                         clk (net)
                      0.051133    0.000000    0.021938 ^ clkbuf_0_clk/A (sg13g2_buf_8)
     4    0.048729    0.056917    0.129818    0.151756 ^ clkbuf_0_clk/X (sg13g2_buf_8)
                                                         clknet_0_clk (net)
                      0.057145    0.002481    0.154237 ^ clkbuf_2_1__f_clk/A (sg13g2_buf_8)
     7    0.027260    0.042135    0.120878    0.275115 ^ clkbuf_2_1__f_clk/X (sg13g2_buf_8)
                                                         clknet_2_1__leaf_clk (net)
                      0.042149    0.001250    0.276365 ^ BN[11]$_SDFFE_PP1P_/CLK (sg13g2_dfrbpq_1)
     4    0.011048    0.069603    0.294110    0.570475 v BN[11]$_SDFFE_PP1P_/Q (sg13g2_dfrbpq_1)
                                                         net55 (net)
                      0.069606    0.000586    0.571061 v _204_/A (sg13g2_buf_1)
     1    0.003106    0.033311    0.112094    0.683155 v _204_/X (sg13g2_buf_1)
                                                         net21 (net)
                      0.033311    0.000202    0.683357 v output5/A (sg13g2_buf_1)
     1    0.008254    0.056274    0.114371    0.797727 v output5/X (sg13g2_buf_1)
                                                         BN[11] (net)
                      0.056283    0.000718    0.798445 v BN[11] (out)
                                              0.798445   data arrival time

                                  0.000000    0.000000   clock clk (rise edge)
                                  0.000000    0.000000   clock network delay (propagated)
                                  0.250000    0.250000   clock uncertainty
                                  0.000000    0.250000   clock reconvergence pessimism
                                 -2.000000   -1.750000   output external delay
                                             -1.750000   data required time
---------------------------------------------------------------------------------------------
                                             -1.750000   data required time
                                             -0.798445   data arrival time
---------------------------------------------------------------------------------------------
                                              2.548445   slack (MET)


Startpoint: BN[11]$_SDFFE_PP1P_ (rising edge-triggered flip-flop clocked by clk)
Endpoint: D[0] (output port clocked by clk)
Path Group: clk
Path Type: min

Fanout         Cap        Slew       Delay        Time   Description
---------------------------------------------------------------------------------------------
                                  0.000000    0.000000   clock clk (rise edge)
                                  0.000000    0.000000   clock source latency
     1    0.016518    0.051123    0.021938    0.021938 ^ clk (in)
                                                         clk (net)
                      0.051133    0.000000    0.021938 ^ clkbuf_0_clk/A (sg13g2_buf_8)
     4    0.048729    0.056917    0.129818    0.151756 ^ clkbuf_0_clk/X (sg13g2_buf_8)
                                                         clknet_0_clk (net)
                      0.057145    0.002481    0.154237 ^ clkbuf_2_1__f_clk/A (sg13g2_buf_8)
     7    0.027260    0.042135    0.120878    0.275115 ^ clkbuf_2_1__f_clk/X (sg13g2_buf_8)
                                                         clknet_2_1__leaf_clk (net)
                      0.042149    0.001250    0.276365 ^ BN[11]$_SDFFE_PP1P_/CLK (sg13g2_dfrbpq_1)
     4    0.011234    0.084796    0.301305    0.577670 ^ BN[11]$_SDFFE_PP1P_/Q (sg13g2_dfrbpq_1)
                                                         net55 (net)
                      0.084798    0.000566    0.578236 ^ _153_/B (sg13g2_or2_1)
     1    0.003568    0.039525    0.125567    0.703803 ^ _153_/X (sg13g2_or2_1)
                                                         net43 (net)
                      0.039525    0.000232    0.704035 ^ output27/A (sg13g2_buf_1)
     1    0.009902    0.075721    0.125641    0.829676 ^ output27/X (sg13g2_buf_1)
                                                         D[0] (net)
                      0.075730    0.000840    0.830516 ^ D[0] (out)
                                              0.830516   data arrival time

                                  0.000000    0.000000   clock clk (rise edge)
                                  0.000000    0.000000   clock network delay (propagated)
                                  0.250000    0.250000   clock uncertainty
                                  0.000000    0.250000   clock reconvergence pessimism
                                 -2.000000   -1.750000   output external delay
                                             -1.750000   data required time
---------------------------------------------------------------------------------------------
                                             -1.750000   data required time
                                             -0.830516   data arrival time
---------------------------------------------------------------------------------------------
                                              2.580515   slack (MET)


Startpoint: BN[5]$_SDFFE_PP1P_ (rising edge-triggered flip-flop clocked by clk)
Endpoint: D[6] (output port clocked by clk)
Path Group: clk
Path Type: min

Fanout         Cap        Slew       Delay        Time   Description
---------------------------------------------------------------------------------------------
                                  0.000000    0.000000   clock clk (rise edge)
                                  0.000000    0.000000   clock source latency
     1    0.016518    0.051123    0.021938    0.021938 ^ clk (in)
                                                         clk (net)
                      0.051133    0.000000    0.021938 ^ clkbuf_0_clk/A (sg13g2_buf_8)
     4    0.048729    0.056917    0.129818    0.151756 ^ clkbuf_0_clk/X (sg13g2_buf_8)
                                                         clknet_0_clk (net)
                      0.057176    0.002697    0.154453 ^ clkbuf_2_2__f_clk/A (sg13g2_buf_8)
     8    0.031400    0.044945    0.123419    0.277872 ^ clkbuf_2_2__f_clk/X (sg13g2_buf_8)
                                                         clknet_2_2__leaf_clk (net)
                      0.044955    0.000749    0.278620 ^ BN[5]$_SDFFE_PP1P_/CLK (sg13g2_dfrbpq_1)
     3    0.008470    0.068475    0.290547    0.569167 ^ BN[5]$_SDFFE_PP1P_/Q (sg13g2_dfrbpq_1)
                                                         net26 (net)
                      0.068475    0.000184    0.569351 ^ _161_/A0 (sg13g2_mux2_1)
     1    0.002522    0.041069    0.153455    0.722806 ^ _161_/X (sg13g2_mux2_1)
                                                         net51 (net)
                      0.041069    0.000099    0.722905 ^ output35/A (sg13g2_buf_1)
     1    0.008464    0.067166    0.120209    0.843114 ^ output35/X (sg13g2_buf_1)
                                                         D[6] (net)
                      0.067166    0.000227    0.843341 ^ D[6] (out)
                                              0.843341   data arrival time

                                  0.000000    0.000000   clock clk (rise edge)
                                  0.000000    0.000000   clock network delay (propagated)
                                  0.250000    0.250000   clock uncertainty
                                  0.000000    0.250000   clock reconvergence pessimism
                                 -2.000000   -1.750000   output external delay
                                             -1.750000   data required time
---------------------------------------------------------------------------------------------
                                             -1.750000   data required time
                                             -0.843341   data arrival time
---------------------------------------------------------------------------------------------
                                              2.593341   slack (MET)


Startpoint: B[6]$_SDFFE_PP1P_ (rising edge-triggered flip-flop clocked by clk)
Endpoint: D[7] (output port clocked by clk)
Path Group: clk
Path Type: min

Fanout         Cap        Slew       Delay        Time   Description
---------------------------------------------------------------------------------------------
                                  0.000000    0.000000   clock clk (rise edge)
                                  0.000000    0.000000   clock source latency
     1    0.016518    0.051123    0.021938    0.021938 ^ clk (in)
                                                         clk (net)
                      0.051133    0.000000    0.021938 ^ clkbuf_0_clk/A (sg13g2_buf_8)
     4    0.048729    0.056917    0.129818    0.151756 ^ clkbuf_0_clk/X (sg13g2_buf_8)
                                                         clknet_0_clk (net)
                      0.057152    0.002535    0.154291 ^ clkbuf_2_3__f_clk/A (sg13g2_buf_8)
     8    0.032470    0.045633    0.124120    0.278410 ^ clkbuf_2_3__f_clk/X (sg13g2_buf_8)
                                                         clknet_2_3__leaf_clk (net)
                      0.045641    0.001149    0.279560 ^ B[6]$_SDFFE_PP1P_/CLK (sg13g2_dfrbpq_1)
     3    0.008506    0.068629    0.290945    0.570505 ^ B[6]$_SDFFE_PP1P_/Q (sg13g2_dfrbpq_1)
                                                         net39 (net)
                      0.068631    0.000467    0.570972 ^ _162_/A1 (sg13g2_mux2_1)
     1    0.004272    0.050515    0.162059    0.733031 ^ _162_/X (sg13g2_mux2_1)
                                                         net52 (net)
                      0.050524    0.000308    0.733339 ^ output36/A (sg13g2_buf_1)
     1    0.006700    0.056810    0.117100    0.850439 ^ output36/X (sg13g2_buf_1)
                                                         D[7] (net)
                      0.056811    0.000278    0.850717 ^ D[7] (out)
                                              0.850717   data arrival time

                                  0.000000    0.000000   clock clk (rise edge)
                                  0.000000    0.000000   clock network delay (propagated)
                                  0.250000    0.250000   clock uncertainty
                                  0.000000    0.250000   clock reconvergence pessimism
                                 -2.000000   -1.750000   output external delay
                                             -1.750000   data required time
---------------------------------------------------------------------------------------------
                                             -1.750000   data required time
                                             -0.850717   data arrival time
---------------------------------------------------------------------------------------------
                                              2.600717   slack (MET)


Startpoint: B[0]$_SDFFE_PP1P_ (rising edge-triggered flip-flop clocked by clk)
Endpoint: D[1] (output port clocked by clk)
Path Group: clk
Path Type: min

Fanout         Cap        Slew       Delay        Time   Description
---------------------------------------------------------------------------------------------
                                  0.000000    0.000000   clock clk (rise edge)
                                  0.000000    0.000000   clock source latency
     1    0.016518    0.051123    0.021938    0.021938 ^ clk (in)
                                                         clk (net)
                      0.051133    0.000000    0.021938 ^ clkbuf_0_clk/A (sg13g2_buf_8)
     4    0.048729    0.056917    0.129818    0.151756 ^ clkbuf_0_clk/X (sg13g2_buf_8)
                                                         clknet_0_clk (net)
                      0.057165    0.002621    0.154377 ^ clkbuf_2_0__f_clk/A (sg13g2_buf_8)
     8    0.030629    0.044403    0.122827    0.277204 ^ clkbuf_2_0__f_clk/X (sg13g2_buf_8)
                                                         clknet_2_0__leaf_clk (net)
                      0.044424    0.001550    0.278754 ^ B[0]$_SDFFE_PP1P_/CLK (sg13g2_dfrbpq_1)
     3    0.009352    0.073649    0.294187    0.572941 ^ B[0]$_SDFFE_PP1P_/Q (sg13g2_dfrbpq_1)
                                                         net31 (net)
                      0.073649    0.000261    0.573202 ^ _156_/A1 (sg13g2_mux2_1)
     1    0.003038    0.043888    0.158703    0.731905 ^ _156_/X (sg13g2_mux2_1)
                                                         net46 (net)
                      0.043888    0.000116    0.732020 ^ output30/A (sg13g2_buf_1)
     1    0.007987    0.064304    0.119393    0.851413 ^ output30/X (sg13g2_buf_1)
                                                         D[1] (net)
                      0.064306    0.000501    0.851914 ^ D[1] (out)
                                              0.851914   data arrival time

                                  0.000000    0.000000   clock clk (rise edge)
                                  0.000000    0.000000   clock network delay (propagated)
                                  0.250000    0.250000   clock uncertainty
                                  0.000000    0.250000   clock reconvergence pessimism
                                 -2.000000   -1.750000   output external delay
                                             -1.750000   data required time
---------------------------------------------------------------------------------------------
                                             -1.750000   data required time
                                             -0.851914   data arrival time
---------------------------------------------------------------------------------------------
                                              2.601914   slack (MET)


Startpoint: BN[4]$_SDFFE_PP1P_ (rising edge-triggered flip-flop clocked by clk)
Endpoint: D[5] (output port clocked by clk)
Path Group: clk
Path Type: min

Fanout         Cap        Slew       Delay        Time   Description
---------------------------------------------------------------------------------------------
                                  0.000000    0.000000   clock clk (rise edge)
                                  0.000000    0.000000   clock source latency
     1    0.016518    0.051123    0.021938    0.021938 ^ clk (in)
                                                         clk (net)
                      0.051133    0.000000    0.021938 ^ clkbuf_0_clk/A (sg13g2_buf_8)
     4    0.048729    0.056917    0.129818    0.151756 ^ clkbuf_0_clk/X (sg13g2_buf_8)
                                                         clknet_0_clk (net)
                      0.057165    0.002621    0.154377 ^ clkbuf_2_0__f_clk/A (sg13g2_buf_8)
     8    0.030629    0.044403    0.122827    0.277204 ^ clkbuf_2_0__f_clk/X (sg13g2_buf_8)
                                                         clknet_2_0__leaf_clk (net)
                      0.044429    0.001762    0.278966 ^ BN[4]$_SDFFE_PP1P_/CLK (sg13g2_dfrbpq_1)
     3    0.009757    0.076046    0.295963    0.574928 ^ BN[4]$_SDFFE_PP1P_/Q (sg13g2_dfrbpq_1)
                                                         net25 (net)
                      0.076048    0.000506    0.575434 ^ _160_/A0 (sg13g2_mux2_1)
     1    0.003760    0.047814    0.163205    0.738640 ^ _160_/X (sg13g2_mux2_1)
                                                         net50 (net)
                      0.047814    0.000229    0.738869 ^ output34/A (sg13g2_buf_1)
     1    0.007689    0.062672    0.120166    0.859036 ^ output34/X (sg13g2_buf_1)
                                                         D[5] (net)
                      0.062673    0.000328    0.859364 ^ D[5] (out)
                                              0.859364   data arrival time

                                  0.000000    0.000000   clock clk (rise edge)
                                  0.000000    0.000000   clock network delay (propagated)
                                  0.250000    0.250000   clock uncertainty
                                  0.000000    0.250000   clock reconvergence pessimism
                                 -2.000000   -1.750000   output external delay
                                             -1.750000   data required time
---------------------------------------------------------------------------------------------
                                             -1.750000   data required time
                                             -0.859364   data arrival time
---------------------------------------------------------------------------------------------
                                              2.609364   slack (MET)


Startpoint: BN[2]$_SDFFE_PP1P_ (rising edge-triggered flip-flop clocked by clk)
Endpoint: D[3] (output port clocked by clk)
Path Group: clk
Path Type: min

Fanout         Cap        Slew       Delay        Time   Description
---------------------------------------------------------------------------------------------
                                  0.000000    0.000000   clock clk (rise edge)
                                  0.000000    0.000000   clock source latency
     1    0.016518    0.051123    0.021938    0.021938 ^ clk (in)
                                                         clk (net)
                      0.051133    0.000000    0.021938 ^ clkbuf_0_clk/A (sg13g2_buf_8)
     4    0.048729    0.056917    0.129818    0.151756 ^ clkbuf_0_clk/X (sg13g2_buf_8)
                                                         clknet_0_clk (net)
                      0.057152    0.002535    0.154291 ^ clkbuf_2_3__f_clk/A (sg13g2_buf_8)
     8    0.032470    0.045633    0.124120    0.278410 ^ clkbuf_2_3__f_clk/X (sg13g2_buf_8)
                                                         clknet_2_3__leaf_clk (net)
                      0.045644    0.001271    0.279681 ^ BN[2]$_SDFFE_PP1P_/CLK (sg13g2_dfrbpq_1)
     3    0.009397    0.073931    0.295028    0.574709 ^ BN[2]$_SDFFE_PP1P_/Q (sg13g2_dfrbpq_1)
                                                         net23 (net)
                      0.073932    0.000462    0.575171 ^ _158_/A0 (sg13g2_mux2_1)
     1    0.004091    0.049531    0.163719    0.738890 ^ _158_/X (sg13g2_mux2_1)
                                                         net48 (net)
                      0.049531    0.000280    0.739170 ^ output32/A (sg13g2_buf_1)
     1    0.008008    0.064617    0.122520    0.861690 ^ output32/X (sg13g2_buf_1)
                                                         D[3] (net)
                      0.064618    0.000340    0.862030 ^ D[3] (out)
                                              0.862030   data arrival time

                                  0.000000    0.000000   clock clk (rise edge)
                                  0.000000    0.000000   clock network delay (propagated)
                                  0.250000    0.250000   clock uncertainty
                                  0.000000    0.250000   clock reconvergence pessimism
                                 -2.000000   -1.750000   output external delay
                                             -1.750000   data required time
---------------------------------------------------------------------------------------------
                                             -1.750000   data required time
                                             -0.862030   data arrival time
---------------------------------------------------------------------------------------------
                                              2.612031   slack (MET)


Startpoint: B[10]$_SDFFE_PP1P_ (rising edge-triggered flip-flop clocked by clk)
Endpoint: D[11] (output port clocked by clk)
Path Group: clk
Path Type: min

Fanout         Cap        Slew       Delay        Time   Description
---------------------------------------------------------------------------------------------
                                  0.000000    0.000000   clock clk (rise edge)
                                  0.000000    0.000000   clock source latency
     1    0.016518    0.051123    0.021938    0.021938 ^ clk (in)
                                                         clk (net)
                      0.051133    0.000000    0.021938 ^ clkbuf_0_clk/A (sg13g2_buf_8)
     4    0.048729    0.056917    0.129818    0.151756 ^ clkbuf_0_clk/X (sg13g2_buf_8)
                                                         clknet_0_clk (net)
                      0.057176    0.002697    0.154453 ^ clkbuf_2_2__f_clk/A (sg13g2_buf_8)
     8    0.031400    0.044945    0.123419    0.277872 ^ clkbuf_2_2__f_clk/X (sg13g2_buf_8)
                                                         clknet_2_2__leaf_clk (net)
                      0.044965    0.001395    0.279267 ^ B[10]$_SDFFE_PP1P_/CLK (sg13g2_dfrbpq_1)
     3    0.007662    0.063775    0.286830    0.566097 ^ B[10]$_SDFFE_PP1P_/Q (sg13g2_dfrbpq_1)
                                                         net32 (net)
                      0.063775    0.000239    0.566336 ^ _155_/A1 (sg13g2_mux2_1)
     1    0.005129    0.055191    0.163723    0.730059 ^ _155_/X (sg13g2_mux2_1)
                                                         net45 (net)
                      0.055192    0.000348    0.730407 ^ output29/A (sg13g2_buf_1)
     1    0.009541    0.073955    0.132348    0.862755 ^ output29/X (sg13g2_buf_1)
                                                         D[11] (net)
                      0.073959    0.000630    0.863385 ^ D[11] (out)
                                              0.863385   data arrival time

                                  0.000000    0.000000   clock clk (rise edge)
                                  0.000000    0.000000   clock network delay (propagated)
                                  0.250000    0.250000   clock uncertainty
                                  0.000000    0.250000   clock reconvergence pessimism
                                 -2.000000   -1.750000   output external delay
                                             -1.750000   data required time
---------------------------------------------------------------------------------------------
                                             -1.750000   data required time
                                             -0.863385   data arrival time
---------------------------------------------------------------------------------------------
                                              2.613385   slack (MET)


Startpoint: BN[9]$_SDFFE_PP1P_ (rising edge-triggered flip-flop clocked by clk)
Endpoint: D[10] (output port clocked by clk)
Path Group: clk
Path Type: min

Fanout         Cap        Slew       Delay        Time   Description
---------------------------------------------------------------------------------------------
                                  0.000000    0.000000   clock clk (rise edge)
                                  0.000000    0.000000   clock source latency
     1    0.016518    0.051123    0.021938    0.021938 ^ clk (in)
                                                         clk (net)
                      0.051133    0.000000    0.021938 ^ clkbuf_0_clk/A (sg13g2_buf_8)
     4    0.048729    0.056917    0.129818    0.151756 ^ clkbuf_0_clk/X (sg13g2_buf_8)
                                                         clknet_0_clk (net)
                      0.057176    0.002697    0.154453 ^ clkbuf_2_2__f_clk/A (sg13g2_buf_8)
     8    0.031400    0.044945    0.123419    0.277872 ^ clkbuf_2_2__f_clk/X (sg13g2_buf_8)
                                                         clknet_2_2__leaf_clk (net)
                      0.044968    0.001554    0.279426 ^ BN[9]$_SDFFE_PP1P_/CLK (sg13g2_dfrbpq_1)
     3    0.010314    0.079359    0.298676    0.578101 ^ BN[9]$_SDFFE_PP1P_/Q (sg13g2_dfrbpq_1)
                                                         net30 (net)
                      0.079365    0.000771    0.578873 ^ _154_/A0 (sg13g2_mux2_1)
     1    0.004467    0.051662    0.168248    0.747121 ^ _154_/X (sg13g2_mux2_1)
                                                         net44 (net)
                      0.051662    0.000317    0.747438 ^ output28/A (sg13g2_buf_1)
     1    0.007262    0.060212    0.120248    0.867686 ^ output28/X (sg13g2_buf_1)
                                                         D[10] (net)
                      0.060213    0.000305    0.867990 ^ D[10] (out)
                                              0.867990   data arrival time

                                  0.000000    0.000000   clock clk (rise edge)
                                  0.000000    0.000000   clock network delay (propagated)
                                  0.250000    0.250000   clock uncertainty
                                  0.000000    0.250000   clock reconvergence pessimism
                                 -2.000000   -1.750000   output external delay
                                             -1.750000   data required time
---------------------------------------------------------------------------------------------
                                             -1.750000   data required time
                                             -0.867990   data arrival time
---------------------------------------------------------------------------------------------
                                              2.617990   slack (MET)


Startpoint: B[1]$_SDFFE_PP1P_ (rising edge-triggered flip-flop clocked by clk)
Endpoint: D[2] (output port clocked by clk)
Path Group: clk
Path Type: min

Fanout         Cap        Slew       Delay        Time   Description
---------------------------------------------------------------------------------------------
                                  0.000000    0.000000   clock clk (rise edge)
                                  0.000000    0.000000   clock source latency
     1    0.016518    0.051123    0.021938    0.021938 ^ clk (in)
                                                         clk (net)
                      0.051133    0.000000    0.021938 ^ clkbuf_0_clk/A (sg13g2_buf_8)
     4    0.048729    0.056917    0.129818    0.151756 ^ clkbuf_0_clk/X (sg13g2_buf_8)
                                                         clknet_0_clk (net)
                      0.057165    0.002621    0.154377 ^ clkbuf_2_0__f_clk/A (sg13g2_buf_8)
     8    0.030629    0.044403    0.122827    0.277204 ^ clkbuf_2_0__f_clk/X (sg13g2_buf_8)
                                                         clknet_2_0__leaf_clk (net)
                      0.044430    0.001788    0.278992 ^ B[1]$_SDFFE_PP1P_/CLK (sg13g2_dfrbpq_1)
     3    0.009476    0.074373    0.294769    0.573761 ^ B[1]$_SDFFE_PP1P_/Q (sg13g2_dfrbpq_1)
                                                         net34 (net)
                      0.074374    0.000403    0.574164 ^ _157_/A1 (sg13g2_mux2_1)
     1    0.006089    0.060525    0.173672    0.747836 ^ _157_/X (sg13g2_mux2_1)
                                                         net47 (net)
                      0.060527    0.000377    0.748213 ^ output31/A (sg13g2_buf_1)
     1    0.007280    0.060514    0.124993    0.873206 ^ output31/X (sg13g2_buf_1)
                                                         D[2] (net)
                      0.060514    0.000302    0.873508 ^ D[2] (out)
                                              0.873508   data arrival time

                                  0.000000    0.000000   clock clk (rise edge)
                                  0.000000    0.000000   clock network delay (propagated)
                                  0.250000    0.250000   clock uncertainty
                                  0.000000    0.250000   clock reconvergence pessimism
                                 -2.000000   -1.750000   output external delay
                                             -1.750000   data required time
---------------------------------------------------------------------------------------------
                                             -1.750000   data required time
                                             -0.873508   data arrival time
---------------------------------------------------------------------------------------------
                                              2.623508   slack (MET)


Startpoint: BN[8]$_SDFFE_PP1P_ (rising edge-triggered flip-flop clocked by clk)
Endpoint: D[9] (output port clocked by clk)
Path Group: clk
Path Type: min

Fanout         Cap        Slew       Delay        Time   Description
---------------------------------------------------------------------------------------------
                                  0.000000    0.000000   clock clk (rise edge)
                                  0.000000    0.000000   clock source latency
     1    0.016518    0.051123    0.021938    0.021938 ^ clk (in)
                                                         clk (net)
                      0.051133    0.000000    0.021938 ^ clkbuf_0_clk/A (sg13g2_buf_8)
     4    0.048729    0.056917    0.129818    0.151756 ^ clkbuf_0_clk/X (sg13g2_buf_8)
                                                         clknet_0_clk (net)
                      0.057165    0.002621    0.154377 ^ clkbuf_2_0__f_clk/A (sg13g2_buf_8)
     8    0.030629    0.044403    0.122827    0.277204 ^ clkbuf_2_0__f_clk/X (sg13g2_buf_8)
                                                         clknet_2_0__leaf_clk (net)
                      0.044429    0.001740    0.278944 ^ BN[8]$_SDFFE_PP1P_/CLK (sg13g2_dfrbpq_1)
     3    0.009625    0.075177    0.295263    0.574207 ^ BN[8]$_SDFFE_PP1P_/Q (sg13g2_dfrbpq_1)
                                                         net29 (net)
                      0.075184    0.000784    0.574991 ^ _164_/A0 (sg13g2_mux2_1)
     1    0.005374    0.056601    0.170520    0.745510 ^ _164_/X (sg13g2_mux2_1)
                                                         net54 (net)
                      0.056601    0.000341    0.745851 ^ output38/A (sg13g2_buf_1)
     1    0.008814    0.069586    0.129886    0.875737 ^ output38/X (sg13g2_buf_1)
                                                         D[9] (net)
                      0.069587    0.000391    0.876129 ^ D[9] (out)
                                              0.876129   data arrival time

                                  0.000000    0.000000   clock clk (rise edge)
                                  0.000000    0.000000   clock network delay (propagated)
                                  0.250000    0.250000   clock uncertainty
                                  0.000000    0.250000   clock reconvergence pessimism
                                 -2.000000   -1.750000   output external delay
                                             -1.750000   data required time
---------------------------------------------------------------------------------------------
                                             -1.750000   data required time
                                             -0.876129   data arrival time
---------------------------------------------------------------------------------------------
                                              2.626129   slack (MET)


Startpoint: BN[7]$_SDFFE_PP1P_ (rising edge-triggered flip-flop clocked by clk)
Endpoint: D[8] (output port clocked by clk)
Path Group: clk
Path Type: min

Fanout         Cap        Slew       Delay        Time   Description
---------------------------------------------------------------------------------------------
                                  0.000000    0.000000   clock clk (rise edge)
                                  0.000000    0.000000   clock source latency
     1    0.016518    0.051123    0.021938    0.021938 ^ clk (in)
                                                         clk (net)
                      0.051133    0.000000    0.021938 ^ clkbuf_0_clk/A (sg13g2_buf_8)
     4    0.048729    0.056917    0.129818    0.151756 ^ clkbuf_0_clk/X (sg13g2_buf_8)
                                                         clknet_0_clk (net)
                      0.057152    0.002535    0.154291 ^ clkbuf_2_3__f_clk/A (sg13g2_buf_8)
     8    0.032470    0.045633    0.124120    0.278410 ^ clkbuf_2_3__f_clk/X (sg13g2_buf_8)
                                                         clknet_2_3__leaf_clk (net)
                      0.045643    0.001243    0.279653 ^ BN[7]$_SDFFE_PP1P_/CLK (sg13g2_dfrbpq_1)
     3    0.009893    0.076837    0.297324    0.576976 ^ BN[7]$_SDFFE_PP1P_/Q (sg13g2_dfrbpq_1)
                                                         net28 (net)
                      0.076837    0.000403    0.577379 ^ _163_/A0 (sg13g2_mux2_1)
     1    0.005406    0.056689    0.171465    0.748844 ^ _163_/X (sg13g2_mux2_1)
                                                         net53 (net)
                      0.056690    0.000470    0.749314 ^ output37/A (sg13g2_buf_1)
     1    0.010834    0.081765    0.139150    0.888465 ^ output37/X (sg13g2_buf_1)
                                                         D[8] (net)
                      0.081766    0.000454    0.888919 ^ D[8] (out)
                                              0.888919   data arrival time

                                  0.000000    0.000000   clock clk (rise edge)
                                  0.000000    0.000000   clock network delay (propagated)
                                  0.250000    0.250000   clock uncertainty
                                  0.000000    0.250000   clock reconvergence pessimism
                                 -2.000000   -1.750000   output external delay
                                             -1.750000   data required time
---------------------------------------------------------------------------------------------
                                             -1.750000   data required time
                                             -0.888919   data arrival time
---------------------------------------------------------------------------------------------
                                              2.638918   slack (MET)


Startpoint: BN[3]$_SDFFE_PP1P_ (rising edge-triggered flip-flop clocked by clk)
Endpoint: D[4] (output port clocked by clk)
Path Group: clk
Path Type: min

Fanout         Cap        Slew       Delay        Time   Description
---------------------------------------------------------------------------------------------
                                  0.000000    0.000000   clock clk (rise edge)
                                  0.000000    0.000000   clock source latency
     1    0.016518    0.051123    0.021938    0.021938 ^ clk (in)
                                                         clk (net)
                      0.051133    0.000000    0.021938 ^ clkbuf_0_clk/A (sg13g2_buf_8)
     4    0.048729    0.056917    0.129818    0.151756 ^ clkbuf_0_clk/X (sg13g2_buf_8)
                                                         clknet_0_clk (net)
                      0.057145    0.002481    0.154237 ^ clkbuf_2_1__f_clk/A (sg13g2_buf_8)
     7    0.027260    0.042135    0.120878    0.275115 ^ clkbuf_2_1__f_clk/X (sg13g2_buf_8)
                                                         clknet_2_1__leaf_clk (net)
                      0.042150    0.001344    0.276458 ^ BN[3]$_SDFFE_PP1P_/CLK (sg13g2_dfrbpq_1)
     3    0.011735    0.087736    0.303723    0.580181 ^ BN[3]$_SDFFE_PP1P_/Q (sg13g2_dfrbpq_1)
                                                         net24 (net)
                      0.087737    0.000432    0.580612 ^ _159_/A0 (sg13g2_mux2_1)
     1    0.005761    0.058658    0.178734    0.759347 ^ _159_/X (sg13g2_mux2_1)
                                                         net49 (net)
                      0.058658    0.000189    0.759536 ^ output33/A (sg13g2_buf_1)
     1    0.008807    0.069495    0.130782    0.890317 ^ output33/X (sg13g2_buf_1)
                                                         D[4] (net)
                      0.069502    0.000723    0.891040 ^ D[4] (out)
                                              0.891040   data arrival time

                                  0.000000    0.000000   clock clk (rise edge)
                                  0.000000    0.000000   clock network delay (propagated)
                                  0.250000    0.250000   clock uncertainty
                                  0.000000    0.250000   clock reconvergence pessimism
                                 -2.000000   -1.750000   output external delay
                                             -1.750000   data required time
---------------------------------------------------------------------------------------------
                                             -1.750000   data required time
                                             -0.891040   data arrival time
---------------------------------------------------------------------------------------------
                                              2.641040   slack (MET)


Startpoint: B[11]$_SDFFE_PP1P_ (rising edge-triggered flip-flop clocked by clk)
Endpoint: B[11] (output port clocked by clk)
Path Group: clk
Path Type: min

Fanout         Cap        Slew       Delay        Time   Description
---------------------------------------------------------------------------------------------
                                  0.000000    0.000000   clock clk (rise edge)
                                  0.000000    0.000000   clock source latency
     1    0.016518    0.051123    0.021938    0.021938 ^ clk (in)
                                                         clk (net)
                      0.051133    0.000000    0.021938 ^ clkbuf_0_clk/A (sg13g2_buf_8)
     4    0.048729    0.056917    0.129818    0.151756 ^ clkbuf_0_clk/X (sg13g2_buf_8)
                                                         clknet_0_clk (net)
                      0.057176    0.002697    0.154453 ^ clkbuf_2_2__f_clk/A (sg13g2_buf_8)
     8    0.031400    0.044945    0.123419    0.277872 ^ clkbuf_2_2__f_clk/X (sg13g2_buf_8)
                                                         clknet_2_2__leaf_clk (net)
                      0.044964    0.001350    0.279221 ^ B[11]$_SDFFE_PP1P_/CLK (sg13g2_dfrbpq_2)
     2    0.010631    0.055423    0.297341    0.576563 ^ B[11]$_SDFFE_PP1P_/Q (sg13g2_dfrbpq_2)
                                                         net10 (net)
                      0.055423    0.000075    0.576638 ^ hold43/A (sg13g2_dlygate4sd3_1)
     1    0.008569    0.087238    0.601837    1.178475 ^ hold43/X (sg13g2_dlygate4sd3_1)
                                                         net126 (net)
                      0.087238    0.000351    1.178826 ^ fanout10/A (sg13g2_buf_8)
     8    0.057449    0.064176    0.155368    1.334194 ^ fanout10/X (sg13g2_buf_8)
                                                         net33 (net)
                      0.064322    0.001834    1.336028 ^ output17/A (sg13g2_buf_1)
     1    0.007490    0.061837    0.127938    1.463965 ^ output17/X (sg13g2_buf_1)
                                                         B[11] (net)
                      0.061838    0.000318    1.464283 ^ B[11] (out)
                                              1.464283   data arrival time

                                  0.000000    0.000000   clock clk (rise edge)
                                  0.000000    0.000000   clock network delay (propagated)
                                  0.250000    0.250000   clock uncertainty
                                  0.000000    0.250000   clock reconvergence pessimism
                                 -2.000000   -1.750000   output external delay
                                             -1.750000   data required time
---------------------------------------------------------------------------------------------
                                             -1.750000   data required time
                                             -1.464283   data arrival time
---------------------------------------------------------------------------------------------
                                              3.214283   slack (MET)



