
===========================================================================
report_checks -path_delay max (Setup)
============================================================================
======================= nom_typ_1p20V_25C Corner ===================================

Startpoint: B[11]$_SDFFE_PP1P_ (rising edge-triggered flip-flop clocked by clk)
Endpoint: D[9] (output port clocked by clk)
Path Group: clk
Path Type: max

Fanout         Cap        Slew       Delay        Time   Description
---------------------------------------------------------------------------------------------
                                  0.000000    0.000000   clock clk (rise edge)
                                  0.000000    0.000000   clock source latency
     1    0.017067    0.032707    0.014869    0.014869 ^ clk (in)
                                                         clk (net)
                      0.032734    0.000000    0.014869 ^ clkbuf_0_clk/A (sg13g2_buf_8)
     4    0.050922    0.037727    0.081032    0.095901 ^ clkbuf_0_clk/X (sg13g2_buf_8)
                                                         clknet_0_clk (net)
                      0.038082    0.002821    0.098722 ^ clkbuf_2_2__f_clk/A (sg13g2_buf_8)
     8    0.032833    0.029594    0.077306    0.176029 ^ clkbuf_2_2__f_clk/X (sg13g2_buf_8)
                                                         clknet_2_2__leaf_clk (net)
                      0.029659    0.001409    0.177438 ^ B[11]$_SDFFE_PP1P_/CLK (sg13g2_dfrbpq_2)
     2    0.011261    0.036846    0.188748    0.366186 ^ B[11]$_SDFFE_PP1P_/Q (sg13g2_dfrbpq_2)
                                                         net10 (net)
                      0.036849    0.000079    0.366265 ^ hold43/A (sg13g2_dlygate4sd3_1)
     1    0.009117    0.056353    0.382589    0.748855 ^ hold43/X (sg13g2_dlygate4sd3_1)
                                                         net126 (net)
                      0.056353    0.000374    0.749229 ^ fanout10/A (sg13g2_buf_8)
     8    0.060097    0.042959    0.095864    0.845093 ^ fanout10/X (sg13g2_buf_8)
                                                         net33 (net)
                      0.043628    0.004202    0.849295 ^ _164_/S (sg13g2_mux2_1)
     1    0.005458    0.041396    0.162361    1.011656 v _164_/X (sg13g2_mux2_1)
                                                         net54 (net)
                      0.041396    0.000348    1.012004 v output38/A (sg13g2_buf_1)
     1    0.008814    0.036656    0.081472    1.093476 v output38/X (sg13g2_buf_1)
                                                         D[9] (net)
                      0.036659    0.000391    1.093867 v D[9] (out)
                                              1.093867   data arrival time

                                 10.000000   10.000000   clock clk (rise edge)
                                  0.000000   10.000000   clock network delay (propagated)
                                 -0.250000    9.750000   clock uncertainty
                                  0.000000    9.750000   clock reconvergence pessimism
                                 -2.000000    7.750000   output external delay
                                              7.750000   data required time
---------------------------------------------------------------------------------------------
                                              7.750000   data required time
                                             -1.093867   data arrival time
---------------------------------------------------------------------------------------------
                                              6.656133   slack (MET)


Startpoint: B[11]$_SDFFE_PP1P_ (rising edge-triggered flip-flop clocked by clk)
Endpoint: D[2] (output port clocked by clk)
Path Group: clk
Path Type: max

Fanout         Cap        Slew       Delay        Time   Description
---------------------------------------------------------------------------------------------
                                  0.000000    0.000000   clock clk (rise edge)
                                  0.000000    0.000000   clock source latency
     1    0.017067    0.032707    0.014869    0.014869 ^ clk (in)
                                                         clk (net)
                      0.032734    0.000000    0.014869 ^ clkbuf_0_clk/A (sg13g2_buf_8)
     4    0.050922    0.037727    0.081032    0.095901 ^ clkbuf_0_clk/X (sg13g2_buf_8)
                                                         clknet_0_clk (net)
                      0.038082    0.002821    0.098722 ^ clkbuf_2_2__f_clk/A (sg13g2_buf_8)
     8    0.032833    0.029594    0.077306    0.176029 ^ clkbuf_2_2__f_clk/X (sg13g2_buf_8)
                                                         clknet_2_2__leaf_clk (net)
                      0.029659    0.001409    0.177438 ^ B[11]$_SDFFE_PP1P_/CLK (sg13g2_dfrbpq_2)
     2    0.011261    0.036846    0.188748    0.366186 ^ B[11]$_SDFFE_PP1P_/Q (sg13g2_dfrbpq_2)
                                                         net10 (net)
                      0.036849    0.000079    0.366265 ^ hold43/A (sg13g2_dlygate4sd3_1)
     1    0.009117    0.056353    0.382589    0.748855 ^ hold43/X (sg13g2_dlygate4sd3_1)
                                                         net126 (net)
                      0.056353    0.000374    0.749229 ^ fanout10/A (sg13g2_buf_8)
     8    0.060097    0.042959    0.095864    0.845093 ^ fanout10/X (sg13g2_buf_8)
                                                         net33 (net)
                      0.043279    0.002855    0.847949 ^ _157_/S (sg13g2_mux2_1)
     1    0.006173    0.043021    0.164293    1.012242 v _157_/X (sg13g2_mux2_1)
                                                         net47 (net)
                      0.043025    0.000384    1.012626 v output31/A (sg13g2_buf_1)
     1    0.007280    0.032189    0.078421    1.091047 v output31/X (sg13g2_buf_1)
                                                         D[2] (net)
                      0.032191    0.000302    1.091349 v D[2] (out)
                                              1.091349   data arrival time

                                 10.000000   10.000000   clock clk (rise edge)
                                  0.000000   10.000000   clock network delay (propagated)
                                 -0.250000    9.750000   clock uncertainty
                                  0.000000    9.750000   clock reconvergence pessimism
                                 -2.000000    7.750000   output external delay
                                              7.750000   data required time
---------------------------------------------------------------------------------------------
                                              7.750000   data required time
                                             -1.091349   data arrival time
---------------------------------------------------------------------------------------------
                                              6.658651   slack (MET)


Startpoint: B[11]$_SDFFE_PP1P_ (rising edge-triggered flip-flop clocked by clk)
Endpoint: D[10] (output port clocked by clk)
Path Group: clk
Path Type: max

Fanout         Cap        Slew       Delay        Time   Description
---------------------------------------------------------------------------------------------
                                  0.000000    0.000000   clock clk (rise edge)
                                  0.000000    0.000000   clock source latency
     1    0.017067    0.032707    0.014869    0.014869 ^ clk (in)
                                                         clk (net)
                      0.032734    0.000000    0.014869 ^ clkbuf_0_clk/A (sg13g2_buf_8)
     4    0.050922    0.037727    0.081032    0.095901 ^ clkbuf_0_clk/X (sg13g2_buf_8)
                                                         clknet_0_clk (net)
                      0.038082    0.002821    0.098722 ^ clkbuf_2_2__f_clk/A (sg13g2_buf_8)
     8    0.032833    0.029594    0.077306    0.176029 ^ clkbuf_2_2__f_clk/X (sg13g2_buf_8)
                                                         clknet_2_2__leaf_clk (net)
                      0.029659    0.001409    0.177438 ^ B[11]$_SDFFE_PP1P_/CLK (sg13g2_dfrbpq_2)
     2    0.011261    0.036846    0.188748    0.366186 ^ B[11]$_SDFFE_PP1P_/Q (sg13g2_dfrbpq_2)
                                                         net10 (net)
                      0.036849    0.000079    0.366265 ^ hold43/A (sg13g2_dlygate4sd3_1)
     1    0.009117    0.056353    0.382589    0.748855 ^ hold43/X (sg13g2_dlygate4sd3_1)
                                                         net126 (net)
                      0.056353    0.000374    0.749229 ^ fanout10/A (sg13g2_buf_8)
     8    0.060097    0.042959    0.095864    0.845093 ^ fanout10/X (sg13g2_buf_8)
                                                         net33 (net)
                      0.043394    0.003345    0.848438 ^ _154_/S (sg13g2_mux2_1)
     1    0.004551    0.039120    0.159602    1.008040 v _154_/X (sg13g2_mux2_1)
                                                         net44 (net)
                      0.039126    0.000325    1.008364 v output28/A (sg13g2_buf_1)
     1    0.007262    0.032033    0.076715    1.085079 v output28/X (sg13g2_buf_1)
                                                         D[10] (net)
                      0.032036    0.000304    1.085384 v D[10] (out)
                                              1.085384   data arrival time

                                 10.000000   10.000000   clock clk (rise edge)
                                  0.000000   10.000000   clock network delay (propagated)
                                 -0.250000    9.750000   clock uncertainty
                                  0.000000    9.750000   clock reconvergence pessimism
                                 -2.000000    7.750000   output external delay
                                              7.750000   data required time
---------------------------------------------------------------------------------------------
                                              7.750000   data required time
                                             -1.085384   data arrival time
---------------------------------------------------------------------------------------------
                                              6.664616   slack (MET)


Startpoint: B[11]$_SDFFE_PP1P_ (rising edge-triggered flip-flop clocked by clk)
Endpoint: D[5] (output port clocked by clk)
Path Group: clk
Path Type: max

Fanout         Cap        Slew       Delay        Time   Description
---------------------------------------------------------------------------------------------
                                  0.000000    0.000000   clock clk (rise edge)
                                  0.000000    0.000000   clock source latency
     1    0.017067    0.032707    0.014869    0.014869 ^ clk (in)
                                                         clk (net)
                      0.032734    0.000000    0.014869 ^ clkbuf_0_clk/A (sg13g2_buf_8)
     4    0.050922    0.037727    0.081032    0.095901 ^ clkbuf_0_clk/X (sg13g2_buf_8)
                                                         clknet_0_clk (net)
                      0.038082    0.002821    0.098722 ^ clkbuf_2_2__f_clk/A (sg13g2_buf_8)
     8    0.032833    0.029594    0.077306    0.176029 ^ clkbuf_2_2__f_clk/X (sg13g2_buf_8)
                                                         clknet_2_2__leaf_clk (net)
                      0.029659    0.001409    0.177438 ^ B[11]$_SDFFE_PP1P_/CLK (sg13g2_dfrbpq_2)
     2    0.011261    0.036846    0.188748    0.366186 ^ B[11]$_SDFFE_PP1P_/Q (sg13g2_dfrbpq_2)
                                                         net10 (net)
                      0.036849    0.000079    0.366265 ^ hold43/A (sg13g2_dlygate4sd3_1)
     1    0.009117    0.056353    0.382589    0.748855 ^ hold43/X (sg13g2_dlygate4sd3_1)
                                                         net126 (net)
                      0.056353    0.000374    0.749229 ^ fanout10/A (sg13g2_buf_8)
     8    0.060097    0.042959    0.095864    0.845093 ^ fanout10/X (sg13g2_buf_8)
                                                         net33 (net)
                      0.043503    0.003764    0.848857 ^ _160_/S (sg13g2_mux2_1)
     1    0.003844    0.037319    0.157602    1.006459 v _160_/X (sg13g2_mux2_1)
                                                         net50 (net)
                      0.037319    0.000237    1.006695 v output34/A (sg13g2_buf_1)
     1    0.007689    0.033216    0.076995    1.083690 v output34/X (sg13g2_buf_1)
                                                         D[5] (net)
                      0.033219    0.000328    1.084018 v D[5] (out)
                                              1.084018   data arrival time

                                 10.000000   10.000000   clock clk (rise edge)
                                  0.000000   10.000000   clock network delay (propagated)
                                 -0.250000    9.750000   clock uncertainty
                                  0.000000    9.750000   clock reconvergence pessimism
                                 -2.000000    7.750000   output external delay
                                              7.750000   data required time
---------------------------------------------------------------------------------------------
                                              7.750000   data required time
                                             -1.084018   data arrival time
---------------------------------------------------------------------------------------------
                                              6.665982   slack (MET)


Startpoint: B[11]$_SDFFE_PP1P_ (rising edge-triggered flip-flop clocked by clk)
Endpoint: D[1] (output port clocked by clk)
Path Group: clk
Path Type: max

Fanout         Cap        Slew       Delay        Time   Description
---------------------------------------------------------------------------------------------
                                  0.000000    0.000000   clock clk (rise edge)
                                  0.000000    0.000000   clock source latency
     1    0.017067    0.032707    0.014869    0.014869 ^ clk (in)
                                                         clk (net)
                      0.032734    0.000000    0.014869 ^ clkbuf_0_clk/A (sg13g2_buf_8)
     4    0.050922    0.037727    0.081032    0.095901 ^ clkbuf_0_clk/X (sg13g2_buf_8)
                                                         clknet_0_clk (net)
                      0.038082    0.002821    0.098722 ^ clkbuf_2_2__f_clk/A (sg13g2_buf_8)
     8    0.032833    0.029594    0.077306    0.176029 ^ clkbuf_2_2__f_clk/X (sg13g2_buf_8)
                                                         clknet_2_2__leaf_clk (net)
                      0.029659    0.001409    0.177438 ^ B[11]$_SDFFE_PP1P_/CLK (sg13g2_dfrbpq_2)
     2    0.011261    0.036846    0.188748    0.366186 ^ B[11]$_SDFFE_PP1P_/Q (sg13g2_dfrbpq_2)
                                                         net10 (net)
                      0.036849    0.000079    0.366265 ^ hold43/A (sg13g2_dlygate4sd3_1)
     1    0.009117    0.056353    0.382589    0.748855 ^ hold43/X (sg13g2_dlygate4sd3_1)
                                                         net126 (net)
                      0.056353    0.000374    0.749229 ^ fanout10/A (sg13g2_buf_8)
     8    0.060097    0.042959    0.095864    0.845093 ^ fanout10/X (sg13g2_buf_8)
                                                         net33 (net)
                      0.043643    0.004250    0.849343 ^ _156_/S (sg13g2_mux2_1)
     1    0.003122    0.035502    0.155558    1.004901 v _156_/X (sg13g2_mux2_1)
                                                         net46 (net)
                      0.035502    0.000119    1.005020 v output30/A (sg13g2_buf_1)
     1    0.007987    0.034040    0.076876    1.081896 v output30/X (sg13g2_buf_1)
                                                         D[1] (net)
                      0.034048    0.000501    1.082397 v D[1] (out)
                                              1.082397   data arrival time

                                 10.000000   10.000000   clock clk (rise edge)
                                  0.000000   10.000000   clock network delay (propagated)
                                 -0.250000    9.750000   clock uncertainty
                                  0.000000    9.750000   clock reconvergence pessimism
                                 -2.000000    7.750000   output external delay
                                              7.750000   data required time
---------------------------------------------------------------------------------------------
                                              7.750000   data required time
                                             -1.082397   data arrival time
---------------------------------------------------------------------------------------------
                                              6.667603   slack (MET)


Startpoint: B[11]$_SDFFE_PP1P_ (rising edge-triggered flip-flop clocked by clk)
Endpoint: D[6] (output port clocked by clk)
Path Group: clk
Path Type: max

Fanout         Cap        Slew       Delay        Time   Description
---------------------------------------------------------------------------------------------
                                  0.000000    0.000000   clock clk (rise edge)
                                  0.000000    0.000000   clock source latency
     1    0.017067    0.032707    0.014869    0.014869 ^ clk (in)
                                                         clk (net)
                      0.032734    0.000000    0.014869 ^ clkbuf_0_clk/A (sg13g2_buf_8)
     4    0.050922    0.037727    0.081032    0.095901 ^ clkbuf_0_clk/X (sg13g2_buf_8)
                                                         clknet_0_clk (net)
                      0.038082    0.002821    0.098722 ^ clkbuf_2_2__f_clk/A (sg13g2_buf_8)
     8    0.032833    0.029594    0.077306    0.176029 ^ clkbuf_2_2__f_clk/X (sg13g2_buf_8)
                                                         clknet_2_2__leaf_clk (net)
                      0.029659    0.001409    0.177438 ^ B[11]$_SDFFE_PP1P_/CLK (sg13g2_dfrbpq_2)
     2    0.011261    0.036846    0.188748    0.366186 ^ B[11]$_SDFFE_PP1P_/Q (sg13g2_dfrbpq_2)
                                                         net10 (net)
                      0.036849    0.000079    0.366265 ^ hold43/A (sg13g2_dlygate4sd3_1)
     1    0.009117    0.056353    0.382589    0.748855 ^ hold43/X (sg13g2_dlygate4sd3_1)
                                                         net126 (net)
                      0.056353    0.000374    0.749229 ^ fanout10/A (sg13g2_buf_8)
     8    0.060097    0.042959    0.095864    0.845093 ^ fanout10/X (sg13g2_buf_8)
                                                         net33 (net)
                      0.043339    0.003120    0.848213 ^ _161_/S (sg13g2_mux2_1)
     1    0.002606    0.034211    0.153911    1.002124 v _161_/X (sg13g2_mux2_1)
                                                         net51 (net)
                      0.034211    0.000102    1.002226 v output35/A (sg13g2_buf_1)
     1    0.008464    0.035426    0.077634    1.079860 v output35/X (sg13g2_buf_1)
                                                         D[6] (net)
                      0.035427    0.000227    1.080087 v D[6] (out)
                                              1.080087   data arrival time

                                 10.000000   10.000000   clock clk (rise edge)
                                  0.000000   10.000000   clock network delay (propagated)
                                 -0.250000    9.750000   clock uncertainty
                                  0.000000    9.750000   clock reconvergence pessimism
                                 -2.000000    7.750000   output external delay
                                              7.750000   data required time
---------------------------------------------------------------------------------------------
                                              7.750000   data required time
                                             -1.080087   data arrival time
---------------------------------------------------------------------------------------------
                                              6.669913   slack (MET)


Startpoint: Op (input port clocked by clk)
Endpoint: B[3]$_SDFFE_PP1P_ (rising edge-triggered flip-flop clocked by clk)
Path Group: clk
Path Type: max

Fanout         Cap        Slew       Delay        Time   Description
---------------------------------------------------------------------------------------------
                                  0.000000    0.000000   clock clk (rise edge)
                                  0.000000    0.000000   clock network delay (propagated)
                                  2.000000    2.000000 ^ input external delay
     1    0.004049    0.021199    0.003379    2.003379 ^ Op (in)
                                                         Op (net)
                      0.021199    0.000000    2.003379 ^ input2/A (sg13g2_buf_1)
     3    0.017747    0.079894    0.099245    2.102624 ^ input2/X (sg13g2_buf_1)
                                                         net18 (net)
                      0.079915    0.001067    2.103691 ^ _128_/B_N (sg13g2_nor2b_1)
     2    0.014845    0.140099    0.179309    2.283000 ^ _128_/Y (sg13g2_nor2b_1)
                                                         _030_ (net)
                      0.140100    0.000302    2.283301 ^ fanout7/A (sg13g2_buf_1)
     4    0.019620    0.088863    0.149362    2.432663 ^ fanout7/X (sg13g2_buf_1)
                                                         net7 (net)
                      0.088875    0.001037    2.433700 ^ _139_/D (sg13g2_nand4_1)
     1    0.007099    0.119266    0.155199    2.588899 v _139_/Y (sg13g2_nand4_1)
                                                         _036_ (net)
                      0.119269    0.000748    2.589648 v _140_/A2 (sg13g2_a21o_1)
     1    0.003742    0.030075    0.146162    2.735809 v _140_/X (sg13g2_a21o_1)
                                                         _017_ (net)
                      0.030075    0.000142    2.735952 v hold17/A (sg13g2_dlygate4sd3_1)
     1    0.001544    0.032897    0.367161    3.103113 v hold17/X (sg13g2_dlygate4sd3_1)
                                                         net100 (net)
                      0.032897    0.000117    3.103230 v B[3]$_SDFFE_PP1P_/D (sg13g2_dfrbpq_1)
                                              3.103230   data arrival time

                                 10.000000   10.000000   clock clk (rise edge)
                                  0.000000   10.000000   clock source latency
     1    0.017067    0.032707    0.014869   10.014870 ^ clk (in)
                                                         clk (net)
                      0.032734    0.000000   10.014870 ^ clkbuf_0_clk/A (sg13g2_buf_8)
     4    0.050922    0.037727    0.081032   10.095901 ^ clkbuf_0_clk/X (sg13g2_buf_8)
                                                         clknet_0_clk (net)
                      0.038029    0.002589   10.098491 ^ clkbuf_2_1__f_clk/A (sg13g2_buf_8)
     7    0.028554    0.027711    0.075591   10.174082 ^ clkbuf_2_1__f_clk/X (sg13g2_buf_8)
                                                         clknet_2_1__leaf_clk (net)
                      0.027742    0.001419   10.175501 ^ B[3]$_SDFFE_PP1P_/CLK (sg13g2_dfrbpq_1)
                                 -0.250000    9.925501   clock uncertainty
                                  0.000000    9.925501   clock reconvergence pessimism
                                 -0.115294    9.810206   library setup time
                                              9.810206   data required time
---------------------------------------------------------------------------------------------
                                              9.810206   data required time
                                             -3.103230   data arrival time
---------------------------------------------------------------------------------------------
                                              6.706975   slack (MET)


Startpoint: Op (input port clocked by clk)
Endpoint: B[7]$_SDFFE_PP1P_ (rising edge-triggered flip-flop clocked by clk)
Path Group: clk
Path Type: max

Fanout         Cap        Slew       Delay        Time   Description
---------------------------------------------------------------------------------------------
                                  0.000000    0.000000   clock clk (rise edge)
                                  0.000000    0.000000   clock network delay (propagated)
                                  2.000000    2.000000 ^ input external delay
     1    0.004049    0.021199    0.003379    2.003379 ^ Op (in)
                                                         Op (net)
                      0.021199    0.000000    2.003379 ^ input2/A (sg13g2_buf_1)
     3    0.017747    0.079894    0.099245    2.102624 ^ input2/X (sg13g2_buf_1)
                                                         net18 (net)
                      0.079915    0.001067    2.103691 ^ _128_/B_N (sg13g2_nor2b_1)
     2    0.014845    0.140099    0.179309    2.283000 ^ _128_/Y (sg13g2_nor2b_1)
                                                         _030_ (net)
                      0.140100    0.000302    2.283301 ^ fanout7/A (sg13g2_buf_1)
     4    0.019620    0.088863    0.149362    2.432663 ^ fanout7/X (sg13g2_buf_1)
                                                         net7 (net)
                      0.088876    0.001067    2.433730 ^ _147_/D (sg13g2_nand4_1)
     1    0.004174    0.096261    0.131767    2.565497 v _147_/Y (sg13g2_nand4_1)
                                                         _040_ (net)
                      0.096261    0.000311    2.565808 v _148_/A2 (sg13g2_a21o_1)
     1    0.004073    0.030648    0.140548    2.706357 v _148_/X (sg13g2_a21o_1)
                                                         _021_ (net)
                      0.030648    0.000226    2.706583 v hold12/A (sg13g2_dlygate4sd3_1)
     1    0.002079    0.034410    0.369348    3.075930 v hold12/X (sg13g2_dlygate4sd3_1)
                                                         net95 (net)
                      0.034410    0.000079    3.076009 v B[7]$_SDFFE_PP1P_/D (sg13g2_dfrbpq_1)
                                              3.076009   data arrival time

                                 10.000000   10.000000   clock clk (rise edge)
                                  0.000000   10.000000   clock source latency
     1    0.017067    0.032707    0.014869   10.014870 ^ clk (in)
                                                         clk (net)
                      0.032734    0.000000   10.014870 ^ clkbuf_0_clk/A (sg13g2_buf_8)
     4    0.050922    0.037727    0.081032   10.095901 ^ clkbuf_0_clk/X (sg13g2_buf_8)
                                                         clknet_0_clk (net)
                      0.038041    0.002644   10.098545 ^ clkbuf_2_3__f_clk/A (sg13g2_buf_8)
     8    0.033901    0.030082    0.077782   10.176328 ^ clkbuf_2_3__f_clk/X (sg13g2_buf_8)
                                                         clknet_2_3__leaf_clk (net)
                      0.030098    0.001172   10.177499 ^ B[7]$_SDFFE_PP1P_/CLK (sg13g2_dfrbpq_1)
                                 -0.250000    9.927499   clock uncertainty
                                  0.000000    9.927499   clock reconvergence pessimism
                                 -0.115238    9.812262   library setup time
                                              9.812262   data required time
---------------------------------------------------------------------------------------------
                                              9.812262   data required time
                                             -3.076009   data arrival time
---------------------------------------------------------------------------------------------
                                              6.736253   slack (MET)


Startpoint: Om (input port clocked by clk)
Endpoint: BN[3]$_SDFFE_PP1P_ (rising edge-triggered flip-flop clocked by clk)
Path Group: clk
Path Type: max

Fanout         Cap        Slew       Delay        Time   Description
---------------------------------------------------------------------------------------------
                                  0.000000    0.000000   clock clk (rise edge)
                                  0.000000    0.000000   clock network delay (propagated)
                                  2.000000    2.000000 ^ input external delay
     1    0.004053    0.021202    0.003382    2.003382 ^ Om (in)
                                                         Om (net)
                      0.021202    0.000000    2.003382 ^ input1/A (sg13g2_buf_1)
     3    0.015317    0.070306    0.091661    2.095043 ^ input1/X (sg13g2_buf_1)
                                                         net17 (net)
                      0.070390    0.001980    2.097023 ^ _096_/B_N (sg13g2_nor2b_1)
     2    0.012012    0.118708    0.158548    2.255570 ^ _096_/Y (sg13g2_nor2b_1)
                                                         _050_ (net)
                      0.118709    0.000314    2.255884 ^ fanout9/A (sg13g2_buf_1)
     4    0.021215    0.094641    0.148378    2.404262 ^ fanout9/X (sg13g2_buf_1)
                                                         net9 (net)
                      0.094650    0.000976    2.405238 ^ _113_/C (sg13g2_nand4_1)
     1    0.006002    0.109066    0.144809    2.550047 v _113_/Y (sg13g2_nand4_1)
                                                         _062_ (net)
                      0.109066    0.000208    2.550256 v _114_/A2 (sg13g2_a21o_1)
     1    0.005873    0.035363    0.149345    2.699601 v _114_/X (sg13g2_a21o_1)
                                                         _005_ (net)
                      0.035387    0.000518    2.700119 v hold10/A (sg13g2_dlygate4sd3_1)
     1    0.002158    0.034631    0.372245    3.072364 v hold10/X (sg13g2_dlygate4sd3_1)
                                                         net93 (net)
                      0.034632    0.000078    3.072442 v BN[3]$_SDFFE_PP1P_/D (sg13g2_dfrbpq_1)
                                              3.072442   data arrival time

                                 10.000000   10.000000   clock clk (rise edge)
                                  0.000000   10.000000   clock source latency
     1    0.017067    0.032707    0.014869   10.014870 ^ clk (in)
                                                         clk (net)
                      0.032734    0.000000   10.014870 ^ clkbuf_0_clk/A (sg13g2_buf_8)
     4    0.050922    0.037727    0.081032   10.095901 ^ clkbuf_0_clk/X (sg13g2_buf_8)
                                                         clknet_0_clk (net)
                      0.038029    0.002589   10.098491 ^ clkbuf_2_1__f_clk/A (sg13g2_buf_8)
     7    0.028554    0.027711    0.075591   10.174082 ^ clkbuf_2_1__f_clk/X (sg13g2_buf_8)
                                                         clknet_2_1__leaf_clk (net)
                      0.027741    0.001408   10.175489 ^ BN[3]$_SDFFE_PP1P_/CLK (sg13g2_dfrbpq_1)
                                 -0.250000    9.925489   clock uncertainty
                                  0.000000    9.925489   clock reconvergence pessimism
                                 -0.115919    9.809569   library setup time
                                              9.809569   data required time
---------------------------------------------------------------------------------------------
                                              9.809569   data required time
                                             -3.072442   data arrival time
---------------------------------------------------------------------------------------------
                                              6.737127   slack (MET)


Startpoint: Op (input port clocked by clk)
Endpoint: B[6]$_SDFFE_PP1P_ (rising edge-triggered flip-flop clocked by clk)
Path Group: clk
Path Type: max

Fanout         Cap        Slew       Delay        Time   Description
---------------------------------------------------------------------------------------------
                                  0.000000    0.000000   clock clk (rise edge)
                                  0.000000    0.000000   clock network delay (propagated)
                                  2.000000    2.000000 ^ input external delay
     1    0.004049    0.021199    0.003379    2.003379 ^ Op (in)
                                                         Op (net)
                      0.021199    0.000000    2.003379 ^ input2/A (sg13g2_buf_1)
     3    0.017747    0.079894    0.099245    2.102624 ^ input2/X (sg13g2_buf_1)
                                                         net18 (net)
                      0.079915    0.001067    2.103691 ^ _128_/B_N (sg13g2_nor2b_1)
     2    0.014845    0.140099    0.179309    2.283000 ^ _128_/Y (sg13g2_nor2b_1)
                                                         _030_ (net)
                      0.140100    0.000302    2.283301 ^ fanout7/A (sg13g2_buf_1)
     4    0.019620    0.088863    0.149362    2.432663 ^ fanout7/X (sg13g2_buf_1)
                                                         net7 (net)
                      0.088873    0.000983    2.433646 ^ _145_/C (sg13g2_nand3_1)
     1    0.005637    0.089013    0.109266    2.542912 v _145_/Y (sg13g2_nand3_1)
                                                         _039_ (net)
                      0.089013    0.000370    2.543282 v _146_/A2 (sg13g2_a21o_1)
     1    0.003894    0.030191    0.137134    2.680416 v _146_/X (sg13g2_a21o_1)
                                                         _020_ (net)
                      0.030191    0.000152    2.680568 v hold34/A (sg13g2_dlygate4sd3_1)
     1    0.002559    0.035748    0.370761    3.051329 v hold34/X (sg13g2_dlygate4sd3_1)
                                                         net117 (net)
                      0.035748    0.000099    3.051429 v B[6]$_SDFFE_PP1P_/D (sg13g2_dfrbpq_1)
                                              3.051429   data arrival time

                                 10.000000   10.000000   clock clk (rise edge)
                                  0.000000   10.000000   clock source latency
     1    0.017067    0.032707    0.014869   10.014870 ^ clk (in)
                                                         clk (net)
                      0.032734    0.000000   10.014870 ^ clkbuf_0_clk/A (sg13g2_buf_8)
     4    0.050922    0.037727    0.081032   10.095901 ^ clkbuf_0_clk/X (sg13g2_buf_8)
                                                         clknet_0_clk (net)
                      0.038041    0.002644   10.098545 ^ clkbuf_2_3__f_clk/A (sg13g2_buf_8)
     8    0.033901    0.030082    0.077782   10.176328 ^ clkbuf_2_3__f_clk/X (sg13g2_buf_8)
                                                         clknet_2_3__leaf_clk (net)
                      0.030100    0.001199   10.177526 ^ B[6]$_SDFFE_PP1P_/CLK (sg13g2_dfrbpq_1)
                                 -0.250000    9.927526   clock uncertainty
                                  0.000000    9.927526   clock reconvergence pessimism
                                 -0.115719    9.811808   library setup time
                                              9.811808   data required time
---------------------------------------------------------------------------------------------
                                              9.811808   data required time
                                             -3.051429   data arrival time
---------------------------------------------------------------------------------------------
                                              6.760379   slack (MET)


Startpoint: Om (input port clocked by clk)
Endpoint: BN[7]$_SDFFE_PP1P_ (rising edge-triggered flip-flop clocked by clk)
Path Group: clk
Path Type: max

Fanout         Cap        Slew       Delay        Time   Description
---------------------------------------------------------------------------------------------
                                  0.000000    0.000000   clock clk (rise edge)
                                  0.000000    0.000000   clock network delay (propagated)
                                  2.000000    2.000000 ^ input external delay
     1    0.004053    0.021202    0.003382    2.003382 ^ Om (in)
                                                         Om (net)
                      0.021202    0.000000    2.003382 ^ input1/A (sg13g2_buf_1)
     3    0.015317    0.070306    0.091661    2.095043 ^ input1/X (sg13g2_buf_1)
                                                         net17 (net)
                      0.070390    0.001980    2.097023 ^ _096_/B_N (sg13g2_nor2b_1)
     2    0.012012    0.118708    0.158548    2.255570 ^ _096_/Y (sg13g2_nor2b_1)
                                                         _050_ (net)
                      0.118709    0.000314    2.255884 ^ fanout9/A (sg13g2_buf_1)
     4    0.021215    0.094641    0.148378    2.404262 ^ fanout9/X (sg13g2_buf_1)
                                                         net9 (net)
                      0.094641    0.000182    2.404444 ^ _122_/C (sg13g2_nand4_1)
     1    0.004081    0.091451    0.129204    2.533649 v _122_/Y (sg13g2_nand4_1)
                                                         _067_ (net)
                      0.091451    0.000163    2.533812 v _123_/A2 (sg13g2_a21o_1)
     1    0.004649    0.031931    0.140267    2.674079 v _123_/X (sg13g2_a21o_1)
                                                         _009_ (net)
                      0.031931    0.000277    2.674356 v hold2/A (sg13g2_dlygate4sd3_1)
     1    0.001956    0.034079    0.369626    3.043982 v hold2/X (sg13g2_dlygate4sd3_1)
                                                         net85 (net)
                      0.034079    0.000075    3.044057 v BN[7]$_SDFFE_PP1P_/D (sg13g2_dfrbpq_1)
                                              3.044057   data arrival time

                                 10.000000   10.000000   clock clk (rise edge)
                                  0.000000   10.000000   clock source latency
     1    0.017067    0.032707    0.014869   10.014870 ^ clk (in)
                                                         clk (net)
                      0.032734    0.000000   10.014870 ^ clkbuf_0_clk/A (sg13g2_buf_8)
     4    0.050922    0.037727    0.081032   10.095901 ^ clkbuf_0_clk/X (sg13g2_buf_8)
                                                         clknet_0_clk (net)
                      0.038041    0.002644   10.098545 ^ clkbuf_2_3__f_clk/A (sg13g2_buf_8)
     8    0.033901    0.030082    0.077782   10.176328 ^ clkbuf_2_3__f_clk/X (sg13g2_buf_8)
                                                         clknet_2_3__leaf_clk (net)
                      0.030110    0.001299   10.177627 ^ BN[7]$_SDFFE_PP1P_/CLK (sg13g2_dfrbpq_1)
                                 -0.250000    9.927626   clock uncertainty
                                  0.000000    9.927626   clock reconvergence pessimism
                                 -0.115115    9.812511   library setup time
                                              9.812511   data required time
---------------------------------------------------------------------------------------------
                                              9.812511   data required time
                                             -3.044057   data arrival time
---------------------------------------------------------------------------------------------
                                              6.768455   slack (MET)


Startpoint: Om (input port clocked by clk)
Endpoint: BN[11]$_SDFFE_PP1P_ (rising edge-triggered flip-flop clocked by clk)
Path Group: clk
Path Type: max

Fanout         Cap        Slew       Delay        Time   Description
---------------------------------------------------------------------------------------------
                                  0.000000    0.000000   clock clk (rise edge)
                                  0.000000    0.000000   clock network delay (propagated)
                                  2.000000    2.000000 ^ input external delay
     1    0.004053    0.021202    0.003382    2.003382 ^ Om (in)
                                                         Om (net)
                      0.021202    0.000000    2.003382 ^ input1/A (sg13g2_buf_1)
     3    0.015317    0.070306    0.091661    2.095043 ^ input1/X (sg13g2_buf_1)
                                                         net17 (net)
                      0.070390    0.001980    2.097023 ^ _096_/B_N (sg13g2_nor2b_1)
     2    0.012012    0.118708    0.158548    2.255570 ^ _096_/Y (sg13g2_nor2b_1)
                                                         _050_ (net)
                      0.118710    0.000430    2.256001 ^ fanout8/A (sg13g2_buf_8)
     8    0.041290    0.036490    0.114485    2.370486 ^ fanout8/X (sg13g2_buf_8)
                                                         net8 (net)
                      0.038854    0.007230    2.377716 ^ _106_/C (sg13g2_nand4_1)
     1    0.007052    0.118829    0.134042    2.511758 v _106_/Y (sg13g2_nand4_1)
                                                         _058_ (net)
                      0.118830    0.000495    2.512253 v _107_/A2 (sg13g2_a21o_1)
     1    0.004482    0.031962    0.148155    2.660408 v _107_/X (sg13g2_a21o_1)
                                                         _002_ (net)
                      0.031962    0.000299    2.660707 v hold38/A (sg13g2_dlygate4sd3_1)
     1    0.002516    0.035628    0.371591    3.032299 v hold38/X (sg13g2_dlygate4sd3_1)
                                                         net121 (net)
                      0.035628    0.000096    3.032394 v BN[11]$_SDFFE_PP1P_/D (sg13g2_dfrbpq_1)
                                              3.032394   data arrival time

                                 10.000000   10.000000   clock clk (rise edge)
                                  0.000000   10.000000   clock source latency
     1    0.017067    0.032707    0.014869   10.014870 ^ clk (in)
                                                         clk (net)
                      0.032734    0.000000   10.014870 ^ clkbuf_0_clk/A (sg13g2_buf_8)
     4    0.050922    0.037727    0.081032   10.095901 ^ clkbuf_0_clk/X (sg13g2_buf_8)
                                                         clknet_0_clk (net)
                      0.038029    0.002589   10.098491 ^ clkbuf_2_1__f_clk/A (sg13g2_buf_8)
     7    0.028554    0.027711    0.075591   10.174082 ^ clkbuf_2_1__f_clk/X (sg13g2_buf_8)
                                                         clknet_2_1__leaf_clk (net)
                      0.027734    0.001309   10.175390 ^ BN[11]$_SDFFE_PP1P_/CLK (sg13g2_dfrbpq_1)
                                 -0.250000    9.925390   clock uncertainty
                                  0.000000    9.925390   clock reconvergence pessimism
                                 -0.116280    9.809111   library setup time
                                              9.809111   data required time
---------------------------------------------------------------------------------------------
                                              9.809111   data required time
                                             -3.032394   data arrival time
---------------------------------------------------------------------------------------------
                                              6.776716   slack (MET)


Startpoint: Om (input port clocked by clk)
Endpoint: BN[6]$_SDFFE_PP1P_ (rising edge-triggered flip-flop clocked by clk)
Path Group: clk
Path Type: max

Fanout         Cap        Slew       Delay        Time   Description
---------------------------------------------------------------------------------------------
                                  0.000000    0.000000   clock clk (rise edge)
                                  0.000000    0.000000   clock network delay (propagated)
                                  2.000000    2.000000 ^ input external delay
     1    0.004053    0.021202    0.003382    2.003382 ^ Om (in)
                                                         Om (net)
                      0.021202    0.000000    2.003382 ^ input1/A (sg13g2_buf_1)
     3    0.015317    0.070306    0.091661    2.095043 ^ input1/X (sg13g2_buf_1)
                                                         net17 (net)
                      0.070390    0.001980    2.097023 ^ _096_/B_N (sg13g2_nor2b_1)
     2    0.012012    0.118708    0.158548    2.255570 ^ _096_/Y (sg13g2_nor2b_1)
                                                         _050_ (net)
                      0.118709    0.000314    2.255884 ^ fanout9/A (sg13g2_buf_1)
     4    0.021215    0.094641    0.148378    2.404262 ^ fanout9/X (sg13g2_buf_1)
                                                         net9 (net)
                      0.094651    0.001045    2.405307 ^ _120_/A (sg13g2_nand3_1)
     1    0.008178    0.100684    0.115881    2.521187 v _120_/Y (sg13g2_nand3_1)
                                                         _066_ (net)
                      0.100684    0.000415    2.521602 v _121_/A2 (sg13g2_a21o_1)
     1    0.001701    0.024520    0.134983    2.656585 v _121_/X (sg13g2_a21o_1)
                                                         _008_ (net)
                      0.024520    0.000066    2.656651 v hold28/A (sg13g2_dlygate4sd3_1)
     1    0.002961    0.036854    0.369026    3.025677 v hold28/X (sg13g2_dlygate4sd3_1)
                                                         net111 (net)
                      0.036854    0.000109    3.025786 v BN[6]$_SDFFE_PP1P_/D (sg13g2_dfrbpq_1)
                                              3.025786   data arrival time

                                 10.000000   10.000000   clock clk (rise edge)
                                  0.000000   10.000000   clock source latency
     1    0.017067    0.032707    0.014869   10.014870 ^ clk (in)
                                                         clk (net)
                      0.032734    0.000000   10.014870 ^ clkbuf_0_clk/A (sg13g2_buf_8)
     4    0.050922    0.037727    0.081032   10.095901 ^ clkbuf_0_clk/X (sg13g2_buf_8)
                                                         clknet_0_clk (net)
                      0.038041    0.002644   10.098545 ^ clkbuf_2_3__f_clk/A (sg13g2_buf_8)
     8    0.033901    0.030082    0.077782   10.176328 ^ clkbuf_2_3__f_clk/X (sg13g2_buf_8)
                                                         clknet_2_3__leaf_clk (net)
                      0.030097    0.001158   10.177485 ^ BN[6]$_SDFFE_PP1P_/CLK (sg13g2_dfrbpq_1)
                                 -0.250000    9.927485   clock uncertainty
                                  0.000000    9.927485   clock reconvergence pessimism
                                 -0.116119    9.811367   library setup time
                                              9.811367   data required time
---------------------------------------------------------------------------------------------
                                              9.811367   data required time
                                             -3.025786   data arrival time
---------------------------------------------------------------------------------------------
                                              6.785581   slack (MET)


Startpoint: Op (input port clocked by clk)
Endpoint: B[2]$_SDFFE_PP1P_ (rising edge-triggered flip-flop clocked by clk)
Path Group: clk
Path Type: max

Fanout         Cap        Slew       Delay        Time   Description
---------------------------------------------------------------------------------------------
                                  0.000000    0.000000   clock clk (rise edge)
                                  0.000000    0.000000   clock network delay (propagated)
                                  2.000000    2.000000 ^ input external delay
     1    0.004049    0.021199    0.003379    2.003379 ^ Op (in)
                                                         Op (net)
                      0.021199    0.000000    2.003379 ^ input2/A (sg13g2_buf_1)
     3    0.017747    0.079894    0.099245    2.102624 ^ input2/X (sg13g2_buf_1)
                                                         net18 (net)
                      0.079915    0.001067    2.103691 ^ _128_/B_N (sg13g2_nor2b_1)
     2    0.014845    0.140099    0.179309    2.283000 ^ _128_/Y (sg13g2_nor2b_1)
                                                         _030_ (net)
                      0.140100    0.000302    2.283301 ^ fanout7/A (sg13g2_buf_1)
     4    0.019620    0.088863    0.149362    2.432663 ^ fanout7/X (sg13g2_buf_1)
                                                         net7 (net)
                      0.088882    0.001259    2.433923 ^ _137_/C (sg13g2_nand3_1)
     1    0.003317    0.063323    0.094795    2.528718 v _137_/Y (sg13g2_nand3_1)
                                                         _035_ (net)
                      0.063323    0.000241    2.528959 v _138_/A2 (sg13g2_a21o_1)
     1    0.002404    0.026354    0.122512    2.651471 v _138_/X (sg13g2_a21o_1)
                                                         _016_ (net)
                      0.026354    0.000153    2.651623 v hold23/A (sg13g2_dlygate4sd3_1)
     1    0.002153    0.034616    0.367230    3.018853 v hold23/X (sg13g2_dlygate4sd3_1)
                                                         net106 (net)
                      0.034617    0.000078    3.018931 v B[2]$_SDFFE_PP1P_/D (sg13g2_dfrbpq_1)
                                              3.018931   data arrival time

                                 10.000000   10.000000   clock clk (rise edge)
                                  0.000000   10.000000   clock source latency
     1    0.017067    0.032707    0.014869   10.014870 ^ clk (in)
                                                         clk (net)
                      0.032734    0.000000   10.014870 ^ clkbuf_0_clk/A (sg13g2_buf_8)
     4    0.050922    0.037727    0.081032   10.095901 ^ clkbuf_0_clk/X (sg13g2_buf_8)
                                                         clknet_0_clk (net)
                      0.038041    0.002644   10.098545 ^ clkbuf_2_3__f_clk/A (sg13g2_buf_8)
     8    0.033901    0.030082    0.077782   10.176328 ^ clkbuf_2_3__f_clk/X (sg13g2_buf_8)
                                                         clknet_2_3__leaf_clk (net)
                      0.030089    0.000782   10.177110 ^ B[2]$_SDFFE_PP1P_/CLK (sg13g2_dfrbpq_1)
                                 -0.250000    9.927110   clock uncertainty
                                  0.000000    9.927110   clock reconvergence pessimism
                                 -0.115314    9.811795   library setup time
                                              9.811795   data required time
---------------------------------------------------------------------------------------------
                                              9.811795   data required time
                                             -3.018931   data arrival time
---------------------------------------------------------------------------------------------
                                              6.792864   slack (MET)


Startpoint: Op (input port clocked by clk)
Endpoint: B[11]$_SDFFE_PP1P_ (rising edge-triggered flip-flop clocked by clk)
Path Group: clk
Path Type: max

Fanout         Cap        Slew       Delay        Time   Description
---------------------------------------------------------------------------------------------
                                  0.000000    0.000000   clock clk (rise edge)
                                  0.000000    0.000000   clock network delay (propagated)
                                  2.000000    2.000000 ^ input external delay
     1    0.004049    0.021199    0.003379    2.003379 ^ Op (in)
                                                         Op (net)
                      0.021199    0.000000    2.003379 ^ input2/A (sg13g2_buf_1)
     3    0.017747    0.079894    0.099245    2.102624 ^ input2/X (sg13g2_buf_1)
                                                         net18 (net)
                      0.079915    0.001067    2.103691 ^ _128_/B_N (sg13g2_nor2b_1)
     2    0.014845    0.140099    0.179309    2.283000 ^ _128_/Y (sg13g2_nor2b_1)
                                                         _030_ (net)
                      0.140101    0.000413    2.283413 ^ fanout6/A (sg13g2_buf_8)
     8    0.044951    0.039175    0.123796    2.407209 ^ fanout6/X (sg13g2_buf_8)
                                                         net6 (net)
                      0.039471    0.002176    2.409385 ^ _133_/D (sg13g2_nand4_1)
     1    0.003054    0.074963    0.106233    2.515618 v _133_/Y (sg13g2_nand4_1)
                                                         _033_ (net)
                      0.074963    0.000120    2.515738 v _134_/A2 (sg13g2_a21o_1)
     1    0.001769    0.024333    0.125354    2.641092 v _134_/X (sg13g2_a21o_1)
                                                         _014_ (net)
                      0.024333    0.000069    2.641161 v hold44/A (sg13g2_dlygate4sd3_1)
     1    0.002592    0.035841    0.367628    3.008789 v hold44/X (sg13g2_dlygate4sd3_1)
                                                         net127 (net)
                      0.035842    0.000165    3.008954 v B[11]$_SDFFE_PP1P_/D (sg13g2_dfrbpq_2)
                                              3.008954   data arrival time

                                 10.000000   10.000000   clock clk (rise edge)
                                  0.000000   10.000000   clock source latency
     1    0.017067    0.032707    0.014869   10.014870 ^ clk (in)
                                                         clk (net)
                      0.032734    0.000000   10.014870 ^ clkbuf_0_clk/A (sg13g2_buf_8)
     4    0.050922    0.037727    0.081032   10.095901 ^ clkbuf_0_clk/X (sg13g2_buf_8)
                                                         clknet_0_clk (net)
                      0.038082    0.002822   10.098723 ^ clkbuf_2_2__f_clk/A (sg13g2_buf_8)
     8    0.032833    0.029594    0.077306   10.176029 ^ clkbuf_2_2__f_clk/X (sg13g2_buf_8)
                                                         clknet_2_2__leaf_clk (net)
                      0.029659    0.001409   10.177438 ^ B[11]$_SDFFE_PP1P_/CLK (sg13g2_dfrbpq_2)
                                 -0.250000    9.927438   clock uncertainty
                                  0.000000    9.927438   clock reconvergence pessimism
                                 -0.115866    9.811572   library setup time
                                              9.811572   data required time
---------------------------------------------------------------------------------------------
                                              9.811572   data required time
                                             -3.008954   data arrival time
---------------------------------------------------------------------------------------------
                                              6.802618   slack (MET)


Startpoint: Op (input port clocked by clk)
Endpoint: B[9]$_SDFFE_PP1P_ (rising edge-triggered flip-flop clocked by clk)
Path Group: clk
Path Type: max

Fanout         Cap        Slew       Delay        Time   Description
---------------------------------------------------------------------------------------------
                                  0.000000    0.000000   clock clk (rise edge)
                                  0.000000    0.000000   clock network delay (propagated)
                                  2.000000    2.000000 ^ input external delay
     1    0.004049    0.021199    0.003379    2.003379 ^ Op (in)
                                                         Op (net)
                      0.021199    0.000000    2.003379 ^ input2/A (sg13g2_buf_1)
     3    0.017747    0.079894    0.099245    2.102624 ^ input2/X (sg13g2_buf_1)
                                                         net18 (net)
                      0.079915    0.001067    2.103691 ^ _128_/B_N (sg13g2_nor2b_1)
     2    0.014845    0.140099    0.179309    2.283000 ^ _128_/Y (sg13g2_nor2b_1)
                                                         _030_ (net)
                      0.140101    0.000413    2.283413 ^ fanout6/A (sg13g2_buf_8)
     8    0.044951    0.039175    0.123796    2.407209 ^ fanout6/X (sg13g2_buf_8)
                                                         net6 (net)
                      0.039853    0.003846    2.411055 ^ _151_/C (sg13g2_nand3_1)
     1    0.005778    0.080670    0.093195    2.504250 v _151_/Y (sg13g2_nand3_1)
                                                         _042_ (net)
                      0.080672    0.000428    2.504678 v _152_/A2 (sg13g2_a21o_1)
     1    0.003182    0.028510    0.131715    2.636393 v _152_/X (sg13g2_a21o_1)
                                                         _023_ (net)
                      0.028510    0.000198    2.636591 v hold32/A (sg13g2_dlygate4sd3_1)
     1    0.001594    0.033039    0.366478    3.003068 v hold32/X (sg13g2_dlygate4sd3_1)
                                                         net115 (net)
                      0.033039    0.000062    3.003130 v B[9]$_SDFFE_PP1P_/D (sg13g2_dfrbpq_1)
                                              3.003130   data arrival time

                                 10.000000   10.000000   clock clk (rise edge)
                                  0.000000   10.000000   clock source latency
     1    0.017067    0.032707    0.014869   10.014870 ^ clk (in)
                                                         clk (net)
                      0.032734    0.000000   10.014870 ^ clkbuf_0_clk/A (sg13g2_buf_8)
     4    0.050922    0.037727    0.081032   10.095901 ^ clkbuf_0_clk/X (sg13g2_buf_8)
                                                         clknet_0_clk (net)
                      0.038082    0.002822   10.098723 ^ clkbuf_2_2__f_clk/A (sg13g2_buf_8)
     8    0.032833    0.029594    0.077306   10.176029 ^ clkbuf_2_2__f_clk/X (sg13g2_buf_8)
                                                         clknet_2_2__leaf_clk (net)
                      0.029684    0.001634   10.177664 ^ B[9]$_SDFFE_PP1P_/CLK (sg13g2_dfrbpq_1)
                                 -0.250000    9.927664   clock uncertainty
                                  0.000000    9.927664   clock reconvergence pessimism
                                 -0.114849    9.812814   library setup time
                                              9.812814   data required time
---------------------------------------------------------------------------------------------
                                              9.812814   data required time
                                             -3.003130   data arrival time
---------------------------------------------------------------------------------------------
                                              6.809684   slack (MET)


Startpoint: B[11]$_SDFFE_PP1P_ (rising edge-triggered flip-flop clocked by clk)
Endpoint: B[11] (output port clocked by clk)
Path Group: clk
Path Type: max

Fanout         Cap        Slew       Delay        Time   Description
---------------------------------------------------------------------------------------------
                                  0.000000    0.000000   clock clk (rise edge)
                                  0.000000    0.000000   clock source latency
     1    0.017067    0.032707    0.014869    0.014869 ^ clk (in)
                                                         clk (net)
                      0.032734    0.000000    0.014869 ^ clkbuf_0_clk/A (sg13g2_buf_8)
     4    0.050922    0.037727    0.081032    0.095901 ^ clkbuf_0_clk/X (sg13g2_buf_8)
                                                         clknet_0_clk (net)
                      0.038082    0.002821    0.098722 ^ clkbuf_2_2__f_clk/A (sg13g2_buf_8)
     8    0.032833    0.029594    0.077306    0.176029 ^ clkbuf_2_2__f_clk/X (sg13g2_buf_8)
                                                         clknet_2_2__leaf_clk (net)
                      0.029659    0.001409    0.177438 ^ B[11]$_SDFFE_PP1P_/CLK (sg13g2_dfrbpq_2)
     2    0.011012    0.030398    0.185624    0.363062 v B[11]$_SDFFE_PP1P_/Q (sg13g2_dfrbpq_2)
                                                         net10 (net)
                      0.030398    0.000080    0.363142 v hold43/A (sg13g2_dlygate4sd3_1)
     1    0.008831    0.053527    0.392568    0.755710 v hold43/X (sg13g2_dlygate4sd3_1)
                                                         net126 (net)
                      0.053527    0.000362    0.756072 v fanout10/A (sg13g2_buf_8)
     8    0.059498    0.037725    0.098817    0.854890 v fanout10/X (sg13g2_buf_8)
                                                         net33 (net)
                      0.037880    0.001879    0.856769 v output17/A (sg13g2_buf_1)
     1    0.007490    0.032655    0.076743    0.933512 v output17/X (sg13g2_buf_1)
                                                         B[11] (net)
                      0.032658    0.000318    0.933830 v B[11] (out)
                                              0.933830   data arrival time

                                 10.000000   10.000000   clock clk (rise edge)
                                  0.000000   10.000000   clock network delay (propagated)
                                 -0.250000    9.750000   clock uncertainty
                                  0.000000    9.750000   clock reconvergence pessimism
                                 -2.000000    7.750000   output external delay
                                              7.750000   data required time
---------------------------------------------------------------------------------------------
                                              7.750000   data required time
                                             -0.933830   data arrival time
---------------------------------------------------------------------------------------------
                                              6.816170   slack (MET)


Startpoint: Op (input port clocked by clk)
Endpoint: B[5]$_SDFFE_PP1P_ (rising edge-triggered flip-flop clocked by clk)
Path Group: clk
Path Type: max

Fanout         Cap        Slew       Delay        Time   Description
---------------------------------------------------------------------------------------------
                                  0.000000    0.000000   clock clk (rise edge)
                                  0.000000    0.000000   clock network delay (propagated)
                                  2.000000    2.000000 ^ input external delay
     1    0.004049    0.021199    0.003379    2.003379 ^ Op (in)
                                                         Op (net)
                      0.021199    0.000000    2.003379 ^ input2/A (sg13g2_buf_1)
     3    0.017747    0.079894    0.099245    2.102624 ^ input2/X (sg13g2_buf_1)
                                                         net18 (net)
                      0.079915    0.001067    2.103691 ^ _128_/B_N (sg13g2_nor2b_1)
     2    0.014845    0.140099    0.179309    2.283000 ^ _128_/Y (sg13g2_nor2b_1)
                                                         _030_ (net)
                      0.140101    0.000413    2.283413 ^ fanout6/A (sg13g2_buf_8)
     8    0.044951    0.039175    0.123796    2.407209 ^ fanout6/X (sg13g2_buf_8)
                                                         net6 (net)
                      0.039718    0.003319    2.410528 ^ _143_/C (sg13g2_nand3_1)
     1    0.003222    0.072750    0.077654    2.488182 v _143_/Y (sg13g2_nand3_1)
                                                         _038_ (net)
                      0.072750    0.000128    2.488310 v _144_/A2 (sg13g2_a21o_1)
     1    0.002815    0.027562    0.127479    2.615789 v _144_/X (sg13g2_a21o_1)
                                                         _019_ (net)
                      0.027562    0.000168    2.615957 v hold21/A (sg13g2_dlygate4sd3_1)
     1    0.002486    0.035545    0.369055    2.985012 v hold21/X (sg13g2_dlygate4sd3_1)
                                                         net104 (net)
                      0.035545    0.000094    2.985105 v B[5]$_SDFFE_PP1P_/D (sg13g2_dfrbpq_1)
                                              2.985105   data arrival time

                                 10.000000   10.000000   clock clk (rise edge)
                                  0.000000   10.000000   clock source latency
     1    0.017067    0.032707    0.014869   10.014870 ^ clk (in)
                                                         clk (net)
                      0.032734    0.000000   10.014870 ^ clkbuf_0_clk/A (sg13g2_buf_8)
     4    0.050922    0.037727    0.081032   10.095901 ^ clkbuf_0_clk/X (sg13g2_buf_8)
                                                         clknet_0_clk (net)
                      0.038082    0.002822   10.098723 ^ clkbuf_2_2__f_clk/A (sg13g2_buf_8)
     8    0.032833    0.029594    0.077306   10.176029 ^ clkbuf_2_2__f_clk/X (sg13g2_buf_8)
                                                         clknet_2_2__leaf_clk (net)
                      0.029603    0.000764   10.176793 ^ B[5]$_SDFFE_PP1P_/CLK (sg13g2_dfrbpq_1)
                                 -0.250000    9.926793   clock uncertainty
                                  0.000000    9.926793   clock reconvergence pessimism
                                 -0.115773    9.811020   library setup time
                                              9.811020   data required time
---------------------------------------------------------------------------------------------
                                              9.811020   data required time
                                             -2.985105   data arrival time
---------------------------------------------------------------------------------------------
                                              6.825914   slack (MET)


Startpoint: Op (input port clocked by clk)
Endpoint: B[4]$_SDFFE_PP1P_ (rising edge-triggered flip-flop clocked by clk)
Path Group: clk
Path Type: max

Fanout         Cap        Slew       Delay        Time   Description
---------------------------------------------------------------------------------------------
                                  0.000000    0.000000   clock clk (rise edge)
                                  0.000000    0.000000   clock network delay (propagated)
                                  2.000000    2.000000 ^ input external delay
     1    0.004049    0.021199    0.003379    2.003379 ^ Op (in)
                                                         Op (net)
                      0.021199    0.000000    2.003379 ^ input2/A (sg13g2_buf_1)
     3    0.017747    0.079894    0.099245    2.102624 ^ input2/X (sg13g2_buf_1)
                                                         net18 (net)
                      0.079915    0.001067    2.103691 ^ _128_/B_N (sg13g2_nor2b_1)
     2    0.014845    0.140099    0.179309    2.283000 ^ _128_/Y (sg13g2_nor2b_1)
                                                         _030_ (net)
                      0.140101    0.000413    2.283413 ^ fanout6/A (sg13g2_buf_8)
     8    0.044951    0.039175    0.123796    2.407209 ^ fanout6/X (sg13g2_buf_8)
                                                         net6 (net)
                      0.039677    0.003148    2.410357 ^ _141_/C (sg13g2_nand3_1)
     1    0.002964    0.071209    0.076038    2.486395 v _141_/Y (sg13g2_nand3_1)
                                                         _037_ (net)
                      0.071209    0.000230    2.486624 v _142_/A2 (sg13g2_a21o_1)
     1    0.001714    0.024172    0.123692    2.610317 v _142_/X (sg13g2_a21o_1)
                                                         _018_ (net)
                      0.024172    0.000067    2.610383 v hold6/A (sg13g2_dlygate4sd3_1)
     1    0.001524    0.032834    0.363834    2.974217 v hold6/X (sg13g2_dlygate4sd3_1)
                                                         net89 (net)
                      0.032834    0.000060    2.974277 v B[4]$_SDFFE_PP1P_/D (sg13g2_dfrbpq_1)
                                              2.974277   data arrival time

                                 10.000000   10.000000   clock clk (rise edge)
                                  0.000000   10.000000   clock source latency
     1    0.017067    0.032707    0.014869   10.014870 ^ clk (in)
                                                         clk (net)
                      0.032734    0.000000   10.014870 ^ clkbuf_0_clk/A (sg13g2_buf_8)
     4    0.050922    0.037727    0.081032   10.095901 ^ clkbuf_0_clk/X (sg13g2_buf_8)
                                                         clknet_0_clk (net)
                      0.038064    0.002744   10.098645 ^ clkbuf_2_0__f_clk/A (sg13g2_buf_8)
     8    0.032060    0.029222    0.076866   10.175510 ^ clkbuf_2_0__f_clk/X (sg13g2_buf_8)
                                                         clknet_2_0__leaf_clk (net)
                      0.029344    0.001828   10.177339 ^ B[4]$_SDFFE_PP1P_/CLK (sg13g2_dfrbpq_1)
                                 -0.250000    9.927339   clock uncertainty
                                  0.000000    9.927339   clock reconvergence pessimism
                                 -0.114862    9.812475   library setup time
                                              9.812475   data required time
---------------------------------------------------------------------------------------------
                                              9.812475   data required time
                                             -2.974277   data arrival time
---------------------------------------------------------------------------------------------
                                              6.838199   slack (MET)


Startpoint: Om (input port clocked by clk)
Endpoint: BN[9]$_SDFFE_PP1P_ (rising edge-triggered flip-flop clocked by clk)
Path Group: clk
Path Type: max

Fanout         Cap        Slew       Delay        Time   Description
---------------------------------------------------------------------------------------------
                                  0.000000    0.000000   clock clk (rise edge)
                                  0.000000    0.000000   clock network delay (propagated)
                                  2.000000    2.000000 ^ input external delay
     1    0.004053    0.021202    0.003382    2.003382 ^ Om (in)
                                                         Om (net)
                      0.021202    0.000000    2.003382 ^ input1/A (sg13g2_buf_1)
     3    0.015317    0.070306    0.091661    2.095043 ^ input1/X (sg13g2_buf_1)
                                                         net17 (net)
                      0.070390    0.001980    2.097023 ^ _096_/B_N (sg13g2_nor2b_1)
     2    0.012012    0.118708    0.158548    2.255570 ^ _096_/Y (sg13g2_nor2b_1)
                                                         _050_ (net)
                      0.118710    0.000430    2.256001 ^ fanout8/A (sg13g2_buf_8)
     8    0.041290    0.036490    0.114485    2.370486 ^ fanout8/X (sg13g2_buf_8)
                                                         net8 (net)
                      0.038063    0.005658    2.376144 ^ _126_/A (sg13g2_nand3_1)
     1    0.006115    0.078837    0.081903    2.458047 v _126_/Y (sg13g2_nand3_1)
                                                         _029_ (net)
                      0.078838    0.000420    2.458467 v _127_/A2 (sg13g2_a21o_1)
     1    0.002515    0.026786    0.129059    2.587526 v _127_/X (sg13g2_a21o_1)
                                                         _011_ (net)
                      0.026787    0.000154    2.587679 v hold30/A (sg13g2_dlygate4sd3_1)
     1    0.002633    0.035951    0.369136    2.956815 v hold30/X (sg13g2_dlygate4sd3_1)
                                                         net113 (net)
                      0.035951    0.000099    2.956914 v BN[9]$_SDFFE_PP1P_/D (sg13g2_dfrbpq_1)
                                              2.956914   data arrival time

                                 10.000000   10.000000   clock clk (rise edge)
                                  0.000000   10.000000   clock source latency
     1    0.017067    0.032707    0.014869   10.014870 ^ clk (in)
                                                         clk (net)
                      0.032734    0.000000   10.014870 ^ clkbuf_0_clk/A (sg13g2_buf_8)
     4    0.050922    0.037727    0.081032   10.095901 ^ clkbuf_0_clk/X (sg13g2_buf_8)
                                                         clknet_0_clk (net)
                      0.038082    0.002822   10.098723 ^ clkbuf_2_2__f_clk/A (sg13g2_buf_8)
     8    0.032833    0.029594    0.077306   10.176029 ^ clkbuf_2_2__f_clk/X (sg13g2_buf_8)
                                                         clknet_2_2__leaf_clk (net)
                      0.029683    0.001623   10.177652 ^ BN[9]$_SDFFE_PP1P_/CLK (sg13g2_dfrbpq_1)
                                 -0.250000    9.927651   clock uncertainty
                                  0.000000    9.927651   clock reconvergence pessimism
                                 -0.115899    9.811752   library setup time
                                              9.811752   data required time
---------------------------------------------------------------------------------------------
                                              9.811752   data required time
                                             -2.956914   data arrival time
---------------------------------------------------------------------------------------------
                                              6.854839   slack (MET)


Startpoint: Om (input port clocked by clk)
Endpoint: BN[4]$_SDFFE_PP1P_ (rising edge-triggered flip-flop clocked by clk)
Path Group: clk
Path Type: max

Fanout         Cap        Slew       Delay        Time   Description
---------------------------------------------------------------------------------------------
                                  0.000000    0.000000   clock clk (rise edge)
                                  0.000000    0.000000   clock network delay (propagated)
                                  2.000000    2.000000 ^ input external delay
     1    0.004053    0.021202    0.003382    2.003382 ^ Om (in)
                                                         Om (net)
                      0.021202    0.000000    2.003382 ^ input1/A (sg13g2_buf_1)
     3    0.015317    0.070306    0.091661    2.095043 ^ input1/X (sg13g2_buf_1)
                                                         net17 (net)
                      0.070390    0.001980    2.097023 ^ _096_/B_N (sg13g2_nor2b_1)
     2    0.012012    0.118708    0.158548    2.255570 ^ _096_/Y (sg13g2_nor2b_1)
                                                         _050_ (net)
                      0.118710    0.000430    2.256001 ^ fanout8/A (sg13g2_buf_8)
     8    0.041290    0.036490    0.114485    2.370486 ^ fanout8/X (sg13g2_buf_8)
                                                         net8 (net)
                      0.038847    0.007217    2.377703 ^ _116_/A (sg13g2_nand3_1)
     1    0.004726    0.076595    0.073582    2.451285 v _116_/Y (sg13g2_nand3_1)
                                                         _064_ (net)
                      0.076596    0.000361    2.451646 v _117_/A2 (sg13g2_a21o_1)
     1    0.001732    0.024748    0.125902    2.577548 v _117_/X (sg13g2_a21o_1)
                                                         _006_ (net)
                      0.024749    0.000067    2.577615 v hold14/A (sg13g2_dlygate4sd3_1)
     1    0.001719    0.033398    0.364829    2.942444 v hold14/X (sg13g2_dlygate4sd3_1)
                                                         net97 (net)
                      0.033398    0.000065    2.942509 v BN[4]$_SDFFE_PP1P_/D (sg13g2_dfrbpq_1)
                                              2.942509   data arrival time

                                 10.000000   10.000000   clock clk (rise edge)
                                  0.000000   10.000000   clock source latency
     1    0.017067    0.032707    0.014869   10.014870 ^ clk (in)
                                                         clk (net)
                      0.032734    0.000000   10.014870 ^ clkbuf_0_clk/A (sg13g2_buf_8)
     4    0.050922    0.037727    0.081032   10.095901 ^ clkbuf_0_clk/X (sg13g2_buf_8)
                                                         clknet_0_clk (net)
                      0.038064    0.002744   10.098645 ^ clkbuf_2_0__f_clk/A (sg13g2_buf_8)
     8    0.032060    0.029222    0.076866   10.175510 ^ clkbuf_2_0__f_clk/X (sg13g2_buf_8)
                                                         clknet_2_0__leaf_clk (net)
                      0.029347    0.001844   10.177355 ^ BN[4]$_SDFFE_PP1P_/CLK (sg13g2_dfrbpq_1)
                                 -0.250000    9.927354   clock uncertainty
                                  0.000000    9.927354   clock reconvergence pessimism
                                 -0.115065    9.812289   library setup time
                                              9.812289   data required time
---------------------------------------------------------------------------------------------
                                              9.812289   data required time
                                             -2.942509   data arrival time
---------------------------------------------------------------------------------------------
                                              6.869780   slack (MET)


Startpoint: Om (input port clocked by clk)
Endpoint: BN[8]$_SDFFE_PP1P_ (rising edge-triggered flip-flop clocked by clk)
Path Group: clk
Path Type: max

Fanout         Cap        Slew       Delay        Time   Description
---------------------------------------------------------------------------------------------
                                  0.000000    0.000000   clock clk (rise edge)
                                  0.000000    0.000000   clock network delay (propagated)
                                  2.000000    2.000000 ^ input external delay
     1    0.004053    0.021202    0.003382    2.003382 ^ Om (in)
                                                         Om (net)
                      0.021202    0.000000    2.003382 ^ input1/A (sg13g2_buf_1)
     3    0.015317    0.070306    0.091661    2.095043 ^ input1/X (sg13g2_buf_1)
                                                         net17 (net)
                      0.070390    0.001980    2.097023 ^ _096_/B_N (sg13g2_nor2b_1)
     2    0.012012    0.118708    0.158548    2.255570 ^ _096_/Y (sg13g2_nor2b_1)
                                                         _050_ (net)
                      0.118710    0.000430    2.256001 ^ fanout8/A (sg13g2_buf_8)
     8    0.041290    0.036490    0.114485    2.370486 ^ fanout8/X (sg13g2_buf_8)
                                                         net8 (net)
                      0.039039    0.007560    2.378045 ^ _124_/A (sg13g2_nand3_1)
     1    0.004074    0.072169    0.069642    2.447687 v _124_/Y (sg13g2_nand3_1)
                                                         _028_ (net)
                      0.072170    0.000277    2.447965 v _125_/A2 (sg13g2_a21o_1)
     1    0.001982    0.024874    0.124850    2.572815 v _125_/X (sg13g2_a21o_1)
                                                         _010_ (net)
                      0.024874    0.000074    2.572889 v hold8/A (sg13g2_dlygate4sd3_1)
     1    0.001524    0.032834    0.364222    2.937111 v hold8/X (sg13g2_dlygate4sd3_1)
                                                         net91 (net)
                      0.032834    0.000060    2.937171 v BN[8]$_SDFFE_PP1P_/D (sg13g2_dfrbpq_1)
                                              2.937171   data arrival time

                                 10.000000   10.000000   clock clk (rise edge)
                                  0.000000   10.000000   clock source latency
     1    0.017067    0.032707    0.014869   10.014870 ^ clk (in)
                                                         clk (net)
                      0.032734    0.000000   10.014870 ^ clkbuf_0_clk/A (sg13g2_buf_8)
     4    0.050922    0.037727    0.081032   10.095901 ^ clkbuf_0_clk/X (sg13g2_buf_8)
                                                         clknet_0_clk (net)
                      0.038064    0.002744   10.098645 ^ clkbuf_2_0__f_clk/A (sg13g2_buf_8)
     8    0.032060    0.029222    0.076866   10.175510 ^ clkbuf_2_0__f_clk/X (sg13g2_buf_8)
                                                         clknet_2_0__leaf_clk (net)
                      0.029343    0.001821   10.177331 ^ BN[8]$_SDFFE_PP1P_/CLK (sg13g2_dfrbpq_1)
                                 -0.250000    9.927331   clock uncertainty
                                  0.000000    9.927331   clock reconvergence pessimism
                                 -0.114863    9.812469   library setup time
                                              9.812469   data required time
---------------------------------------------------------------------------------------------
                                              9.812469   data required time
                                             -2.937171   data arrival time
---------------------------------------------------------------------------------------------
                                              6.875297   slack (MET)


Startpoint: Om (input port clocked by clk)
Endpoint: BN[5]$_SDFFE_PP1P_ (rising edge-triggered flip-flop clocked by clk)
Path Group: clk
Path Type: max

Fanout         Cap        Slew       Delay        Time   Description
---------------------------------------------------------------------------------------------
                                  0.000000    0.000000   clock clk (rise edge)
                                  0.000000    0.000000   clock network delay (propagated)
                                  2.000000    2.000000 ^ input external delay
     1    0.004053    0.021202    0.003382    2.003382 ^ Om (in)
                                                         Om (net)
                      0.021202    0.000000    2.003382 ^ input1/A (sg13g2_buf_1)
     3    0.015317    0.070306    0.091661    2.095043 ^ input1/X (sg13g2_buf_1)
                                                         net17 (net)
                      0.070390    0.001980    2.097023 ^ _096_/B_N (sg13g2_nor2b_1)
     2    0.012012    0.118708    0.158548    2.255570 ^ _096_/Y (sg13g2_nor2b_1)
                                                         _050_ (net)
                      0.118710    0.000430    2.256001 ^ fanout8/A (sg13g2_buf_8)
     8    0.041290    0.036490    0.114485    2.370486 ^ fanout8/X (sg13g2_buf_8)
                                                         net8 (net)
                      0.037558    0.004456    2.374942 ^ _118_/A (sg13g2_nand3_1)
     1    0.003587    0.067719    0.066109    2.441052 v _118_/Y (sg13g2_nand3_1)
                                                         _065_ (net)
                      0.067719    0.000255    2.441307 v _119_/A2 (sg13g2_a21o_1)
     1    0.003115    0.028334    0.126338    2.567644 v _119_/X (sg13g2_a21o_1)
                                                         _007_ (net)
                      0.028334    0.000111    2.567755 v hold36/A (sg13g2_dlygate4sd3_1)
     1    0.001962    0.034105    0.367650    2.935405 v hold36/X (sg13g2_dlygate4sd3_1)
                                                         net119 (net)
                      0.034105    0.000142    2.935547 v BN[5]$_SDFFE_PP1P_/D (sg13g2_dfrbpq_1)
                                              2.935547   data arrival time

                                 10.000000   10.000000   clock clk (rise edge)
                                  0.000000   10.000000   clock source latency
     1    0.017067    0.032707    0.014869   10.014870 ^ clk (in)
                                                         clk (net)
                      0.032734    0.000000   10.014870 ^ clkbuf_0_clk/A (sg13g2_buf_8)
     4    0.050922    0.037727    0.081032   10.095901 ^ clkbuf_0_clk/X (sg13g2_buf_8)
                                                         clknet_0_clk (net)
                      0.038082    0.002822   10.098723 ^ clkbuf_2_2__f_clk/A (sg13g2_buf_8)
     8    0.032833    0.029594    0.077306   10.176029 ^ clkbuf_2_2__f_clk/X (sg13g2_buf_8)
                                                         clknet_2_2__leaf_clk (net)
                      0.029604    0.000783   10.176812 ^ BN[5]$_SDFFE_PP1P_/CLK (sg13g2_dfrbpq_1)
                                 -0.250000    9.926812   clock uncertainty
                                  0.000000    9.926812   clock reconvergence pessimism
                                 -0.115254    9.811558   library setup time
                                              9.811558   data required time
---------------------------------------------------------------------------------------------
                                              9.811558   data required time
                                             -2.935547   data arrival time
---------------------------------------------------------------------------------------------
                                              6.876011   slack (MET)


Startpoint: Op (input port clocked by clk)
Endpoint: dbit[2]$_SDFFE_PP0P_ (rising edge-triggered flip-flop clocked by clk)
Path Group: clk
Path Type: max

Fanout         Cap        Slew       Delay        Time   Description
---------------------------------------------------------------------------------------------
                                  0.000000    0.000000   clock clk (rise edge)
                                  0.000000    0.000000   clock network delay (propagated)
                                  2.000000    2.000000 v input external delay
     1    0.003991    0.017897    0.002840    2.002840 v Op (in)
                                                         Op (net)
                      0.017897    0.000000    2.002840 v input2/A (sg13g2_buf_1)
     3    0.017472    0.062375    0.092291    2.095131 v input2/X (sg13g2_buf_1)
                                                         net18 (net)
                      0.062394    0.001055    2.096186 v _165_/A (sg13g2_xnor2_1)
     6    0.023512    0.151958    0.187258    2.283445 v _165_/Y (sg13g2_xnor2_1)
                                                         _043_ (net)
                      0.151995    0.001944    2.285389 v _172_/A_N (sg13g2_nand3b_1)
     2    0.009231    0.106677    0.171945    2.457334 v _172_/Y (sg13g2_nand3b_1)
                                                         _048_ (net)
                      0.106682    0.000852    2.458186 v _174_/A1 (sg13g2_a21oi_1)
     1    0.003478    0.058088    0.089952    2.548139 ^ _174_/Y (sg13g2_a21oi_1)
                                                         _026_ (net)
                      0.058088    0.000188    2.548326 ^ hold40/A (sg13g2_dlygate4sd3_1)
     1    0.002095    0.031404    0.369409    2.917736 ^ hold40/X (sg13g2_dlygate4sd3_1)
                                                         net123 (net)
                      0.031404    0.000080    2.917816 ^ dbit[2]$_SDFFE_PP0P_/D (sg13g2_dfrbpq_2)
                                              2.917816   data arrival time

                                 10.000000   10.000000   clock clk (rise edge)
                                  0.000000   10.000000   clock source latency
     1    0.017067    0.032707    0.014869   10.014870 ^ clk (in)
                                                         clk (net)
                      0.032734    0.000000   10.014870 ^ clkbuf_0_clk/A (sg13g2_buf_8)
     4    0.050922    0.037727    0.081032   10.095901 ^ clkbuf_0_clk/X (sg13g2_buf_8)
                                                         clknet_0_clk (net)
                      0.038029    0.002589   10.098491 ^ clkbuf_2_1__f_clk/A (sg13g2_buf_8)
     7    0.028554    0.027711    0.075591   10.174082 ^ clkbuf_2_1__f_clk/X (sg13g2_buf_8)
                                                         clknet_2_1__leaf_clk (net)
                      0.027780    0.001829   10.175910 ^ dbit[2]$_SDFFE_PP0P_/CLK (sg13g2_dfrbpq_2)
                                 -0.250000    9.925910   clock uncertainty
                                  0.000000    9.925910   clock reconvergence pessimism
                                 -0.115237    9.810673   library setup time
                                              9.810673   data required time
---------------------------------------------------------------------------------------------
                                              9.810673   data required time
                                             -2.917816   data arrival time
---------------------------------------------------------------------------------------------
                                              6.892856   slack (MET)


Startpoint: B[11]$_SDFFE_PP1P_ (rising edge-triggered flip-flop clocked by clk)
Endpoint: D[8] (output port clocked by clk)
Path Group: clk
Path Type: max

Fanout         Cap        Slew       Delay        Time   Description
---------------------------------------------------------------------------------------------
                                  0.000000    0.000000   clock clk (rise edge)
                                  0.000000    0.000000   clock source latency
     1    0.017067    0.032707    0.014869    0.014869 ^ clk (in)
                                                         clk (net)
                      0.032734    0.000000    0.014869 ^ clkbuf_0_clk/A (sg13g2_buf_8)
     4    0.050922    0.037727    0.081032    0.095901 ^ clkbuf_0_clk/X (sg13g2_buf_8)
                                                         clknet_0_clk (net)
                      0.038082    0.002821    0.098722 ^ clkbuf_2_2__f_clk/A (sg13g2_buf_8)
     8    0.032833    0.029594    0.077306    0.176029 ^ clkbuf_2_2__f_clk/X (sg13g2_buf_8)
                                                         clknet_2_2__leaf_clk (net)
                      0.029659    0.001409    0.177438 ^ B[11]$_SDFFE_PP1P_/CLK (sg13g2_dfrbpq_2)
     2    0.011261    0.036846    0.188748    0.366186 ^ B[11]$_SDFFE_PP1P_/Q (sg13g2_dfrbpq_2)
                                                         net10 (net)
                      0.036856    0.000376    0.366562 ^ fanout11/A (sg13g2_buf_8)
     6    0.042859    0.034009    0.080365    0.446928 ^ fanout11/X (sg13g2_buf_8)
                                                         net11 (net)
                      0.034313    0.002218    0.449145 ^ _163_/S (sg13g2_mux2_1)
     1    0.005490    0.041394    0.158430    0.607576 v _163_/X (sg13g2_mux2_1)
                                                         net53 (net)
                      0.041395    0.000481    0.608057 v output37/A (sg13g2_buf_1)
     1    0.010834    0.042626    0.086462    0.694518 v output37/X (sg13g2_buf_1)
                                                         D[8] (net)
                      0.042630    0.000454    0.694972 v D[8] (out)
                                              0.694972   data arrival time

                                 10.000000   10.000000   clock clk (rise edge)
                                  0.000000   10.000000   clock network delay (propagated)
                                 -0.250000    9.750000   clock uncertainty
                                  0.000000    9.750000   clock reconvergence pessimism
                                 -2.000000    7.750000   output external delay
                                              7.750000   data required time
---------------------------------------------------------------------------------------------
                                              7.750000   data required time
                                             -0.694972   data arrival time
---------------------------------------------------------------------------------------------
                                              7.055028   slack (MET)


Startpoint: B[11]$_SDFFE_PP1P_ (rising edge-triggered flip-flop clocked by clk)
Endpoint: D[4] (output port clocked by clk)
Path Group: clk
Path Type: max

Fanout         Cap        Slew       Delay        Time   Description
---------------------------------------------------------------------------------------------
                                  0.000000    0.000000   clock clk (rise edge)
                                  0.000000    0.000000   clock source latency
     1    0.017067    0.032707    0.014869    0.014869 ^ clk (in)
                                                         clk (net)
                      0.032734    0.000000    0.014869 ^ clkbuf_0_clk/A (sg13g2_buf_8)
     4    0.050922    0.037727    0.081032    0.095901 ^ clkbuf_0_clk/X (sg13g2_buf_8)
                                                         clknet_0_clk (net)
                      0.038082    0.002821    0.098722 ^ clkbuf_2_2__f_clk/A (sg13g2_buf_8)
     8    0.032833    0.029594    0.077306    0.176029 ^ clkbuf_2_2__f_clk/X (sg13g2_buf_8)
                                                         clknet_2_2__leaf_clk (net)
                      0.029659    0.001409    0.177438 ^ B[11]$_SDFFE_PP1P_/CLK (sg13g2_dfrbpq_2)
     2    0.011261    0.036846    0.188748    0.366186 ^ B[11]$_SDFFE_PP1P_/Q (sg13g2_dfrbpq_2)
                                                         net10 (net)
                      0.036856    0.000376    0.366562 ^ fanout11/A (sg13g2_buf_8)
     6    0.042859    0.034009    0.080365    0.446928 ^ fanout11/X (sg13g2_buf_8)
                                                         net11 (net)
                      0.034317    0.002239    0.449167 ^ _159_/S (sg13g2_mux2_1)
     1    0.005845    0.042333    0.159565    0.608733 v _159_/X (sg13g2_mux2_1)
                                                         net49 (net)
                      0.042334    0.000193    0.608926 v output33/A (sg13g2_buf_1)
     1    0.008807    0.036614    0.081686    0.690612 v output33/X (sg13g2_buf_1)
                                                         D[4] (net)
                      0.036631    0.000722    0.691334 v D[4] (out)
                                              0.691334   data arrival time

                                 10.000000   10.000000   clock clk (rise edge)
                                  0.000000   10.000000   clock network delay (propagated)
                                 -0.250000    9.750000   clock uncertainty
                                  0.000000    9.750000   clock reconvergence pessimism
                                 -2.000000    7.750000   output external delay
                                              7.750000   data required time
---------------------------------------------------------------------------------------------
                                              7.750000   data required time
                                             -0.691334   data arrival time
---------------------------------------------------------------------------------------------
                                              7.058666   slack (MET)


Startpoint: B[11]$_SDFFE_PP1P_ (rising edge-triggered flip-flop clocked by clk)
Endpoint: D[11] (output port clocked by clk)
Path Group: clk
Path Type: max

Fanout         Cap        Slew       Delay        Time   Description
---------------------------------------------------------------------------------------------
                                  0.000000    0.000000   clock clk (rise edge)
                                  0.000000    0.000000   clock source latency
     1    0.017067    0.032707    0.014869    0.014869 ^ clk (in)
                                                         clk (net)
                      0.032734    0.000000    0.014869 ^ clkbuf_0_clk/A (sg13g2_buf_8)
     4    0.050922    0.037727    0.081032    0.095901 ^ clkbuf_0_clk/X (sg13g2_buf_8)
                                                         clknet_0_clk (net)
                      0.038082    0.002821    0.098722 ^ clkbuf_2_2__f_clk/A (sg13g2_buf_8)
     8    0.032833    0.029594    0.077306    0.176029 ^ clkbuf_2_2__f_clk/X (sg13g2_buf_8)
                                                         clknet_2_2__leaf_clk (net)
                      0.029659    0.001409    0.177438 ^ B[11]$_SDFFE_PP1P_/CLK (sg13g2_dfrbpq_2)
     2    0.011261    0.036846    0.188748    0.366186 ^ B[11]$_SDFFE_PP1P_/Q (sg13g2_dfrbpq_2)
                                                         net10 (net)
                      0.036856    0.000376    0.366562 ^ fanout11/A (sg13g2_buf_8)
     6    0.042859    0.034009    0.080365    0.446928 ^ fanout11/X (sg13g2_buf_8)
                                                         net11 (net)
                      0.034138    0.001077    0.448005 ^ _155_/S (sg13g2_mux2_1)
     1    0.005213    0.040577    0.157580    0.605586 v _155_/X (sg13g2_mux2_1)
                                                         net45 (net)
                      0.040578    0.000356    0.605941 v output29/A (sg13g2_buf_1)
     1    0.009541    0.038719    0.082809    0.688750 v output29/X (sg13g2_buf_1)
                                                         D[11] (net)
                      0.038730    0.000629    0.689379 v D[11] (out)
                                              0.689379   data arrival time

                                 10.000000   10.000000   clock clk (rise edge)
                                  0.000000   10.000000   clock network delay (propagated)
                                 -0.250000    9.750000   clock uncertainty
                                  0.000000    9.750000   clock reconvergence pessimism
                                 -2.000000    7.750000   output external delay
                                              7.750000   data required time
---------------------------------------------------------------------------------------------
                                              7.750000   data required time
                                             -0.689379   data arrival time
---------------------------------------------------------------------------------------------
                                              7.060621   slack (MET)


Startpoint: B[11]$_SDFFE_PP1P_ (rising edge-triggered flip-flop clocked by clk)
Endpoint: D[3] (output port clocked by clk)
Path Group: clk
Path Type: max

Fanout         Cap        Slew       Delay        Time   Description
---------------------------------------------------------------------------------------------
                                  0.000000    0.000000   clock clk (rise edge)
                                  0.000000    0.000000   clock source latency
     1    0.017067    0.032707    0.014869    0.014869 ^ clk (in)
                                                         clk (net)
                      0.032734    0.000000    0.014869 ^ clkbuf_0_clk/A (sg13g2_buf_8)
     4    0.050922    0.037727    0.081032    0.095901 ^ clkbuf_0_clk/X (sg13g2_buf_8)
                                                         clknet_0_clk (net)
                      0.038082    0.002821    0.098722 ^ clkbuf_2_2__f_clk/A (sg13g2_buf_8)
     8    0.032833    0.029594    0.077306    0.176029 ^ clkbuf_2_2__f_clk/X (sg13g2_buf_8)
                                                         clknet_2_2__leaf_clk (net)
                      0.029659    0.001409    0.177438 ^ B[11]$_SDFFE_PP1P_/CLK (sg13g2_dfrbpq_2)
     2    0.011261    0.036846    0.188748    0.366186 ^ B[11]$_SDFFE_PP1P_/Q (sg13g2_dfrbpq_2)
                                                         net10 (net)
                      0.036856    0.000376    0.366562 ^ fanout11/A (sg13g2_buf_8)
     6    0.042859    0.034009    0.080365    0.446928 ^ fanout11/X (sg13g2_buf_8)
                                                         net11 (net)
                      0.034263    0.001934    0.448862 ^ _158_/S (sg13g2_mux2_1)
     1    0.004175    0.038382    0.154600    0.603462 v _158_/X (sg13g2_mux2_1)
                                                         net48 (net)
                      0.038382    0.000288    0.603750 v output32/A (sg13g2_buf_1)
     1    0.008008    0.034169    0.078230    0.681980 v output32/X (sg13g2_buf_1)
                                                         D[3] (net)
                      0.034172    0.000340    0.682320 v D[3] (out)
                                              0.682320   data arrival time

                                 10.000000   10.000000   clock clk (rise edge)
                                  0.000000   10.000000   clock network delay (propagated)
                                 -0.250000    9.750000   clock uncertainty
                                  0.000000    9.750000   clock reconvergence pessimism
                                 -2.000000    7.750000   output external delay
                                              7.750000   data required time
---------------------------------------------------------------------------------------------
                                              7.750000   data required time
                                             -0.682320   data arrival time
---------------------------------------------------------------------------------------------
                                              7.067680   slack (MET)


Startpoint: B[11]$_SDFFE_PP1P_ (rising edge-triggered flip-flop clocked by clk)
Endpoint: D[7] (output port clocked by clk)
Path Group: clk
Path Type: max

Fanout         Cap        Slew       Delay        Time   Description
---------------------------------------------------------------------------------------------
                                  0.000000    0.000000   clock clk (rise edge)
                                  0.000000    0.000000   clock source latency
     1    0.017067    0.032707    0.014869    0.014869 ^ clk (in)
                                                         clk (net)
                      0.032734    0.000000    0.014869 ^ clkbuf_0_clk/A (sg13g2_buf_8)
     4    0.050922    0.037727    0.081032    0.095901 ^ clkbuf_0_clk/X (sg13g2_buf_8)
                                                         clknet_0_clk (net)
                      0.038082    0.002821    0.098722 ^ clkbuf_2_2__f_clk/A (sg13g2_buf_8)
     8    0.032833    0.029594    0.077306    0.176029 ^ clkbuf_2_2__f_clk/X (sg13g2_buf_8)
                                                         clknet_2_2__leaf_clk (net)
                      0.029659    0.001409    0.177438 ^ B[11]$_SDFFE_PP1P_/CLK (sg13g2_dfrbpq_2)
     2    0.011261    0.036846    0.188748    0.366186 ^ B[11]$_SDFFE_PP1P_/Q (sg13g2_dfrbpq_2)
                                                         net10 (net)
                      0.036856    0.000376    0.366562 ^ fanout11/A (sg13g2_buf_8)
     6    0.042859    0.034009    0.080365    0.446928 ^ fanout11/X (sg13g2_buf_8)
                                                         net11 (net)
                      0.034193    0.001493    0.448421 ^ _162_/S (sg13g2_mux2_1)
     1    0.004356    0.038486    0.155094    0.603515 v _162_/X (sg13g2_mux2_1)
                                                         net52 (net)
                      0.038486    0.000316    0.603830 v output36/A (sg13g2_buf_1)
     1    0.006700    0.030409    0.075064    0.678894 v output36/X (sg13g2_buf_1)
                                                         D[7] (net)
                      0.030411    0.000277    0.679171 v D[7] (out)
                                              0.679171   data arrival time

                                 10.000000   10.000000   clock clk (rise edge)
                                  0.000000   10.000000   clock network delay (propagated)
                                 -0.250000    9.750000   clock uncertainty
                                  0.000000    9.750000   clock reconvergence pessimism
                                 -2.000000    7.750000   output external delay
                                              7.750000   data required time
---------------------------------------------------------------------------------------------
                                              7.750000   data required time
                                             -0.679171   data arrival time
---------------------------------------------------------------------------------------------
                                              7.070828   slack (MET)


Startpoint: B[11]$_SDFFE_PP1P_ (rising edge-triggered flip-flop clocked by clk)
Endpoint: D[0] (output port clocked by clk)
Path Group: clk
Path Type: max

Fanout         Cap        Slew       Delay        Time   Description
---------------------------------------------------------------------------------------------
                                  0.000000    0.000000   clock clk (rise edge)
                                  0.000000    0.000000   clock source latency
     1    0.017067    0.032707    0.014869    0.014869 ^ clk (in)
                                                         clk (net)
                      0.032734    0.000000    0.014869 ^ clkbuf_0_clk/A (sg13g2_buf_8)
     4    0.050922    0.037727    0.081032    0.095901 ^ clkbuf_0_clk/X (sg13g2_buf_8)
                                                         clknet_0_clk (net)
                      0.038082    0.002821    0.098722 ^ clkbuf_2_2__f_clk/A (sg13g2_buf_8)
     8    0.032833    0.029594    0.077306    0.176029 ^ clkbuf_2_2__f_clk/X (sg13g2_buf_8)
                                                         clknet_2_2__leaf_clk (net)
                      0.029659    0.001409    0.177438 ^ B[11]$_SDFFE_PP1P_/CLK (sg13g2_dfrbpq_2)
     2    0.011012    0.030398    0.185624    0.363062 v B[11]$_SDFFE_PP1P_/Q (sg13g2_dfrbpq_2)
                                                         net10 (net)
                      0.030398    0.000364    0.363426 v fanout11/A (sg13g2_buf_8)
     6    0.042415    0.030512    0.082509    0.445935 v fanout11/X (sg13g2_buf_8)
                                                         net11 (net)
                      0.030936    0.002233    0.448168 v _153_/A (sg13g2_or2_1)
     1    0.003653    0.029678    0.104985    0.553153 v _153_/X (sg13g2_or2_1)
                                                         net43 (net)
                      0.029678    0.000239    0.553393 v output27/A (sg13g2_buf_1)
     1    0.009902    0.039549    0.078900    0.632293 v output27/X (sg13g2_buf_1)
                                                         D[0] (net)
                      0.039569    0.000839    0.633132 v D[0] (out)
                                              0.633132   data arrival time

                                 10.000000   10.000000   clock clk (rise edge)
                                  0.000000   10.000000   clock network delay (propagated)
                                 -0.250000    9.750000   clock uncertainty
                                  0.000000    9.750000   clock reconvergence pessimism
                                 -2.000000    7.750000   output external delay
                                              7.750000   data required time
---------------------------------------------------------------------------------------------
                                              7.750000   data required time
                                             -0.633132   data arrival time
---------------------------------------------------------------------------------------------
                                              7.116868   slack (MET)


Startpoint: Op (input port clocked by clk)
Endpoint: B[0]$_SDFFE_PP1P_ (rising edge-triggered flip-flop clocked by clk)
Path Group: clk
Path Type: max

Fanout         Cap        Slew       Delay        Time   Description
---------------------------------------------------------------------------------------------
                                  0.000000    0.000000   clock clk (rise edge)
                                  0.000000    0.000000   clock network delay (propagated)
                                  2.000000    2.000000 ^ input external delay
     1    0.004049    0.021199    0.003379    2.003379 ^ Op (in)
                                                         Op (net)
                      0.021199    0.000000    2.003379 ^ input2/A (sg13g2_buf_1)
     3    0.017747    0.079894    0.099245    2.102624 ^ input2/X (sg13g2_buf_1)
                                                         net18 (net)
                      0.079915    0.001067    2.103691 ^ _128_/B_N (sg13g2_nor2b_1)
     2    0.014845    0.140099    0.179309    2.283000 ^ _128_/Y (sg13g2_nor2b_1)
                                                         _030_ (net)
                      0.140101    0.000413    2.283413 ^ fanout6/A (sg13g2_buf_8)
     8    0.044951    0.039175    0.123796    2.407209 ^ fanout6/X (sg13g2_buf_8)
                                                         net6 (net)
                      0.040024    0.004442    2.411650 ^ _129_/C (sg13g2_nand3_1)
     1    0.005369    0.087158    0.090760    2.502410 v _129_/Y (sg13g2_nand3_1)
                                                         _031_ (net)
                      0.087159    0.000419    2.502829 v _130_/A2 (sg13g2_a21o_1)
     1    0.001935    0.024880    0.130728    2.633557 v _130_/X (sg13g2_a21o_1)
                                                         _012_ (net)
                      0.024880    0.000072    2.633629 v B[0]$_SDFFE_PP1P_/D (sg13g2_dfrbpq_1)
                                              2.633629   data arrival time

                                 10.000000   10.000000   clock clk (rise edge)
                                  0.000000   10.000000   clock source latency
     1    0.017067    0.032707    0.014869   10.014870 ^ clk (in)
                                                         clk (net)
                      0.032734    0.000000   10.014870 ^ clkbuf_0_clk/A (sg13g2_buf_8)
     4    0.050922    0.037727    0.081032   10.095901 ^ clkbuf_0_clk/X (sg13g2_buf_8)
                                                         clknet_0_clk (net)
                      0.038064    0.002744   10.098645 ^ clkbuf_2_0__f_clk/A (sg13g2_buf_8)
     8    0.032060    0.029222    0.076866   10.175510 ^ clkbuf_2_0__f_clk/X (sg13g2_buf_8)
                                                         clknet_2_0__leaf_clk (net)
                      0.029316    0.001620   10.177131 ^ B[0]$_SDFFE_PP1P_/CLK (sg13g2_dfrbpq_1)
                                 -0.250000    9.927131   clock uncertainty
                                  0.000000    9.927131   clock reconvergence pessimism
                                 -0.112003    9.815127   library setup time
                                              9.815127   data required time
---------------------------------------------------------------------------------------------
                                              9.815127   data required time
                                             -2.633629   data arrival time
---------------------------------------------------------------------------------------------
                                              7.181498   slack (MET)


Startpoint: Om (input port clocked by clk)
Endpoint: BN[2]$_SDFFE_PP1P_ (rising edge-triggered flip-flop clocked by clk)
Path Group: clk
Path Type: max

Fanout         Cap        Slew       Delay        Time   Description
---------------------------------------------------------------------------------------------
                                  0.000000    0.000000   clock clk (rise edge)
                                  0.000000    0.000000   clock network delay (propagated)
                                  2.000000    2.000000 ^ input external delay
     1    0.004053    0.021202    0.003382    2.003382 ^ Om (in)
                                                         Om (net)
                      0.021202    0.000000    2.003382 ^ input1/A (sg13g2_buf_1)
     3    0.015317    0.070306    0.091661    2.095043 ^ input1/X (sg13g2_buf_1)
                                                         net17 (net)
                      0.070390    0.001980    2.097023 ^ _096_/B_N (sg13g2_nor2b_1)
     2    0.012012    0.118708    0.158548    2.255570 ^ _096_/Y (sg13g2_nor2b_1)
                                                         _050_ (net)
                      0.118709    0.000314    2.255884 ^ fanout9/A (sg13g2_buf_1)
     4    0.021215    0.094641    0.148378    2.404262 ^ fanout9/X (sg13g2_buf_1)
                                                         net9 (net)
                      0.094647    0.000876    2.405138 ^ _111_/A (sg13g2_nand3_1)
     1    0.005388    0.077893    0.097577    2.502715 v _111_/Y (sg13g2_nand3_1)
                                                         _061_ (net)
                      0.077893    0.000219    2.502934 v _112_/A2 (sg13g2_a21o_1)
     1    0.002977    0.027521    0.130015    2.632949 v _112_/X (sg13g2_a21o_1)
                                                         _004_ (net)
                      0.027521    0.000169    2.633118 v BN[2]$_SDFFE_PP1P_/D (sg13g2_dfrbpq_1)
                                              2.633118   data arrival time

                                 10.000000   10.000000   clock clk (rise edge)
                                  0.000000   10.000000   clock source latency
     1    0.017067    0.032707    0.014869   10.014870 ^ clk (in)
                                                         clk (net)
                      0.032734    0.000000   10.014870 ^ clkbuf_0_clk/A (sg13g2_buf_8)
     4    0.050922    0.037727    0.081032   10.095901 ^ clkbuf_0_clk/X (sg13g2_buf_8)
                                                         clknet_0_clk (net)
                      0.038041    0.002644   10.098545 ^ clkbuf_2_3__f_clk/A (sg13g2_buf_8)
     8    0.033901    0.030082    0.077782   10.176328 ^ clkbuf_2_3__f_clk/X (sg13g2_buf_8)
                                                         clknet_2_3__leaf_clk (net)
                      0.030113    0.001328   10.177655 ^ BN[2]$_SDFFE_PP1P_/CLK (sg13g2_dfrbpq_1)
                                 -0.250000    9.927655   clock uncertainty
                                  0.000000    9.927655   clock reconvergence pessimism
                                 -0.112751    9.814904   library setup time
                                              9.814904   data required time
---------------------------------------------------------------------------------------------
                                              9.814904   data required time
                                             -2.633118   data arrival time
---------------------------------------------------------------------------------------------
                                              7.181786   slack (MET)


Startpoint: Op (input port clocked by clk)
Endpoint: B[8]$_SDFFE_PP1P_ (rising edge-triggered flip-flop clocked by clk)
Path Group: clk
Path Type: max

Fanout         Cap        Slew       Delay        Time   Description
---------------------------------------------------------------------------------------------
                                  0.000000    0.000000   clock clk (rise edge)
                                  0.000000    0.000000   clock network delay (propagated)
                                  2.000000    2.000000 ^ input external delay
     1    0.004049    0.021199    0.003379    2.003379 ^ Op (in)
                                                         Op (net)
                      0.021199    0.000000    2.003379 ^ input2/A (sg13g2_buf_1)
     3    0.017747    0.079894    0.099245    2.102624 ^ input2/X (sg13g2_buf_1)
                                                         net18 (net)
                      0.079915    0.001067    2.103691 ^ _128_/B_N (sg13g2_nor2b_1)
     2    0.014845    0.140099    0.179309    2.283000 ^ _128_/Y (sg13g2_nor2b_1)
                                                         _030_ (net)
                      0.140101    0.000413    2.283413 ^ fanout6/A (sg13g2_buf_8)
     8    0.044951    0.039175    0.123796    2.407209 ^ fanout6/X (sg13g2_buf_8)
                                                         net6 (net)
                      0.040005    0.004378    2.411587 ^ _149_/C (sg13g2_nand3_1)
     1    0.005097    0.085358    0.089173    2.500760 v _149_/Y (sg13g2_nand3_1)
                                                         _041_ (net)
                      0.085358    0.000208    2.500968 v _150_/A2 (sg13g2_a21o_1)
     1    0.002275    0.025759    0.130983    2.631950 v _150_/X (sg13g2_a21o_1)
                                                         _022_ (net)
                      0.025759    0.000141    2.632091 v B[8]$_SDFFE_PP1P_/D (sg13g2_dfrbpq_1)
                                              2.632091   data arrival time

                                 10.000000   10.000000   clock clk (rise edge)
                                  0.000000   10.000000   clock source latency
     1    0.017067    0.032707    0.014869   10.014870 ^ clk (in)
                                                         clk (net)
                      0.032734    0.000000   10.014870 ^ clkbuf_0_clk/A (sg13g2_buf_8)
     4    0.050922    0.037727    0.081032   10.095901 ^ clkbuf_0_clk/X (sg13g2_buf_8)
                                                         clknet_0_clk (net)
                      0.038064    0.002744   10.098645 ^ clkbuf_2_0__f_clk/A (sg13g2_buf_8)
     8    0.032060    0.029222    0.076866   10.175510 ^ clkbuf_2_0__f_clk/X (sg13g2_buf_8)
                                                         clknet_2_0__leaf_clk (net)
                      0.029341    0.001804   10.177315 ^ B[8]$_SDFFE_PP1P_/CLK (sg13g2_dfrbpq_1)
                                 -0.250000    9.927315   clock uncertainty
                                  0.000000    9.927315   clock reconvergence pessimism
                                 -0.112314    9.815001   library setup time
                                              9.815001   data required time
---------------------------------------------------------------------------------------------
                                              9.815001   data required time
                                             -2.632091   data arrival time
---------------------------------------------------------------------------------------------
                                              7.182909   slack (MET)


Startpoint: Op (input port clocked by clk)
Endpoint: B[10]$_SDFFE_PP1P_ (rising edge-triggered flip-flop clocked by clk)
Path Group: clk
Path Type: max

Fanout         Cap        Slew       Delay        Time   Description
---------------------------------------------------------------------------------------------
                                  0.000000    0.000000   clock clk (rise edge)
                                  0.000000    0.000000   clock network delay (propagated)
                                  2.000000    2.000000 ^ input external delay
     1    0.004049    0.021199    0.003379    2.003379 ^ Op (in)
                                                         Op (net)
                      0.021199    0.000000    2.003379 ^ input2/A (sg13g2_buf_1)
     3    0.017747    0.079894    0.099245    2.102624 ^ input2/X (sg13g2_buf_1)
                                                         net18 (net)
                      0.079915    0.001067    2.103691 ^ _128_/B_N (sg13g2_nor2b_1)
     2    0.014845    0.140099    0.179309    2.283000 ^ _128_/Y (sg13g2_nor2b_1)
                                                         _030_ (net)
                      0.140101    0.000413    2.283413 ^ fanout6/A (sg13g2_buf_8)
     8    0.044951    0.039175    0.123796    2.407209 ^ fanout6/X (sg13g2_buf_8)
                                                         net6 (net)
                      0.039734    0.003385    2.410594 ^ _131_/C (sg13g2_nand3_1)
     1    0.004758    0.078691    0.087020    2.497614 v _131_/Y (sg13g2_nand3_1)
                                                         _032_ (net)
                      0.078691    0.000195    2.497809 v _132_/A2 (sg13g2_a21o_1)
     1    0.002227    0.025891    0.128168    2.625977 v _132_/X (sg13g2_a21o_1)
                                                         _013_ (net)
                      0.025892    0.000137    2.626115 v B[10]$_SDFFE_PP1P_/D (sg13g2_dfrbpq_1)
                                              2.626115   data arrival time

                                 10.000000   10.000000   clock clk (rise edge)
                                  0.000000   10.000000   clock source latency
     1    0.017067    0.032707    0.014869   10.014870 ^ clk (in)
                                                         clk (net)
                      0.032734    0.000000   10.014870 ^ clkbuf_0_clk/A (sg13g2_buf_8)
     4    0.050922    0.037727    0.081032   10.095901 ^ clkbuf_0_clk/X (sg13g2_buf_8)
                                                         clknet_0_clk (net)
                      0.038082    0.002822   10.098723 ^ clkbuf_2_2__f_clk/A (sg13g2_buf_8)
     8    0.032833    0.029594    0.077306   10.176029 ^ clkbuf_2_2__f_clk/X (sg13g2_buf_8)
                                                         clknet_2_2__leaf_clk (net)
                      0.029664    0.001455   10.177484 ^ B[10]$_SDFFE_PP1P_/CLK (sg13g2_dfrbpq_1)
                                 -0.250000    9.927484   clock uncertainty
                                  0.000000    9.927484   clock reconvergence pessimism
                                 -0.112279    9.815205   library setup time
                                              9.815205   data required time
---------------------------------------------------------------------------------------------
                                              9.815205   data required time
                                             -2.626115   data arrival time
---------------------------------------------------------------------------------------------
                                              7.189090   slack (MET)


Startpoint: Op (input port clocked by clk)
Endpoint: B[1]$_SDFFE_PP1P_ (rising edge-triggered flip-flop clocked by clk)
Path Group: clk
Path Type: max

Fanout         Cap        Slew       Delay        Time   Description
---------------------------------------------------------------------------------------------
                                  0.000000    0.000000   clock clk (rise edge)
                                  0.000000    0.000000   clock network delay (propagated)
                                  2.000000    2.000000 ^ input external delay
     1    0.004049    0.021199    0.003379    2.003379 ^ Op (in)
                                                         Op (net)
                      0.021199    0.000000    2.003379 ^ input2/A (sg13g2_buf_1)
     3    0.017747    0.079894    0.099245    2.102624 ^ input2/X (sg13g2_buf_1)
                                                         net18 (net)
                      0.079915    0.001067    2.103691 ^ _128_/B_N (sg13g2_nor2b_1)
     2    0.014845    0.140099    0.179309    2.283000 ^ _128_/Y (sg13g2_nor2b_1)
                                                         _030_ (net)
                      0.140101    0.000413    2.283413 ^ fanout6/A (sg13g2_buf_8)
     8    0.044951    0.039175    0.123796    2.407209 ^ fanout6/X (sg13g2_buf_8)
                                                         net6 (net)
                      0.039648    0.003020    2.410228 ^ _135_/C (sg13g2_nand3_1)
     1    0.002910    0.060965    0.075730    2.485958 v _135_/Y (sg13g2_nand3_1)
                                                         _034_ (net)
                      0.060965    0.000116    2.486074 v _136_/A2 (sg13g2_a21o_1)
     1    0.002503    0.026756    0.121852    2.607925 v _136_/X (sg13g2_a21o_1)
                                                         _015_ (net)
                      0.026756    0.000155    2.608080 v B[1]$_SDFFE_PP1P_/D (sg13g2_dfrbpq_1)
                                              2.608080   data arrival time

                                 10.000000   10.000000   clock clk (rise edge)
                                  0.000000   10.000000   clock source latency
     1    0.017067    0.032707    0.014869   10.014870 ^ clk (in)
                                                         clk (net)
                      0.032734    0.000000   10.014870 ^ clkbuf_0_clk/A (sg13g2_buf_8)
     4    0.050922    0.037727    0.081032   10.095901 ^ clkbuf_0_clk/X (sg13g2_buf_8)
                                                         clknet_0_clk (net)
                      0.038064    0.002744   10.098645 ^ clkbuf_2_0__f_clk/A (sg13g2_buf_8)
     8    0.032060    0.029222    0.076866   10.175510 ^ clkbuf_2_0__f_clk/X (sg13g2_buf_8)
                                                         clknet_2_0__leaf_clk (net)
                      0.029350    0.001871   10.177381 ^ B[1]$_SDFFE_PP1P_/CLK (sg13g2_dfrbpq_1)
                                 -0.250000    9.927381   clock uncertainty
                                  0.000000    9.927381   clock reconvergence pessimism
                                 -0.112671    9.814711   library setup time
                                              9.814711   data required time
---------------------------------------------------------------------------------------------
                                              9.814711   data required time
                                             -2.608080   data arrival time
---------------------------------------------------------------------------------------------
                                              7.206630   slack (MET)


Startpoint: Op (input port clocked by clk)
Endpoint: dbit[3]$_SDFFE_PP1P_ (rising edge-triggered flip-flop clocked by clk)
Path Group: clk
Path Type: max

Fanout         Cap        Slew       Delay        Time   Description
---------------------------------------------------------------------------------------------
                                  0.000000    0.000000   clock clk (rise edge)
                                  0.000000    0.000000   clock network delay (propagated)
                                  2.000000    2.000000 v input external delay
     1    0.003991    0.017897    0.002840    2.002840 v Op (in)
                                                         Op (net)
                      0.017897    0.000000    2.002840 v input2/A (sg13g2_buf_1)
     3    0.017472    0.062375    0.092291    2.095131 v input2/X (sg13g2_buf_1)
                                                         net18 (net)
                      0.062394    0.001055    2.096186 v _165_/A (sg13g2_xnor2_1)
     6    0.023512    0.151958    0.187258    2.283445 v _165_/Y (sg13g2_xnor2_1)
                                                         _043_ (net)
                      0.151995    0.001944    2.285389 v _172_/A_N (sg13g2_nand3b_1)
     2    0.009231    0.106677    0.171945    2.457334 v _172_/Y (sg13g2_nand3b_1)
                                                         _048_ (net)
                      0.106678    0.000613    2.457947 v _175_/A2 (sg13g2_a21o_1)
     1    0.002593    0.026876    0.139263    2.597210 v _175_/X (sg13g2_a21o_1)
                                                         _027_ (net)
                      0.026876    0.000095    2.597305 v dbit[3]$_SDFFE_PP1P_/D (sg13g2_dfrbpq_2)
                                              2.597305   data arrival time

                                 10.000000   10.000000   clock clk (rise edge)
                                  0.000000   10.000000   clock source latency
     1    0.017067    0.032707    0.014869   10.014870 ^ clk (in)
                                                         clk (net)
                      0.032734    0.000000   10.014870 ^ clkbuf_0_clk/A (sg13g2_buf_8)
     4    0.050922    0.037727    0.081032   10.095901 ^ clkbuf_0_clk/X (sg13g2_buf_8)
                                                         clknet_0_clk (net)
                      0.038029    0.002589   10.098491 ^ clkbuf_2_1__f_clk/A (sg13g2_buf_8)
     7    0.028554    0.027711    0.075591   10.174082 ^ clkbuf_2_1__f_clk/X (sg13g2_buf_8)
                                                         clknet_2_1__leaf_clk (net)
                      0.027796    0.001966   10.176048 ^ dbit[3]$_SDFFE_PP1P_/CLK (sg13g2_dfrbpq_2)
                                 -0.250000    9.926048   clock uncertainty
                                  0.000000    9.926048   clock reconvergence pessimism
                                 -0.113111    9.812937   library setup time
                                              9.812937   data required time
---------------------------------------------------------------------------------------------
                                              9.812937   data required time
                                             -2.597305   data arrival time
---------------------------------------------------------------------------------------------
                                              7.215631   slack (MET)


Startpoint: Om (input port clocked by clk)
Endpoint: BN[0]$_SDFFE_PP1P_ (rising edge-triggered flip-flop clocked by clk)
Path Group: clk
Path Type: max

Fanout         Cap        Slew       Delay        Time   Description
---------------------------------------------------------------------------------------------
                                  0.000000    0.000000   clock clk (rise edge)
                                  0.000000    0.000000   clock network delay (propagated)
                                  2.000000    2.000000 ^ input external delay
     1    0.004053    0.021202    0.003382    2.003382 ^ Om (in)
                                                         Om (net)
                      0.021202    0.000000    2.003382 ^ input1/A (sg13g2_buf_1)
     3    0.015317    0.070306    0.091661    2.095043 ^ input1/X (sg13g2_buf_1)
                                                         net17 (net)
                      0.070390    0.001980    2.097023 ^ _096_/B_N (sg13g2_nor2b_1)
     2    0.012012    0.118708    0.158548    2.255570 ^ _096_/Y (sg13g2_nor2b_1)
                                                         _050_ (net)
                      0.118710    0.000430    2.256001 ^ fanout8/A (sg13g2_buf_8)
     8    0.041290    0.036490    0.114485    2.370486 ^ fanout8/X (sg13g2_buf_8)
                                                         net8 (net)
                      0.038531    0.006623    2.377109 ^ _100_/A (sg13g2_nand3_1)
     1    0.006012    0.085375    0.081400    2.458510 v _100_/Y (sg13g2_nand3_1)
                                                         _054_ (net)
                      0.085378    0.000549    2.459059 v _101_/A2 (sg13g2_a21o_1)
     1    0.002481    0.026298    0.131580    2.590639 v _101_/X (sg13g2_a21o_1)
                                                         _000_ (net)
                      0.026298    0.000168    2.590807 v BN[0]$_SDFFE_PP1P_/D (sg13g2_dfrbpq_1)
                                              2.590807   data arrival time

                                 10.000000   10.000000   clock clk (rise edge)
                                  0.000000   10.000000   clock source latency
     1    0.017067    0.032707    0.014869   10.014870 ^ clk (in)
                                                         clk (net)
                      0.032734    0.000000   10.014870 ^ clkbuf_0_clk/A (sg13g2_buf_8)
     4    0.050922    0.037727    0.081032   10.095901 ^ clkbuf_0_clk/X (sg13g2_buf_8)
                                                         clknet_0_clk (net)
                      0.038064    0.002744   10.098645 ^ clkbuf_2_0__f_clk/A (sg13g2_buf_8)
     8    0.032060    0.029222    0.076866   10.175510 ^ clkbuf_2_0__f_clk/X (sg13g2_buf_8)
                                                         clknet_2_0__leaf_clk (net)
                      0.029314    0.001600   10.177111 ^ BN[0]$_SDFFE_PP1P_/CLK (sg13g2_dfrbpq_1)
                                 -0.250000    9.927111   clock uncertainty
                                  0.000000    9.927111   clock reconvergence pessimism
                                 -0.112515    9.814596   library setup time
                                              9.814596   data required time
---------------------------------------------------------------------------------------------
                                              9.814596   data required time
                                             -2.590807   data arrival time
---------------------------------------------------------------------------------------------
                                              7.223790   slack (MET)


Startpoint: BN[11]$_SDFFE_PP1P_ (rising edge-triggered flip-flop clocked by clk)
Endpoint: BN[11] (output port clocked by clk)
Path Group: clk
Path Type: max

Fanout         Cap        Slew       Delay        Time   Description
---------------------------------------------------------------------------------------------
                                  0.000000    0.000000   clock clk (rise edge)
                                  0.000000    0.000000   clock source latency
     1    0.017067    0.032707    0.014869    0.014869 ^ clk (in)
                                                         clk (net)
                      0.032734    0.000000    0.014869 ^ clkbuf_0_clk/A (sg13g2_buf_8)
     4    0.050922    0.037727    0.081032    0.095901 ^ clkbuf_0_clk/X (sg13g2_buf_8)
                                                         clknet_0_clk (net)
                      0.038029    0.002588    0.098490 ^ clkbuf_2_1__f_clk/A (sg13g2_buf_8)
     7    0.028554    0.027711    0.075591    0.174081 ^ clkbuf_2_1__f_clk/X (sg13g2_buf_8)
                                                         clknet_2_1__leaf_clk (net)
                      0.027734    0.001309    0.175390 ^ BN[11]$_SDFFE_PP1P_/CLK (sg13g2_dfrbpq_1)
     4    0.011757    0.056693    0.191729    0.367119 ^ BN[11]$_SDFFE_PP1P_/Q (sg13g2_dfrbpq_1)
                                                         net55 (net)
                      0.056699    0.000625    0.367744 ^ _204_/A (sg13g2_buf_1)
     1    0.003318    0.024872    0.072717    0.440461 ^ _204_/X (sg13g2_buf_1)
                                                         net21 (net)
                      0.024875    0.000220    0.440681 ^ output5/A (sg13g2_buf_1)
     1    0.008254    0.042270    0.073266    0.513947 ^ output5/X (sg13g2_buf_1)
                                                         BN[11] (net)
                      0.042284    0.000718    0.514665 ^ BN[11] (out)
                                              0.514665   data arrival time

                                 10.000000   10.000000   clock clk (rise edge)
                                  0.000000   10.000000   clock network delay (propagated)
                                 -0.250000    9.750000   clock uncertainty
                                  0.000000    9.750000   clock reconvergence pessimism
                                 -2.000000    7.750000   output external delay
                                              7.750000   data required time
---------------------------------------------------------------------------------------------
                                              7.750000   data required time
                                             -0.514665   data arrival time
---------------------------------------------------------------------------------------------
                                              7.235335   slack (MET)


Startpoint: Om (input port clocked by clk)
Endpoint: BN[10]$_SDFFE_PP1P_ (rising edge-triggered flip-flop clocked by clk)
Path Group: clk
Path Type: max

Fanout         Cap        Slew       Delay        Time   Description
---------------------------------------------------------------------------------------------
                                  0.000000    0.000000   clock clk (rise edge)
                                  0.000000    0.000000   clock network delay (propagated)
                                  2.000000    2.000000 ^ input external delay
     1    0.004053    0.021202    0.003382    2.003382 ^ Om (in)
                                                         Om (net)
                      0.021202    0.000000    2.003382 ^ input1/A (sg13g2_buf_1)
     3    0.015317    0.070306    0.091661    2.095043 ^ input1/X (sg13g2_buf_1)
                                                         net17 (net)
                      0.070390    0.001980    2.097023 ^ _096_/B_N (sg13g2_nor2b_1)
     2    0.012012    0.118708    0.158548    2.255570 ^ _096_/Y (sg13g2_nor2b_1)
                                                         _050_ (net)
                      0.118710    0.000430    2.256001 ^ fanout8/A (sg13g2_buf_8)
     8    0.041290    0.036490    0.114485    2.370486 ^ fanout8/X (sg13g2_buf_8)
                                                         net8 (net)
                      0.037262    0.003613    2.374099 ^ _104_/A (sg13g2_nand3_1)
     1    0.003928    0.067516    0.068118    2.442216 v _104_/Y (sg13g2_nand3_1)
                                                         _057_ (net)
                      0.067516    0.000276    2.442492 v _105_/A2 (sg13g2_a21o_1)
     1    0.001963    0.024785    0.122931    2.565424 v _105_/X (sg13g2_a21o_1)
                                                         _001_ (net)
                      0.024785    0.000073    2.565496 v BN[10]$_SDFFE_PP1P_/D (sg13g2_dfrbpq_1)
                                              2.565496   data arrival time

                                 10.000000   10.000000   clock clk (rise edge)
                                  0.000000   10.000000   clock source latency
     1    0.017067    0.032707    0.014869   10.014870 ^ clk (in)
                                                         clk (net)
                      0.032734    0.000000   10.014870 ^ clkbuf_0_clk/A (sg13g2_buf_8)
     4    0.050922    0.037727    0.081032   10.095901 ^ clkbuf_0_clk/X (sg13g2_buf_8)
                                                         clknet_0_clk (net)
                      0.038041    0.002644   10.098545 ^ clkbuf_2_3__f_clk/A (sg13g2_buf_8)
     8    0.033901    0.030082    0.077782   10.176328 ^ clkbuf_2_3__f_clk/X (sg13g2_buf_8)
                                                         clknet_2_3__leaf_clk (net)
                      0.030110    0.001299   10.177627 ^ BN[10]$_SDFFE_PP1P_/CLK (sg13g2_dfrbpq_1)
                                 -0.250000    9.927626   clock uncertainty
                                  0.000000    9.927626   clock reconvergence pessimism
                                 -0.111766    9.815860   library setup time
                                              9.815860   data required time
---------------------------------------------------------------------------------------------
                                              9.815860   data required time
                                             -2.565496   data arrival time
---------------------------------------------------------------------------------------------
                                              7.250363   slack (MET)


Startpoint: Om (input port clocked by clk)
Endpoint: BN[1]$_SDFFE_PP1P_ (rising edge-triggered flip-flop clocked by clk)
Path Group: clk
Path Type: max

Fanout         Cap        Slew       Delay        Time   Description
---------------------------------------------------------------------------------------------
                                  0.000000    0.000000   clock clk (rise edge)
                                  0.000000    0.000000   clock network delay (propagated)
                                  2.000000    2.000000 ^ input external delay
     1    0.004053    0.021202    0.003382    2.003382 ^ Om (in)
                                                         Om (net)
                      0.021202    0.000000    2.003382 ^ input1/A (sg13g2_buf_1)
     3    0.015317    0.070306    0.091661    2.095043 ^ input1/X (sg13g2_buf_1)
                                                         net17 (net)
                      0.070390    0.001980    2.097023 ^ _096_/B_N (sg13g2_nor2b_1)
     2    0.012012    0.118708    0.158548    2.255570 ^ _096_/Y (sg13g2_nor2b_1)
                                                         _050_ (net)
                      0.118710    0.000430    2.256001 ^ fanout8/A (sg13g2_buf_8)
     8    0.041290    0.036490    0.114485    2.370486 ^ fanout8/X (sg13g2_buf_8)
                                                         net8 (net)
                      0.037853    0.005181    2.375667 ^ _109_/A (sg13g2_nand3_1)
     1    0.003703    0.061719    0.066934    2.442601 v _109_/Y (sg13g2_nand3_1)
                                                         _060_ (net)
                      0.061719    0.000257    2.442858 v _110_/A2 (sg13g2_a21o_1)
     1    0.002178    0.025908    0.121224    2.564082 v _110_/X (sg13g2_a21o_1)
                                                         _003_ (net)
                      0.025908    0.000083    2.564165 v BN[1]$_SDFFE_PP1P_/D (sg13g2_dfrbpq_1)
                                              2.564165   data arrival time

                                 10.000000   10.000000   clock clk (rise edge)
                                  0.000000   10.000000   clock source latency
     1    0.017067    0.032707    0.014869   10.014870 ^ clk (in)
                                                         clk (net)
                      0.032734    0.000000   10.014870 ^ clkbuf_0_clk/A (sg13g2_buf_8)
     4    0.050922    0.037727    0.081032   10.095901 ^ clkbuf_0_clk/X (sg13g2_buf_8)
                                                         clknet_0_clk (net)
                      0.038082    0.002822   10.098723 ^ clkbuf_2_2__f_clk/A (sg13g2_buf_8)
     8    0.032833    0.029594    0.077306   10.176029 ^ clkbuf_2_2__f_clk/X (sg13g2_buf_8)
                                                         clknet_2_2__leaf_clk (net)
                      0.029690    0.001688   10.177717 ^ BN[1]$_SDFFE_PP1P_/CLK (sg13g2_dfrbpq_1)
                                 -0.250000    9.927716   clock uncertainty
                                  0.000000    9.927716   clock reconvergence pessimism
                                 -0.112278    9.815438   library setup time
                                              9.815438   data required time
---------------------------------------------------------------------------------------------
                                              9.815438   data required time
                                             -2.564165   data arrival time
---------------------------------------------------------------------------------------------
                                              7.251274   slack (MET)


Startpoint: Op (input port clocked by clk)
Endpoint: dbit[1]$_SDFFE_PP1P_ (rising edge-triggered flip-flop clocked by clk)
Path Group: clk
Path Type: max

Fanout         Cap        Slew       Delay        Time   Description
---------------------------------------------------------------------------------------------
                                  0.000000    0.000000   clock clk (rise edge)
                                  0.000000    0.000000   clock network delay (propagated)
                                  2.000000    2.000000 ^ input external delay
     1    0.004049    0.021199    0.003379    2.003379 ^ Op (in)
                                                         Op (net)
                      0.021199    0.000000    2.003379 ^ input2/A (sg13g2_buf_1)
     3    0.017747    0.079894    0.099245    2.102624 ^ input2/X (sg13g2_buf_1)
                                                         net18 (net)
                      0.079916    0.001073    2.103697 ^ _165_/A (sg13g2_xnor2_1)
     6    0.024734    0.226272    0.218291    2.321988 ^ _165_/Y (sg13g2_xnor2_1)
                                                         _043_ (net)
                      0.226300    0.002065    2.324054 ^ _170_/C (sg13g2_or3_1)
     1    0.003544    0.032751    0.134022    2.458075 ^ _170_/X (sg13g2_or3_1)
                                                         _047_ (net)
                      0.032751    0.000268    2.458343 ^ _171_/C (sg13g2_nand3b_1)
     1    0.002095    0.053476    0.071446    2.529789 v _171_/Y (sg13g2_nand3b_1)
                                                         _025_ (net)
                      0.053476    0.000135    2.529924 v dbit[1]$_SDFFE_PP1P_/D (sg13g2_dfrbpq_2)
                                              2.529924   data arrival time

                                 10.000000   10.000000   clock clk (rise edge)
                                  0.000000   10.000000   clock source latency
     1    0.017067    0.032707    0.014869   10.014870 ^ clk (in)
                                                         clk (net)
                      0.032734    0.000000   10.014870 ^ clkbuf_0_clk/A (sg13g2_buf_8)
     4    0.050922    0.037727    0.081032   10.095901 ^ clkbuf_0_clk/X (sg13g2_buf_8)
                                                         clknet_0_clk (net)
                      0.038029    0.002589   10.098491 ^ clkbuf_2_1__f_clk/A (sg13g2_buf_8)
     7    0.028554    0.027711    0.075591   10.174082 ^ clkbuf_2_1__f_clk/X (sg13g2_buf_8)
                                                         clknet_2_1__leaf_clk (net)
                      0.027737    0.001353   10.175434 ^ dbit[1]$_SDFFE_PP1P_/CLK (sg13g2_dfrbpq_2)
                                 -0.250000    9.925434   clock uncertainty
                                  0.000000    9.925434   clock reconvergence pessimism
                                 -0.122710    9.802724   library setup time
                                              9.802724   data required time
---------------------------------------------------------------------------------------------
                                              9.802724   data required time
                                             -2.529924   data arrival time
---------------------------------------------------------------------------------------------
                                              7.272800   slack (MET)


Startpoint: B[2]$_SDFFE_PP1P_ (rising edge-triggered flip-flop clocked by clk)
Endpoint: B[2] (output port clocked by clk)
Path Group: clk
Path Type: max

Fanout         Cap        Slew       Delay        Time   Description
---------------------------------------------------------------------------------------------
                                  0.000000    0.000000   clock clk (rise edge)
                                  0.000000    0.000000   clock source latency
     1    0.017067    0.032707    0.014869    0.014869 ^ clk (in)
                                                         clk (net)
                      0.032734    0.000000    0.014869 ^ clkbuf_0_clk/A (sg13g2_buf_8)
     4    0.050922    0.037727    0.081032    0.095901 ^ clkbuf_0_clk/X (sg13g2_buf_8)
                                                         clknet_0_clk (net)
                      0.038041    0.002644    0.098545 ^ clkbuf_2_3__f_clk/A (sg13g2_buf_8)
     8    0.033901    0.030082    0.077782    0.176327 ^ clkbuf_2_3__f_clk/X (sg13g2_buf_8)
                                                         clknet_2_3__leaf_clk (net)
                      0.030089    0.000783    0.177110 ^ B[2]$_SDFFE_PP1P_/CLK (sg13g2_dfrbpq_1)
     3    0.014167    0.066076    0.199873    0.376983 ^ B[2]$_SDFFE_PP1P_/Q (sg13g2_dfrbpq_1)
                                                         net35 (net)
                      0.066088    0.000895    0.377878 ^ output19/A (sg13g2_buf_1)
     1    0.009833    0.049585    0.095795    0.473672 ^ output19/X (sg13g2_buf_1)
                                                         B[2] (net)
                      0.049588    0.000414    0.474086 ^ B[2] (out)
                                              0.474086   data arrival time

                                 10.000000   10.000000   clock clk (rise edge)
                                  0.000000   10.000000   clock network delay (propagated)
                                 -0.250000    9.750000   clock uncertainty
                                  0.000000    9.750000   clock reconvergence pessimism
                                 -2.000000    7.750000   output external delay
                                              7.750000   data required time
---------------------------------------------------------------------------------------------
                                              7.750000   data required time
                                             -0.474086   data arrival time
---------------------------------------------------------------------------------------------
                                              7.275913   slack (MET)


Startpoint: Op (input port clocked by clk)
Endpoint: dbit[0]$_SDFFE_PP1P_ (rising edge-triggered flip-flop clocked by clk)
Path Group: clk
Path Type: max

Fanout         Cap        Slew       Delay        Time   Description
---------------------------------------------------------------------------------------------
                                  0.000000    0.000000   clock clk (rise edge)
                                  0.000000    0.000000   clock network delay (propagated)
                                  2.000000    2.000000 v input external delay
     1    0.003991    0.017897    0.002840    2.002840 v Op (in)
                                                         Op (net)
                      0.017897    0.000000    2.002840 v input2/A (sg13g2_buf_1)
     3    0.017472    0.062375    0.092291    2.095131 v input2/X (sg13g2_buf_1)
                                                         net18 (net)
                      0.062394    0.001055    2.096186 v _165_/A (sg13g2_xnor2_1)
     6    0.023512    0.151958    0.187258    2.283445 v _165_/Y (sg13g2_xnor2_1)
                                                         _043_ (net)
                      0.151970    0.001127    2.284571 v _166_/B1 (sg13g2_a21o_1)
     1    0.004255    0.033054    0.148960    2.433531 v _166_/X (sg13g2_a21o_1)
                                                         _044_ (net)
                      0.033054    0.000296    2.433826 v _168_/A2 (sg13g2_o21ai_1)
     1    0.003948    0.075812    0.084823    2.518649 ^ _168_/Y (sg13g2_o21ai_1)
                                                         _024_ (net)
                      0.075812    0.000212    2.518861 ^ dbit[0]$_SDFFE_PP1P_/D (sg13g2_dfrbpq_1)
                                              2.518861   data arrival time

                                 10.000000   10.000000   clock clk (rise edge)
                                  0.000000   10.000000   clock source latency
     1    0.017067    0.032707    0.014869   10.014870 ^ clk (in)
                                                         clk (net)
                      0.032734    0.000000   10.014870 ^ clkbuf_0_clk/A (sg13g2_buf_8)
     4    0.050922    0.037727    0.081032   10.095901 ^ clkbuf_0_clk/X (sg13g2_buf_8)
                                                         clknet_0_clk (net)
                      0.038029    0.002589   10.098491 ^ clkbuf_2_1__f_clk/A (sg13g2_buf_8)
     7    0.028554    0.027711    0.075591   10.174082 ^ clkbuf_2_1__f_clk/X (sg13g2_buf_8)
                                                         clknet_2_1__leaf_clk (net)
                      0.027749    0.001514   10.175596 ^ dbit[0]$_SDFFE_PP1P_/CLK (sg13g2_dfrbpq_1)
                                 -0.250000    9.925595   clock uncertainty
                                  0.000000    9.925595   clock reconvergence pessimism
                                 -0.129715    9.795881   library setup time
                                              9.795881   data required time
---------------------------------------------------------------------------------------------
                                              9.795881   data required time
                                             -2.518861   data arrival time
---------------------------------------------------------------------------------------------
                                              7.277020   slack (MET)


Startpoint: B[8]$_SDFFE_PP1P_ (rising edge-triggered flip-flop clocked by clk)
Endpoint: B[8] (output port clocked by clk)
Path Group: clk
Path Type: max

Fanout         Cap        Slew       Delay        Time   Description
---------------------------------------------------------------------------------------------
                                  0.000000    0.000000   clock clk (rise edge)
                                  0.000000    0.000000   clock source latency
     1    0.017067    0.032707    0.014869    0.014869 ^ clk (in)
                                                         clk (net)
                      0.032734    0.000000    0.014869 ^ clkbuf_0_clk/A (sg13g2_buf_8)
     4    0.050922    0.037727    0.081032    0.095901 ^ clkbuf_0_clk/X (sg13g2_buf_8)
                                                         clknet_0_clk (net)
                      0.038064    0.002744    0.098645 ^ clkbuf_2_0__f_clk/A (sg13g2_buf_8)
     8    0.032060    0.029222    0.076865    0.175510 ^ clkbuf_2_0__f_clk/X (sg13g2_buf_8)
                                                         clknet_2_0__leaf_clk (net)
                      0.029341    0.001804    0.177314 ^ B[8]$_SDFFE_PP1P_/CLK (sg13g2_dfrbpq_1)
     3    0.012248    0.058574    0.193927    0.371242 ^ B[8]$_SDFFE_PP1P_/Q (sg13g2_dfrbpq_1)
                                                         net41 (net)
                      0.058581    0.000677    0.371918 ^ output25/A (sg13g2_buf_1)
     1    0.009433    0.047779    0.091362    0.463281 ^ output25/X (sg13g2_buf_1)
                                                         B[8] (net)
                      0.047783    0.000442    0.463723 ^ B[8] (out)
                                              0.463723   data arrival time

                                 10.000000   10.000000   clock clk (rise edge)
                                  0.000000   10.000000   clock network delay (propagated)
                                 -0.250000    9.750000   clock uncertainty
                                  0.000000    9.750000   clock reconvergence pessimism
                                 -2.000000    7.750000   output external delay
                                              7.750000   data required time
---------------------------------------------------------------------------------------------
                                              7.750000   data required time
                                             -0.463723   data arrival time
---------------------------------------------------------------------------------------------
                                              7.286278   slack (MET)


Startpoint: BN[11]$_SDFFE_PP1P_ (rising edge-triggered flip-flop clocked by clk)
Endpoint: sign (output port clocked by clk)
Path Group: clk
Path Type: max

Fanout         Cap        Slew       Delay        Time   Description
---------------------------------------------------------------------------------------------
                                  0.000000    0.000000   clock clk (rise edge)
                                  0.000000    0.000000   clock source latency
     1    0.017067    0.032707    0.014869    0.014869 ^ clk (in)
                                                         clk (net)
                      0.032734    0.000000    0.014869 ^ clkbuf_0_clk/A (sg13g2_buf_8)
     4    0.050922    0.037727    0.081032    0.095901 ^ clkbuf_0_clk/X (sg13g2_buf_8)
                                                         clknet_0_clk (net)
                      0.038029    0.002588    0.098490 ^ clkbuf_2_1__f_clk/A (sg13g2_buf_8)
     7    0.028554    0.027711    0.075591    0.174081 ^ clkbuf_2_1__f_clk/X (sg13g2_buf_8)
                                                         clknet_2_1__leaf_clk (net)
                      0.027734    0.001309    0.175390 ^ BN[11]$_SDFFE_PP1P_/CLK (sg13g2_dfrbpq_1)
     4    0.011757    0.056693    0.191729    0.367119 ^ BN[11]$_SDFFE_PP1P_/Q (sg13g2_dfrbpq_1)
                                                         net55 (net)
                      0.056700    0.000633    0.367752 ^ output39/A (sg13g2_buf_1)
     1    0.010417    0.051512    0.093186    0.460938 ^ output39/X (sg13g2_buf_1)
                                                         sign (net)
                      0.051530    0.000894    0.461832 ^ sign (out)
                                              0.461832   data arrival time

                                 10.000000   10.000000   clock clk (rise edge)
                                  0.000000   10.000000   clock network delay (propagated)
                                 -0.250000    9.750000   clock uncertainty
                                  0.000000    9.750000   clock reconvergence pessimism
                                 -2.000000    7.750000   output external delay
                                              7.750000   data required time
---------------------------------------------------------------------------------------------
                                              7.750000   data required time
                                             -0.461832   data arrival time
---------------------------------------------------------------------------------------------
                                              7.288168   slack (MET)


Startpoint: BN[10]$_SDFFE_PP1P_ (rising edge-triggered flip-flop clocked by clk)
Endpoint: BN[10] (output port clocked by clk)
Path Group: clk
Path Type: max

Fanout         Cap        Slew       Delay        Time   Description
---------------------------------------------------------------------------------------------
                                  0.000000    0.000000   clock clk (rise edge)
                                  0.000000    0.000000   clock source latency
     1    0.017067    0.032707    0.014869    0.014869 ^ clk (in)
                                                         clk (net)
                      0.032734    0.000000    0.014869 ^ clkbuf_0_clk/A (sg13g2_buf_8)
     4    0.050922    0.037727    0.081032    0.095901 ^ clkbuf_0_clk/X (sg13g2_buf_8)
                                                         clknet_0_clk (net)
                      0.038041    0.002644    0.098545 ^ clkbuf_2_3__f_clk/A (sg13g2_buf_8)
     8    0.033901    0.030082    0.077782    0.176327 ^ clkbuf_2_3__f_clk/X (sg13g2_buf_8)
                                                         clknet_2_3__leaf_clk (net)
                      0.030110    0.001299    0.177626 ^ BN[10]$_SDFFE_PP1P_/CLK (sg13g2_dfrbpq_1)
     3    0.011130    0.054298    0.191069    0.368695 ^ BN[10]$_SDFFE_PP1P_/Q (sg13g2_dfrbpq_1)
                                                         net20 (net)
                      0.054306    0.000653    0.369347 ^ output4/A (sg13g2_buf_1)
     1    0.009479    0.047835    0.089574    0.458921 ^ output4/X (sg13g2_buf_1)
                                                         BN[10] (net)
                      0.047843    0.000625    0.459547 ^ BN[10] (out)
                                              0.459547   data arrival time

                                 10.000000   10.000000   clock clk (rise edge)
                                  0.000000   10.000000   clock network delay (propagated)
                                 -0.250000    9.750000   clock uncertainty
                                  0.000000    9.750000   clock reconvergence pessimism
                                 -2.000000    7.750000   output external delay
                                              7.750000   data required time
---------------------------------------------------------------------------------------------
                                              7.750000   data required time
                                             -0.459547   data arrival time
---------------------------------------------------------------------------------------------
                                              7.290453   slack (MET)


Startpoint: B[3]$_SDFFE_PP1P_ (rising edge-triggered flip-flop clocked by clk)
Endpoint: B[3] (output port clocked by clk)
Path Group: clk
Path Type: max

Fanout         Cap        Slew       Delay        Time   Description
---------------------------------------------------------------------------------------------
                                  0.000000    0.000000   clock clk (rise edge)
                                  0.000000    0.000000   clock source latency
     1    0.017067    0.032707    0.014869    0.014869 ^ clk (in)
                                                         clk (net)
                      0.032734    0.000000    0.014869 ^ clkbuf_0_clk/A (sg13g2_buf_8)
     4    0.050922    0.037727    0.081032    0.095901 ^ clkbuf_0_clk/X (sg13g2_buf_8)
                                                         clknet_0_clk (net)
                      0.038029    0.002588    0.098490 ^ clkbuf_2_1__f_clk/A (sg13g2_buf_8)
     7    0.028554    0.027711    0.075591    0.174081 ^ clkbuf_2_1__f_clk/X (sg13g2_buf_8)
                                                         clknet_2_1__leaf_clk (net)
                      0.027742    0.001420    0.175501 ^ B[3]$_SDFFE_PP1P_/CLK (sg13g2_dfrbpq_1)
     3    0.012240    0.058537    0.193058    0.368559 ^ B[3]$_SDFFE_PP1P_/Q (sg13g2_dfrbpq_1)
                                                         net36 (net)
                      0.058553    0.000924    0.369483 ^ output20/A (sg13g2_buf_1)
     1    0.008351    0.043626    0.088214    0.457696 ^ output20/X (sg13g2_buf_1)
                                                         B[3] (net)
                      0.043629    0.000366    0.458062 ^ B[3] (out)
                                              0.458062   data arrival time

                                 10.000000   10.000000   clock clk (rise edge)
                                  0.000000   10.000000   clock network delay (propagated)
                                 -0.250000    9.750000   clock uncertainty
                                  0.000000    9.750000   clock reconvergence pessimism
                                 -2.000000    7.750000   output external delay
                                              7.750000   data required time
---------------------------------------------------------------------------------------------
                                              7.750000   data required time
                                             -0.458062   data arrival time
---------------------------------------------------------------------------------------------
                                              7.291937   slack (MET)


Startpoint: BN[3]$_SDFFE_PP1P_ (rising edge-triggered flip-flop clocked by clk)
Endpoint: BN[3] (output port clocked by clk)
Path Group: clk
Path Type: max

Fanout         Cap        Slew       Delay        Time   Description
---------------------------------------------------------------------------------------------
                                  0.000000    0.000000   clock clk (rise edge)
                                  0.000000    0.000000   clock source latency
     1    0.017067    0.032707    0.014869    0.014869 ^ clk (in)
                                                         clk (net)
                      0.032734    0.000000    0.014869 ^ clkbuf_0_clk/A (sg13g2_buf_8)
     4    0.050922    0.037727    0.081032    0.095901 ^ clkbuf_0_clk/X (sg13g2_buf_8)
                                                         clknet_0_clk (net)
                      0.038029    0.002588    0.098490 ^ clkbuf_2_1__f_clk/A (sg13g2_buf_8)
     7    0.028554    0.027711    0.075591    0.174081 ^ clkbuf_2_1__f_clk/X (sg13g2_buf_8)
                                                         clknet_2_1__leaf_clk (net)
                      0.027741    0.001408    0.175489 ^ BN[3]$_SDFFE_PP1P_/CLK (sg13g2_dfrbpq_1)
     3    0.012156    0.058314    0.193018    0.368506 ^ BN[3]$_SDFFE_PP1P_/Q (sg13g2_dfrbpq_1)
                                                         net24 (net)
                      0.058315    0.000384    0.368891 ^ output8/A (sg13g2_buf_1)
     1    0.008485    0.044132    0.088505    0.457396 ^ output8/X (sg13g2_buf_1)
                                                         BN[3] (net)
                      0.044134    0.000369    0.457765 ^ BN[3] (out)
                                              0.457765   data arrival time

                                 10.000000   10.000000   clock clk (rise edge)
                                  0.000000   10.000000   clock network delay (propagated)
                                 -0.250000    9.750000   clock uncertainty
                                  0.000000    9.750000   clock reconvergence pessimism
                                 -2.000000    7.750000   output external delay
                                              7.750000   data required time
---------------------------------------------------------------------------------------------
                                              7.750000   data required time
                                             -0.457765   data arrival time
---------------------------------------------------------------------------------------------
                                              7.292235   slack (MET)


Startpoint: B[7]$_SDFFE_PP1P_ (rising edge-triggered flip-flop clocked by clk)
Endpoint: B[7] (output port clocked by clk)
Path Group: clk
Path Type: max

Fanout         Cap        Slew       Delay        Time   Description
---------------------------------------------------------------------------------------------
                                  0.000000    0.000000   clock clk (rise edge)
                                  0.000000    0.000000   clock source latency
     1    0.017067    0.032707    0.014869    0.014869 ^ clk (in)
                                                         clk (net)
                      0.032734    0.000000    0.014869 ^ clkbuf_0_clk/A (sg13g2_buf_8)
     4    0.050922    0.037727    0.081032    0.095901 ^ clkbuf_0_clk/X (sg13g2_buf_8)
                                                         clknet_0_clk (net)
                      0.038041    0.002644    0.098545 ^ clkbuf_2_3__f_clk/A (sg13g2_buf_8)
     8    0.033901    0.030082    0.077782    0.176327 ^ clkbuf_2_3__f_clk/X (sg13g2_buf_8)
                                                         clknet_2_3__leaf_clk (net)
                      0.030098    0.001172    0.177499 ^ B[7]$_SDFFE_PP1P_/CLK (sg13g2_dfrbpq_1)
     3    0.010875    0.053418    0.190412    0.367911 ^ B[7]$_SDFFE_PP1P_/Q (sg13g2_dfrbpq_1)
                                                         net40 (net)
                      0.053419    0.000318    0.368229 ^ output24/A (sg13g2_buf_1)
     1    0.008869    0.045453    0.087354    0.455582 ^ output24/X (sg13g2_buf_1)
                                                         B[7] (net)
                      0.045466    0.000729    0.456312 ^ B[7] (out)
                                              0.456312   data arrival time

                                 10.000000   10.000000   clock clk (rise edge)
                                  0.000000   10.000000   clock network delay (propagated)
                                 -0.250000    9.750000   clock uncertainty
                                  0.000000    9.750000   clock reconvergence pessimism
                                 -2.000000    7.750000   output external delay
                                              7.750000   data required time
---------------------------------------------------------------------------------------------
                                              7.750000   data required time
                                             -0.456312   data arrival time
---------------------------------------------------------------------------------------------
                                              7.293688   slack (MET)


Startpoint: BN[7]$_SDFFE_PP1P_ (rising edge-triggered flip-flop clocked by clk)
Endpoint: BN[7] (output port clocked by clk)
Path Group: clk
Path Type: max

Fanout         Cap        Slew       Delay        Time   Description
---------------------------------------------------------------------------------------------
                                  0.000000    0.000000   clock clk (rise edge)
                                  0.000000    0.000000   clock source latency
     1    0.017067    0.032707    0.014869    0.014869 ^ clk (in)
                                                         clk (net)
                      0.032734    0.000000    0.014869 ^ clkbuf_0_clk/A (sg13g2_buf_8)
     4    0.050922    0.037727    0.081032    0.095901 ^ clkbuf_0_clk/X (sg13g2_buf_8)
                                                         clknet_0_clk (net)
                      0.038041    0.002644    0.098545 ^ clkbuf_2_3__f_clk/A (sg13g2_buf_8)
     8    0.033901    0.030082    0.077782    0.176327 ^ clkbuf_2_3__f_clk/X (sg13g2_buf_8)
                                                         clknet_2_3__leaf_clk (net)
                      0.030110    0.001299    0.177626 ^ BN[7]$_SDFFE_PP1P_/CLK (sg13g2_dfrbpq_1)
     3    0.010314    0.051267    0.188832    0.366458 ^ BN[7]$_SDFFE_PP1P_/Q (sg13g2_dfrbpq_1)
                                                         net28 (net)
                      0.051268    0.000330    0.366788 ^ output12/A (sg13g2_buf_1)
     1    0.009060    0.046146    0.087141    0.453929 ^ output12/X (sg13g2_buf_1)
                                                         BN[7] (net)
                      0.046148    0.000410    0.454339 ^ BN[7] (out)
                                              0.454339   data arrival time

                                 10.000000   10.000000   clock clk (rise edge)
                                  0.000000   10.000000   clock network delay (propagated)
                                 -0.250000    9.750000   clock uncertainty
                                  0.000000    9.750000   clock reconvergence pessimism
                                 -2.000000    7.750000   output external delay
                                              7.750000   data required time
---------------------------------------------------------------------------------------------
                                              7.750000   data required time
                                             -0.454339   data arrival time
---------------------------------------------------------------------------------------------
                                              7.295661   slack (MET)


Startpoint: BN[0]$_SDFFE_PP1P_ (rising edge-triggered flip-flop clocked by clk)
Endpoint: BN[0] (output port clocked by clk)
Path Group: clk
Path Type: max

Fanout         Cap        Slew       Delay        Time   Description
---------------------------------------------------------------------------------------------
                                  0.000000    0.000000   clock clk (rise edge)
                                  0.000000    0.000000   clock source latency
     1    0.017067    0.032707    0.014869    0.014869 ^ clk (in)
                                                         clk (net)
                      0.032734    0.000000    0.014869 ^ clkbuf_0_clk/A (sg13g2_buf_8)
     4    0.050922    0.037727    0.081032    0.095901 ^ clkbuf_0_clk/X (sg13g2_buf_8)
                                                         clknet_0_clk (net)
                      0.038064    0.002744    0.098645 ^ clkbuf_2_0__f_clk/A (sg13g2_buf_8)
     8    0.032060    0.029222    0.076865    0.175510 ^ clkbuf_2_0__f_clk/X (sg13g2_buf_8)
                                                         clknet_2_0__leaf_clk (net)
                      0.029314    0.001600    0.177110 ^ BN[0]$_SDFFE_PP1P_/CLK (sg13g2_dfrbpq_1)
     3    0.011313    0.054996    0.191189    0.368300 ^ BN[0]$_SDFFE_PP1P_/Q (sg13g2_dfrbpq_1)
                                                         net19 (net)
                      0.055004    0.000651    0.368950 ^ output3/A (sg13g2_buf_1)
     1    0.007749    0.041225    0.084930    0.453880 ^ output3/X (sg13g2_buf_1)
                                                         BN[0] (net)
                      0.041227    0.000340    0.454221 ^ BN[0] (out)
                                              0.454221   data arrival time

                                 10.000000   10.000000   clock clk (rise edge)
                                  0.000000   10.000000   clock network delay (propagated)
                                 -0.250000    9.750000   clock uncertainty
                                  0.000000    9.750000   clock reconvergence pessimism
                                 -2.000000    7.750000   output external delay
                                              7.750000   data required time
---------------------------------------------------------------------------------------------
                                              7.750000   data required time
                                             -0.454221   data arrival time
---------------------------------------------------------------------------------------------
                                              7.295779   slack (MET)


Startpoint: B[4]$_SDFFE_PP1P_ (rising edge-triggered flip-flop clocked by clk)
Endpoint: B[4] (output port clocked by clk)
Path Group: clk
Path Type: max

Fanout         Cap        Slew       Delay        Time   Description
---------------------------------------------------------------------------------------------
                                  0.000000    0.000000   clock clk (rise edge)
                                  0.000000    0.000000   clock source latency
     1    0.017067    0.032707    0.014869    0.014869 ^ clk (in)
                                                         clk (net)
                      0.032734    0.000000    0.014869 ^ clkbuf_0_clk/A (sg13g2_buf_8)
     4    0.050922    0.037727    0.081032    0.095901 ^ clkbuf_0_clk/X (sg13g2_buf_8)
                                                         clknet_0_clk (net)
                      0.038064    0.002744    0.098645 ^ clkbuf_2_0__f_clk/A (sg13g2_buf_8)
     8    0.032060    0.029222    0.076865    0.175510 ^ clkbuf_2_0__f_clk/X (sg13g2_buf_8)
                                                         clknet_2_0__leaf_clk (net)
                      0.029344    0.001828    0.177338 ^ B[4]$_SDFFE_PP1P_/CLK (sg13g2_dfrbpq_1)
     3    0.010373    0.051414    0.188509    0.365847 ^ B[4]$_SDFFE_PP1P_/Q (sg13g2_dfrbpq_1)
                                                         net37 (net)
                      0.051418    0.000532    0.366379 ^ output21/A (sg13g2_buf_1)
     1    0.008808    0.045163    0.086294    0.452674 ^ output21/X (sg13g2_buf_1)
                                                         B[4] (net)
                      0.045176    0.000733    0.453406 ^ B[4] (out)
                                              0.453406   data arrival time

                                 10.000000   10.000000   clock clk (rise edge)
                                  0.000000   10.000000   clock network delay (propagated)
                                 -0.250000    9.750000   clock uncertainty
                                  0.000000    9.750000   clock reconvergence pessimism
                                 -2.000000    7.750000   output external delay
                                              7.750000   data required time
---------------------------------------------------------------------------------------------
                                              7.750000   data required time
                                             -0.453406   data arrival time
---------------------------------------------------------------------------------------------
                                              7.296594   slack (MET)


Startpoint: BN[8]$_SDFFE_PP1P_ (rising edge-triggered flip-flop clocked by clk)
Endpoint: BN[8] (output port clocked by clk)
Path Group: clk
Path Type: max

Fanout         Cap        Slew       Delay        Time   Description
---------------------------------------------------------------------------------------------
                                  0.000000    0.000000   clock clk (rise edge)
                                  0.000000    0.000000   clock source latency
     1    0.017067    0.032707    0.014869    0.014869 ^ clk (in)
                                                         clk (net)
                      0.032734    0.000000    0.014869 ^ clkbuf_0_clk/A (sg13g2_buf_8)
     4    0.050922    0.037727    0.081032    0.095901 ^ clkbuf_0_clk/X (sg13g2_buf_8)
                                                         clknet_0_clk (net)
                      0.038064    0.002744    0.098645 ^ clkbuf_2_0__f_clk/A (sg13g2_buf_8)
     8    0.032060    0.029222    0.076865    0.175510 ^ clkbuf_2_0__f_clk/X (sg13g2_buf_8)
                                                         clknet_2_0__leaf_clk (net)
                      0.029343    0.001820    0.177331 ^ BN[8]$_SDFFE_PP1P_/CLK (sg13g2_dfrbpq_1)
     3    0.010046    0.050168    0.187512    0.364843 ^ BN[8]$_SDFFE_PP1P_/Q (sg13g2_dfrbpq_1)
                                                         net29 (net)
                      0.050172    0.000508    0.365351 ^ output13/A (sg13g2_buf_1)
     1    0.009175    0.046559    0.086999    0.452350 ^ output13/X (sg13g2_buf_1)
                                                         BN[8] (net)
                      0.046562    0.000426    0.452776 ^ BN[8] (out)
                                              0.452776   data arrival time

                                 10.000000   10.000000   clock clk (rise edge)
                                  0.000000   10.000000   clock network delay (propagated)
                                 -0.250000    9.750000   clock uncertainty
                                  0.000000    9.750000   clock reconvergence pessimism
                                 -2.000000    7.750000   output external delay
                                              7.750000   data required time
---------------------------------------------------------------------------------------------
                                              7.750000   data required time
                                             -0.452776   data arrival time
---------------------------------------------------------------------------------------------
                                              7.297225   slack (MET)


Startpoint: B[9]$_SDFFE_PP1P_ (rising edge-triggered flip-flop clocked by clk)
Endpoint: B[9] (output port clocked by clk)
Path Group: clk
Path Type: max

Fanout         Cap        Slew       Delay        Time   Description
---------------------------------------------------------------------------------------------
                                  0.000000    0.000000   clock clk (rise edge)
                                  0.000000    0.000000   clock source latency
     1    0.017067    0.032707    0.014869    0.014869 ^ clk (in)
                                                         clk (net)
                      0.032734    0.000000    0.014869 ^ clkbuf_0_clk/A (sg13g2_buf_8)
     4    0.050922    0.037727    0.081032    0.095901 ^ clkbuf_0_clk/X (sg13g2_buf_8)
                                                         clknet_0_clk (net)
                      0.038082    0.002821    0.098722 ^ clkbuf_2_2__f_clk/A (sg13g2_buf_8)
     8    0.032833    0.029594    0.077306    0.176029 ^ clkbuf_2_2__f_clk/X (sg13g2_buf_8)
                                                         clknet_2_2__leaf_clk (net)
                      0.029684    0.001635    0.177663 ^ B[9]$_SDFFE_PP1P_/CLK (sg13g2_dfrbpq_1)
     3    0.011412    0.055370    0.191600    0.369263 ^ B[9]$_SDFFE_PP1P_/Q (sg13g2_dfrbpq_1)
                                                         net42 (net)
                      0.055375    0.000582    0.369845 ^ output26/A (sg13g2_buf_1)
     1    0.006718    0.037324    0.082087    0.451932 ^ output26/X (sg13g2_buf_1)
                                                         B[9] (net)
                      0.037326    0.000276    0.452209 ^ B[9] (out)
                                              0.452209   data arrival time

                                 10.000000   10.000000   clock clk (rise edge)
                                  0.000000   10.000000   clock network delay (propagated)
                                 -0.250000    9.750000   clock uncertainty
                                  0.000000    9.750000   clock reconvergence pessimism
                                 -2.000000    7.750000   output external delay
                                              7.750000   data required time
---------------------------------------------------------------------------------------------
                                              7.750000   data required time
                                             -0.452209   data arrival time
---------------------------------------------------------------------------------------------
                                              7.297791   slack (MET)


Startpoint: BN[4]$_SDFFE_PP1P_ (rising edge-triggered flip-flop clocked by clk)
Endpoint: BN[4] (output port clocked by clk)
Path Group: clk
Path Type: max

Fanout         Cap        Slew       Delay        Time   Description
---------------------------------------------------------------------------------------------
                                  0.000000    0.000000   clock clk (rise edge)
                                  0.000000    0.000000   clock source latency
     1    0.017067    0.032707    0.014869    0.014869 ^ clk (in)
                                                         clk (net)
                      0.032734    0.000000    0.014869 ^ clkbuf_0_clk/A (sg13g2_buf_8)
     4    0.050922    0.037727    0.081032    0.095901 ^ clkbuf_0_clk/X (sg13g2_buf_8)
                                                         clknet_0_clk (net)
                      0.038064    0.002744    0.098645 ^ clkbuf_2_0__f_clk/A (sg13g2_buf_8)
     8    0.032060    0.029222    0.076865    0.175510 ^ clkbuf_2_0__f_clk/X (sg13g2_buf_8)
                                                         clknet_2_0__leaf_clk (net)
                      0.029347    0.001844    0.177354 ^ BN[4]$_SDFFE_PP1P_/CLK (sg13g2_dfrbpq_1)
     3    0.010178    0.050676    0.188016    0.365370 ^ BN[4]$_SDFFE_PP1P_/Q (sg13g2_dfrbpq_1)
                                                         net25 (net)
                      0.050678    0.000367    0.365737 ^ output9/A (sg13g2_buf_1)
     1    0.008594    0.044337    0.085536    0.451273 ^ output9/X (sg13g2_buf_1)
                                                         BN[4] (net)
                      0.044339    0.000381    0.451654 ^ BN[4] (out)
                                              0.451654   data arrival time

                                 10.000000   10.000000   clock clk (rise edge)
                                  0.000000   10.000000   clock network delay (propagated)
                                 -0.250000    9.750000   clock uncertainty
                                  0.000000    9.750000   clock reconvergence pessimism
                                 -2.000000    7.750000   output external delay
                                              7.750000   data required time
---------------------------------------------------------------------------------------------
                                              7.750000   data required time
                                             -0.451654   data arrival time
---------------------------------------------------------------------------------------------
                                              7.298346   slack (MET)


Startpoint: BN[1]$_SDFFE_PP1P_ (rising edge-triggered flip-flop clocked by clk)
Endpoint: BN[1] (output port clocked by clk)
Path Group: clk
Path Type: max

Fanout         Cap        Slew       Delay        Time   Description
---------------------------------------------------------------------------------------------
                                  0.000000    0.000000   clock clk (rise edge)
                                  0.000000    0.000000   clock source latency
     1    0.017067    0.032707    0.014869    0.014869 ^ clk (in)
                                                         clk (net)
                      0.032734    0.000000    0.014869 ^ clkbuf_0_clk/A (sg13g2_buf_8)
     4    0.050922    0.037727    0.081032    0.095901 ^ clkbuf_0_clk/X (sg13g2_buf_8)
                                                         clknet_0_clk (net)
                      0.038082    0.002821    0.098722 ^ clkbuf_2_2__f_clk/A (sg13g2_buf_8)
     8    0.032833    0.029594    0.077306    0.176029 ^ clkbuf_2_2__f_clk/X (sg13g2_buf_8)
                                                         clknet_2_2__leaf_clk (net)
                      0.029690    0.001688    0.177716 ^ BN[1]$_SDFFE_PP1P_/CLK (sg13g2_dfrbpq_1)
     3    0.011302    0.054953    0.191341    0.369058 ^ BN[1]$_SDFFE_PP1P_/Q (sg13g2_dfrbpq_1)
                                                         net22 (net)
                      0.054958    0.000561    0.369619 ^ output6/A (sg13g2_buf_1)
     1    0.006643    0.037027    0.081689    0.451308 ^ output6/X (sg13g2_buf_1)
                                                         BN[1] (net)
                      0.037029    0.000273    0.451580 ^ BN[1] (out)
                                              0.451580   data arrival time

                                 10.000000   10.000000   clock clk (rise edge)
                                  0.000000   10.000000   clock network delay (propagated)
                                 -0.250000    9.750000   clock uncertainty
                                  0.000000    9.750000   clock reconvergence pessimism
                                 -2.000000    7.750000   output external delay
                                              7.750000   data required time
---------------------------------------------------------------------------------------------
                                              7.750000   data required time
                                             -0.451580   data arrival time
---------------------------------------------------------------------------------------------
                                              7.298419   slack (MET)


Startpoint: BN[2]$_SDFFE_PP1P_ (rising edge-triggered flip-flop clocked by clk)
Endpoint: BN[2] (output port clocked by clk)
Path Group: clk
Path Type: max

Fanout         Cap        Slew       Delay        Time   Description
---------------------------------------------------------------------------------------------
                                  0.000000    0.000000   clock clk (rise edge)
                                  0.000000    0.000000   clock source latency
     1    0.017067    0.032707    0.014869    0.014869 ^ clk (in)
                                                         clk (net)
                      0.032734    0.000000    0.014869 ^ clkbuf_0_clk/A (sg13g2_buf_8)
     4    0.050922    0.037727    0.081032    0.095901 ^ clkbuf_0_clk/X (sg13g2_buf_8)
                                                         clknet_0_clk (net)
                      0.038041    0.002644    0.098545 ^ clkbuf_2_3__f_clk/A (sg13g2_buf_8)
     8    0.033901    0.030082    0.077782    0.176327 ^ clkbuf_2_3__f_clk/X (sg13g2_buf_8)
                                                         clknet_2_3__leaf_clk (net)
                      0.030113    0.001327    0.177655 ^ BN[2]$_SDFFE_PP1P_/CLK (sg13g2_dfrbpq_1)
     3    0.009818    0.049314    0.187359    0.365014 ^ BN[2]$_SDFFE_PP1P_/Q (sg13g2_dfrbpq_1)
                                                         net23 (net)
                      0.049316    0.000384    0.365398 ^ output7/A (sg13g2_buf_1)
     1    0.008728    0.044814    0.085341    0.450740 ^ output7/X (sg13g2_buf_1)
                                                         BN[2] (net)
                      0.044816    0.000388    0.451128 ^ BN[2] (out)
                                              0.451128   data arrival time

                                 10.000000   10.000000   clock clk (rise edge)
                                  0.000000   10.000000   clock network delay (propagated)
                                 -0.250000    9.750000   clock uncertainty
                                  0.000000    9.750000   clock reconvergence pessimism
                                 -2.000000    7.750000   output external delay
                                              7.750000   data required time
---------------------------------------------------------------------------------------------
                                              7.750000   data required time
                                             -0.451128   data arrival time
---------------------------------------------------------------------------------------------
                                              7.298872   slack (MET)


Startpoint: BN[9]$_SDFFE_PP1P_ (rising edge-triggered flip-flop clocked by clk)
Endpoint: BN[9] (output port clocked by clk)
Path Group: clk
Path Type: max

Fanout         Cap        Slew       Delay        Time   Description
---------------------------------------------------------------------------------------------
                                  0.000000    0.000000   clock clk (rise edge)
                                  0.000000    0.000000   clock source latency
     1    0.017067    0.032707    0.014869    0.014869 ^ clk (in)
                                                         clk (net)
                      0.032734    0.000000    0.014869 ^ clkbuf_0_clk/A (sg13g2_buf_8)
     4    0.050922    0.037727    0.081032    0.095901 ^ clkbuf_0_clk/X (sg13g2_buf_8)
                                                         clknet_0_clk (net)
                      0.038082    0.002821    0.098722 ^ clkbuf_2_2__f_clk/A (sg13g2_buf_8)
     8    0.032833    0.029594    0.077306    0.176029 ^ clkbuf_2_2__f_clk/X (sg13g2_buf_8)
                                                         clknet_2_2__leaf_clk (net)
                      0.029683    0.001623    0.177652 ^ BN[9]$_SDFFE_PP1P_/CLK (sg13g2_dfrbpq_1)
     3    0.010735    0.052788    0.189668    0.367320 ^ BN[9]$_SDFFE_PP1P_/Q (sg13g2_dfrbpq_1)
                                                         net30 (net)
                      0.052793    0.000547    0.367867 ^ output14/A (sg13g2_buf_1)
     1    0.006949    0.038119    0.081659    0.449526 ^ output14/X (sg13g2_buf_1)
                                                         BN[9] (net)
                      0.038120    0.000283    0.449809 ^ BN[9] (out)
                                              0.449809   data arrival time

                                 10.000000   10.000000   clock clk (rise edge)
                                  0.000000   10.000000   clock network delay (propagated)
                                 -0.250000    9.750000   clock uncertainty
                                  0.000000    9.750000   clock reconvergence pessimism
                                 -2.000000    7.750000   output external delay
                                              7.750000   data required time
---------------------------------------------------------------------------------------------
                                              7.750000   data required time
                                             -0.449809   data arrival time
---------------------------------------------------------------------------------------------
                                              7.300191   slack (MET)


Startpoint: B[1]$_SDFFE_PP1P_ (rising edge-triggered flip-flop clocked by clk)
Endpoint: B[1] (output port clocked by clk)
Path Group: clk
Path Type: max

Fanout         Cap        Slew       Delay        Time   Description
---------------------------------------------------------------------------------------------
                                  0.000000    0.000000   clock clk (rise edge)
                                  0.000000    0.000000   clock source latency
     1    0.017067    0.032707    0.014869    0.014869 ^ clk (in)
                                                         clk (net)
                      0.032734    0.000000    0.014869 ^ clkbuf_0_clk/A (sg13g2_buf_8)
     4    0.050922    0.037727    0.081032    0.095901 ^ clkbuf_0_clk/X (sg13g2_buf_8)
                                                         clknet_0_clk (net)
                      0.038064    0.002744    0.098645 ^ clkbuf_2_0__f_clk/A (sg13g2_buf_8)
     8    0.032060    0.029222    0.076865    0.175510 ^ clkbuf_2_0__f_clk/X (sg13g2_buf_8)
                                                         clknet_2_0__leaf_clk (net)
                      0.029350    0.001870    0.177381 ^ B[1]$_SDFFE_PP1P_/CLK (sg13g2_dfrbpq_1)
     3    0.009898    0.049675    0.187283    0.364664 ^ B[1]$_SDFFE_PP1P_/Q (sg13g2_dfrbpq_1)
                                                         net34 (net)
                      0.049675    0.000115    0.364779 ^ output18/A (sg13g2_buf_1)
     1    0.007683    0.040813    0.082453    0.447232 ^ output18/X (sg13g2_buf_1)
                                                         B[1] (net)
                      0.040815    0.000328    0.447560 ^ B[1] (out)
                                              0.447560   data arrival time

                                 10.000000   10.000000   clock clk (rise edge)
                                  0.000000   10.000000   clock network delay (propagated)
                                 -0.250000    9.750000   clock uncertainty
                                  0.000000    9.750000   clock reconvergence pessimism
                                 -2.000000    7.750000   output external delay
                                              7.750000   data required time
---------------------------------------------------------------------------------------------
                                              7.750000   data required time
                                             -0.447560   data arrival time
---------------------------------------------------------------------------------------------
                                              7.302440   slack (MET)


Startpoint: B[5]$_SDFFE_PP1P_ (rising edge-triggered flip-flop clocked by clk)
Endpoint: B[5] (output port clocked by clk)
Path Group: clk
Path Type: max

Fanout         Cap        Slew       Delay        Time   Description
---------------------------------------------------------------------------------------------
                                  0.000000    0.000000   clock clk (rise edge)
                                  0.000000    0.000000   clock source latency
     1    0.017067    0.032707    0.014869    0.014869 ^ clk (in)
                                                         clk (net)
                      0.032734    0.000000    0.014869 ^ clkbuf_0_clk/A (sg13g2_buf_8)
     4    0.050922    0.037727    0.081032    0.095901 ^ clkbuf_0_clk/X (sg13g2_buf_8)
                                                         clknet_0_clk (net)
                      0.038082    0.002821    0.098722 ^ clkbuf_2_2__f_clk/A (sg13g2_buf_8)
     8    0.032833    0.029594    0.077306    0.176029 ^ clkbuf_2_2__f_clk/X (sg13g2_buf_8)
                                                         clknet_2_2__leaf_clk (net)
                      0.029603    0.000764    0.176793 ^ B[5]$_SDFFE_PP1P_/CLK (sg13g2_dfrbpq_1)
     3    0.009632    0.048592    0.186401    0.363194 ^ B[5]$_SDFFE_PP1P_/Q (sg13g2_dfrbpq_1)
                                                         net38 (net)
                      0.048606    0.000802    0.363996 ^ output22/A (sg13g2_buf_1)
     1    0.008113    0.042477    0.083313    0.447309 ^ output22/X (sg13g2_buf_1)
                                                         B[5] (net)
                      0.042478    0.000216    0.447525 ^ B[5] (out)
                                              0.447525   data arrival time

                                 10.000000   10.000000   clock clk (rise edge)
                                  0.000000   10.000000   clock network delay (propagated)
                                 -0.250000    9.750000   clock uncertainty
                                  0.000000    9.750000   clock reconvergence pessimism
                                 -2.000000    7.750000   output external delay
                                              7.750000   data required time
---------------------------------------------------------------------------------------------
                                              7.750000   data required time
                                             -0.447525   data arrival time
---------------------------------------------------------------------------------------------
                                              7.302475   slack (MET)


Startpoint: B[0]$_SDFFE_PP1P_ (rising edge-triggered flip-flop clocked by clk)
Endpoint: B[0] (output port clocked by clk)
Path Group: clk
Path Type: max

Fanout         Cap        Slew       Delay        Time   Description
---------------------------------------------------------------------------------------------
                                  0.000000    0.000000   clock clk (rise edge)
                                  0.000000    0.000000   clock source latency
     1    0.017067    0.032707    0.014869    0.014869 ^ clk (in)
                                                         clk (net)
                      0.032734    0.000000    0.014869 ^ clkbuf_0_clk/A (sg13g2_buf_8)
     4    0.050922    0.037727    0.081032    0.095901 ^ clkbuf_0_clk/X (sg13g2_buf_8)
                                                         clknet_0_clk (net)
                      0.038064    0.002744    0.098645 ^ clkbuf_2_0__f_clk/A (sg13g2_buf_8)
     8    0.032060    0.029222    0.076865    0.175510 ^ clkbuf_2_0__f_clk/X (sg13g2_buf_8)
                                                         clknet_2_0__leaf_clk (net)
                      0.029316    0.001620    0.177130 ^ B[0]$_SDFFE_PP1P_/CLK (sg13g2_dfrbpq_1)
     3    0.009773    0.049208    0.186892    0.364022 ^ B[0]$_SDFFE_PP1P_/Q (sg13g2_dfrbpq_1)
                                                         net31 (net)
                      0.049211    0.000396    0.364418 ^ output15/A (sg13g2_buf_1)
     1    0.007800    0.041236    0.082524    0.446942 ^ output15/X (sg13g2_buf_1)
                                                         B[0] (net)
                      0.041242    0.000492    0.447434 ^ B[0] (out)
                                              0.447434   data arrival time

                                 10.000000   10.000000   clock clk (rise edge)
                                  0.000000   10.000000   clock network delay (propagated)
                                 -0.250000    9.750000   clock uncertainty
                                  0.000000    9.750000   clock reconvergence pessimism
                                 -2.000000    7.750000   output external delay
                                              7.750000   data required time
---------------------------------------------------------------------------------------------
                                              7.750000   data required time
                                             -0.447434   data arrival time
---------------------------------------------------------------------------------------------
                                              7.302566   slack (MET)


Startpoint: BN[6]$_SDFFE_PP1P_ (rising edge-triggered flip-flop clocked by clk)
Endpoint: BN[6] (output port clocked by clk)
Path Group: clk
Path Type: max

Fanout         Cap        Slew       Delay        Time   Description
---------------------------------------------------------------------------------------------
                                  0.000000    0.000000   clock clk (rise edge)
                                  0.000000    0.000000   clock source latency
     1    0.017067    0.032707    0.014869    0.014869 ^ clk (in)
                                                         clk (net)
                      0.032734    0.000000    0.014869 ^ clkbuf_0_clk/A (sg13g2_buf_8)
     4    0.050922    0.037727    0.081032    0.095901 ^ clkbuf_0_clk/X (sg13g2_buf_8)
                                                         clknet_0_clk (net)
                      0.038041    0.002644    0.098545 ^ clkbuf_2_3__f_clk/A (sg13g2_buf_8)
     8    0.033901    0.030082    0.077782    0.176327 ^ clkbuf_2_3__f_clk/X (sg13g2_buf_8)
                                                         clknet_2_3__leaf_clk (net)
                      0.030097    0.001158    0.177486 ^ BN[6]$_SDFFE_PP1P_/CLK (sg13g2_dfrbpq_1)
     3    0.010307    0.051162    0.188653    0.366139 ^ BN[6]$_SDFFE_PP1P_/Q (sg13g2_dfrbpq_1)
                                                         net27 (net)
                      0.051168    0.000559    0.366698 ^ output11/A (sg13g2_buf_1)
     1    0.006657    0.036959    0.080103    0.446801 ^ output11/X (sg13g2_buf_1)
                                                         BN[6] (net)
                      0.036960    0.000278    0.447079 ^ BN[6] (out)
                                              0.447079   data arrival time

                                 10.000000   10.000000   clock clk (rise edge)
                                  0.000000   10.000000   clock network delay (propagated)
                                 -0.250000    9.750000   clock uncertainty
                                  0.000000    9.750000   clock reconvergence pessimism
                                 -2.000000    7.750000   output external delay
                                              7.750000   data required time
---------------------------------------------------------------------------------------------
                                              7.750000   data required time
                                             -0.447079   data arrival time
---------------------------------------------------------------------------------------------
                                              7.302921   slack (MET)


Startpoint: B[6]$_SDFFE_PP1P_ (rising edge-triggered flip-flop clocked by clk)
Endpoint: B[6] (output port clocked by clk)
Path Group: clk
Path Type: max

Fanout         Cap        Slew       Delay        Time   Description
---------------------------------------------------------------------------------------------
                                  0.000000    0.000000   clock clk (rise edge)
                                  0.000000    0.000000   clock source latency
     1    0.017067    0.032707    0.014869    0.014869 ^ clk (in)
                                                         clk (net)
                      0.032734    0.000000    0.014869 ^ clkbuf_0_clk/A (sg13g2_buf_8)
     4    0.050922    0.037727    0.081032    0.095901 ^ clkbuf_0_clk/X (sg13g2_buf_8)
                                                         clknet_0_clk (net)
                      0.038041    0.002644    0.098545 ^ clkbuf_2_3__f_clk/A (sg13g2_buf_8)
     8    0.033901    0.030082    0.077782    0.176327 ^ clkbuf_2_3__f_clk/X (sg13g2_buf_8)
                                                         clknet_2_3__leaf_clk (net)
                      0.030100    0.001199    0.177526 ^ B[6]$_SDFFE_PP1P_/CLK (sg13g2_dfrbpq_1)
     3    0.008928    0.045939    0.184728    0.362255 ^ B[6]$_SDFFE_PP1P_/Q (sg13g2_dfrbpq_1)
                                                         net39 (net)
                      0.045944    0.000484    0.362739 ^ output23/A (sg13g2_buf_1)
     1    0.007808    0.041230    0.081276    0.444015 ^ output23/X (sg13g2_buf_1)
                                                         B[6] (net)
                      0.041231    0.000214    0.444229 ^ B[6] (out)
                                              0.444229   data arrival time

                                 10.000000   10.000000   clock clk (rise edge)
                                  0.000000   10.000000   clock network delay (propagated)
                                 -0.250000    9.750000   clock uncertainty
                                  0.000000    9.750000   clock reconvergence pessimism
                                 -2.000000    7.750000   output external delay
                                              7.750000   data required time
---------------------------------------------------------------------------------------------
                                              7.750000   data required time
                                             -0.444229   data arrival time
---------------------------------------------------------------------------------------------
                                              7.305771   slack (MET)


Startpoint: BN[5]$_SDFFE_PP1P_ (rising edge-triggered flip-flop clocked by clk)
Endpoint: BN[5] (output port clocked by clk)
Path Group: clk
Path Type: max

Fanout         Cap        Slew       Delay        Time   Description
---------------------------------------------------------------------------------------------
                                  0.000000    0.000000   clock clk (rise edge)
                                  0.000000    0.000000   clock source latency
     1    0.017067    0.032707    0.014869    0.014869 ^ clk (in)
                                                         clk (net)
                      0.032734    0.000000    0.014869 ^ clkbuf_0_clk/A (sg13g2_buf_8)
     4    0.050922    0.037727    0.081032    0.095901 ^ clkbuf_0_clk/X (sg13g2_buf_8)
                                                         clknet_0_clk (net)
                      0.038082    0.002821    0.098722 ^ clkbuf_2_2__f_clk/A (sg13g2_buf_8)
     8    0.032833    0.029594    0.077306    0.176029 ^ clkbuf_2_2__f_clk/X (sg13g2_buf_8)
                                                         clknet_2_2__leaf_clk (net)
                      0.029604    0.000783    0.176812 ^ BN[5]$_SDFFE_PP1P_/CLK (sg13g2_dfrbpq_1)
     3    0.008891    0.045854    0.184542    0.361354 ^ BN[5]$_SDFFE_PP1P_/Q (sg13g2_dfrbpq_1)
                                                         net26 (net)
                      0.045854    0.000196    0.361550 ^ output10/A (sg13g2_buf_1)
     1    0.008119    0.042422    0.082146    0.443696 ^ output10/X (sg13g2_buf_1)
                                                         BN[5] (net)
                      0.042422    0.000224    0.443920 ^ BN[5] (out)
                                              0.443920   data arrival time

                                 10.000000   10.000000   clock clk (rise edge)
                                  0.000000   10.000000   clock network delay (propagated)
                                 -0.250000    9.750000   clock uncertainty
                                  0.000000    9.750000   clock reconvergence pessimism
                                 -2.000000    7.750000   output external delay
                                              7.750000   data required time
---------------------------------------------------------------------------------------------
                                              7.750000   data required time
                                             -0.443920   data arrival time
---------------------------------------------------------------------------------------------
                                              7.306080   slack (MET)


Startpoint: B[10]$_SDFFE_PP1P_ (rising edge-triggered flip-flop clocked by clk)
Endpoint: B[10] (output port clocked by clk)
Path Group: clk
Path Type: max

Fanout         Cap        Slew       Delay        Time   Description
---------------------------------------------------------------------------------------------
                                  0.000000    0.000000   clock clk (rise edge)
                                  0.000000    0.000000   clock source latency
     1    0.017067    0.032707    0.014869    0.014869 ^ clk (in)
                                                         clk (net)
                      0.032734    0.000000    0.014869 ^ clkbuf_0_clk/A (sg13g2_buf_8)
     4    0.050922    0.037727    0.081032    0.095901 ^ clkbuf_0_clk/X (sg13g2_buf_8)
                                                         clknet_0_clk (net)
                      0.038082    0.002821    0.098722 ^ clkbuf_2_2__f_clk/A (sg13g2_buf_8)
     8    0.032833    0.029594    0.077306    0.176029 ^ clkbuf_2_2__f_clk/X (sg13g2_buf_8)
                                                         clknet_2_2__leaf_clk (net)
                      0.029664    0.001455    0.177484 ^ B[10]$_SDFFE_PP1P_/CLK (sg13g2_dfrbpq_1)
     3    0.008083    0.042776    0.182185    0.359669 ^ B[10]$_SDFFE_PP1P_/Q (sg13g2_dfrbpq_1)
                                                         net32 (net)
                      0.042777    0.000216    0.359885 ^ output16/A (sg13g2_buf_1)
     1    0.008001    0.041880    0.080480    0.440365 ^ output16/X (sg13g2_buf_1)
                                                         B[10] (net)
                      0.041880    0.000221    0.440586 ^ B[10] (out)
                                              0.440586   data arrival time

                                 10.000000   10.000000   clock clk (rise edge)
                                  0.000000   10.000000   clock network delay (propagated)
                                 -0.250000    9.750000   clock uncertainty
                                  0.000000    9.750000   clock reconvergence pessimism
                                 -2.000000    7.750000   output external delay
                                              7.750000   data required time
---------------------------------------------------------------------------------------------
                                              7.750000   data required time
                                             -0.440586   data arrival time
---------------------------------------------------------------------------------------------
                                              7.309414   slack (MET)



