
===========================================================================
report_checks -path_delay min (Hold)
============================================================================
======================= nom_typ_1p20V_25C Corner ===================================

Startpoint: B[10]$_SDFFE_PP1P_ (rising edge-triggered flip-flop clocked by clk)
Endpoint: B[10]$_SDFFE_PP1P_ (rising edge-triggered flip-flop clocked by clk)
Path Group: clk
Path Type: min

Fanout         Cap        Slew       Delay        Time   Description
---------------------------------------------------------------------------------------------
                                  0.000000    0.000000   clock clk (rise edge)
                                  0.000000    0.000000   clock source latency
     1    0.017067    0.032707    0.014869    0.014869 ^ clk (in)
                                                         clk (net)
                      0.032734    0.000000    0.014869 ^ clkbuf_0_clk/A (sg13g2_buf_8)
     4    0.050922    0.037727    0.081032    0.095901 ^ clkbuf_0_clk/X (sg13g2_buf_8)
                                                         clknet_0_clk (net)
                      0.038082    0.002821    0.098722 ^ clkbuf_2_2__f_clk/A (sg13g2_buf_8)
     8    0.032833    0.029594    0.077306    0.176029 ^ clkbuf_2_2__f_clk/X (sg13g2_buf_8)
                                                         clknet_2_2__leaf_clk (net)
                      0.029664    0.001455    0.177484 ^ B[10]$_SDFFE_PP1P_/CLK (sg13g2_dfrbpq_1)
     3    0.007977    0.033452    0.176579    0.354063 v B[10]$_SDFFE_PP1P_/Q (sg13g2_dfrbpq_1)
                                                         net32 (net)
                      0.033453    0.000208    0.354271 v hold19/A (sg13g2_dlygate4sd3_1)
     1    0.003021    0.037025    0.374145    0.728415 v hold19/X (sg13g2_dlygate4sd3_1)
                                                         net102 (net)
                      0.037025    0.000230    0.728646 v _132_/A1 (sg13g2_a21o_1)
     1    0.002227    0.022216    0.102563    0.831209 v _132_/X (sg13g2_a21o_1)
                                                         _013_ (net)
                      0.022216    0.000137    0.831346 v B[10]$_SDFFE_PP1P_/D (sg13g2_dfrbpq_1)
                                              0.831346   data arrival time

                                  0.000000    0.000000   clock clk (rise edge)
                                  0.000000    0.000000   clock source latency
     1    0.017067    0.032707    0.014869    0.014869 ^ clk (in)
                                                         clk (net)
                      0.032734    0.000000    0.014869 ^ clkbuf_0_clk/A (sg13g2_buf_8)
     4    0.050922    0.037727    0.081032    0.095901 ^ clkbuf_0_clk/X (sg13g2_buf_8)
                                                         clknet_0_clk (net)
                      0.038082    0.002821    0.098722 ^ clkbuf_2_2__f_clk/A (sg13g2_buf_8)
     8    0.032833    0.029594    0.077306    0.176029 ^ clkbuf_2_2__f_clk/X (sg13g2_buf_8)
                                                         clknet_2_2__leaf_clk (net)
                      0.029664    0.001455    0.177484 ^ B[10]$_SDFFE_PP1P_/CLK (sg13g2_dfrbpq_1)
                                  0.250000    0.427484   clock uncertainty
                                  0.000000    0.427484   clock reconvergence pessimism
                                 -0.033071    0.394413   library hold time
                                              0.394413   data required time
---------------------------------------------------------------------------------------------
                                              0.394413   data required time
                                             -0.831346   data arrival time
---------------------------------------------------------------------------------------------
                                              0.436933   slack (MET)


Startpoint: B[0]$_SDFFE_PP1P_ (rising edge-triggered flip-flop clocked by clk)
Endpoint: B[0]$_SDFFE_PP1P_ (rising edge-triggered flip-flop clocked by clk)
Path Group: clk
Path Type: min

Fanout         Cap        Slew       Delay        Time   Description
---------------------------------------------------------------------------------------------
                                  0.000000    0.000000   clock clk (rise edge)
                                  0.000000    0.000000   clock source latency
     1    0.017067    0.032707    0.014869    0.014869 ^ clk (in)
                                                         clk (net)
                      0.032734    0.000000    0.014869 ^ clkbuf_0_clk/A (sg13g2_buf_8)
     4    0.050922    0.037727    0.081032    0.095901 ^ clkbuf_0_clk/X (sg13g2_buf_8)
                                                         clknet_0_clk (net)
                      0.038064    0.002744    0.098645 ^ clkbuf_2_0__f_clk/A (sg13g2_buf_8)
     8    0.032060    0.029222    0.076865    0.175510 ^ clkbuf_2_0__f_clk/X (sg13g2_buf_8)
                                                         clknet_2_0__leaf_clk (net)
                      0.029316    0.001620    0.177130 ^ B[0]$_SDFFE_PP1P_/CLK (sg13g2_dfrbpq_1)
     3    0.009667    0.038366    0.180494    0.357624 v B[0]$_SDFFE_PP1P_/Q (sg13g2_dfrbpq_1)
                                                         net31 (net)
                      0.038367    0.000255    0.357879 v hold24/A (sg13g2_dlygate4sd3_1)
     1    0.004746    0.041518    0.382840    0.740719 v hold24/X (sg13g2_dlygate4sd3_1)
                                                         net107 (net)
                      0.041518    0.000327    0.741046 v _130_/A1 (sg13g2_a21o_1)
     1    0.001935    0.019998    0.103467    0.844513 v _130_/X (sg13g2_a21o_1)
                                                         _012_ (net)
                      0.019998    0.000072    0.844585 v B[0]$_SDFFE_PP1P_/D (sg13g2_dfrbpq_1)
                                              0.844585   data arrival time

                                  0.000000    0.000000   clock clk (rise edge)
                                  0.000000    0.000000   clock source latency
     1    0.017067    0.032707    0.014869    0.014869 ^ clk (in)
                                                         clk (net)
                      0.032734    0.000000    0.014869 ^ clkbuf_0_clk/A (sg13g2_buf_8)
     4    0.050922    0.037727    0.081032    0.095901 ^ clkbuf_0_clk/X (sg13g2_buf_8)
                                                         clknet_0_clk (net)
                      0.038064    0.002744    0.098645 ^ clkbuf_2_0__f_clk/A (sg13g2_buf_8)
     8    0.032060    0.029222    0.076865    0.175510 ^ clkbuf_2_0__f_clk/X (sg13g2_buf_8)
                                                         clknet_2_0__leaf_clk (net)
                      0.029316    0.001620    0.177130 ^ B[0]$_SDFFE_PP1P_/CLK (sg13g2_dfrbpq_1)
                                  0.250000    0.427130   clock uncertainty
                                  0.000000    0.427130   clock reconvergence pessimism
                                 -0.032440    0.394690   library hold time
                                              0.394690   data required time
---------------------------------------------------------------------------------------------
                                              0.394690   data required time
                                             -0.844585   data arrival time
---------------------------------------------------------------------------------------------
                                              0.449895   slack (MET)


Startpoint: BN[10]$_SDFFE_PP1P_ (rising edge-triggered flip-flop clocked by clk)
Endpoint: BN[10]$_SDFFE_PP1P_ (rising edge-triggered flip-flop clocked by clk)
Path Group: clk
Path Type: min

Fanout         Cap        Slew       Delay        Time   Description
---------------------------------------------------------------------------------------------
                                  0.000000    0.000000   clock clk (rise edge)
                                  0.000000    0.000000   clock source latency
     1    0.017067    0.032707    0.014869    0.014869 ^ clk (in)
                                                         clk (net)
                      0.032734    0.000000    0.014869 ^ clkbuf_0_clk/A (sg13g2_buf_8)
     4    0.050922    0.037727    0.081032    0.095901 ^ clkbuf_0_clk/X (sg13g2_buf_8)
                                                         clknet_0_clk (net)
                      0.038041    0.002644    0.098545 ^ clkbuf_2_3__f_clk/A (sg13g2_buf_8)
     8    0.033901    0.030082    0.077782    0.176327 ^ clkbuf_2_3__f_clk/X (sg13g2_buf_8)
                                                         clknet_2_3__leaf_clk (net)
                      0.030110    0.001299    0.177626 ^ BN[10]$_SDFFE_PP1P_/CLK (sg13g2_dfrbpq_1)
     3    0.011023    0.042413    0.184003    0.361629 v BN[10]$_SDFFE_PP1P_/Q (sg13g2_dfrbpq_1)
                                                         net20 (net)
                      0.042419    0.000535    0.362164 v hold26/A (sg13g2_dlygate4sd3_1)
     1    0.004066    0.039866    0.382735    0.744900 v hold26/X (sg13g2_dlygate4sd3_1)
                                                         net109 (net)
                      0.039866    0.000272    0.745172 v _105_/A1 (sg13g2_a21o_1)
     1    0.001963    0.020076    0.102912    0.848084 v _105_/X (sg13g2_a21o_1)
                                                         _001_ (net)
                      0.020076    0.000073    0.848157 v BN[10]$_SDFFE_PP1P_/D (sg13g2_dfrbpq_1)
                                              0.848157   data arrival time

                                  0.000000    0.000000   clock clk (rise edge)
                                  0.000000    0.000000   clock source latency
     1    0.017067    0.032707    0.014869    0.014869 ^ clk (in)
                                                         clk (net)
                      0.032734    0.000000    0.014869 ^ clkbuf_0_clk/A (sg13g2_buf_8)
     4    0.050922    0.037727    0.081032    0.095901 ^ clkbuf_0_clk/X (sg13g2_buf_8)
                                                         clknet_0_clk (net)
                      0.038041    0.002644    0.098545 ^ clkbuf_2_3__f_clk/A (sg13g2_buf_8)
     8    0.033901    0.030082    0.077782    0.176327 ^ clkbuf_2_3__f_clk/X (sg13g2_buf_8)
                                                         clknet_2_3__leaf_clk (net)
                      0.030110    0.001299    0.177626 ^ BN[10]$_SDFFE_PP1P_/CLK (sg13g2_dfrbpq_1)
                                  0.250000    0.427626   clock uncertainty
                                  0.000000    0.427626   clock reconvergence pessimism
                                 -0.032299    0.395327   library hold time
                                              0.395327   data required time
---------------------------------------------------------------------------------------------
                                              0.395327   data required time
                                             -0.848157   data arrival time
---------------------------------------------------------------------------------------------
                                              0.452830   slack (MET)


Startpoint: B[1]$_SDFFE_PP1P_ (rising edge-triggered flip-flop clocked by clk)
Endpoint: B[1]$_SDFFE_PP1P_ (rising edge-triggered flip-flop clocked by clk)
Path Group: clk
Path Type: min

Fanout         Cap        Slew       Delay        Time   Description
---------------------------------------------------------------------------------------------
                                  0.000000    0.000000   clock clk (rise edge)
                                  0.000000    0.000000   clock source latency
     1    0.017067    0.032707    0.014869    0.014869 ^ clk (in)
                                                         clk (net)
                      0.032734    0.000000    0.014869 ^ clkbuf_0_clk/A (sg13g2_buf_8)
     4    0.050922    0.037727    0.081032    0.095901 ^ clkbuf_0_clk/X (sg13g2_buf_8)
                                                         clknet_0_clk (net)
                      0.038064    0.002744    0.098645 ^ clkbuf_2_0__f_clk/A (sg13g2_buf_8)
     8    0.032060    0.029222    0.076865    0.175510 ^ clkbuf_2_0__f_clk/X (sg13g2_buf_8)
                                                         clknet_2_0__leaf_clk (net)
                      0.029350    0.001870    0.177381 ^ B[1]$_SDFFE_PP1P_/CLK (sg13g2_dfrbpq_1)
     3    0.009791    0.038721    0.180827    0.358208 v B[1]$_SDFFE_PP1P_/Q (sg13g2_dfrbpq_1)
                                                         net34 (net)
                      0.038724    0.000371    0.358578 v hold4/A (sg13g2_dlygate4sd3_1)
     1    0.004701    0.041418    0.382874    0.741452 v hold4/X (sg13g2_dlygate4sd3_1)
                                                         net87 (net)
                      0.041418    0.000331    0.741783 v _136_/A1 (sg13g2_a21o_1)
     1    0.002503    0.023224    0.105030    0.846813 v _136_/X (sg13g2_a21o_1)
                                                         _015_ (net)
                      0.023224    0.000155    0.846968 v B[1]$_SDFFE_PP1P_/D (sg13g2_dfrbpq_1)
                                              0.846968   data arrival time

                                  0.000000    0.000000   clock clk (rise edge)
                                  0.000000    0.000000   clock source latency
     1    0.017067    0.032707    0.014869    0.014869 ^ clk (in)
                                                         clk (net)
                      0.032734    0.000000    0.014869 ^ clkbuf_0_clk/A (sg13g2_buf_8)
     4    0.050922    0.037727    0.081032    0.095901 ^ clkbuf_0_clk/X (sg13g2_buf_8)
                                                         clknet_0_clk (net)
                      0.038064    0.002744    0.098645 ^ clkbuf_2_0__f_clk/A (sg13g2_buf_8)
     8    0.032060    0.029222    0.076865    0.175510 ^ clkbuf_2_0__f_clk/X (sg13g2_buf_8)
                                                         clknet_2_0__leaf_clk (net)
                      0.029350    0.001870    0.177381 ^ B[1]$_SDFFE_PP1P_/CLK (sg13g2_dfrbpq_1)
                                  0.250000    0.427381   clock uncertainty
                                  0.000000    0.427381   clock reconvergence pessimism
                                 -0.033456    0.393925   library hold time
                                              0.393925   data required time
---------------------------------------------------------------------------------------------
                                              0.393925   data required time
                                             -0.846968   data arrival time
---------------------------------------------------------------------------------------------
                                              0.453042   slack (MET)


Startpoint: BN[0]$_SDFFE_PP1P_ (rising edge-triggered flip-flop clocked by clk)
Endpoint: BN[0]$_SDFFE_PP1P_ (rising edge-triggered flip-flop clocked by clk)
Path Group: clk
Path Type: min

Fanout         Cap        Slew       Delay        Time   Description
---------------------------------------------------------------------------------------------
                                  0.000000    0.000000   clock clk (rise edge)
                                  0.000000    0.000000   clock source latency
     1    0.017067    0.032707    0.014869    0.014869 ^ clk (in)
                                                         clk (net)
                      0.032734    0.000000    0.014869 ^ clkbuf_0_clk/A (sg13g2_buf_8)
     4    0.050922    0.037727    0.081032    0.095901 ^ clkbuf_0_clk/X (sg13g2_buf_8)
                                                         clknet_0_clk (net)
                      0.038064    0.002744    0.098645 ^ clkbuf_2_0__f_clk/A (sg13g2_buf_8)
     8    0.032060    0.029222    0.076865    0.175510 ^ clkbuf_2_0__f_clk/X (sg13g2_buf_8)
                                                         clknet_2_0__leaf_clk (net)
                      0.029314    0.001600    0.177110 ^ BN[0]$_SDFFE_PP1P_/CLK (sg13g2_dfrbpq_1)
     3    0.011207    0.042837    0.184054    0.361165 v BN[0]$_SDFFE_PP1P_/Q (sg13g2_dfrbpq_1)
                                                         net19 (net)
                      0.042850    0.000712    0.361877 v hold25/A (sg13g2_dlygate4sd3_1)
     1    0.004327    0.040573    0.383870    0.745747 v hold25/X (sg13g2_dlygate4sd3_1)
                                                         net108 (net)
                      0.040573    0.000290    0.746036 v _101_/A1 (sg13g2_a21o_1)
     1    0.002481    0.021441    0.104640    0.850677 v _101_/X (sg13g2_a21o_1)
                                                         _000_ (net)
                      0.021441    0.000168    0.850845 v BN[0]$_SDFFE_PP1P_/D (sg13g2_dfrbpq_1)
                                              0.850845   data arrival time

                                  0.000000    0.000000   clock clk (rise edge)
                                  0.000000    0.000000   clock source latency
     1    0.017067    0.032707    0.014869    0.014869 ^ clk (in)
                                                         clk (net)
                      0.032734    0.000000    0.014869 ^ clkbuf_0_clk/A (sg13g2_buf_8)
     4    0.050922    0.037727    0.081032    0.095901 ^ clkbuf_0_clk/X (sg13g2_buf_8)
                                                         clknet_0_clk (net)
                      0.038064    0.002744    0.098645 ^ clkbuf_2_0__f_clk/A (sg13g2_buf_8)
     8    0.032060    0.029222    0.076865    0.175510 ^ clkbuf_2_0__f_clk/X (sg13g2_buf_8)
                                                         clknet_2_0__leaf_clk (net)
                      0.029314    0.001600    0.177110 ^ BN[0]$_SDFFE_PP1P_/CLK (sg13g2_dfrbpq_1)
                                  0.250000    0.427110   clock uncertainty
                                  0.000000    0.427110   clock reconvergence pessimism
                                 -0.032898    0.394213   library hold time
                                              0.394213   data required time
---------------------------------------------------------------------------------------------
                                              0.394213   data required time
                                             -0.850845   data arrival time
---------------------------------------------------------------------------------------------
                                              0.456632   slack (MET)


Startpoint: BN[2]$_SDFFE_PP1P_ (rising edge-triggered flip-flop clocked by clk)
Endpoint: BN[2]$_SDFFE_PP1P_ (rising edge-triggered flip-flop clocked by clk)
Path Group: clk
Path Type: min

Fanout         Cap        Slew       Delay        Time   Description
---------------------------------------------------------------------------------------------
                                  0.000000    0.000000   clock clk (rise edge)
                                  0.000000    0.000000   clock source latency
     1    0.017067    0.032707    0.014869    0.014869 ^ clk (in)
                                                         clk (net)
                      0.032734    0.000000    0.014869 ^ clkbuf_0_clk/A (sg13g2_buf_8)
     4    0.050922    0.037727    0.081032    0.095901 ^ clkbuf_0_clk/X (sg13g2_buf_8)
                                                         clknet_0_clk (net)
                      0.038041    0.002644    0.098545 ^ clkbuf_2_3__f_clk/A (sg13g2_buf_8)
     8    0.033901    0.030082    0.077782    0.176327 ^ clkbuf_2_3__f_clk/X (sg13g2_buf_8)
                                                         clknet_2_3__leaf_clk (net)
                      0.030113    0.001327    0.177655 ^ BN[2]$_SDFFE_PP1P_/CLK (sg13g2_dfrbpq_1)
     3    0.009712    0.038520    0.180924    0.358579 v BN[2]$_SDFFE_PP1P_/Q (sg13g2_dfrbpq_1)
                                                         net23 (net)
                      0.038523    0.000391    0.358970 v hold3/A (sg13g2_dlygate4sd3_1)
     1    0.005407    0.043055    0.385219    0.744189 v hold3/X (sg13g2_dlygate4sd3_1)
                                                         net86 (net)
                      0.043055    0.000345    0.744534 v _112_/A1 (sg13g2_a21o_1)
     1    0.002977    0.022758    0.107006    0.851540 v _112_/X (sg13g2_a21o_1)
                                                         _004_ (net)
                      0.022758    0.000169    0.851709 v BN[2]$_SDFFE_PP1P_/D (sg13g2_dfrbpq_1)
                                              0.851709   data arrival time

                                  0.000000    0.000000   clock clk (rise edge)
                                  0.000000    0.000000   clock source latency
     1    0.017067    0.032707    0.014869    0.014869 ^ clk (in)
                                                         clk (net)
                      0.032734    0.000000    0.014869 ^ clkbuf_0_clk/A (sg13g2_buf_8)
     4    0.050922    0.037727    0.081032    0.095901 ^ clkbuf_0_clk/X (sg13g2_buf_8)
                                                         clknet_0_clk (net)
                      0.038041    0.002644    0.098545 ^ clkbuf_2_3__f_clk/A (sg13g2_buf_8)
     8    0.033901    0.030082    0.077782    0.176327 ^ clkbuf_2_3__f_clk/X (sg13g2_buf_8)
                                                         clknet_2_3__leaf_clk (net)
                      0.030113    0.001327    0.177655 ^ BN[2]$_SDFFE_PP1P_/CLK (sg13g2_dfrbpq_1)
                                  0.250000    0.427655   clock uncertainty
                                  0.000000    0.427655   clock reconvergence pessimism
                                 -0.033149    0.394506   library hold time
                                              0.394506   data required time
---------------------------------------------------------------------------------------------
                                              0.394506   data required time
                                             -0.851709   data arrival time
---------------------------------------------------------------------------------------------
                                              0.457203   slack (MET)


Startpoint: B[8]$_SDFFE_PP1P_ (rising edge-triggered flip-flop clocked by clk)
Endpoint: B[8]$_SDFFE_PP1P_ (rising edge-triggered flip-flop clocked by clk)
Path Group: clk
Path Type: min

Fanout         Cap        Slew       Delay        Time   Description
---------------------------------------------------------------------------------------------
                                  0.000000    0.000000   clock clk (rise edge)
                                  0.000000    0.000000   clock source latency
     1    0.017067    0.032707    0.014869    0.014869 ^ clk (in)
                                                         clk (net)
                      0.032734    0.000000    0.014869 ^ clkbuf_0_clk/A (sg13g2_buf_8)
     4    0.050922    0.037727    0.081032    0.095901 ^ clkbuf_0_clk/X (sg13g2_buf_8)
                                                         clknet_0_clk (net)
                      0.038064    0.002744    0.098645 ^ clkbuf_2_0__f_clk/A (sg13g2_buf_8)
     8    0.032060    0.029222    0.076865    0.175510 ^ clkbuf_2_0__f_clk/X (sg13g2_buf_8)
                                                         clknet_2_0__leaf_clk (net)
                      0.029341    0.001804    0.177314 ^ B[8]$_SDFFE_PP1P_/CLK (sg13g2_dfrbpq_1)
     3    0.012142    0.045731    0.186332    0.363646 v B[8]$_SDFFE_PP1P_/Q (sg13g2_dfrbpq_1)
                                                         net41 (net)
                      0.045740    0.000634    0.364280 v hold15/A (sg13g2_dlygate4sd3_1)
     1    0.004423    0.040834    0.385811    0.750091 v hold15/X (sg13g2_dlygate4sd3_1)
                                                         net98 (net)
                      0.040834    0.000288    0.750379 v _150_/A1 (sg13g2_a21o_1)
     1    0.002275    0.020888    0.104162    0.854541 v _150_/X (sg13g2_a21o_1)
                                                         _022_ (net)
                      0.020888    0.000141    0.854682 v B[8]$_SDFFE_PP1P_/D (sg13g2_dfrbpq_1)
                                              0.854682   data arrival time

                                  0.000000    0.000000   clock clk (rise edge)
                                  0.000000    0.000000   clock source latency
     1    0.017067    0.032707    0.014869    0.014869 ^ clk (in)
                                                         clk (net)
                      0.032734    0.000000    0.014869 ^ clkbuf_0_clk/A (sg13g2_buf_8)
     4    0.050922    0.037727    0.081032    0.095901 ^ clkbuf_0_clk/X (sg13g2_buf_8)
                                                         clknet_0_clk (net)
                      0.038064    0.002744    0.098645 ^ clkbuf_2_0__f_clk/A (sg13g2_buf_8)
     8    0.032060    0.029222    0.076865    0.175510 ^ clkbuf_2_0__f_clk/X (sg13g2_buf_8)
                                                         clknet_2_0__leaf_clk (net)
                      0.029341    0.001804    0.177314 ^ B[8]$_SDFFE_PP1P_/CLK (sg13g2_dfrbpq_1)
                                  0.250000    0.427314   clock uncertainty
                                  0.000000    0.427314   clock reconvergence pessimism
                                 -0.032717    0.394597   library hold time
                                              0.394597   data required time
---------------------------------------------------------------------------------------------
                                              0.394597   data required time
                                             -0.854682   data arrival time
---------------------------------------------------------------------------------------------
                                              0.460085   slack (MET)


Startpoint: BN[1]$_SDFFE_PP1P_ (rising edge-triggered flip-flop clocked by clk)
Endpoint: BN[1]$_SDFFE_PP1P_ (rising edge-triggered flip-flop clocked by clk)
Path Group: clk
Path Type: min

Fanout         Cap        Slew       Delay        Time   Description
---------------------------------------------------------------------------------------------
                                  0.000000    0.000000   clock clk (rise edge)
                                  0.000000    0.000000   clock source latency
     1    0.017067    0.032707    0.014869    0.014869 ^ clk (in)
                                                         clk (net)
                      0.032734    0.000000    0.014869 ^ clkbuf_0_clk/A (sg13g2_buf_8)
     4    0.050922    0.037727    0.081032    0.095901 ^ clkbuf_0_clk/X (sg13g2_buf_8)
                                                         clknet_0_clk (net)
                      0.038082    0.002821    0.098722 ^ clkbuf_2_2__f_clk/A (sg13g2_buf_8)
     8    0.032833    0.029594    0.077306    0.176029 ^ clkbuf_2_2__f_clk/X (sg13g2_buf_8)
                                                         clknet_2_2__leaf_clk (net)
                      0.029690    0.001688    0.177716 ^ BN[1]$_SDFFE_PP1P_/CLK (sg13g2_dfrbpq_1)
     3    0.011195    0.042803    0.184212    0.361928 v BN[1]$_SDFFE_PP1P_/Q (sg13g2_dfrbpq_1)
                                                         net22 (net)
                      0.042810    0.000543    0.362471 v hold18/A (sg13g2_dlygate4sd3_1)
     1    0.005517    0.043311    0.387951    0.750422 v hold18/X (sg13g2_dlygate4sd3_1)
                                                         net101 (net)
                      0.043788    0.000392    0.750814 v _110_/A1 (sg13g2_a21o_1)
     1    0.002178    0.022381    0.105025    0.855839 v _110_/X (sg13g2_a21o_1)
                                                         _003_ (net)
                      0.022381    0.000083    0.855922 v BN[1]$_SDFFE_PP1P_/D (sg13g2_dfrbpq_1)
                                              0.855922   data arrival time

                                  0.000000    0.000000   clock clk (rise edge)
                                  0.000000    0.000000   clock source latency
     1    0.017067    0.032707    0.014869    0.014869 ^ clk (in)
                                                         clk (net)
                      0.032734    0.000000    0.014869 ^ clkbuf_0_clk/A (sg13g2_buf_8)
     4    0.050922    0.037727    0.081032    0.095901 ^ clkbuf_0_clk/X (sg13g2_buf_8)
                                                         clknet_0_clk (net)
                      0.038082    0.002821    0.098722 ^ clkbuf_2_2__f_clk/A (sg13g2_buf_8)
     8    0.032833    0.029594    0.077306    0.176029 ^ clkbuf_2_2__f_clk/X (sg13g2_buf_8)
                                                         clknet_2_2__leaf_clk (net)
                      0.029690    0.001688    0.177716 ^ BN[1]$_SDFFE_PP1P_/CLK (sg13g2_dfrbpq_1)
                                  0.250000    0.427716   clock uncertainty
                                  0.000000    0.427716   clock reconvergence pessimism
                                 -0.033117    0.394599   library hold time
                                              0.394599   data required time
---------------------------------------------------------------------------------------------
                                              0.394599   data required time
                                             -0.855922   data arrival time
---------------------------------------------------------------------------------------------
                                              0.461323   slack (MET)


Startpoint: dbit[3]$_SDFFE_PP1P_
            (rising edge-triggered flip-flop clocked by clk)
Endpoint: dbit[3]$_SDFFE_PP1P_ (rising edge-triggered flip-flop clocked by clk)
Path Group: clk
Path Type: min

Fanout         Cap        Slew       Delay        Time   Description
---------------------------------------------------------------------------------------------
                                  0.000000    0.000000   clock clk (rise edge)
                                  0.000000    0.000000   clock source latency
     1    0.017067    0.032707    0.014869    0.014869 ^ clk (in)
                                                         clk (net)
                      0.032734    0.000000    0.014869 ^ clkbuf_0_clk/A (sg13g2_buf_8)
     4    0.050922    0.037727    0.081032    0.095901 ^ clkbuf_0_clk/X (sg13g2_buf_8)
                                                         clknet_0_clk (net)
                      0.038029    0.002588    0.098490 ^ clkbuf_2_1__f_clk/A (sg13g2_buf_8)
     7    0.028554    0.027711    0.075591    0.174081 ^ clkbuf_2_1__f_clk/X (sg13g2_buf_8)
                                                         clknet_2_1__leaf_clk (net)
                      0.027796    0.001967    0.176048 ^ dbit[3]$_SDFFE_PP1P_/CLK (sg13g2_dfrbpq_2)
     3    0.015975    0.037364    0.191341    0.367389 v dbit[3]$_SDFFE_PP1P_/Q (sg13g2_dfrbpq_2)
                                                         dbit[3] (net)
                      0.037367    0.000359    0.367748 v hold41/A (sg13g2_dlygate4sd3_1)
     2    0.010146    0.057863    0.400782    0.768529 v hold41/X (sg13g2_dlygate4sd3_1)
                                                         net124 (net)
                      0.057863    0.000684    0.769213 v _175_/A1 (sg13g2_a21o_1)
     1    0.002593    0.021729    0.111605    0.880818 v _175_/X (sg13g2_a21o_1)
                                                         _027_ (net)
                      0.021729    0.000095    0.880913 v dbit[3]$_SDFFE_PP1P_/D (sg13g2_dfrbpq_2)
                                              0.880913   data arrival time

                                  0.000000    0.000000   clock clk (rise edge)
                                  0.000000    0.000000   clock source latency
     1    0.017067    0.032707    0.014869    0.014869 ^ clk (in)
                                                         clk (net)
                      0.032734    0.000000    0.014869 ^ clkbuf_0_clk/A (sg13g2_buf_8)
     4    0.050922    0.037727    0.081032    0.095901 ^ clkbuf_0_clk/X (sg13g2_buf_8)
                                                         clknet_0_clk (net)
                      0.038029    0.002588    0.098490 ^ clkbuf_2_1__f_clk/A (sg13g2_buf_8)
     7    0.028554    0.027711    0.075591    0.174081 ^ clkbuf_2_1__f_clk/X (sg13g2_buf_8)
                                                         clknet_2_1__leaf_clk (net)
                      0.027796    0.001967    0.176048 ^ dbit[3]$_SDFFE_PP1P_/CLK (sg13g2_dfrbpq_2)
                                  0.250000    0.426048   clock uncertainty
                                  0.000000    0.426048   clock reconvergence pessimism
                                 -0.033321    0.392727   library hold time
                                              0.392727   data required time
---------------------------------------------------------------------------------------------
                                              0.392727   data required time
                                             -0.880913   data arrival time
---------------------------------------------------------------------------------------------
                                              0.488187   slack (MET)


Startpoint: dbit[1]$_SDFFE_PP1P_
            (rising edge-triggered flip-flop clocked by clk)
Endpoint: B[7]$_SDFFE_PP1P_ (rising edge-triggered flip-flop clocked by clk)
Path Group: clk
Path Type: min

Fanout         Cap        Slew       Delay        Time   Description
---------------------------------------------------------------------------------------------
                                  0.000000    0.000000   clock clk (rise edge)
                                  0.000000    0.000000   clock source latency
     1    0.017067    0.032707    0.014869    0.014869 ^ clk (in)
                                                         clk (net)
                      0.032734    0.000000    0.014869 ^ clkbuf_0_clk/A (sg13g2_buf_8)
     4    0.050922    0.037727    0.081032    0.095901 ^ clkbuf_0_clk/X (sg13g2_buf_8)
                                                         clknet_0_clk (net)
                      0.038029    0.002588    0.098490 ^ clkbuf_2_1__f_clk/A (sg13g2_buf_8)
     7    0.028554    0.027711    0.075591    0.174081 ^ clkbuf_2_1__f_clk/X (sg13g2_buf_8)
                                                         clknet_2_1__leaf_clk (net)
                      0.027737    0.001353    0.175434 ^ dbit[1]$_SDFFE_PP1P_/CLK (sg13g2_dfrbpq_2)
     4    0.015977    0.037375    0.191142    0.366576 v dbit[1]$_SDFFE_PP1P_/Q (sg13g2_dfrbpq_2)
                                                         dbit[1] (net)
                      0.037434    0.000958    0.367534 v _147_/A (sg13g2_nand4_1)
     1    0.004262    0.035424    0.043148    0.410683 ^ _147_/Y (sg13g2_nand4_1)
                                                         _040_ (net)
                      0.035425    0.000318    0.411001 ^ _148_/A2 (sg13g2_a21o_1)
     1    0.004036    0.028585    0.101379    0.512380 ^ _148_/X (sg13g2_a21o_1)
                                                         _021_ (net)
                      0.028591    0.000223    0.512603 ^ hold12/A (sg13g2_dlygate4sd3_1)
     1    0.002059    0.031278    0.353926    0.866529 ^ hold12/X (sg13g2_dlygate4sd3_1)
                                                         net95 (net)
                      0.031278    0.000078    0.866607 ^ B[7]$_SDFFE_PP1P_/D (sg13g2_dfrbpq_1)
                                              0.866607   data arrival time

                                  0.000000    0.000000   clock clk (rise edge)
                                  0.000000    0.000000   clock source latency
     1    0.017067    0.032707    0.014869    0.014869 ^ clk (in)
                                                         clk (net)
                      0.032734    0.000000    0.014869 ^ clkbuf_0_clk/A (sg13g2_buf_8)
     4    0.050922    0.037727    0.081032    0.095901 ^ clkbuf_0_clk/X (sg13g2_buf_8)
                                                         clknet_0_clk (net)
                      0.038041    0.002644    0.098545 ^ clkbuf_2_3__f_clk/A (sg13g2_buf_8)
     8    0.033901    0.030082    0.077782    0.176327 ^ clkbuf_2_3__f_clk/X (sg13g2_buf_8)
                                                         clknet_2_3__leaf_clk (net)
                      0.030098    0.001172    0.177499 ^ B[7]$_SDFFE_PP1P_/CLK (sg13g2_dfrbpq_1)
                                  0.250000    0.427499   clock uncertainty
                                  0.000000    0.427499   clock reconvergence pessimism
                                 -0.060907    0.366592   library hold time
                                              0.366592   data required time
---------------------------------------------------------------------------------------------
                                              0.366592   data required time
                                             -0.866607   data arrival time
---------------------------------------------------------------------------------------------
                                              0.500015   slack (MET)


Startpoint: dbit[1]$_SDFFE_PP1P_
            (rising edge-triggered flip-flop clocked by clk)
Endpoint: BN[7]$_SDFFE_PP1P_ (rising edge-triggered flip-flop clocked by clk)
Path Group: clk
Path Type: min

Fanout         Cap        Slew       Delay        Time   Description
---------------------------------------------------------------------------------------------
                                  0.000000    0.000000   clock clk (rise edge)
                                  0.000000    0.000000   clock source latency
     1    0.017067    0.032707    0.014869    0.014869 ^ clk (in)
                                                         clk (net)
                      0.032734    0.000000    0.014869 ^ clkbuf_0_clk/A (sg13g2_buf_8)
     4    0.050922    0.037727    0.081032    0.095901 ^ clkbuf_0_clk/X (sg13g2_buf_8)
                                                         clknet_0_clk (net)
                      0.038029    0.002588    0.098490 ^ clkbuf_2_1__f_clk/A (sg13g2_buf_8)
     7    0.028554    0.027711    0.075591    0.174081 ^ clkbuf_2_1__f_clk/X (sg13g2_buf_8)
                                                         clknet_2_1__leaf_clk (net)
                      0.027737    0.001353    0.175434 ^ dbit[1]$_SDFFE_PP1P_/CLK (sg13g2_dfrbpq_2)
     4    0.015977    0.037375    0.191142    0.366576 v dbit[1]$_SDFFE_PP1P_/Q (sg13g2_dfrbpq_2)
                                                         dbit[1] (net)
                      0.037432    0.000933    0.367509 v _122_/A (sg13g2_nand4_1)
     1    0.004169    0.035096    0.042909    0.410418 ^ _122_/Y (sg13g2_nand4_1)
                                                         _067_ (net)
                      0.035096    0.000167    0.410585 ^ _123_/A2 (sg13g2_a21o_1)
     1    0.004612    0.028210    0.103034    0.513619 ^ _123_/X (sg13g2_a21o_1)
                                                         _009_ (net)
                      0.028220    0.000273    0.513892 ^ hold2/A (sg13g2_dlygate4sd3_1)
     1    0.001935    0.030839    0.353303    0.867195 ^ hold2/X (sg13g2_dlygate4sd3_1)
                                                         net85 (net)
                      0.030840    0.000074    0.867269 ^ BN[7]$_SDFFE_PP1P_/D (sg13g2_dfrbpq_1)
                                              0.867269   data arrival time

                                  0.000000    0.000000   clock clk (rise edge)
                                  0.000000    0.000000   clock source latency
     1    0.017067    0.032707    0.014869    0.014869 ^ clk (in)
                                                         clk (net)
                      0.032734    0.000000    0.014869 ^ clkbuf_0_clk/A (sg13g2_buf_8)
     4    0.050922    0.037727    0.081032    0.095901 ^ clkbuf_0_clk/X (sg13g2_buf_8)
                                                         clknet_0_clk (net)
                      0.038041    0.002644    0.098545 ^ clkbuf_2_3__f_clk/A (sg13g2_buf_8)
     8    0.033901    0.030082    0.077782    0.176327 ^ clkbuf_2_3__f_clk/X (sg13g2_buf_8)
                                                         clknet_2_3__leaf_clk (net)
                      0.030110    0.001299    0.177626 ^ BN[7]$_SDFFE_PP1P_/CLK (sg13g2_dfrbpq_1)
                                  0.250000    0.427626   clock uncertainty
                                  0.000000    0.427626   clock reconvergence pessimism
                                 -0.060786    0.366840   library hold time
                                              0.366840   data required time
---------------------------------------------------------------------------------------------
                                              0.366840   data required time
                                             -0.867269   data arrival time
---------------------------------------------------------------------------------------------
                                              0.500429   slack (MET)


Startpoint: dbit[1]$_SDFFE_PP1P_
            (rising edge-triggered flip-flop clocked by clk)
Endpoint: B[3]$_SDFFE_PP1P_ (rising edge-triggered flip-flop clocked by clk)
Path Group: clk
Path Type: min

Fanout         Cap        Slew       Delay        Time   Description
---------------------------------------------------------------------------------------------
                                  0.000000    0.000000   clock clk (rise edge)
                                  0.000000    0.000000   clock source latency
     1    0.017067    0.032707    0.014869    0.014869 ^ clk (in)
                                                         clk (net)
                      0.032734    0.000000    0.014869 ^ clkbuf_0_clk/A (sg13g2_buf_8)
     4    0.050922    0.037727    0.081032    0.095901 ^ clkbuf_0_clk/X (sg13g2_buf_8)
                                                         clknet_0_clk (net)
                      0.038029    0.002588    0.098490 ^ clkbuf_2_1__f_clk/A (sg13g2_buf_8)
     7    0.028554    0.027711    0.075591    0.174081 ^ clkbuf_2_1__f_clk/X (sg13g2_buf_8)
                                                         clknet_2_1__leaf_clk (net)
                      0.027737    0.001353    0.175434 ^ dbit[1]$_SDFFE_PP1P_/CLK (sg13g2_dfrbpq_2)
     4    0.015977    0.037375    0.191142    0.366576 v dbit[1]$_SDFFE_PP1P_/Q (sg13g2_dfrbpq_2)
                                                         dbit[1] (net)
                      0.037423    0.000793    0.367370 v _139_/A (sg13g2_nand4_1)
     1    0.007187    0.045911    0.051824    0.419194 ^ _139_/Y (sg13g2_nand4_1)
                                                         _036_ (net)
                      0.045960    0.000760    0.419953 ^ _140_/A2 (sg13g2_a21o_1)
     1    0.003704    0.024920    0.104848    0.524802 ^ _140_/X (sg13g2_a21o_1)
                                                         _017_ (net)
                      0.024920    0.000141    0.524942 ^ hold17/A (sg13g2_dlygate4sd3_1)
     1    0.001524    0.029388    0.350149    0.875092 ^ hold17/X (sg13g2_dlygate4sd3_1)
                                                         net100 (net)
                      0.029388    0.000116    0.875207 ^ B[3]$_SDFFE_PP1P_/D (sg13g2_dfrbpq_1)
                                              0.875207   data arrival time

                                  0.000000    0.000000   clock clk (rise edge)
                                  0.000000    0.000000   clock source latency
     1    0.017067    0.032707    0.014869    0.014869 ^ clk (in)
                                                         clk (net)
                      0.032734    0.000000    0.014869 ^ clkbuf_0_clk/A (sg13g2_buf_8)
     4    0.050922    0.037727    0.081032    0.095901 ^ clkbuf_0_clk/X (sg13g2_buf_8)
                                                         clknet_0_clk (net)
                      0.038029    0.002588    0.098490 ^ clkbuf_2_1__f_clk/A (sg13g2_buf_8)
     7    0.028554    0.027711    0.075591    0.174081 ^ clkbuf_2_1__f_clk/X (sg13g2_buf_8)
                                                         clknet_2_1__leaf_clk (net)
                      0.027742    0.001420    0.175501 ^ B[3]$_SDFFE_PP1P_/CLK (sg13g2_dfrbpq_1)
                                  0.250000    0.425501   clock uncertainty
                                  0.000000    0.425501   clock reconvergence pessimism
                                 -0.060645    0.364856   library hold time
                                              0.364856   data required time
---------------------------------------------------------------------------------------------
                                              0.364856   data required time
                                             -0.875207   data arrival time
---------------------------------------------------------------------------------------------
                                              0.510351   slack (MET)


Startpoint: dbit[0]$_SDFFE_PP1P_
            (rising edge-triggered flip-flop clocked by clk)
Endpoint: dbit[0]$_SDFFE_PP1P_ (rising edge-triggered flip-flop clocked by clk)
Path Group: clk
Path Type: min

Fanout         Cap        Slew       Delay        Time   Description
---------------------------------------------------------------------------------------------
                                  0.000000    0.000000   clock clk (rise edge)
                                  0.000000    0.000000   clock source latency
     1    0.017067    0.032707    0.014869    0.014869 ^ clk (in)
                                                         clk (net)
                      0.032734    0.000000    0.014869 ^ clkbuf_0_clk/A (sg13g2_buf_8)
     4    0.050922    0.037727    0.081032    0.095901 ^ clkbuf_0_clk/X (sg13g2_buf_8)
                                                         clknet_0_clk (net)
                      0.038029    0.002588    0.098490 ^ clkbuf_2_1__f_clk/A (sg13g2_buf_8)
     7    0.028554    0.027711    0.075591    0.174081 ^ clkbuf_2_1__f_clk/X (sg13g2_buf_8)
                                                         clknet_2_1__leaf_clk (net)
                      0.027749    0.001514    0.175595 ^ dbit[0]$_SDFFE_PP1P_/CLK (sg13g2_dfrbpq_1)
     2    0.007429    0.040311    0.179258    0.354853 ^ dbit[0]$_SDFFE_PP1P_/Q (sg13g2_dfrbpq_1)
                                                         dbit[0] (net)
                      0.040315    0.000410    0.355263 ^ hold42/A (sg13g2_dlygate4sd3_1)
     1    0.009870    0.059220    0.386982    0.742245 ^ hold42/X (sg13g2_dlygate4sd3_1)
                                                         net125 (net)
                      0.059220    0.000416    0.742661 ^ fanout4/A (sg13g2_buf_8)
     8    0.041391    0.034125    0.090072    0.832733 ^ fanout4/X (sg13g2_buf_8)
                                                         net4 (net)
                      0.034630    0.002969    0.835703 ^ _168_/A1 (sg13g2_o21ai_1)
     1    0.003969    0.035255    0.064638    0.900341 v _168_/Y (sg13g2_o21ai_1)
                                                         _024_ (net)
                      0.035256    0.000213    0.900554 v dbit[0]$_SDFFE_PP1P_/D (sg13g2_dfrbpq_1)
                                              0.900554   data arrival time

                                  0.000000    0.000000   clock clk (rise edge)
                                  0.000000    0.000000   clock source latency
     1    0.017067    0.032707    0.014869    0.014869 ^ clk (in)
                                                         clk (net)
                      0.032734    0.000000    0.014869 ^ clkbuf_0_clk/A (sg13g2_buf_8)
     4    0.050922    0.037727    0.081032    0.095901 ^ clkbuf_0_clk/X (sg13g2_buf_8)
                                                         clknet_0_clk (net)
                      0.038029    0.002588    0.098490 ^ clkbuf_2_1__f_clk/A (sg13g2_buf_8)
     7    0.028554    0.027711    0.075591    0.174081 ^ clkbuf_2_1__f_clk/X (sg13g2_buf_8)
                                                         clknet_2_1__leaf_clk (net)
                      0.027749    0.001514    0.175595 ^ dbit[0]$_SDFFE_PP1P_/CLK (sg13g2_dfrbpq_1)
                                  0.250000    0.425595   clock uncertainty
                                  0.000000    0.425595   clock reconvergence pessimism
                                 -0.037604    0.387991   library hold time
                                              0.387991   data required time
---------------------------------------------------------------------------------------------
                                              0.387991   data required time
                                             -0.900554   data arrival time
---------------------------------------------------------------------------------------------
                                              0.512563   slack (MET)


Startpoint: dbit[3]$_SDFFE_PP1P_
            (rising edge-triggered flip-flop clocked by clk)
Endpoint: B[2]$_SDFFE_PP1P_ (rising edge-triggered flip-flop clocked by clk)
Path Group: clk
Path Type: min

Fanout         Cap        Slew       Delay        Time   Description
---------------------------------------------------------------------------------------------
                                  0.000000    0.000000   clock clk (rise edge)
                                  0.000000    0.000000   clock source latency
     1    0.017067    0.032707    0.014869    0.014869 ^ clk (in)
                                                         clk (net)
                      0.032734    0.000000    0.014869 ^ clkbuf_0_clk/A (sg13g2_buf_8)
     4    0.050922    0.037727    0.081032    0.095901 ^ clkbuf_0_clk/X (sg13g2_buf_8)
                                                         clknet_0_clk (net)
                      0.038029    0.002588    0.098490 ^ clkbuf_2_1__f_clk/A (sg13g2_buf_8)
     7    0.028554    0.027711    0.075591    0.174081 ^ clkbuf_2_1__f_clk/X (sg13g2_buf_8)
                                                         clknet_2_1__leaf_clk (net)
                      0.027796    0.001967    0.176048 ^ dbit[3]$_SDFFE_PP1P_/CLK (sg13g2_dfrbpq_2)
     3    0.016159    0.045666    0.195396    0.371444 ^ dbit[3]$_SDFFE_PP1P_/Q (sg13g2_dfrbpq_2)
                                                         dbit[3] (net)
                      0.045672    0.000553    0.371997 ^ _099_/A (sg13g2_nor2_2)
     3    0.013728    0.032766    0.050687    0.422683 v _099_/Y (sg13g2_nor2_2)
                                                         _053_ (net)
                      0.032802    0.000712    0.423395 v _137_/A (sg13g2_nand3_1)
     1    0.003405    0.029418    0.037092    0.460487 ^ _137_/Y (sg13g2_nand3_1)
                                                         _035_ (net)
                      0.029418    0.000249    0.460735 ^ _138_/A2 (sg13g2_a21o_1)
     1    0.002367    0.022692    0.093582    0.554318 ^ _138_/X (sg13g2_a21o_1)
                                                         _016_ (net)
                      0.022692    0.000149    0.554467 ^ hold23/A (sg13g2_dlygate4sd3_1)
     1    0.002133    0.031538    0.351110    0.905578 ^ hold23/X (sg13g2_dlygate4sd3_1)
                                                         net106 (net)
                      0.031538    0.000077    0.905655 ^ B[2]$_SDFFE_PP1P_/D (sg13g2_dfrbpq_1)
                                              0.905655   data arrival time

                                  0.000000    0.000000   clock clk (rise edge)
                                  0.000000    0.000000   clock source latency
     1    0.017067    0.032707    0.014869    0.014869 ^ clk (in)
                                                         clk (net)
                      0.032734    0.000000    0.014869 ^ clkbuf_0_clk/A (sg13g2_buf_8)
     4    0.050922    0.037727    0.081032    0.095901 ^ clkbuf_0_clk/X (sg13g2_buf_8)
                                                         clknet_0_clk (net)
                      0.038041    0.002644    0.098545 ^ clkbuf_2_3__f_clk/A (sg13g2_buf_8)
     8    0.033901    0.030082    0.077782    0.176327 ^ clkbuf_2_3__f_clk/X (sg13g2_buf_8)
                                                         clknet_2_3__leaf_clk (net)
                      0.030089    0.000783    0.177110 ^ B[2]$_SDFFE_PP1P_/CLK (sg13g2_dfrbpq_1)
                                  0.250000    0.427110   clock uncertainty
                                  0.000000    0.427110   clock reconvergence pessimism
                                 -0.060979    0.366131   library hold time
                                              0.366131   data required time
---------------------------------------------------------------------------------------------
                                              0.366131   data required time
                                             -0.905655   data arrival time
---------------------------------------------------------------------------------------------
                                              0.539523   slack (MET)


Startpoint: dbit[0]$_SDFFE_PP1P_
            (rising edge-triggered flip-flop clocked by clk)
Endpoint: dbit[1]$_SDFFE_PP1P_ (rising edge-triggered flip-flop clocked by clk)
Path Group: clk
Path Type: min

Fanout         Cap        Slew       Delay        Time   Description
---------------------------------------------------------------------------------------------
                                  0.000000    0.000000   clock clk (rise edge)
                                  0.000000    0.000000   clock source latency
     1    0.017067    0.032707    0.014869    0.014869 ^ clk (in)
                                                         clk (net)
                      0.032734    0.000000    0.014869 ^ clkbuf_0_clk/A (sg13g2_buf_8)
     4    0.050922    0.037727    0.081032    0.095901 ^ clkbuf_0_clk/X (sg13g2_buf_8)
                                                         clknet_0_clk (net)
                      0.038029    0.002588    0.098490 ^ clkbuf_2_1__f_clk/A (sg13g2_buf_8)
     7    0.028554    0.027711    0.075591    0.174081 ^ clkbuf_2_1__f_clk/X (sg13g2_buf_8)
                                                         clknet_2_1__leaf_clk (net)
                      0.027749    0.001514    0.175595 ^ dbit[0]$_SDFFE_PP1P_/CLK (sg13g2_dfrbpq_1)
     2    0.007429    0.040311    0.179258    0.354853 ^ dbit[0]$_SDFFE_PP1P_/Q (sg13g2_dfrbpq_1)
                                                         dbit[0] (net)
                      0.040315    0.000410    0.355263 ^ hold42/A (sg13g2_dlygate4sd3_1)
     1    0.009870    0.059220    0.386982    0.742245 ^ hold42/X (sg13g2_dlygate4sd3_1)
                                                         net125 (net)
                      0.059220    0.000416    0.742661 ^ fanout4/A (sg13g2_buf_8)
     8    0.041391    0.034125    0.090072    0.832733 ^ fanout4/X (sg13g2_buf_8)
                                                         net4 (net)
                      0.034613    0.002904    0.835637 ^ _169_/A1 (sg13g2_o21ai_1)
     1    0.004644    0.041041    0.067503    0.903141 v _169_/Y (sg13g2_o21ai_1)
                                                         _046_ (net)
                      0.041043    0.000316    0.903456 v _171_/B (sg13g2_nand3b_1)
     1    0.002075    0.024548    0.040466    0.943922 ^ _171_/Y (sg13g2_nand3b_1)
                                                         _025_ (net)
                      0.024548    0.000133    0.944055 ^ dbit[1]$_SDFFE_PP1P_/D (sg13g2_dfrbpq_2)
                                              0.944055   data arrival time

                                  0.000000    0.000000   clock clk (rise edge)
                                  0.000000    0.000000   clock source latency
     1    0.017067    0.032707    0.014869    0.014869 ^ clk (in)
                                                         clk (net)
                      0.032734    0.000000    0.014869 ^ clkbuf_0_clk/A (sg13g2_buf_8)
     4    0.050922    0.037727    0.081032    0.095901 ^ clkbuf_0_clk/X (sg13g2_buf_8)
                                                         clknet_0_clk (net)
                      0.038029    0.002588    0.098490 ^ clkbuf_2_1__f_clk/A (sg13g2_buf_8)
     7    0.028554    0.027711    0.075591    0.174081 ^ clkbuf_2_1__f_clk/X (sg13g2_buf_8)
                                                         clknet_2_1__leaf_clk (net)
                      0.027737    0.001353    0.175434 ^ dbit[1]$_SDFFE_PP1P_/CLK (sg13g2_dfrbpq_2)
                                  0.250000    0.425434   clock uncertainty
                                  0.000000    0.425434   clock reconvergence pessimism
                                 -0.061772    0.363662   library hold time
                                              0.363662   data required time
---------------------------------------------------------------------------------------------
                                              0.363662   data required time
                                             -0.944055   data arrival time
---------------------------------------------------------------------------------------------
                                              0.580394   slack (MET)


Startpoint: dbit[3]$_SDFFE_PP1P_
            (rising edge-triggered flip-flop clocked by clk)
Endpoint: B[4]$_SDFFE_PP1P_ (rising edge-triggered flip-flop clocked by clk)
Path Group: clk
Path Type: min

Fanout         Cap        Slew       Delay        Time   Description
---------------------------------------------------------------------------------------------
                                  0.000000    0.000000   clock clk (rise edge)
                                  0.000000    0.000000   clock source latency
     1    0.017067    0.032707    0.014869    0.014869 ^ clk (in)
                                                         clk (net)
                      0.032734    0.000000    0.014869 ^ clkbuf_0_clk/A (sg13g2_buf_8)
     4    0.050922    0.037727    0.081032    0.095901 ^ clkbuf_0_clk/X (sg13g2_buf_8)
                                                         clknet_0_clk (net)
                      0.038029    0.002588    0.098490 ^ clkbuf_2_1__f_clk/A (sg13g2_buf_8)
     7    0.028554    0.027711    0.075591    0.174081 ^ clkbuf_2_1__f_clk/X (sg13g2_buf_8)
                                                         clknet_2_1__leaf_clk (net)
                      0.027796    0.001967    0.176048 ^ dbit[3]$_SDFFE_PP1P_/CLK (sg13g2_dfrbpq_2)
     3    0.016159    0.045666    0.195396    0.371444 ^ dbit[3]$_SDFFE_PP1P_/Q (sg13g2_dfrbpq_2)
                                                         dbit[3] (net)
                      0.045673    0.000560    0.372004 ^ _115_/A (sg13g2_nor2b_2)
     8    0.043021    0.082456    0.082901    0.454906 v _115_/Y (sg13g2_nor2b_2)
                                                         _063_ (net)
                      0.082947    0.005269    0.460175 v _141_/B (sg13g2_nand3_1)
     1    0.003052    0.033650    0.059206    0.519381 ^ _141_/Y (sg13g2_nand3_1)
                                                         _037_ (net)
                      0.033650    0.000237    0.519618 ^ _142_/A2 (sg13g2_a21o_1)
     1    0.001677    0.017476    0.093227    0.612844 ^ _142_/X (sg13g2_a21o_1)
                                                         _018_ (net)
                      0.017476    0.000065    0.612909 ^ hold6/A (sg13g2_dlygate4sd3_1)
     1    0.001504    0.029310    0.346212    0.959121 ^ hold6/X (sg13g2_dlygate4sd3_1)
                                                         net89 (net)
                      0.029311    0.000059    0.959180 ^ B[4]$_SDFFE_PP1P_/D (sg13g2_dfrbpq_1)
                                              0.959180   data arrival time

                                  0.000000    0.000000   clock clk (rise edge)
                                  0.000000    0.000000   clock source latency
     1    0.017067    0.032707    0.014869    0.014869 ^ clk (in)
                                                         clk (net)
                      0.032734    0.000000    0.014869 ^ clkbuf_0_clk/A (sg13g2_buf_8)
     4    0.050922    0.037727    0.081032    0.095901 ^ clkbuf_0_clk/X (sg13g2_buf_8)
                                                         clknet_0_clk (net)
                      0.038064    0.002744    0.098645 ^ clkbuf_2_0__f_clk/A (sg13g2_buf_8)
     8    0.032060    0.029222    0.076865    0.175510 ^ clkbuf_2_0__f_clk/X (sg13g2_buf_8)
                                                         clknet_2_0__leaf_clk (net)
                      0.029344    0.001828    0.177338 ^ B[4]$_SDFFE_PP1P_/CLK (sg13g2_dfrbpq_1)
                                  0.250000    0.427338   clock uncertainty
                                  0.000000    0.427338   clock reconvergence pessimism
                                 -0.060451    0.366887   library hold time
                                              0.366887   data required time
---------------------------------------------------------------------------------------------
                                              0.366887   data required time
                                             -0.959180   data arrival time
---------------------------------------------------------------------------------------------
                                              0.592294   slack (MET)


Startpoint: dbit[3]$_SDFFE_PP1P_
            (rising edge-triggered flip-flop clocked by clk)
Endpoint: B[5]$_SDFFE_PP1P_ (rising edge-triggered flip-flop clocked by clk)
Path Group: clk
Path Type: min

Fanout         Cap        Slew       Delay        Time   Description
---------------------------------------------------------------------------------------------
                                  0.000000    0.000000   clock clk (rise edge)
                                  0.000000    0.000000   clock source latency
     1    0.017067    0.032707    0.014869    0.014869 ^ clk (in)
                                                         clk (net)
                      0.032734    0.000000    0.014869 ^ clkbuf_0_clk/A (sg13g2_buf_8)
     4    0.050922    0.037727    0.081032    0.095901 ^ clkbuf_0_clk/X (sg13g2_buf_8)
                                                         clknet_0_clk (net)
                      0.038029    0.002588    0.098490 ^ clkbuf_2_1__f_clk/A (sg13g2_buf_8)
     7    0.028554    0.027711    0.075591    0.174081 ^ clkbuf_2_1__f_clk/X (sg13g2_buf_8)
                                                         clknet_2_1__leaf_clk (net)
                      0.027796    0.001967    0.176048 ^ dbit[3]$_SDFFE_PP1P_/CLK (sg13g2_dfrbpq_2)
     3    0.016159    0.045666    0.195396    0.371444 ^ dbit[3]$_SDFFE_PP1P_/Q (sg13g2_dfrbpq_2)
                                                         dbit[3] (net)
                      0.045673    0.000560    0.372004 ^ _115_/A (sg13g2_nor2b_2)
     8    0.043021    0.082456    0.082901    0.454906 v _115_/Y (sg13g2_nor2b_2)
                                                         _063_ (net)
                      0.082843    0.004705    0.459610 v _143_/B (sg13g2_nand3_1)
     1    0.003310    0.033381    0.060067    0.519677 ^ _143_/Y (sg13g2_nand3_1)
                                                         _038_ (net)
                      0.033381    0.000131    0.519808 ^ _144_/A2 (sg13g2_a21o_1)
     1    0.002777    0.024790    0.096562    0.616371 ^ _144_/X (sg13g2_a21o_1)
                                                         _019_ (net)
                      0.024790    0.000165    0.616535 ^ hold21/A (sg13g2_dlygate4sd3_1)
     1    0.002466    0.032708    0.353356    0.969891 ^ hold21/X (sg13g2_dlygate4sd3_1)
                                                         net104 (net)
                      0.032708    0.000093    0.969984 ^ B[5]$_SDFFE_PP1P_/D (sg13g2_dfrbpq_1)
                                              0.969984   data arrival time

                                  0.000000    0.000000   clock clk (rise edge)
                                  0.000000    0.000000   clock source latency
     1    0.017067    0.032707    0.014869    0.014869 ^ clk (in)
                                                         clk (net)
                      0.032734    0.000000    0.014869 ^ clkbuf_0_clk/A (sg13g2_buf_8)
     4    0.050922    0.037727    0.081032    0.095901 ^ clkbuf_0_clk/X (sg13g2_buf_8)
                                                         clknet_0_clk (net)
                      0.038082    0.002821    0.098722 ^ clkbuf_2_2__f_clk/A (sg13g2_buf_8)
     8    0.032833    0.029594    0.077306    0.176029 ^ clkbuf_2_2__f_clk/X (sg13g2_buf_8)
                                                         clknet_2_2__leaf_clk (net)
                      0.029603    0.000764    0.176793 ^ B[5]$_SDFFE_PP1P_/CLK (sg13g2_dfrbpq_1)
                                  0.250000    0.426793   clock uncertainty
                                  0.000000    0.426793   clock reconvergence pessimism
                                 -0.061350    0.365443   library hold time
                                              0.365443   data required time
---------------------------------------------------------------------------------------------
                                              0.365443   data required time
                                             -0.969984   data arrival time
---------------------------------------------------------------------------------------------
                                              0.604541   slack (MET)


Startpoint: dbit[3]$_SDFFE_PP1P_
            (rising edge-triggered flip-flop clocked by clk)
Endpoint: BN[4]$_SDFFE_PP1P_ (rising edge-triggered flip-flop clocked by clk)
Path Group: clk
Path Type: min

Fanout         Cap        Slew       Delay        Time   Description
---------------------------------------------------------------------------------------------
                                  0.000000    0.000000   clock clk (rise edge)
                                  0.000000    0.000000   clock source latency
     1    0.017067    0.032707    0.014869    0.014869 ^ clk (in)
                                                         clk (net)
                      0.032734    0.000000    0.014869 ^ clkbuf_0_clk/A (sg13g2_buf_8)
     4    0.050922    0.037727    0.081032    0.095901 ^ clkbuf_0_clk/X (sg13g2_buf_8)
                                                         clknet_0_clk (net)
                      0.038029    0.002588    0.098490 ^ clkbuf_2_1__f_clk/A (sg13g2_buf_8)
     7    0.028554    0.027711    0.075591    0.174081 ^ clkbuf_2_1__f_clk/X (sg13g2_buf_8)
                                                         clknet_2_1__leaf_clk (net)
                      0.027796    0.001967    0.176048 ^ dbit[3]$_SDFFE_PP1P_/CLK (sg13g2_dfrbpq_2)
     3    0.016159    0.045666    0.195396    0.371444 ^ dbit[3]$_SDFFE_PP1P_/Q (sg13g2_dfrbpq_2)
                                                         dbit[3] (net)
                      0.045673    0.000560    0.372004 ^ _115_/A (sg13g2_nor2b_2)
     8    0.043021    0.082456    0.082901    0.454906 v _115_/Y (sg13g2_nor2b_2)
                                                         _063_ (net)
                      0.082951    0.005290    0.460196 v _116_/C (sg13g2_nand3_1)
     1    0.004814    0.034601    0.069212    0.529408 ^ _116_/Y (sg13g2_nand3_1)
                                                         _064_ (net)
                      0.034602    0.000369    0.529776 ^ _117_/A2 (sg13g2_a21o_1)
     1    0.001695    0.020966    0.093688    0.623464 ^ _117_/X (sg13g2_a21o_1)
                                                         _006_ (net)
                      0.020966    0.000065    0.623529 ^ hold14/A (sg13g2_dlygate4sd3_1)
     1    0.001698    0.030012    0.348703    0.972233 ^ hold14/X (sg13g2_dlygate4sd3_1)
                                                         net97 (net)
                      0.030012    0.000065    0.972297 ^ BN[4]$_SDFFE_PP1P_/D (sg13g2_dfrbpq_1)
                                              0.972297   data arrival time

                                  0.000000    0.000000   clock clk (rise edge)
                                  0.000000    0.000000   clock source latency
     1    0.017067    0.032707    0.014869    0.014869 ^ clk (in)
                                                         clk (net)
                      0.032734    0.000000    0.014869 ^ clkbuf_0_clk/A (sg13g2_buf_8)
     4    0.050922    0.037727    0.081032    0.095901 ^ clkbuf_0_clk/X (sg13g2_buf_8)
                                                         clknet_0_clk (net)
                      0.038064    0.002744    0.098645 ^ clkbuf_2_0__f_clk/A (sg13g2_buf_8)
     8    0.032060    0.029222    0.076865    0.175510 ^ clkbuf_2_0__f_clk/X (sg13g2_buf_8)
                                                         clknet_2_0__leaf_clk (net)
                      0.029347    0.001844    0.177354 ^ BN[4]$_SDFFE_PP1P_/CLK (sg13g2_dfrbpq_1)
                                  0.250000    0.427354   clock uncertainty
                                  0.000000    0.427354   clock reconvergence pessimism
                                 -0.060642    0.366712   library hold time
                                              0.366712   data required time
---------------------------------------------------------------------------------------------
                                              0.366712   data required time
                                             -0.972297   data arrival time
---------------------------------------------------------------------------------------------
                                              0.605585   slack (MET)


Startpoint: dbit[3]$_SDFFE_PP1P_
            (rising edge-triggered flip-flop clocked by clk)
Endpoint: BN[5]$_SDFFE_PP1P_ (rising edge-triggered flip-flop clocked by clk)
Path Group: clk
Path Type: min

Fanout         Cap        Slew       Delay        Time   Description
---------------------------------------------------------------------------------------------
                                  0.000000    0.000000   clock clk (rise edge)
                                  0.000000    0.000000   clock source latency
     1    0.017067    0.032707    0.014869    0.014869 ^ clk (in)
                                                         clk (net)
                      0.032734    0.000000    0.014869 ^ clkbuf_0_clk/A (sg13g2_buf_8)
     4    0.050922    0.037727    0.081032    0.095901 ^ clkbuf_0_clk/X (sg13g2_buf_8)
                                                         clknet_0_clk (net)
                      0.038029    0.002588    0.098490 ^ clkbuf_2_1__f_clk/A (sg13g2_buf_8)
     7    0.028554    0.027711    0.075591    0.174081 ^ clkbuf_2_1__f_clk/X (sg13g2_buf_8)
                                                         clknet_2_1__leaf_clk (net)
                      0.027796    0.001967    0.176048 ^ dbit[3]$_SDFFE_PP1P_/CLK (sg13g2_dfrbpq_2)
     3    0.016159    0.045666    0.195396    0.371444 ^ dbit[3]$_SDFFE_PP1P_/Q (sg13g2_dfrbpq_2)
                                                         dbit[3] (net)
                      0.045673    0.000560    0.372004 ^ _115_/A (sg13g2_nor2b_2)
     8    0.043021    0.082456    0.082901    0.454906 v _115_/Y (sg13g2_nor2b_2)
                                                         _063_ (net)
                      0.082777    0.004302    0.459208 v _118_/C (sg13g2_nand3_1)
     1    0.003675    0.030166    0.065338    0.524545 ^ _118_/Y (sg13g2_nand3_1)
                                                         _065_ (net)
                      0.030167    0.000262    0.524808 ^ _119_/A2 (sg13g2_a21o_1)
     1    0.003078    0.025847    0.096147    0.620955 ^ _119_/X (sg13g2_a21o_1)
                                                         _007_ (net)
                      0.025847    0.000109    0.621064 ^ hold36/A (sg13g2_dlygate4sd3_1)
     1    0.001942    0.030861    0.352080    0.973144 ^ hold36/X (sg13g2_dlygate4sd3_1)
                                                         net119 (net)
                      0.030861    0.000140    0.973284 ^ BN[5]$_SDFFE_PP1P_/D (sg13g2_dfrbpq_1)
                                              0.973284   data arrival time

                                  0.000000    0.000000   clock clk (rise edge)
                                  0.000000    0.000000   clock source latency
     1    0.017067    0.032707    0.014869    0.014869 ^ clk (in)
                                                         clk (net)
                      0.032734    0.000000    0.014869 ^ clkbuf_0_clk/A (sg13g2_buf_8)
     4    0.050922    0.037727    0.081032    0.095901 ^ clkbuf_0_clk/X (sg13g2_buf_8)
                                                         clknet_0_clk (net)
                      0.038082    0.002821    0.098722 ^ clkbuf_2_2__f_clk/A (sg13g2_buf_8)
     8    0.032833    0.029594    0.077306    0.176029 ^ clkbuf_2_2__f_clk/X (sg13g2_buf_8)
                                                         clknet_2_2__leaf_clk (net)
                      0.029604    0.000783    0.176812 ^ BN[5]$_SDFFE_PP1P_/CLK (sg13g2_dfrbpq_1)
                                  0.250000    0.426812   clock uncertainty
                                  0.000000    0.426812   clock reconvergence pessimism
                                 -0.060846    0.365966   library hold time
                                              0.365966   data required time
---------------------------------------------------------------------------------------------
                                              0.365966   data required time
                                             -0.973284   data arrival time
---------------------------------------------------------------------------------------------
                                              0.607318   slack (MET)


Startpoint: dbit[3]$_SDFFE_PP1P_
            (rising edge-triggered flip-flop clocked by clk)
Endpoint: B[6]$_SDFFE_PP1P_ (rising edge-triggered flip-flop clocked by clk)
Path Group: clk
Path Type: min

Fanout         Cap        Slew       Delay        Time   Description
---------------------------------------------------------------------------------------------
                                  0.000000    0.000000   clock clk (rise edge)
                                  0.000000    0.000000   clock source latency
     1    0.017067    0.032707    0.014869    0.014869 ^ clk (in)
                                                         clk (net)
                      0.032734    0.000000    0.014869 ^ clkbuf_0_clk/A (sg13g2_buf_8)
     4    0.050922    0.037727    0.081032    0.095901 ^ clkbuf_0_clk/X (sg13g2_buf_8)
                                                         clknet_0_clk (net)
                      0.038029    0.002588    0.098490 ^ clkbuf_2_1__f_clk/A (sg13g2_buf_8)
     7    0.028554    0.027711    0.075591    0.174081 ^ clkbuf_2_1__f_clk/X (sg13g2_buf_8)
                                                         clknet_2_1__leaf_clk (net)
                      0.027796    0.001967    0.176048 ^ dbit[3]$_SDFFE_PP1P_/CLK (sg13g2_dfrbpq_2)
     3    0.016159    0.045666    0.195396    0.371444 ^ dbit[3]$_SDFFE_PP1P_/Q (sg13g2_dfrbpq_2)
                                                         dbit[3] (net)
                      0.045673    0.000560    0.372004 ^ _115_/A (sg13g2_nor2b_2)
     8    0.043021    0.082456    0.082901    0.454906 v _115_/Y (sg13g2_nor2b_2)
                                                         _063_ (net)
                      0.082814    0.004532    0.459438 v _145_/B (sg13g2_nand3_1)
     1    0.005725    0.041391    0.068243    0.527681 ^ _145_/Y (sg13g2_nand3_1)
                                                         _039_ (net)
                      0.041392    0.000378    0.528059 ^ _146_/A2 (sg13g2_a21o_1)
     1    0.003857    0.027960    0.103377    0.631436 ^ _146_/X (sg13g2_a21o_1)
                                                         _020_ (net)
                      0.027960    0.000150    0.631587 ^ hold34/A (sg13g2_dlygate4sd3_1)
     1    0.002539    0.032963    0.355259    0.986846 ^ hold34/X (sg13g2_dlygate4sd3_1)
                                                         net117 (net)
                      0.032963    0.000099    0.986944 ^ B[6]$_SDFFE_PP1P_/D (sg13g2_dfrbpq_1)
                                              0.986944   data arrival time

                                  0.000000    0.000000   clock clk (rise edge)
                                  0.000000    0.000000   clock source latency
     1    0.017067    0.032707    0.014869    0.014869 ^ clk (in)
                                                         clk (net)
                      0.032734    0.000000    0.014869 ^ clkbuf_0_clk/A (sg13g2_buf_8)
     4    0.050922    0.037727    0.081032    0.095901 ^ clkbuf_0_clk/X (sg13g2_buf_8)
                                                         clknet_0_clk (net)
                      0.038041    0.002644    0.098545 ^ clkbuf_2_3__f_clk/A (sg13g2_buf_8)
     8    0.033901    0.030082    0.077782    0.176327 ^ clkbuf_2_3__f_clk/X (sg13g2_buf_8)
                                                         clknet_2_3__leaf_clk (net)
                      0.030100    0.001199    0.177526 ^ B[6]$_SDFFE_PP1P_/CLK (sg13g2_dfrbpq_1)
                                  0.250000    0.427526   clock uncertainty
                                  0.000000    0.427526   clock reconvergence pessimism
                                 -0.061366    0.366160   library hold time
                                              0.366160   data required time
---------------------------------------------------------------------------------------------
                                              0.366160   data required time
                                             -0.986944   data arrival time
---------------------------------------------------------------------------------------------
                                              0.620784   slack (MET)


Startpoint: dbit[3]$_SDFFE_PP1P_
            (rising edge-triggered flip-flop clocked by clk)
Endpoint: BN[6]$_SDFFE_PP1P_ (rising edge-triggered flip-flop clocked by clk)
Path Group: clk
Path Type: min

Fanout         Cap        Slew       Delay        Time   Description
---------------------------------------------------------------------------------------------
                                  0.000000    0.000000   clock clk (rise edge)
                                  0.000000    0.000000   clock source latency
     1    0.017067    0.032707    0.014869    0.014869 ^ clk (in)
                                                         clk (net)
                      0.032734    0.000000    0.014869 ^ clkbuf_0_clk/A (sg13g2_buf_8)
     4    0.050922    0.037727    0.081032    0.095901 ^ clkbuf_0_clk/X (sg13g2_buf_8)
                                                         clknet_0_clk (net)
                      0.038029    0.002588    0.098490 ^ clkbuf_2_1__f_clk/A (sg13g2_buf_8)
     7    0.028554    0.027711    0.075591    0.174081 ^ clkbuf_2_1__f_clk/X (sg13g2_buf_8)
                                                         clknet_2_1__leaf_clk (net)
                      0.027796    0.001967    0.176048 ^ dbit[3]$_SDFFE_PP1P_/CLK (sg13g2_dfrbpq_2)
     3    0.016159    0.045666    0.195396    0.371444 ^ dbit[3]$_SDFFE_PP1P_/Q (sg13g2_dfrbpq_2)
                                                         dbit[3] (net)
                      0.045673    0.000560    0.372004 ^ _115_/A (sg13g2_nor2b_2)
     8    0.043021    0.082456    0.082901    0.454906 v _115_/Y (sg13g2_nor2b_2)
                                                         _063_ (net)
                      0.082840    0.004691    0.459596 v _120_/C (sg13g2_nand3_1)
     1    0.008266    0.053728    0.080784    0.540380 ^ _120_/Y (sg13g2_nand3_1)
                                                         _066_ (net)
                      0.053735    0.000423    0.540803 ^ _121_/A2 (sg13g2_a21o_1)
     1    0.001664    0.020189    0.101742    0.642545 ^ _121_/X (sg13g2_a21o_1)
                                                         _008_ (net)
                      0.020189    0.000065    0.642610 ^ hold28/A (sg13g2_dlygate4sd3_1)
     1    0.002941    0.034365    0.352609    0.995219 ^ hold28/X (sg13g2_dlygate4sd3_1)
                                                         net111 (net)
                      0.034365    0.000108    0.995328 ^ BN[6]$_SDFFE_PP1P_/D (sg13g2_dfrbpq_1)
                                              0.995328   data arrival time

                                  0.000000    0.000000   clock clk (rise edge)
                                  0.000000    0.000000   clock source latency
     1    0.017067    0.032707    0.014869    0.014869 ^ clk (in)
                                                         clk (net)
                      0.032734    0.000000    0.014869 ^ clkbuf_0_clk/A (sg13g2_buf_8)
     4    0.050922    0.037727    0.081032    0.095901 ^ clkbuf_0_clk/X (sg13g2_buf_8)
                                                         clknet_0_clk (net)
                      0.038041    0.002644    0.098545 ^ clkbuf_2_3__f_clk/A (sg13g2_buf_8)
     8    0.033901    0.030082    0.077782    0.176327 ^ clkbuf_2_3__f_clk/X (sg13g2_buf_8)
                                                         clknet_2_3__leaf_clk (net)
                      0.030097    0.001158    0.177486 ^ BN[6]$_SDFFE_PP1P_/CLK (sg13g2_dfrbpq_1)
                                  0.250000    0.427486   clock uncertainty
                                  0.000000    0.427486   clock reconvergence pessimism
                                 -0.061749    0.365737   library hold time
                                              0.365737   data required time
---------------------------------------------------------------------------------------------
                                              0.365737   data required time
                                             -0.995328   data arrival time
---------------------------------------------------------------------------------------------
                                              0.629591   slack (MET)


Startpoint: dbit[0]$_SDFFE_PP1P_
            (rising edge-triggered flip-flop clocked by clk)
Endpoint: BN[11]$_SDFFE_PP1P_ (rising edge-triggered flip-flop clocked by clk)
Path Group: clk
Path Type: min

Fanout         Cap        Slew       Delay        Time   Description
---------------------------------------------------------------------------------------------
                                  0.000000    0.000000   clock clk (rise edge)
                                  0.000000    0.000000   clock source latency
     1    0.017067    0.032707    0.014869    0.014869 ^ clk (in)
                                                         clk (net)
                      0.032734    0.000000    0.014869 ^ clkbuf_0_clk/A (sg13g2_buf_8)
     4    0.050922    0.037727    0.081032    0.095901 ^ clkbuf_0_clk/X (sg13g2_buf_8)
                                                         clknet_0_clk (net)
                      0.038029    0.002588    0.098490 ^ clkbuf_2_1__f_clk/A (sg13g2_buf_8)
     7    0.028554    0.027711    0.075591    0.174081 ^ clkbuf_2_1__f_clk/X (sg13g2_buf_8)
                                                         clknet_2_1__leaf_clk (net)
                      0.027749    0.001514    0.175595 ^ dbit[0]$_SDFFE_PP1P_/CLK (sg13g2_dfrbpq_1)
     2    0.007407    0.031761    0.174163    0.349758 v dbit[0]$_SDFFE_PP1P_/Q (sg13g2_dfrbpq_1)
                                                         dbit[0] (net)
                      0.031793    0.000464    0.350222 v fanout5/A (sg13g2_buf_1)
     5    0.027582    0.091496    0.122278    0.472501 v fanout5/X (sg13g2_buf_1)
                                                         net5 (net)
                      0.091497    0.000282    0.472782 v _106_/B (sg13g2_nand4_1)
     1    0.007140    0.044792    0.079063    0.551845 ^ _106_/Y (sg13g2_nand4_1)
                                                         _058_ (net)
                      0.044806    0.000503    0.552348 ^ _107_/A2 (sg13g2_a21o_1)
     1    0.004445    0.027598    0.106645    0.658993 ^ _107_/X (sg13g2_a21o_1)
                                                         _002_ (net)
                      0.027601    0.000296    0.659289 ^ hold38/A (sg13g2_dlygate4sd3_1)
     1    0.002496    0.032812    0.354923    1.014211 ^ hold38/X (sg13g2_dlygate4sd3_1)
                                                         net121 (net)
                      0.032812    0.000095    1.014306 ^ BN[11]$_SDFFE_PP1P_/D (sg13g2_dfrbpq_1)
                                              1.014306   data arrival time

                                  0.000000    0.000000   clock clk (rise edge)
                                  0.000000    0.000000   clock source latency
     1    0.017067    0.032707    0.014869    0.014869 ^ clk (in)
                                                         clk (net)
                      0.032734    0.000000    0.014869 ^ clkbuf_0_clk/A (sg13g2_buf_8)
     4    0.050922    0.037727    0.081032    0.095901 ^ clkbuf_0_clk/X (sg13g2_buf_8)
                                                         clknet_0_clk (net)
                      0.038029    0.002588    0.098490 ^ clkbuf_2_1__f_clk/A (sg13g2_buf_8)
     7    0.028554    0.027711    0.075591    0.174081 ^ clkbuf_2_1__f_clk/X (sg13g2_buf_8)
                                                         clknet_2_1__leaf_clk (net)
                      0.027734    0.001309    0.175390 ^ BN[11]$_SDFFE_PP1P_/CLK (sg13g2_dfrbpq_1)
                                  0.250000    0.425390   clock uncertainty
                                  0.000000    0.425390   clock reconvergence pessimism
                                 -0.061579    0.363811   library hold time
                                              0.363811   data required time
---------------------------------------------------------------------------------------------
                                              0.363811   data required time
                                             -1.014306   data arrival time
---------------------------------------------------------------------------------------------
                                              0.650495   slack (MET)


Startpoint: dbit[0]$_SDFFE_PP1P_
            (rising edge-triggered flip-flop clocked by clk)
Endpoint: BN[3]$_SDFFE_PP1P_ (rising edge-triggered flip-flop clocked by clk)
Path Group: clk
Path Type: min

Fanout         Cap        Slew       Delay        Time   Description
---------------------------------------------------------------------------------------------
                                  0.000000    0.000000   clock clk (rise edge)
                                  0.000000    0.000000   clock source latency
     1    0.017067    0.032707    0.014869    0.014869 ^ clk (in)
                                                         clk (net)
                      0.032734    0.000000    0.014869 ^ clkbuf_0_clk/A (sg13g2_buf_8)
     4    0.050922    0.037727    0.081032    0.095901 ^ clkbuf_0_clk/X (sg13g2_buf_8)
                                                         clknet_0_clk (net)
                      0.038029    0.002588    0.098490 ^ clkbuf_2_1__f_clk/A (sg13g2_buf_8)
     7    0.028554    0.027711    0.075591    0.174081 ^ clkbuf_2_1__f_clk/X (sg13g2_buf_8)
                                                         clknet_2_1__leaf_clk (net)
                      0.027749    0.001514    0.175595 ^ dbit[0]$_SDFFE_PP1P_/CLK (sg13g2_dfrbpq_1)
     2    0.007407    0.031761    0.174163    0.349758 v dbit[0]$_SDFFE_PP1P_/Q (sg13g2_dfrbpq_1)
                                                         dbit[0] (net)
                      0.031793    0.000464    0.350222 v fanout5/A (sg13g2_buf_1)
     5    0.027582    0.091496    0.122278    0.472501 v fanout5/X (sg13g2_buf_1)
                                                         net5 (net)
                      0.091501    0.000579    0.473080 v _113_/B (sg13g2_nand4_1)
     1    0.006090    0.040959    0.075533    0.548613 ^ _113_/Y (sg13g2_nand4_1)
                                                         _062_ (net)
                      0.040959    0.000213    0.548826 ^ _114_/A2 (sg13g2_a21o_1)
     1    0.005836    0.032769    0.109300    0.658126 ^ _114_/X (sg13g2_a21o_1)
                                                         _005_ (net)
                      0.032778    0.000513    0.658639 ^ hold10/A (sg13g2_dlygate4sd3_1)
     1    0.002138    0.031557    0.356381    1.015021 ^ hold10/X (sg13g2_dlygate4sd3_1)
                                                         net93 (net)
                      0.031557    0.000077    1.015098 ^ BN[3]$_SDFFE_PP1P_/D (sg13g2_dfrbpq_1)
                                              1.015098   data arrival time

                                  0.000000    0.000000   clock clk (rise edge)
                                  0.000000    0.000000   clock source latency
     1    0.017067    0.032707    0.014869    0.014869 ^ clk (in)
                                                         clk (net)
                      0.032734    0.000000    0.014869 ^ clkbuf_0_clk/A (sg13g2_buf_8)
     4    0.050922    0.037727    0.081032    0.095901 ^ clkbuf_0_clk/X (sg13g2_buf_8)
                                                         clknet_0_clk (net)
                      0.038029    0.002588    0.098490 ^ clkbuf_2_1__f_clk/A (sg13g2_buf_8)
     7    0.028554    0.027711    0.075591    0.174081 ^ clkbuf_2_1__f_clk/X (sg13g2_buf_8)
                                                         clknet_2_1__leaf_clk (net)
                      0.027741    0.001408    0.175489 ^ BN[3]$_SDFFE_PP1P_/CLK (sg13g2_dfrbpq_1)
                                  0.250000    0.425489   clock uncertainty
                                  0.000000    0.425489   clock reconvergence pessimism
                                 -0.061236    0.364253   library hold time
                                              0.364253   data required time
---------------------------------------------------------------------------------------------
                                              0.364253   data required time
                                             -1.015098   data arrival time
---------------------------------------------------------------------------------------------
                                              0.650845   slack (MET)


Startpoint: BN[8]$_SDFFE_PP1P_ (rising edge-triggered flip-flop clocked by clk)
Endpoint: BN[8]$_SDFFE_PP1P_ (rising edge-triggered flip-flop clocked by clk)
Path Group: clk
Path Type: min

Fanout         Cap        Slew       Delay        Time   Description
---------------------------------------------------------------------------------------------
                                  0.000000    0.000000   clock clk (rise edge)
                                  0.000000    0.000000   clock source latency
     1    0.017067    0.032707    0.014869    0.014869 ^ clk (in)
                                                         clk (net)
                      0.032734    0.000000    0.014869 ^ clkbuf_0_clk/A (sg13g2_buf_8)
     4    0.050922    0.037727    0.081032    0.095901 ^ clkbuf_0_clk/X (sg13g2_buf_8)
                                                         clknet_0_clk (net)
                      0.038064    0.002744    0.098645 ^ clkbuf_2_0__f_clk/A (sg13g2_buf_8)
     8    0.032060    0.029222    0.076865    0.175510 ^ clkbuf_2_0__f_clk/X (sg13g2_buf_8)
                                                         clknet_2_0__leaf_clk (net)
                      0.029343    0.001820    0.177331 ^ BN[8]$_SDFFE_PP1P_/CLK (sg13g2_dfrbpq_1)
     3    0.010046    0.050168    0.187512    0.364843 ^ BN[8]$_SDFFE_PP1P_/Q (sg13g2_dfrbpq_1)
                                                         net29 (net)
                      0.050175    0.000603    0.365446 ^ hold7/A (sg13g2_dlygate4sd3_1)
     1    0.003416    0.036013    0.369836    0.735282 ^ hold7/X (sg13g2_dlygate4sd3_1)
                                                         net90 (net)
                      0.036013    0.000255    0.735537 ^ _125_/A1 (sg13g2_a21o_1)
     1    0.001944    0.018473    0.091747    0.827284 ^ _125_/X (sg13g2_a21o_1)
                                                         _010_ (net)
                      0.018473    0.000072    0.827356 ^ hold8/A (sg13g2_dlygate4sd3_1)
     1    0.001504    0.029310    0.346731    1.174087 ^ hold8/X (sg13g2_dlygate4sd3_1)
                                                         net91 (net)
                      0.029311    0.000059    1.174147 ^ BN[8]$_SDFFE_PP1P_/D (sg13g2_dfrbpq_1)
                                              1.174147   data arrival time

                                  0.000000    0.000000   clock clk (rise edge)
                                  0.000000    0.000000   clock source latency
     1    0.017067    0.032707    0.014869    0.014869 ^ clk (in)
                                                         clk (net)
                      0.032734    0.000000    0.014869 ^ clkbuf_0_clk/A (sg13g2_buf_8)
     4    0.050922    0.037727    0.081032    0.095901 ^ clkbuf_0_clk/X (sg13g2_buf_8)
                                                         clknet_0_clk (net)
                      0.038064    0.002744    0.098645 ^ clkbuf_2_0__f_clk/A (sg13g2_buf_8)
     8    0.032060    0.029222    0.076865    0.175510 ^ clkbuf_2_0__f_clk/X (sg13g2_buf_8)
                                                         clknet_2_0__leaf_clk (net)
                      0.029343    0.001820    0.177331 ^ BN[8]$_SDFFE_PP1P_/CLK (sg13g2_dfrbpq_1)
                                  0.250000    0.427331   clock uncertainty
                                  0.000000    0.427331   clock reconvergence pessimism
                                 -0.060451    0.366879   library hold time
                                              0.366879   data required time
---------------------------------------------------------------------------------------------
                                              0.366879   data required time
                                             -1.174147   data arrival time
---------------------------------------------------------------------------------------------
                                              0.807267   slack (MET)


Startpoint: BN[9]$_SDFFE_PP1P_ (rising edge-triggered flip-flop clocked by clk)
Endpoint: BN[9]$_SDFFE_PP1P_ (rising edge-triggered flip-flop clocked by clk)
Path Group: clk
Path Type: min

Fanout         Cap        Slew       Delay        Time   Description
---------------------------------------------------------------------------------------------
                                  0.000000    0.000000   clock clk (rise edge)
                                  0.000000    0.000000   clock source latency
     1    0.017067    0.032707    0.014869    0.014869 ^ clk (in)
                                                         clk (net)
                      0.032734    0.000000    0.014869 ^ clkbuf_0_clk/A (sg13g2_buf_8)
     4    0.050922    0.037727    0.081032    0.095901 ^ clkbuf_0_clk/X (sg13g2_buf_8)
                                                         clknet_0_clk (net)
                      0.038082    0.002821    0.098722 ^ clkbuf_2_2__f_clk/A (sg13g2_buf_8)
     8    0.032833    0.029594    0.077306    0.176029 ^ clkbuf_2_2__f_clk/X (sg13g2_buf_8)
                                                         clknet_2_2__leaf_clk (net)
                      0.029683    0.001623    0.177652 ^ BN[9]$_SDFFE_PP1P_/CLK (sg13g2_dfrbpq_1)
     3    0.010735    0.052788    0.189668    0.367320 ^ BN[9]$_SDFFE_PP1P_/Q (sg13g2_dfrbpq_1)
                                                         net30 (net)
                      0.052797    0.000681    0.368001 ^ hold29/A (sg13g2_dlygate4sd3_1)
     1    0.003504    0.036320    0.371502    0.739503 ^ hold29/X (sg13g2_dlygate4sd3_1)
                                                         net112 (net)
                      0.036320    0.000270    0.739773 ^ _127_/A1 (sg13g2_a21o_1)
     1    0.002478    0.023734    0.093558    0.833331 ^ _127_/X (sg13g2_a21o_1)
                                                         _011_ (net)
                      0.023734    0.000151    0.833482 ^ hold30/A (sg13g2_dlygate4sd3_1)
     1    0.002612    0.033221    0.353316    1.186797 ^ hold30/X (sg13g2_dlygate4sd3_1)
                                                         net113 (net)
                      0.033221    0.000098    1.186895 ^ BN[9]$_SDFFE_PP1P_/D (sg13g2_dfrbpq_1)
                                              1.186895   data arrival time

                                  0.000000    0.000000   clock clk (rise edge)
                                  0.000000    0.000000   clock source latency
     1    0.017067    0.032707    0.014869    0.014869 ^ clk (in)
                                                         clk (net)
                      0.032734    0.000000    0.014869 ^ clkbuf_0_clk/A (sg13g2_buf_8)
     4    0.050922    0.037727    0.081032    0.095901 ^ clkbuf_0_clk/X (sg13g2_buf_8)
                                                         clknet_0_clk (net)
                      0.038082    0.002821    0.098722 ^ clkbuf_2_2__f_clk/A (sg13g2_buf_8)
     8    0.032833    0.029594    0.077306    0.176029 ^ clkbuf_2_2__f_clk/X (sg13g2_buf_8)
                                                         clknet_2_2__leaf_clk (net)
                      0.029683    0.001623    0.177652 ^ BN[9]$_SDFFE_PP1P_/CLK (sg13g2_dfrbpq_1)
                                  0.250000    0.427652   clock uncertainty
                                  0.000000    0.427652   clock reconvergence pessimism
                                 -0.061481    0.366171   library hold time
                                              0.366171   data required time
---------------------------------------------------------------------------------------------
                                              0.366171   data required time
                                             -1.186895   data arrival time
---------------------------------------------------------------------------------------------
                                              0.820724   slack (MET)


Startpoint: B[9]$_SDFFE_PP1P_ (rising edge-triggered flip-flop clocked by clk)
Endpoint: B[9]$_SDFFE_PP1P_ (rising edge-triggered flip-flop clocked by clk)
Path Group: clk
Path Type: min

Fanout         Cap        Slew       Delay        Time   Description
---------------------------------------------------------------------------------------------
                                  0.000000    0.000000   clock clk (rise edge)
                                  0.000000    0.000000   clock source latency
     1    0.017067    0.032707    0.014869    0.014869 ^ clk (in)
                                                         clk (net)
                      0.032734    0.000000    0.014869 ^ clkbuf_0_clk/A (sg13g2_buf_8)
     4    0.050922    0.037727    0.081032    0.095901 ^ clkbuf_0_clk/X (sg13g2_buf_8)
                                                         clknet_0_clk (net)
                      0.038082    0.002821    0.098722 ^ clkbuf_2_2__f_clk/A (sg13g2_buf_8)
     8    0.032833    0.029594    0.077306    0.176029 ^ clkbuf_2_2__f_clk/X (sg13g2_buf_8)
                                                         clknet_2_2__leaf_clk (net)
                      0.029684    0.001635    0.177663 ^ B[9]$_SDFFE_PP1P_/CLK (sg13g2_dfrbpq_1)
     3    0.011412    0.055370    0.191600    0.369263 ^ B[9]$_SDFFE_PP1P_/Q (sg13g2_dfrbpq_1)
                                                         net42 (net)
                      0.055378    0.000686    0.369949 ^ hold31/A (sg13g2_dlygate4sd3_1)
     1    0.005230    0.041866    0.378819    0.748768 ^ hold31/X (sg13g2_dlygate4sd3_1)
                                                         net114 (net)
                      0.041866    0.000336    0.749104 ^ _152_/A1 (sg13g2_a21o_1)
     1    0.003145    0.026080    0.098201    0.847305 ^ _152_/X (sg13g2_a21o_1)
                                                         _023_ (net)
                      0.026080    0.000195    0.847500 ^ hold32/A (sg13g2_dlygate4sd3_1)
     1    0.001574    0.029564    0.350935    1.198435 ^ hold32/X (sg13g2_dlygate4sd3_1)
                                                         net115 (net)
                      0.029564    0.000061    1.198496 ^ B[9]$_SDFFE_PP1P_/D (sg13g2_dfrbpq_1)
                                              1.198496   data arrival time

                                  0.000000    0.000000   clock clk (rise edge)
                                  0.000000    0.000000   clock source latency
     1    0.017067    0.032707    0.014869    0.014869 ^ clk (in)
                                                         clk (net)
                      0.032734    0.000000    0.014869 ^ clkbuf_0_clk/A (sg13g2_buf_8)
     4    0.050922    0.037727    0.081032    0.095901 ^ clkbuf_0_clk/X (sg13g2_buf_8)
                                                         clknet_0_clk (net)
                      0.038082    0.002821    0.098722 ^ clkbuf_2_2__f_clk/A (sg13g2_buf_8)
     8    0.032833    0.029594    0.077306    0.176029 ^ clkbuf_2_2__f_clk/X (sg13g2_buf_8)
                                                         clknet_2_2__leaf_clk (net)
                      0.029684    0.001635    0.177663 ^ B[9]$_SDFFE_PP1P_/CLK (sg13g2_dfrbpq_1)
                                  0.250000    0.427663   clock uncertainty
                                  0.000000    0.427663   clock reconvergence pessimism
                                 -0.060484    0.367179   library hold time
                                              0.367179   data required time
---------------------------------------------------------------------------------------------
                                              0.367179   data required time
                                             -1.198496   data arrival time
---------------------------------------------------------------------------------------------
                                              0.831317   slack (MET)


Startpoint: dbit[2]$_SDFFE_PP0P_
            (rising edge-triggered flip-flop clocked by clk)
Endpoint: dbit[2]$_SDFFE_PP0P_ (rising edge-triggered flip-flop clocked by clk)
Path Group: clk
Path Type: min

Fanout         Cap        Slew       Delay        Time   Description
---------------------------------------------------------------------------------------------
                                  0.000000    0.000000   clock clk (rise edge)
                                  0.000000    0.000000   clock source latency
     1    0.017067    0.032707    0.014869    0.014869 ^ clk (in)
                                                         clk (net)
                      0.032734    0.000000    0.014869 ^ clkbuf_0_clk/A (sg13g2_buf_8)
     4    0.050922    0.037727    0.081032    0.095901 ^ clkbuf_0_clk/X (sg13g2_buf_8)
                                                         clknet_0_clk (net)
                      0.038029    0.002588    0.098490 ^ clkbuf_2_1__f_clk/A (sg13g2_buf_8)
     7    0.028554    0.027711    0.075591    0.174081 ^ clkbuf_2_1__f_clk/X (sg13g2_buf_8)
                                                         clknet_2_1__leaf_clk (net)
                      0.027780    0.001829    0.175910 ^ dbit[2]$_SDFFE_PP0P_/CLK (sg13g2_dfrbpq_2)
     3    0.009633    0.028588    0.182807    0.358717 v dbit[2]$_SDFFE_PP0P_/Q (sg13g2_dfrbpq_2)
                                                         dbit[2] (net)
                      0.028588    0.000256    0.358973 v hold39/A (sg13g2_dlygate4sd3_1)
     2    0.011637    0.062909    0.400929    0.759902 v hold39/X (sg13g2_dlygate4sd3_1)
                                                         net122 (net)
                      0.062992    0.000765    0.760667 v _173_/B1 (sg13g2_o21ai_1)
     1    0.004792    0.041922    0.054717    0.815384 ^ _173_/Y (sg13g2_o21ai_1)
                                                         _049_ (net)
                      0.041923    0.000191    0.815575 ^ _174_/A2 (sg13g2_a21oi_1)
     1    0.003515    0.020810    0.063198    0.878772 v _174_/Y (sg13g2_a21oi_1)
                                                         _026_ (net)
                      0.020810    0.000191    0.878964 v hold40/A (sg13g2_dlygate4sd3_1)
     1    0.002115    0.034508    0.364028    1.242992 v hold40/X (sg13g2_dlygate4sd3_1)
                                                         net123 (net)
                      0.034508    0.000081    1.243073 v dbit[2]$_SDFFE_PP0P_/D (sg13g2_dfrbpq_2)
                                              1.243073   data arrival time

                                  0.000000    0.000000   clock clk (rise edge)
                                  0.000000    0.000000   clock source latency
     1    0.017067    0.032707    0.014869    0.014869 ^ clk (in)
                                                         clk (net)
                      0.032734    0.000000    0.014869 ^ clkbuf_0_clk/A (sg13g2_buf_8)
     4    0.050922    0.037727    0.081032    0.095901 ^ clkbuf_0_clk/X (sg13g2_buf_8)
                                                         clknet_0_clk (net)
                      0.038029    0.002588    0.098490 ^ clkbuf_2_1__f_clk/A (sg13g2_buf_8)
     7    0.028554    0.027711    0.075591    0.174081 ^ clkbuf_2_1__f_clk/X (sg13g2_buf_8)
                                                         clknet_2_1__leaf_clk (net)
                      0.027780    0.001829    0.175910 ^ dbit[2]$_SDFFE_PP0P_/CLK (sg13g2_dfrbpq_2)
                                  0.250000    0.425910   clock uncertainty
                                  0.000000    0.425910   clock reconvergence pessimism
                                 -0.037439    0.388470   library hold time
                                              0.388470   data required time
---------------------------------------------------------------------------------------------
                                              0.388470   data required time
                                             -1.243073   data arrival time
---------------------------------------------------------------------------------------------
                                              0.854603   slack (MET)


Startpoint: B[11]$_SDFFE_PP1P_ (rising edge-triggered flip-flop clocked by clk)
Endpoint: B[11]$_SDFFE_PP1P_ (rising edge-triggered flip-flop clocked by clk)
Path Group: clk
Path Type: min

Fanout         Cap        Slew       Delay        Time   Description
---------------------------------------------------------------------------------------------
                                  0.000000    0.000000   clock clk (rise edge)
                                  0.000000    0.000000   clock source latency
     1    0.017067    0.032707    0.014869    0.014869 ^ clk (in)
                                                         clk (net)
                      0.032734    0.000000    0.014869 ^ clkbuf_0_clk/A (sg13g2_buf_8)
     4    0.050922    0.037727    0.081032    0.095901 ^ clkbuf_0_clk/X (sg13g2_buf_8)
                                                         clknet_0_clk (net)
                      0.038082    0.002821    0.098722 ^ clkbuf_2_2__f_clk/A (sg13g2_buf_8)
     8    0.032833    0.029594    0.077306    0.176029 ^ clkbuf_2_2__f_clk/X (sg13g2_buf_8)
                                                         clknet_2_2__leaf_clk (net)
                      0.029659    0.001409    0.177438 ^ B[11]$_SDFFE_PP1P_/CLK (sg13g2_dfrbpq_2)
     2    0.011261    0.036846    0.188748    0.366186 ^ B[11]$_SDFFE_PP1P_/Q (sg13g2_dfrbpq_2)
                                                         net10 (net)
                      0.036849    0.000079    0.366265 ^ hold43/A (sg13g2_dlygate4sd3_1)
     1    0.009117    0.056353    0.382589    0.748855 ^ hold43/X (sg13g2_dlygate4sd3_1)
                                                         net126 (net)
                      0.056353    0.000374    0.749229 ^ fanout10/A (sg13g2_buf_8)
     8    0.060097    0.042959    0.095864    0.845093 ^ fanout10/X (sg13g2_buf_8)
                                                         net33 (net)
                      0.043217    0.002557    0.847650 ^ _134_/A1 (sg13g2_a21o_1)
     1    0.001732    0.017707    0.094390    0.942041 ^ _134_/X (sg13g2_a21o_1)
                                                         _014_ (net)
                      0.017707    0.000067    0.942108 ^ hold44/A (sg13g2_dlygate4sd3_1)
     1    0.002572    0.033080    0.350026    1.292134 ^ hold44/X (sg13g2_dlygate4sd3_1)
                                                         net127 (net)
                      0.033081    0.000164    1.292298 ^ B[11]$_SDFFE_PP1P_/D (sg13g2_dfrbpq_2)
                                              1.292298   data arrival time

                                  0.000000    0.000000   clock clk (rise edge)
                                  0.000000    0.000000   clock source latency
     1    0.017067    0.032707    0.014869    0.014869 ^ clk (in)
                                                         clk (net)
                      0.032734    0.000000    0.014869 ^ clkbuf_0_clk/A (sg13g2_buf_8)
     4    0.050922    0.037727    0.081032    0.095901 ^ clkbuf_0_clk/X (sg13g2_buf_8)
                                                         clknet_0_clk (net)
                      0.038082    0.002821    0.098722 ^ clkbuf_2_2__f_clk/A (sg13g2_buf_8)
     8    0.032833    0.029594    0.077306    0.176029 ^ clkbuf_2_2__f_clk/X (sg13g2_buf_8)
                                                         clknet_2_2__leaf_clk (net)
                      0.029659    0.001409    0.177438 ^ B[11]$_SDFFE_PP1P_/CLK (sg13g2_dfrbpq_2)
                                  0.250000    0.427438   clock uncertainty
                                  0.000000    0.427438   clock reconvergence pessimism
                                 -0.063893    0.363545   library hold time
                                              0.363545   data required time
---------------------------------------------------------------------------------------------
                                              0.363545   data required time
                                             -1.292298   data arrival time
---------------------------------------------------------------------------------------------
                                              0.928753   slack (MET)


Startpoint: B[10]$_SDFFE_PP1P_ (rising edge-triggered flip-flop clocked by clk)
Endpoint: B[10] (output port clocked by clk)
Path Group: clk
Path Type: min

Fanout         Cap        Slew       Delay        Time   Description
---------------------------------------------------------------------------------------------
                                  0.000000    0.000000   clock clk (rise edge)
                                  0.000000    0.000000   clock source latency
     1    0.017067    0.032707    0.014869    0.014869 ^ clk (in)
                                                         clk (net)
                      0.032734    0.000000    0.014869 ^ clkbuf_0_clk/A (sg13g2_buf_8)
     4    0.050922    0.037727    0.081032    0.095901 ^ clkbuf_0_clk/X (sg13g2_buf_8)
                                                         clknet_0_clk (net)
                      0.038082    0.002821    0.098722 ^ clkbuf_2_2__f_clk/A (sg13g2_buf_8)
     8    0.032833    0.029594    0.077306    0.176029 ^ clkbuf_2_2__f_clk/X (sg13g2_buf_8)
                                                         clknet_2_2__leaf_clk (net)
                      0.029664    0.001455    0.177484 ^ B[10]$_SDFFE_PP1P_/CLK (sg13g2_dfrbpq_1)
     3    0.007977    0.033452    0.176579    0.354063 v B[10]$_SDFFE_PP1P_/Q (sg13g2_dfrbpq_1)
                                                         net32 (net)
                      0.033453    0.000212    0.354275 v output16/A (sg13g2_buf_1)
     1    0.008001    0.034057    0.076169    0.430444 v output16/X (sg13g2_buf_1)
                                                         B[10] (net)
                      0.034058    0.000221    0.430664 v B[10] (out)
                                              0.430664   data arrival time

                                  0.000000    0.000000   clock clk (rise edge)
                                  0.000000    0.000000   clock network delay (propagated)
                                  0.250000    0.250000   clock uncertainty
                                  0.000000    0.250000   clock reconvergence pessimism
                                 -2.000000   -1.750000   output external delay
                                             -1.750000   data required time
---------------------------------------------------------------------------------------------
                                             -1.750000   data required time
                                             -0.430664   data arrival time
---------------------------------------------------------------------------------------------
                                              2.180664   slack (MET)


Startpoint: BN[5]$_SDFFE_PP1P_ (rising edge-triggered flip-flop clocked by clk)
Endpoint: BN[5] (output port clocked by clk)
Path Group: clk
Path Type: min

Fanout         Cap        Slew       Delay        Time   Description
---------------------------------------------------------------------------------------------
                                  0.000000    0.000000   clock clk (rise edge)
                                  0.000000    0.000000   clock source latency
     1    0.017067    0.032707    0.014869    0.014869 ^ clk (in)
                                                         clk (net)
                      0.032734    0.000000    0.014869 ^ clkbuf_0_clk/A (sg13g2_buf_8)
     4    0.050922    0.037727    0.081032    0.095901 ^ clkbuf_0_clk/X (sg13g2_buf_8)
                                                         clknet_0_clk (net)
                      0.038082    0.002821    0.098722 ^ clkbuf_2_2__f_clk/A (sg13g2_buf_8)
     8    0.032833    0.029594    0.077306    0.176029 ^ clkbuf_2_2__f_clk/X (sg13g2_buf_8)
                                                         clknet_2_2__leaf_clk (net)
                      0.029604    0.000783    0.176812 ^ BN[5]$_SDFFE_PP1P_/CLK (sg13g2_dfrbpq_1)
     3    0.008785    0.035769    0.178564    0.355376 v BN[5]$_SDFFE_PP1P_/Q (sg13g2_dfrbpq_1)
                                                         net26 (net)
                      0.035769    0.000191    0.355567 v output10/A (sg13g2_buf_1)
     1    0.008119    0.034459    0.077446    0.433013 v output10/X (sg13g2_buf_1)
                                                         BN[5] (net)
                      0.034460    0.000224    0.433237 v BN[5] (out)
                                              0.433237   data arrival time

                                  0.000000    0.000000   clock clk (rise edge)
                                  0.000000    0.000000   clock network delay (propagated)
                                  0.250000    0.250000   clock uncertainty
                                  0.000000    0.250000   clock reconvergence pessimism
                                 -2.000000   -1.750000   output external delay
                                             -1.750000   data required time
---------------------------------------------------------------------------------------------
                                             -1.750000   data required time
                                             -0.433237   data arrival time
---------------------------------------------------------------------------------------------
                                              2.183237   slack (MET)


Startpoint: B[6]$_SDFFE_PP1P_ (rising edge-triggered flip-flop clocked by clk)
Endpoint: B[6] (output port clocked by clk)
Path Group: clk
Path Type: min

Fanout         Cap        Slew       Delay        Time   Description
---------------------------------------------------------------------------------------------
                                  0.000000    0.000000   clock clk (rise edge)
                                  0.000000    0.000000   clock source latency
     1    0.017067    0.032707    0.014869    0.014869 ^ clk (in)
                                                         clk (net)
                      0.032734    0.000000    0.014869 ^ clkbuf_0_clk/A (sg13g2_buf_8)
     4    0.050922    0.037727    0.081032    0.095901 ^ clkbuf_0_clk/X (sg13g2_buf_8)
                                                         clknet_0_clk (net)
                      0.038041    0.002644    0.098545 ^ clkbuf_2_3__f_clk/A (sg13g2_buf_8)
     8    0.033901    0.030082    0.077782    0.176327 ^ clkbuf_2_3__f_clk/X (sg13g2_buf_8)
                                                         clknet_2_3__leaf_clk (net)
                      0.030100    0.001199    0.177526 ^ B[6]$_SDFFE_PP1P_/CLK (sg13g2_dfrbpq_1)
     3    0.008822    0.035857    0.178722    0.356248 v B[6]$_SDFFE_PP1P_/Q (sg13g2_dfrbpq_1)
                                                         net39 (net)
                      0.035863    0.000477    0.356725 v output23/A (sg13g2_buf_1)
     1    0.007808    0.033557    0.076722    0.433447 v output23/X (sg13g2_buf_1)
                                                         B[6] (net)
                      0.033558    0.000214    0.433661 v B[6] (out)
                                              0.433661   data arrival time

                                  0.000000    0.000000   clock clk (rise edge)
                                  0.000000    0.000000   clock network delay (propagated)
                                  0.250000    0.250000   clock uncertainty
                                  0.000000    0.250000   clock reconvergence pessimism
                                 -2.000000   -1.750000   output external delay
                                             -1.750000   data required time
---------------------------------------------------------------------------------------------
                                             -1.750000   data required time
                                             -0.433661   data arrival time
---------------------------------------------------------------------------------------------
                                              2.183661   slack (MET)


Startpoint: BN[6]$_SDFFE_PP1P_ (rising edge-triggered flip-flop clocked by clk)
Endpoint: BN[6] (output port clocked by clk)
Path Group: clk
Path Type: min

Fanout         Cap        Slew       Delay        Time   Description
---------------------------------------------------------------------------------------------
                                  0.000000    0.000000   clock clk (rise edge)
                                  0.000000    0.000000   clock source latency
     1    0.017067    0.032707    0.014869    0.014869 ^ clk (in)
                                                         clk (net)
                      0.032734    0.000000    0.014869 ^ clkbuf_0_clk/A (sg13g2_buf_8)
     4    0.050922    0.037727    0.081032    0.095901 ^ clkbuf_0_clk/X (sg13g2_buf_8)
                                                         clknet_0_clk (net)
                      0.038041    0.002644    0.098545 ^ clkbuf_2_3__f_clk/A (sg13g2_buf_8)
     8    0.033901    0.030082    0.077782    0.176327 ^ clkbuf_2_3__f_clk/X (sg13g2_buf_8)
                                                         clknet_2_3__leaf_clk (net)
                      0.030097    0.001158    0.177486 ^ BN[6]$_SDFFE_PP1P_/CLK (sg13g2_dfrbpq_1)
     3    0.010201    0.039885    0.181990    0.359476 v BN[6]$_SDFFE_PP1P_/Q (sg13g2_dfrbpq_1)
                                                         net27 (net)
                      0.039892    0.000552    0.360028 v output11/A (sg13g2_buf_1)
     1    0.006657    0.030325    0.075554    0.435581 v output11/X (sg13g2_buf_1)
                                                         BN[6] (net)
                      0.030327    0.000278    0.435859 v BN[6] (out)
                                              0.435859   data arrival time

                                  0.000000    0.000000   clock clk (rise edge)
                                  0.000000    0.000000   clock network delay (propagated)
                                  0.250000    0.250000   clock uncertainty
                                  0.000000    0.250000   clock reconvergence pessimism
                                 -2.000000   -1.750000   output external delay
                                             -1.750000   data required time
---------------------------------------------------------------------------------------------
                                             -1.750000   data required time
                                             -0.435859   data arrival time
---------------------------------------------------------------------------------------------
                                              2.185859   slack (MET)


Startpoint: B[0]$_SDFFE_PP1P_ (rising edge-triggered flip-flop clocked by clk)
Endpoint: B[0] (output port clocked by clk)
Path Group: clk
Path Type: min

Fanout         Cap        Slew       Delay        Time   Description
---------------------------------------------------------------------------------------------
                                  0.000000    0.000000   clock clk (rise edge)
                                  0.000000    0.000000   clock source latency
     1    0.017067    0.032707    0.014869    0.014869 ^ clk (in)
                                                         clk (net)
                      0.032734    0.000000    0.014869 ^ clkbuf_0_clk/A (sg13g2_buf_8)
     4    0.050922    0.037727    0.081032    0.095901 ^ clkbuf_0_clk/X (sg13g2_buf_8)
                                                         clknet_0_clk (net)
                      0.038064    0.002744    0.098645 ^ clkbuf_2_0__f_clk/A (sg13g2_buf_8)
     8    0.032060    0.029222    0.076865    0.175510 ^ clkbuf_2_0__f_clk/X (sg13g2_buf_8)
                                                         clknet_2_0__leaf_clk (net)
                      0.029316    0.001620    0.177130 ^ B[0]$_SDFFE_PP1P_/CLK (sg13g2_dfrbpq_1)
     3    0.009667    0.038366    0.180494    0.357624 v B[0]$_SDFFE_PP1P_/Q (sg13g2_dfrbpq_1)
                                                         net31 (net)
                      0.038370    0.000390    0.358014 v output15/A (sg13g2_buf_1)
     1    0.007800    0.033569    0.077634    0.435648 v output15/X (sg13g2_buf_1)
                                                         B[0] (net)
                      0.033576    0.000492    0.436139 v B[0] (out)
                                              0.436139   data arrival time

                                  0.000000    0.000000   clock clk (rise edge)
                                  0.000000    0.000000   clock network delay (propagated)
                                  0.250000    0.250000   clock uncertainty
                                  0.000000    0.250000   clock reconvergence pessimism
                                 -2.000000   -1.750000   output external delay
                                             -1.750000   data required time
---------------------------------------------------------------------------------------------
                                             -1.750000   data required time
                                             -0.436139   data arrival time
---------------------------------------------------------------------------------------------
                                              2.186139   slack (MET)


Startpoint: B[5]$_SDFFE_PP1P_ (rising edge-triggered flip-flop clocked by clk)
Endpoint: B[5] (output port clocked by clk)
Path Group: clk
Path Type: min

Fanout         Cap        Slew       Delay        Time   Description
---------------------------------------------------------------------------------------------
                                  0.000000    0.000000   clock clk (rise edge)
                                  0.000000    0.000000   clock source latency
     1    0.017067    0.032707    0.014869    0.014869 ^ clk (in)
                                                         clk (net)
                      0.032734    0.000000    0.014869 ^ clkbuf_0_clk/A (sg13g2_buf_8)
     4    0.050922    0.037727    0.081032    0.095901 ^ clkbuf_0_clk/X (sg13g2_buf_8)
                                                         clknet_0_clk (net)
                      0.038082    0.002821    0.098722 ^ clkbuf_2_2__f_clk/A (sg13g2_buf_8)
     8    0.032833    0.029594    0.077306    0.176029 ^ clkbuf_2_2__f_clk/X (sg13g2_buf_8)
                                                         clknet_2_2__leaf_clk (net)
                      0.029603    0.000764    0.176793 ^ B[5]$_SDFFE_PP1P_/CLK (sg13g2_dfrbpq_1)
     3    0.009526    0.037919    0.180055    0.356848 v B[5]$_SDFFE_PP1P_/Q (sg13g2_dfrbpq_1)
                                                         net38 (net)
                      0.037938    0.000789    0.357637 v output22/A (sg13g2_buf_1)
     1    0.008113    0.034494    0.078359    0.435996 v output22/X (sg13g2_buf_1)
                                                         B[5] (net)
                      0.034495    0.000216    0.436212 v B[5] (out)
                                              0.436212   data arrival time

                                  0.000000    0.000000   clock clk (rise edge)
                                  0.000000    0.000000   clock network delay (propagated)
                                  0.250000    0.250000   clock uncertainty
                                  0.000000    0.250000   clock reconvergence pessimism
                                 -2.000000   -1.750000   output external delay
                                             -1.750000   data required time
---------------------------------------------------------------------------------------------
                                             -1.750000   data required time
                                             -0.436212   data arrival time
---------------------------------------------------------------------------------------------
                                              2.186212   slack (MET)


Startpoint: B[1]$_SDFFE_PP1P_ (rising edge-triggered flip-flop clocked by clk)
Endpoint: B[1] (output port clocked by clk)
Path Group: clk
Path Type: min

Fanout         Cap        Slew       Delay        Time   Description
---------------------------------------------------------------------------------------------
                                  0.000000    0.000000   clock clk (rise edge)
                                  0.000000    0.000000   clock source latency
     1    0.017067    0.032707    0.014869    0.014869 ^ clk (in)
                                                         clk (net)
                      0.032734    0.000000    0.014869 ^ clkbuf_0_clk/A (sg13g2_buf_8)
     4    0.050922    0.037727    0.081032    0.095901 ^ clkbuf_0_clk/X (sg13g2_buf_8)
                                                         clknet_0_clk (net)
                      0.038064    0.002744    0.098645 ^ clkbuf_2_0__f_clk/A (sg13g2_buf_8)
     8    0.032060    0.029222    0.076865    0.175510 ^ clkbuf_2_0__f_clk/X (sg13g2_buf_8)
                                                         clknet_2_0__leaf_clk (net)
                      0.029350    0.001870    0.177381 ^ B[1]$_SDFFE_PP1P_/CLK (sg13g2_dfrbpq_1)
     3    0.009791    0.038721    0.180827    0.358208 v B[1]$_SDFFE_PP1P_/Q (sg13g2_dfrbpq_1)
                                                         net34 (net)
                      0.038721    0.000113    0.358320 v output18/A (sg13g2_buf_1)
     1    0.007683    0.033235    0.077571    0.435892 v output18/X (sg13g2_buf_1)
                                                         B[1] (net)
                      0.033237    0.000328    0.436219 v B[1] (out)
                                              0.436219   data arrival time

                                  0.000000    0.000000   clock clk (rise edge)
                                  0.000000    0.000000   clock network delay (propagated)
                                  0.250000    0.250000   clock uncertainty
                                  0.000000    0.250000   clock reconvergence pessimism
                                 -2.000000   -1.750000   output external delay
                                             -1.750000   data required time
---------------------------------------------------------------------------------------------
                                             -1.750000   data required time
                                             -0.436219   data arrival time
---------------------------------------------------------------------------------------------
                                              2.186219   slack (MET)


Startpoint: BN[9]$_SDFFE_PP1P_ (rising edge-triggered flip-flop clocked by clk)
Endpoint: BN[9] (output port clocked by clk)
Path Group: clk
Path Type: min

Fanout         Cap        Slew       Delay        Time   Description
---------------------------------------------------------------------------------------------
                                  0.000000    0.000000   clock clk (rise edge)
                                  0.000000    0.000000   clock source latency
     1    0.017067    0.032707    0.014869    0.014869 ^ clk (in)
                                                         clk (net)
                      0.032734    0.000000    0.014869 ^ clkbuf_0_clk/A (sg13g2_buf_8)
     4    0.050922    0.037727    0.081032    0.095901 ^ clkbuf_0_clk/X (sg13g2_buf_8)
                                                         clknet_0_clk (net)
                      0.038082    0.002821    0.098722 ^ clkbuf_2_2__f_clk/A (sg13g2_buf_8)
     8    0.032833    0.029594    0.077306    0.176029 ^ clkbuf_2_2__f_clk/X (sg13g2_buf_8)
                                                         clknet_2_2__leaf_clk (net)
                      0.029683    0.001623    0.177652 ^ BN[9]$_SDFFE_PP1P_/CLK (sg13g2_dfrbpq_1)
     3    0.010628    0.041141    0.182803    0.360455 v BN[9]$_SDFFE_PP1P_/Q (sg13g2_dfrbpq_1)
                                                         net30 (net)
                      0.041148    0.000540    0.360994 v output14/A (sg13g2_buf_1)
     1    0.006949    0.031192    0.076811    0.437806 v output14/X (sg13g2_buf_1)
                                                         BN[9] (net)
                      0.031194    0.000283    0.438088 v BN[9] (out)
                                              0.438088   data arrival time

                                  0.000000    0.000000   clock clk (rise edge)
                                  0.000000    0.000000   clock network delay (propagated)
                                  0.250000    0.250000   clock uncertainty
                                  0.000000    0.250000   clock reconvergence pessimism
                                 -2.000000   -1.750000   output external delay
                                             -1.750000   data required time
---------------------------------------------------------------------------------------------
                                             -1.750000   data required time
                                             -0.438088   data arrival time
---------------------------------------------------------------------------------------------
                                              2.188088   slack (MET)


Startpoint: BN[2]$_SDFFE_PP1P_ (rising edge-triggered flip-flop clocked by clk)
Endpoint: BN[2] (output port clocked by clk)
Path Group: clk
Path Type: min

Fanout         Cap        Slew       Delay        Time   Description
---------------------------------------------------------------------------------------------
                                  0.000000    0.000000   clock clk (rise edge)
                                  0.000000    0.000000   clock source latency
     1    0.017067    0.032707    0.014869    0.014869 ^ clk (in)
                                                         clk (net)
                      0.032734    0.000000    0.014869 ^ clkbuf_0_clk/A (sg13g2_buf_8)
     4    0.050922    0.037727    0.081032    0.095901 ^ clkbuf_0_clk/X (sg13g2_buf_8)
                                                         clknet_0_clk (net)
                      0.038041    0.002644    0.098545 ^ clkbuf_2_3__f_clk/A (sg13g2_buf_8)
     8    0.033901    0.030082    0.077782    0.176327 ^ clkbuf_2_3__f_clk/X (sg13g2_buf_8)
                                                         clknet_2_3__leaf_clk (net)
                      0.030113    0.001327    0.177655 ^ BN[2]$_SDFFE_PP1P_/CLK (sg13g2_dfrbpq_1)
     3    0.009712    0.038520    0.180924    0.358579 v BN[2]$_SDFFE_PP1P_/Q (sg13g2_dfrbpq_1)
                                                         net23 (net)
                      0.038523    0.000378    0.358957 v output7/A (sg13g2_buf_1)
     1    0.008728    0.036335    0.080037    0.438994 v output7/X (sg13g2_buf_1)
                                                         BN[2] (net)
                      0.036338    0.000388    0.439382 v BN[2] (out)
                                              0.439382   data arrival time

                                  0.000000    0.000000   clock clk (rise edge)
                                  0.000000    0.000000   clock network delay (propagated)
                                  0.250000    0.250000   clock uncertainty
                                  0.000000    0.250000   clock reconvergence pessimism
                                 -2.000000   -1.750000   output external delay
                                             -1.750000   data required time
---------------------------------------------------------------------------------------------
                                             -1.750000   data required time
                                             -0.439382   data arrival time
---------------------------------------------------------------------------------------------
                                              2.189382   slack (MET)


Startpoint: BN[1]$_SDFFE_PP1P_ (rising edge-triggered flip-flop clocked by clk)
Endpoint: BN[1] (output port clocked by clk)
Path Group: clk
Path Type: min

Fanout         Cap        Slew       Delay        Time   Description
---------------------------------------------------------------------------------------------
                                  0.000000    0.000000   clock clk (rise edge)
                                  0.000000    0.000000   clock source latency
     1    0.017067    0.032707    0.014869    0.014869 ^ clk (in)
                                                         clk (net)
                      0.032734    0.000000    0.014869 ^ clkbuf_0_clk/A (sg13g2_buf_8)
     4    0.050922    0.037727    0.081032    0.095901 ^ clkbuf_0_clk/X (sg13g2_buf_8)
                                                         clknet_0_clk (net)
                      0.038082    0.002821    0.098722 ^ clkbuf_2_2__f_clk/A (sg13g2_buf_8)
     8    0.032833    0.029594    0.077306    0.176029 ^ clkbuf_2_2__f_clk/X (sg13g2_buf_8)
                                                         clknet_2_2__leaf_clk (net)
                      0.029690    0.001688    0.177716 ^ BN[1]$_SDFFE_PP1P_/CLK (sg13g2_dfrbpq_1)
     3    0.011195    0.042803    0.184212    0.361928 v BN[1]$_SDFFE_PP1P_/Q (sg13g2_dfrbpq_1)
                                                         net22 (net)
                      0.042810    0.000554    0.362482 v output6/A (sg13g2_buf_1)
     1    0.006643    0.030364    0.076761    0.439243 v output6/X (sg13g2_buf_1)
                                                         BN[1] (net)
                      0.030366    0.000273    0.439516 v BN[1] (out)
                                              0.439516   data arrival time

                                  0.000000    0.000000   clock clk (rise edge)
                                  0.000000    0.000000   clock network delay (propagated)
                                  0.250000    0.250000   clock uncertainty
                                  0.000000    0.250000   clock reconvergence pessimism
                                 -2.000000   -1.750000   output external delay
                                             -1.750000   data required time
---------------------------------------------------------------------------------------------
                                             -1.750000   data required time
                                             -0.439516   data arrival time
---------------------------------------------------------------------------------------------
                                              2.189516   slack (MET)


Startpoint: BN[4]$_SDFFE_PP1P_ (rising edge-triggered flip-flop clocked by clk)
Endpoint: BN[4] (output port clocked by clk)
Path Group: clk
Path Type: min

Fanout         Cap        Slew       Delay        Time   Description
---------------------------------------------------------------------------------------------
                                  0.000000    0.000000   clock clk (rise edge)
                                  0.000000    0.000000   clock source latency
     1    0.017067    0.032707    0.014869    0.014869 ^ clk (in)
                                                         clk (net)
                      0.032734    0.000000    0.014869 ^ clkbuf_0_clk/A (sg13g2_buf_8)
     4    0.050922    0.037727    0.081032    0.095901 ^ clkbuf_0_clk/X (sg13g2_buf_8)
                                                         clknet_0_clk (net)
                      0.038064    0.002744    0.098645 ^ clkbuf_2_0__f_clk/A (sg13g2_buf_8)
     8    0.032060    0.029222    0.076865    0.175510 ^ clkbuf_2_0__f_clk/X (sg13g2_buf_8)
                                                         clknet_2_0__leaf_clk (net)
                      0.029347    0.001844    0.177354 ^ BN[4]$_SDFFE_PP1P_/CLK (sg13g2_dfrbpq_1)
     3    0.010071    0.039578    0.181411    0.358765 v BN[4]$_SDFFE_PP1P_/Q (sg13g2_dfrbpq_1)
                                                         net25 (net)
                      0.039581    0.000361    0.359126 v output9/A (sg13g2_buf_1)
     1    0.008594    0.035967    0.080160    0.439286 v output9/X (sg13g2_buf_1)
                                                         BN[4] (net)
                      0.035971    0.000381    0.439667 v BN[4] (out)
                                              0.439667   data arrival time

                                  0.000000    0.000000   clock clk (rise edge)
                                  0.000000    0.000000   clock network delay (propagated)
                                  0.250000    0.250000   clock uncertainty
                                  0.000000    0.250000   clock reconvergence pessimism
                                 -2.000000   -1.750000   output external delay
                                             -1.750000   data required time
---------------------------------------------------------------------------------------------
                                             -1.750000   data required time
                                             -0.439667   data arrival time
---------------------------------------------------------------------------------------------
                                              2.189667   slack (MET)


Startpoint: B[9]$_SDFFE_PP1P_ (rising edge-triggered flip-flop clocked by clk)
Endpoint: B[9] (output port clocked by clk)
Path Group: clk
Path Type: min

Fanout         Cap        Slew       Delay        Time   Description
---------------------------------------------------------------------------------------------
                                  0.000000    0.000000   clock clk (rise edge)
                                  0.000000    0.000000   clock source latency
     1    0.017067    0.032707    0.014869    0.014869 ^ clk (in)
                                                         clk (net)
                      0.032734    0.000000    0.014869 ^ clkbuf_0_clk/A (sg13g2_buf_8)
     4    0.050922    0.037727    0.081032    0.095901 ^ clkbuf_0_clk/X (sg13g2_buf_8)
                                                         clknet_0_clk (net)
                      0.038082    0.002821    0.098722 ^ clkbuf_2_2__f_clk/A (sg13g2_buf_8)
     8    0.032833    0.029594    0.077306    0.176029 ^ clkbuf_2_2__f_clk/X (sg13g2_buf_8)
                                                         clknet_2_2__leaf_clk (net)
                      0.029684    0.001635    0.177663 ^ B[9]$_SDFFE_PP1P_/CLK (sg13g2_dfrbpq_1)
     3    0.011305    0.043137    0.184413    0.362077 v B[9]$_SDFFE_PP1P_/Q (sg13g2_dfrbpq_1)
                                                         net42 (net)
                      0.043144    0.000575    0.362652 v output26/A (sg13g2_buf_1)
     1    0.006718    0.030587    0.077088    0.439740 v output26/X (sg13g2_buf_1)
                                                         B[9] (net)
                      0.030589    0.000276    0.440016 v B[9] (out)
                                              0.440016   data arrival time

                                  0.000000    0.000000   clock clk (rise edge)
                                  0.000000    0.000000   clock network delay (propagated)
                                  0.250000    0.250000   clock uncertainty
                                  0.000000    0.250000   clock reconvergence pessimism
                                 -2.000000   -1.750000   output external delay
                                             -1.750000   data required time
---------------------------------------------------------------------------------------------
                                             -1.750000   data required time
                                             -0.440016   data arrival time
---------------------------------------------------------------------------------------------
                                              2.190016   slack (MET)


Startpoint: BN[8]$_SDFFE_PP1P_ (rising edge-triggered flip-flop clocked by clk)
Endpoint: BN[8] (output port clocked by clk)
Path Group: clk
Path Type: min

Fanout         Cap        Slew       Delay        Time   Description
---------------------------------------------------------------------------------------------
                                  0.000000    0.000000   clock clk (rise edge)
                                  0.000000    0.000000   clock source latency
     1    0.017067    0.032707    0.014869    0.014869 ^ clk (in)
                                                         clk (net)
                      0.032734    0.000000    0.014869 ^ clkbuf_0_clk/A (sg13g2_buf_8)
     4    0.050922    0.037727    0.081032    0.095901 ^ clkbuf_0_clk/X (sg13g2_buf_8)
                                                         clknet_0_clk (net)
                      0.038064    0.002744    0.098645 ^ clkbuf_2_0__f_clk/A (sg13g2_buf_8)
     8    0.032060    0.029222    0.076865    0.175510 ^ clkbuf_2_0__f_clk/X (sg13g2_buf_8)
                                                         clknet_2_0__leaf_clk (net)
                      0.029343    0.001820    0.177331 ^ BN[8]$_SDFFE_PP1P_/CLK (sg13g2_dfrbpq_1)
     3    0.009940    0.039123    0.180972    0.358302 v BN[8]$_SDFFE_PP1P_/Q (sg13g2_dfrbpq_1)
                                                         net29 (net)
                      0.039129    0.000501    0.358803 v output13/A (sg13g2_buf_1)
     1    0.009175    0.037671    0.081376    0.440179 v output13/X (sg13g2_buf_1)
                                                         BN[8] (net)
                      0.037675    0.000426    0.440605 v BN[8] (out)
                                              0.440605   data arrival time

                                  0.000000    0.000000   clock clk (rise edge)
                                  0.000000    0.000000   clock network delay (propagated)
                                  0.250000    0.250000   clock uncertainty
                                  0.000000    0.250000   clock reconvergence pessimism
                                 -2.000000   -1.750000   output external delay
                                             -1.750000   data required time
---------------------------------------------------------------------------------------------
                                             -1.750000   data required time
                                             -0.440605   data arrival time
---------------------------------------------------------------------------------------------
                                              2.190605   slack (MET)


Startpoint: B[4]$_SDFFE_PP1P_ (rising edge-triggered flip-flop clocked by clk)
Endpoint: B[4] (output port clocked by clk)
Path Group: clk
Path Type: min

Fanout         Cap        Slew       Delay        Time   Description
---------------------------------------------------------------------------------------------
                                  0.000000    0.000000   clock clk (rise edge)
                                  0.000000    0.000000   clock source latency
     1    0.017067    0.032707    0.014869    0.014869 ^ clk (in)
                                                         clk (net)
                      0.032734    0.000000    0.014869 ^ clkbuf_0_clk/A (sg13g2_buf_8)
     4    0.050922    0.037727    0.081032    0.095901 ^ clkbuf_0_clk/X (sg13g2_buf_8)
                                                         clknet_0_clk (net)
                      0.038064    0.002744    0.098645 ^ clkbuf_2_0__f_clk/A (sg13g2_buf_8)
     8    0.032060    0.029222    0.076865    0.175510 ^ clkbuf_2_0__f_clk/X (sg13g2_buf_8)
                                                         clknet_2_0__leaf_clk (net)
                      0.029344    0.001828    0.177338 ^ B[4]$_SDFFE_PP1P_/CLK (sg13g2_dfrbpq_1)
     3    0.010267    0.040072    0.181821    0.359159 v B[4]$_SDFFE_PP1P_/Q (sg13g2_dfrbpq_1)
                                                         net37 (net)
                      0.040079    0.000525    0.359684 v output21/A (sg13g2_buf_1)
     1    0.008808    0.036565    0.080710    0.440394 v output21/X (sg13g2_buf_1)
                                                         B[4] (net)
                      0.036582    0.000732    0.441126 v B[4] (out)
                                              0.441126   data arrival time

                                  0.000000    0.000000   clock clk (rise edge)
                                  0.000000    0.000000   clock network delay (propagated)
                                  0.250000    0.250000   clock uncertainty
                                  0.000000    0.250000   clock reconvergence pessimism
                                 -2.000000   -1.750000   output external delay
                                             -1.750000   data required time
---------------------------------------------------------------------------------------------
                                             -1.750000   data required time
                                             -0.441126   data arrival time
---------------------------------------------------------------------------------------------
                                              2.191126   slack (MET)


Startpoint: BN[0]$_SDFFE_PP1P_ (rising edge-triggered flip-flop clocked by clk)
Endpoint: BN[0] (output port clocked by clk)
Path Group: clk
Path Type: min

Fanout         Cap        Slew       Delay        Time   Description
---------------------------------------------------------------------------------------------
                                  0.000000    0.000000   clock clk (rise edge)
                                  0.000000    0.000000   clock source latency
     1    0.017067    0.032707    0.014869    0.014869 ^ clk (in)
                                                         clk (net)
                      0.032734    0.000000    0.014869 ^ clkbuf_0_clk/A (sg13g2_buf_8)
     4    0.050922    0.037727    0.081032    0.095901 ^ clkbuf_0_clk/X (sg13g2_buf_8)
                                                         clknet_0_clk (net)
                      0.038064    0.002744    0.098645 ^ clkbuf_2_0__f_clk/A (sg13g2_buf_8)
     8    0.032060    0.029222    0.076865    0.175510 ^ clkbuf_2_0__f_clk/X (sg13g2_buf_8)
                                                         clknet_2_0__leaf_clk (net)
                      0.029314    0.001600    0.177110 ^ BN[0]$_SDFFE_PP1P_/CLK (sg13g2_dfrbpq_1)
     3    0.011207    0.042837    0.184054    0.361165 v BN[0]$_SDFFE_PP1P_/Q (sg13g2_dfrbpq_1)
                                                         net19 (net)
                      0.042847    0.000643    0.361807 v output3/A (sg13g2_buf_1)
     1    0.007749    0.033533    0.079488    0.441295 v output3/X (sg13g2_buf_1)
                                                         BN[0] (net)
                      0.033536    0.000340    0.441636 v BN[0] (out)
                                              0.441636   data arrival time

                                  0.000000    0.000000   clock clk (rise edge)
                                  0.000000    0.000000   clock network delay (propagated)
                                  0.250000    0.250000   clock uncertainty
                                  0.000000    0.250000   clock reconvergence pessimism
                                 -2.000000   -1.750000   output external delay
                                             -1.750000   data required time
---------------------------------------------------------------------------------------------
                                             -1.750000   data required time
                                             -0.441636   data arrival time
---------------------------------------------------------------------------------------------
                                              2.191636   slack (MET)


Startpoint: BN[7]$_SDFFE_PP1P_ (rising edge-triggered flip-flop clocked by clk)
Endpoint: BN[7] (output port clocked by clk)
Path Group: clk
Path Type: min

Fanout         Cap        Slew       Delay        Time   Description
---------------------------------------------------------------------------------------------
                                  0.000000    0.000000   clock clk (rise edge)
                                  0.000000    0.000000   clock source latency
     1    0.017067    0.032707    0.014869    0.014869 ^ clk (in)
                                                         clk (net)
                      0.032734    0.000000    0.014869 ^ clkbuf_0_clk/A (sg13g2_buf_8)
     4    0.050922    0.037727    0.081032    0.095901 ^ clkbuf_0_clk/X (sg13g2_buf_8)
                                                         clknet_0_clk (net)
                      0.038041    0.002644    0.098545 ^ clkbuf_2_3__f_clk/A (sg13g2_buf_8)
     8    0.033901    0.030082    0.077782    0.176327 ^ clkbuf_2_3__f_clk/X (sg13g2_buf_8)
                                                         clknet_2_3__leaf_clk (net)
                      0.030110    0.001299    0.177626 ^ BN[7]$_SDFFE_PP1P_/CLK (sg13g2_dfrbpq_1)
     3    0.010207    0.039953    0.182177    0.359803 v BN[7]$_SDFFE_PP1P_/Q (sg13g2_dfrbpq_1)
                                                         net28 (net)
                      0.039955    0.000326    0.360129 v output12/A (sg13g2_buf_1)
     1    0.009060    0.037348    0.081454    0.441582 v output12/X (sg13g2_buf_1)
                                                         BN[7] (net)
                      0.037352    0.000410    0.441992 v BN[7] (out)
                                              0.441992   data arrival time

                                  0.000000    0.000000   clock clk (rise edge)
                                  0.000000    0.000000   clock network delay (propagated)
                                  0.250000    0.250000   clock uncertainty
                                  0.000000    0.250000   clock reconvergence pessimism
                                 -2.000000   -1.750000   output external delay
                                             -1.750000   data required time
---------------------------------------------------------------------------------------------
                                             -1.750000   data required time
                                             -0.441992   data arrival time
---------------------------------------------------------------------------------------------
                                              2.191993   slack (MET)


Startpoint: B[7]$_SDFFE_PP1P_ (rising edge-triggered flip-flop clocked by clk)
Endpoint: B[7] (output port clocked by clk)
Path Group: clk
Path Type: min

Fanout         Cap        Slew       Delay        Time   Description
---------------------------------------------------------------------------------------------
                                  0.000000    0.000000   clock clk (rise edge)
                                  0.000000    0.000000   clock source latency
     1    0.017067    0.032707    0.014869    0.014869 ^ clk (in)
                                                         clk (net)
                      0.032734    0.000000    0.014869 ^ clkbuf_0_clk/A (sg13g2_buf_8)
     4    0.050922    0.037727    0.081032    0.095901 ^ clkbuf_0_clk/X (sg13g2_buf_8)
                                                         clknet_0_clk (net)
                      0.038041    0.002644    0.098545 ^ clkbuf_2_3__f_clk/A (sg13g2_buf_8)
     8    0.033901    0.030082    0.077782    0.176327 ^ clkbuf_2_3__f_clk/X (sg13g2_buf_8)
                                                         clknet_2_3__leaf_clk (net)
                      0.030098    0.001172    0.177499 ^ B[7]$_SDFFE_PP1P_/CLK (sg13g2_dfrbpq_1)
     3    0.010769    0.041623    0.183489    0.360988 v B[7]$_SDFFE_PP1P_/Q (sg13g2_dfrbpq_1)
                                                         net40 (net)
                      0.041624    0.000314    0.361302 v output24/A (sg13g2_buf_1)
     1    0.008869    0.036777    0.081543    0.442845 v output24/X (sg13g2_buf_1)
                                                         B[7] (net)
                      0.036794    0.000729    0.443573 v B[7] (out)
                                              0.443573   data arrival time

                                  0.000000    0.000000   clock clk (rise edge)
                                  0.000000    0.000000   clock network delay (propagated)
                                  0.250000    0.250000   clock uncertainty
                                  0.000000    0.250000   clock reconvergence pessimism
                                 -2.000000   -1.750000   output external delay
                                             -1.750000   data required time
---------------------------------------------------------------------------------------------
                                             -1.750000   data required time
                                             -0.443573   data arrival time
---------------------------------------------------------------------------------------------
                                              2.193573   slack (MET)


Startpoint: BN[3]$_SDFFE_PP1P_ (rising edge-triggered flip-flop clocked by clk)
Endpoint: BN[3] (output port clocked by clk)
Path Group: clk
Path Type: min

Fanout         Cap        Slew       Delay        Time   Description
---------------------------------------------------------------------------------------------
                                  0.000000    0.000000   clock clk (rise edge)
                                  0.000000    0.000000   clock source latency
     1    0.017067    0.032707    0.014869    0.014869 ^ clk (in)
                                                         clk (net)
                      0.032734    0.000000    0.014869 ^ clkbuf_0_clk/A (sg13g2_buf_8)
     4    0.050922    0.037727    0.081032    0.095901 ^ clkbuf_0_clk/X (sg13g2_buf_8)
                                                         clknet_0_clk (net)
                      0.038029    0.002588    0.098490 ^ clkbuf_2_1__f_clk/A (sg13g2_buf_8)
     7    0.028554    0.027711    0.075591    0.174081 ^ clkbuf_2_1__f_clk/X (sg13g2_buf_8)
                                                         clknet_2_1__leaf_clk (net)
                      0.027741    0.001408    0.175489 ^ BN[3]$_SDFFE_PP1P_/CLK (sg13g2_dfrbpq_1)
     3    0.012050    0.045390    0.185500    0.360989 v BN[3]$_SDFFE_PP1P_/Q (sg13g2_dfrbpq_1)
                                                         net24 (net)
                      0.045392    0.000379    0.361368 v output8/A (sg13g2_buf_1)
     1    0.008485    0.035786    0.082381    0.443748 v output8/X (sg13g2_buf_1)
                                                         BN[3] (net)
                      0.035789    0.000369    0.444117 v BN[3] (out)
                                              0.444117   data arrival time

                                  0.000000    0.000000   clock clk (rise edge)
                                  0.000000    0.000000   clock network delay (propagated)
                                  0.250000    0.250000   clock uncertainty
                                  0.000000    0.250000   clock reconvergence pessimism
                                 -2.000000   -1.750000   output external delay
                                             -1.750000   data required time
---------------------------------------------------------------------------------------------
                                             -1.750000   data required time
                                             -0.444117   data arrival time
---------------------------------------------------------------------------------------------
                                              2.194117   slack (MET)


Startpoint: B[3]$_SDFFE_PP1P_ (rising edge-triggered flip-flop clocked by clk)
Endpoint: B[3] (output port clocked by clk)
Path Group: clk
Path Type: min

Fanout         Cap        Slew       Delay        Time   Description
---------------------------------------------------------------------------------------------
                                  0.000000    0.000000   clock clk (rise edge)
                                  0.000000    0.000000   clock source latency
     1    0.017067    0.032707    0.014869    0.014869 ^ clk (in)
                                                         clk (net)
                      0.032734    0.000000    0.014869 ^ clkbuf_0_clk/A (sg13g2_buf_8)
     4    0.050922    0.037727    0.081032    0.095901 ^ clkbuf_0_clk/X (sg13g2_buf_8)
                                                         clknet_0_clk (net)
                      0.038029    0.002588    0.098490 ^ clkbuf_2_1__f_clk/A (sg13g2_buf_8)
     7    0.028554    0.027711    0.075591    0.174081 ^ clkbuf_2_1__f_clk/X (sg13g2_buf_8)
                                                         clknet_2_1__leaf_clk (net)
                      0.027742    0.001420    0.175501 ^ B[3]$_SDFFE_PP1P_/CLK (sg13g2_dfrbpq_1)
     3    0.012134    0.045579    0.185487    0.360988 v B[3]$_SDFFE_PP1P_/Q (sg13g2_dfrbpq_1)
                                                         net36 (net)
                      0.045600    0.000914    0.361902 v output20/A (sg13g2_buf_1)
     1    0.008351    0.035344    0.082145    0.444047 v output20/X (sg13g2_buf_1)
                                                         B[3] (net)
                      0.035348    0.000366    0.444413 v B[3] (out)
                                              0.444413   data arrival time

                                  0.000000    0.000000   clock clk (rise edge)
                                  0.000000    0.000000   clock network delay (propagated)
                                  0.250000    0.250000   clock uncertainty
                                  0.000000    0.250000   clock reconvergence pessimism
                                 -2.000000   -1.750000   output external delay
                                             -1.750000   data required time
---------------------------------------------------------------------------------------------
                                             -1.750000   data required time
                                             -0.444413   data arrival time
---------------------------------------------------------------------------------------------
                                              2.194412   slack (MET)


Startpoint: BN[10]$_SDFFE_PP1P_ (rising edge-triggered flip-flop clocked by clk)
Endpoint: BN[10] (output port clocked by clk)
Path Group: clk
Path Type: min

Fanout         Cap        Slew       Delay        Time   Description
---------------------------------------------------------------------------------------------
                                  0.000000    0.000000   clock clk (rise edge)
                                  0.000000    0.000000   clock source latency
     1    0.017067    0.032707    0.014869    0.014869 ^ clk (in)
                                                         clk (net)
                      0.032734    0.000000    0.014869 ^ clkbuf_0_clk/A (sg13g2_buf_8)
     4    0.050922    0.037727    0.081032    0.095901 ^ clkbuf_0_clk/X (sg13g2_buf_8)
                                                         clknet_0_clk (net)
                      0.038041    0.002644    0.098545 ^ clkbuf_2_3__f_clk/A (sg13g2_buf_8)
     8    0.033901    0.030082    0.077782    0.176327 ^ clkbuf_2_3__f_clk/X (sg13g2_buf_8)
                                                         clknet_2_3__leaf_clk (net)
                      0.030110    0.001299    0.177626 ^ BN[10]$_SDFFE_PP1P_/CLK (sg13g2_dfrbpq_1)
     3    0.011023    0.042413    0.184003    0.361629 v BN[10]$_SDFFE_PP1P_/Q (sg13g2_dfrbpq_1)
                                                         net20 (net)
                      0.042423    0.000645    0.362275 v output4/A (sg13g2_buf_1)
     1    0.009479    0.038580    0.083445    0.445720 v output4/X (sg13g2_buf_1)
                                                         BN[10] (net)
                      0.038591    0.000625    0.446345 v BN[10] (out)
                                              0.446345   data arrival time

                                  0.000000    0.000000   clock clk (rise edge)
                                  0.000000    0.000000   clock network delay (propagated)
                                  0.250000    0.250000   clock uncertainty
                                  0.000000    0.250000   clock reconvergence pessimism
                                 -2.000000   -1.750000   output external delay
                                             -1.750000   data required time
---------------------------------------------------------------------------------------------
                                             -1.750000   data required time
                                             -0.446345   data arrival time
---------------------------------------------------------------------------------------------
                                              2.196345   slack (MET)


Startpoint: BN[11]$_SDFFE_PP1P_ (rising edge-triggered flip-flop clocked by clk)
Endpoint: sign (output port clocked by clk)
Path Group: clk
Path Type: min

Fanout         Cap        Slew       Delay        Time   Description
---------------------------------------------------------------------------------------------
                                  0.000000    0.000000   clock clk (rise edge)
                                  0.000000    0.000000   clock source latency
     1    0.017067    0.032707    0.014869    0.014869 ^ clk (in)
                                                         clk (net)
                      0.032734    0.000000    0.014869 ^ clkbuf_0_clk/A (sg13g2_buf_8)
     4    0.050922    0.037727    0.081032    0.095901 ^ clkbuf_0_clk/X (sg13g2_buf_8)
                                                         clknet_0_clk (net)
                      0.038029    0.002588    0.098490 ^ clkbuf_2_1__f_clk/A (sg13g2_buf_8)
     7    0.028554    0.027711    0.075591    0.174081 ^ clkbuf_2_1__f_clk/X (sg13g2_buf_8)
                                                         clknet_2_1__leaf_clk (net)
                      0.027734    0.001309    0.175390 ^ BN[11]$_SDFFE_PP1P_/CLK (sg13g2_dfrbpq_1)
     4    0.011573    0.044040    0.184184    0.359574 v BN[11]$_SDFFE_PP1P_/Q (sg13g2_dfrbpq_1)
                                                         net55 (net)
                      0.044049    0.000622    0.360196 v output39/A (sg13g2_buf_1)
     1    0.010417    0.041409    0.086278    0.446474 v output39/X (sg13g2_buf_1)
                                                         sign (net)
                      0.041431    0.000893    0.447368 v sign (out)
                                              0.447368   data arrival time

                                  0.000000    0.000000   clock clk (rise edge)
                                  0.000000    0.000000   clock network delay (propagated)
                                  0.250000    0.250000   clock uncertainty
                                  0.000000    0.250000   clock reconvergence pessimism
                                 -2.000000   -1.750000   output external delay
                                             -1.750000   data required time
---------------------------------------------------------------------------------------------
                                             -1.750000   data required time
                                             -0.447368   data arrival time
---------------------------------------------------------------------------------------------
                                              2.197368   slack (MET)


Startpoint: B[8]$_SDFFE_PP1P_ (rising edge-triggered flip-flop clocked by clk)
Endpoint: B[8] (output port clocked by clk)
Path Group: clk
Path Type: min

Fanout         Cap        Slew       Delay        Time   Description
---------------------------------------------------------------------------------------------
                                  0.000000    0.000000   clock clk (rise edge)
                                  0.000000    0.000000   clock source latency
     1    0.017067    0.032707    0.014869    0.014869 ^ clk (in)
                                                         clk (net)
                      0.032734    0.000000    0.014869 ^ clkbuf_0_clk/A (sg13g2_buf_8)
     4    0.050922    0.037727    0.081032    0.095901 ^ clkbuf_0_clk/X (sg13g2_buf_8)
                                                         clknet_0_clk (net)
                      0.038064    0.002744    0.098645 ^ clkbuf_2_0__f_clk/A (sg13g2_buf_8)
     8    0.032060    0.029222    0.076865    0.175510 ^ clkbuf_2_0__f_clk/X (sg13g2_buf_8)
                                                         clknet_2_0__leaf_clk (net)
                      0.029341    0.001804    0.177314 ^ B[8]$_SDFFE_PP1P_/CLK (sg13g2_dfrbpq_1)
     3    0.012142    0.045731    0.186332    0.363646 v B[8]$_SDFFE_PP1P_/Q (sg13g2_dfrbpq_1)
                                                         net41 (net)
                      0.045741    0.000669    0.364316 v output25/A (sg13g2_buf_1)
     1    0.009433    0.038590    0.084831    0.449147 v output25/X (sg13g2_buf_1)
                                                         B[8] (net)
                      0.038594    0.000442    0.449588 v B[8] (out)
                                              0.449588   data arrival time

                                  0.000000    0.000000   clock clk (rise edge)
                                  0.000000    0.000000   clock network delay (propagated)
                                  0.250000    0.250000   clock uncertainty
                                  0.000000    0.250000   clock reconvergence pessimism
                                 -2.000000   -1.750000   output external delay
                                             -1.750000   data required time
---------------------------------------------------------------------------------------------
                                             -1.750000   data required time
                                             -0.449588   data arrival time
---------------------------------------------------------------------------------------------
                                              2.199588   slack (MET)


Startpoint: B[2]$_SDFFE_PP1P_ (rising edge-triggered flip-flop clocked by clk)
Endpoint: B[2] (output port clocked by clk)
Path Group: clk
Path Type: min

Fanout         Cap        Slew       Delay        Time   Description
---------------------------------------------------------------------------------------------
                                  0.000000    0.000000   clock clk (rise edge)
                                  0.000000    0.000000   clock source latency
     1    0.017067    0.032707    0.014869    0.014869 ^ clk (in)
                                                         clk (net)
                      0.032734    0.000000    0.014869 ^ clkbuf_0_clk/A (sg13g2_buf_8)
     4    0.050922    0.037727    0.081032    0.095901 ^ clkbuf_0_clk/X (sg13g2_buf_8)
                                                         clknet_0_clk (net)
                      0.038041    0.002644    0.098545 ^ clkbuf_2_3__f_clk/A (sg13g2_buf_8)
     8    0.033901    0.030082    0.077782    0.176327 ^ clkbuf_2_3__f_clk/X (sg13g2_buf_8)
                                                         clknet_2_3__leaf_clk (net)
                      0.030089    0.000783    0.177110 ^ B[2]$_SDFFE_PP1P_/CLK (sg13g2_dfrbpq_1)
     3    0.014061    0.051421    0.191391    0.368501 v B[2]$_SDFFE_PP1P_/Q (sg13g2_dfrbpq_1)
                                                         net35 (net)
                      0.051438    0.000885    0.369386 v output19/A (sg13g2_buf_1)
     1    0.009833    0.039882    0.088300    0.457686 v output19/X (sg13g2_buf_1)
                                                         B[2] (net)
                      0.039885    0.000414    0.458100 v B[2] (out)
                                              0.458100   data arrival time

                                  0.000000    0.000000   clock clk (rise edge)
                                  0.000000    0.000000   clock network delay (propagated)
                                  0.250000    0.250000   clock uncertainty
                                  0.000000    0.250000   clock reconvergence pessimism
                                 -2.000000   -1.750000   output external delay
                                             -1.750000   data required time
---------------------------------------------------------------------------------------------
                                             -1.750000   data required time
                                             -0.458100   data arrival time
---------------------------------------------------------------------------------------------
                                              2.208100   slack (MET)


Startpoint: BN[11]$_SDFFE_PP1P_ (rising edge-triggered flip-flop clocked by clk)
Endpoint: BN[11] (output port clocked by clk)
Path Group: clk
Path Type: min

Fanout         Cap        Slew       Delay        Time   Description
---------------------------------------------------------------------------------------------
                                  0.000000    0.000000   clock clk (rise edge)
                                  0.000000    0.000000   clock source latency
     1    0.017067    0.032707    0.014869    0.014869 ^ clk (in)
                                                         clk (net)
                      0.032734    0.000000    0.014869 ^ clkbuf_0_clk/A (sg13g2_buf_8)
     4    0.050922    0.037727    0.081032    0.095901 ^ clkbuf_0_clk/X (sg13g2_buf_8)
                                                         clknet_0_clk (net)
                      0.038029    0.002588    0.098490 ^ clkbuf_2_1__f_clk/A (sg13g2_buf_8)
     7    0.028554    0.027711    0.075591    0.174081 ^ clkbuf_2_1__f_clk/X (sg13g2_buf_8)
                                                         clknet_2_1__leaf_clk (net)
                      0.027734    0.001309    0.175390 ^ BN[11]$_SDFFE_PP1P_/CLK (sg13g2_dfrbpq_1)
     4    0.011573    0.044040    0.184184    0.359574 v BN[11]$_SDFFE_PP1P_/Q (sg13g2_dfrbpq_1)
                                                         net55 (net)
                      0.044049    0.000616    0.360190 v _204_/A (sg13g2_buf_1)
     1    0.003259    0.021206    0.068954    0.429144 v _204_/X (sg13g2_buf_1)
                                                         net21 (net)
                      0.021206    0.000215    0.429359 v output5/A (sg13g2_buf_1)
     1    0.008254    0.034474    0.071288    0.500646 v output5/X (sg13g2_buf_1)
                                                         BN[11] (net)
                      0.034492    0.000717    0.501364 v BN[11] (out)
                                              0.501364   data arrival time

                                  0.000000    0.000000   clock clk (rise edge)
                                  0.000000    0.000000   clock network delay (propagated)
                                  0.250000    0.250000   clock uncertainty
                                  0.000000    0.250000   clock reconvergence pessimism
                                 -2.000000   -1.750000   output external delay
                                             -1.750000   data required time
---------------------------------------------------------------------------------------------
                                             -1.750000   data required time
                                             -0.501364   data arrival time
---------------------------------------------------------------------------------------------
                                              2.251364   slack (MET)


Startpoint: BN[11]$_SDFFE_PP1P_ (rising edge-triggered flip-flop clocked by clk)
Endpoint: D[0] (output port clocked by clk)
Path Group: clk
Path Type: min

Fanout         Cap        Slew       Delay        Time   Description
---------------------------------------------------------------------------------------------
                                  0.000000    0.000000   clock clk (rise edge)
                                  0.000000    0.000000   clock source latency
     1    0.017067    0.032707    0.014869    0.014869 ^ clk (in)
                                                         clk (net)
                      0.032734    0.000000    0.014869 ^ clkbuf_0_clk/A (sg13g2_buf_8)
     4    0.050922    0.037727    0.081032    0.095901 ^ clkbuf_0_clk/X (sg13g2_buf_8)
                                                         clknet_0_clk (net)
                      0.038029    0.002588    0.098490 ^ clkbuf_2_1__f_clk/A (sg13g2_buf_8)
     7    0.028554    0.027711    0.075591    0.174081 ^ clkbuf_2_1__f_clk/X (sg13g2_buf_8)
                                                         clknet_2_1__leaf_clk (net)
                      0.027734    0.001309    0.175390 ^ BN[11]$_SDFFE_PP1P_/CLK (sg13g2_dfrbpq_1)
     4    0.011757    0.056693    0.191729    0.367119 ^ BN[11]$_SDFFE_PP1P_/Q (sg13g2_dfrbpq_1)
                                                         net55 (net)
                      0.056699    0.000595    0.367713 ^ _153_/B (sg13g2_or2_1)
     1    0.003711    0.025926    0.076797    0.444510 ^ _153_/X (sg13g2_or2_1)
                                                         net43 (net)
                      0.025927    0.000244    0.444754 ^ output27/A (sg13g2_buf_1)
     1    0.009902    0.048730    0.078482    0.523236 ^ output27/X (sg13g2_buf_1)
                                                         D[0] (net)
                      0.048774    0.000839    0.524075 ^ D[0] (out)
                                              0.524075   data arrival time

                                  0.000000    0.000000   clock clk (rise edge)
                                  0.000000    0.000000   clock network delay (propagated)
                                  0.250000    0.250000   clock uncertainty
                                  0.000000    0.250000   clock reconvergence pessimism
                                 -2.000000   -1.750000   output external delay
                                             -1.750000   data required time
---------------------------------------------------------------------------------------------
                                             -1.750000   data required time
                                             -0.524075   data arrival time
---------------------------------------------------------------------------------------------
                                              2.274075   slack (MET)


Startpoint: B[5]$_SDFFE_PP1P_ (rising edge-triggered flip-flop clocked by clk)
Endpoint: D[6] (output port clocked by clk)
Path Group: clk
Path Type: min

Fanout         Cap        Slew       Delay        Time   Description
---------------------------------------------------------------------------------------------
                                  0.000000    0.000000   clock clk (rise edge)
                                  0.000000    0.000000   clock source latency
     1    0.017067    0.032707    0.014869    0.014869 ^ clk (in)
                                                         clk (net)
                      0.032734    0.000000    0.014869 ^ clkbuf_0_clk/A (sg13g2_buf_8)
     4    0.050922    0.037727    0.081032    0.095901 ^ clkbuf_0_clk/X (sg13g2_buf_8)
                                                         clknet_0_clk (net)
                      0.038082    0.002821    0.098722 ^ clkbuf_2_2__f_clk/A (sg13g2_buf_8)
     8    0.032833    0.029594    0.077306    0.176029 ^ clkbuf_2_2__f_clk/X (sg13g2_buf_8)
                                                         clknet_2_2__leaf_clk (net)
                      0.029603    0.000764    0.176793 ^ B[5]$_SDFFE_PP1P_/CLK (sg13g2_dfrbpq_1)
     3    0.009632    0.048592    0.186401    0.363194 ^ B[5]$_SDFFE_PP1P_/Q (sg13g2_dfrbpq_1)
                                                         net38 (net)
                      0.048607    0.000829    0.364023 ^ _161_/A1 (sg13g2_mux2_1)
     1    0.002664    0.026671    0.092101    0.456124 ^ _161_/X (sg13g2_mux2_1)
                                                         net51 (net)
                      0.026671    0.000104    0.456229 ^ output35/A (sg13g2_buf_1)
     1    0.008464    0.043212    0.074920    0.531148 ^ output35/X (sg13g2_buf_1)
                                                         D[6] (net)
                      0.043212    0.000227    0.531375 ^ D[6] (out)
                                              0.531375   data arrival time

                                  0.000000    0.000000   clock clk (rise edge)
                                  0.000000    0.000000   clock network delay (propagated)
                                  0.250000    0.250000   clock uncertainty
                                  0.000000    0.250000   clock reconvergence pessimism
                                 -2.000000   -1.750000   output external delay
                                             -1.750000   data required time
---------------------------------------------------------------------------------------------
                                             -1.750000   data required time
                                             -0.531375   data arrival time
---------------------------------------------------------------------------------------------
                                              2.281375   slack (MET)


Startpoint: B[6]$_SDFFE_PP1P_ (rising edge-triggered flip-flop clocked by clk)
Endpoint: D[7] (output port clocked by clk)
Path Group: clk
Path Type: min

Fanout         Cap        Slew       Delay        Time   Description
---------------------------------------------------------------------------------------------
                                  0.000000    0.000000   clock clk (rise edge)
                                  0.000000    0.000000   clock source latency
     1    0.017067    0.032707    0.014869    0.014869 ^ clk (in)
                                                         clk (net)
                      0.032734    0.000000    0.014869 ^ clkbuf_0_clk/A (sg13g2_buf_8)
     4    0.050922    0.037727    0.081032    0.095901 ^ clkbuf_0_clk/X (sg13g2_buf_8)
                                                         clknet_0_clk (net)
                      0.038041    0.002644    0.098545 ^ clkbuf_2_3__f_clk/A (sg13g2_buf_8)
     8    0.033901    0.030082    0.077782    0.176327 ^ clkbuf_2_3__f_clk/X (sg13g2_buf_8)
                                                         clknet_2_3__leaf_clk (net)
                      0.030100    0.001199    0.177526 ^ B[6]$_SDFFE_PP1P_/CLK (sg13g2_dfrbpq_1)
     3    0.008928    0.045939    0.184728    0.362255 ^ B[6]$_SDFFE_PP1P_/Q (sg13g2_dfrbpq_1)
                                                         net39 (net)
                      0.045944    0.000492    0.362747 ^ _162_/A1 (sg13g2_mux2_1)
     1    0.004415    0.032720    0.096672    0.459419 ^ _162_/X (sg13g2_mux2_1)
                                                         net52 (net)
                      0.032720    0.000321    0.459740 ^ output36/A (sg13g2_buf_1)
     1    0.006700    0.036536    0.072321    0.532061 ^ output36/X (sg13g2_buf_1)
                                                         D[7] (net)
                      0.036537    0.000277    0.532338 ^ D[7] (out)
                                              0.532338   data arrival time

                                  0.000000    0.000000   clock clk (rise edge)
                                  0.000000    0.000000   clock network delay (propagated)
                                  0.250000    0.250000   clock uncertainty
                                  0.000000    0.250000   clock reconvergence pessimism
                                 -2.000000   -1.750000   output external delay
                                             -1.750000   data required time
---------------------------------------------------------------------------------------------
                                             -1.750000   data required time
                                             -0.532338   data arrival time
---------------------------------------------------------------------------------------------
                                              2.282338   slack (MET)


Startpoint: B[0]$_SDFFE_PP1P_ (rising edge-triggered flip-flop clocked by clk)
Endpoint: D[1] (output port clocked by clk)
Path Group: clk
Path Type: min

Fanout         Cap        Slew       Delay        Time   Description
---------------------------------------------------------------------------------------------
                                  0.000000    0.000000   clock clk (rise edge)
                                  0.000000    0.000000   clock source latency
     1    0.017067    0.032707    0.014869    0.014869 ^ clk (in)
                                                         clk (net)
                      0.032734    0.000000    0.014869 ^ clkbuf_0_clk/A (sg13g2_buf_8)
     4    0.050922    0.037727    0.081032    0.095901 ^ clkbuf_0_clk/X (sg13g2_buf_8)
                                                         clknet_0_clk (net)
                      0.038064    0.002744    0.098645 ^ clkbuf_2_0__f_clk/A (sg13g2_buf_8)
     8    0.032060    0.029222    0.076865    0.175510 ^ clkbuf_2_0__f_clk/X (sg13g2_buf_8)
                                                         clknet_2_0__leaf_clk (net)
                      0.029316    0.001620    0.177130 ^ B[0]$_SDFFE_PP1P_/CLK (sg13g2_dfrbpq_1)
     3    0.009773    0.049208    0.186892    0.364022 ^ B[0]$_SDFFE_PP1P_/Q (sg13g2_dfrbpq_1)
                                                         net31 (net)
                      0.049209    0.000274    0.364296 ^ _156_/A1 (sg13g2_mux2_1)
     1    0.003181    0.028496    0.094051    0.458347 ^ _156_/X (sg13g2_mux2_1)
                                                         net46 (net)
                      0.028496    0.000122    0.458469 ^ output30/A (sg13g2_buf_1)
     1    0.007987    0.041353    0.074182    0.532651 ^ output30/X (sg13g2_buf_1)
                                                         D[1] (net)
                      0.041359    0.000501    0.533152 ^ D[1] (out)
                                              0.533152   data arrival time

                                  0.000000    0.000000   clock clk (rise edge)
                                  0.000000    0.000000   clock network delay (propagated)
                                  0.250000    0.250000   clock uncertainty
                                  0.000000    0.250000   clock reconvergence pessimism
                                 -2.000000   -1.750000   output external delay
                                             -1.750000   data required time
---------------------------------------------------------------------------------------------
                                             -1.750000   data required time
                                             -0.533152   data arrival time
---------------------------------------------------------------------------------------------
                                              2.283152   slack (MET)


Startpoint: B[4]$_SDFFE_PP1P_ (rising edge-triggered flip-flop clocked by clk)
Endpoint: D[5] (output port clocked by clk)
Path Group: clk
Path Type: min

Fanout         Cap        Slew       Delay        Time   Description
---------------------------------------------------------------------------------------------
                                  0.000000    0.000000   clock clk (rise edge)
                                  0.000000    0.000000   clock source latency
     1    0.017067    0.032707    0.014869    0.014869 ^ clk (in)
                                                         clk (net)
                      0.032734    0.000000    0.014869 ^ clkbuf_0_clk/A (sg13g2_buf_8)
     4    0.050922    0.037727    0.081032    0.095901 ^ clkbuf_0_clk/X (sg13g2_buf_8)
                                                         clknet_0_clk (net)
                      0.038064    0.002744    0.098645 ^ clkbuf_2_0__f_clk/A (sg13g2_buf_8)
     8    0.032060    0.029222    0.076865    0.175510 ^ clkbuf_2_0__f_clk/X (sg13g2_buf_8)
                                                         clknet_2_0__leaf_clk (net)
                      0.029344    0.001828    0.177338 ^ B[4]$_SDFFE_PP1P_/CLK (sg13g2_dfrbpq_1)
     3    0.010373    0.051414    0.188509    0.365847 ^ B[4]$_SDFFE_PP1P_/Q (sg13g2_dfrbpq_1)
                                                         net37 (net)
                      0.051421    0.000640    0.366487 ^ _160_/A1 (sg13g2_mux2_1)
     1    0.003903    0.031031    0.097345    0.463832 ^ _160_/X (sg13g2_mux2_1)
                                                         net50 (net)
                      0.031031    0.000242    0.464074 ^ output34/A (sg13g2_buf_1)
     1    0.007689    0.040284    0.074475    0.538549 ^ output34/X (sg13g2_buf_1)
                                                         D[5] (net)
                      0.040286    0.000328    0.538877 ^ D[5] (out)
                                              0.538877   data arrival time

                                  0.000000    0.000000   clock clk (rise edge)
                                  0.000000    0.000000   clock network delay (propagated)
                                  0.250000    0.250000   clock uncertainty
                                  0.000000    0.250000   clock reconvergence pessimism
                                 -2.000000   -1.750000   output external delay
                                             -1.750000   data required time
---------------------------------------------------------------------------------------------
                                             -1.750000   data required time
                                             -0.538877   data arrival time
---------------------------------------------------------------------------------------------
                                              2.288877   slack (MET)


Startpoint: B[10]$_SDFFE_PP1P_ (rising edge-triggered flip-flop clocked by clk)
Endpoint: D[11] (output port clocked by clk)
Path Group: clk
Path Type: min

Fanout         Cap        Slew       Delay        Time   Description
---------------------------------------------------------------------------------------------
                                  0.000000    0.000000   clock clk (rise edge)
                                  0.000000    0.000000   clock source latency
     1    0.017067    0.032707    0.014869    0.014869 ^ clk (in)
                                                         clk (net)
                      0.032734    0.000000    0.014869 ^ clkbuf_0_clk/A (sg13g2_buf_8)
     4    0.050922    0.037727    0.081032    0.095901 ^ clkbuf_0_clk/X (sg13g2_buf_8)
                                                         clknet_0_clk (net)
                      0.038082    0.002821    0.098722 ^ clkbuf_2_2__f_clk/A (sg13g2_buf_8)
     8    0.032833    0.029594    0.077306    0.176029 ^ clkbuf_2_2__f_clk/X (sg13g2_buf_8)
                                                         clknet_2_2__leaf_clk (net)
                      0.029664    0.001455    0.177484 ^ B[10]$_SDFFE_PP1P_/CLK (sg13g2_dfrbpq_1)
     3    0.008083    0.042776    0.182185    0.359669 ^ B[10]$_SDFFE_PP1P_/Q (sg13g2_dfrbpq_1)
                                                         net32 (net)
                      0.042777    0.000253    0.359922 ^ _155_/A1 (sg13g2_mux2_1)
     1    0.005272    0.035737    0.098129    0.458051 ^ _155_/X (sg13g2_mux2_1)
                                                         net45 (net)
                      0.035738    0.000361    0.458412 ^ output29/A (sg13g2_buf_1)
     1    0.009541    0.047585    0.081772    0.540185 ^ output29/X (sg13g2_buf_1)
                                                         D[11] (net)
                      0.047594    0.000629    0.540814 ^ D[11] (out)
                                              0.540814   data arrival time

                                  0.000000    0.000000   clock clk (rise edge)
                                  0.000000    0.000000   clock network delay (propagated)
                                  0.250000    0.250000   clock uncertainty
                                  0.000000    0.250000   clock reconvergence pessimism
                                 -2.000000   -1.750000   output external delay
                                             -1.750000   data required time
---------------------------------------------------------------------------------------------
                                             -1.750000   data required time
                                             -0.540814   data arrival time
---------------------------------------------------------------------------------------------
                                              2.290814   slack (MET)


Startpoint: BN[2]$_SDFFE_PP1P_ (rising edge-triggered flip-flop clocked by clk)
Endpoint: D[3] (output port clocked by clk)
Path Group: clk
Path Type: min

Fanout         Cap        Slew       Delay        Time   Description
---------------------------------------------------------------------------------------------
                                  0.000000    0.000000   clock clk (rise edge)
                                  0.000000    0.000000   clock source latency
     1    0.017067    0.032707    0.014869    0.014869 ^ clk (in)
                                                         clk (net)
                      0.032734    0.000000    0.014869 ^ clkbuf_0_clk/A (sg13g2_buf_8)
     4    0.050922    0.037727    0.081032    0.095901 ^ clkbuf_0_clk/X (sg13g2_buf_8)
                                                         clknet_0_clk (net)
                      0.038041    0.002644    0.098545 ^ clkbuf_2_3__f_clk/A (sg13g2_buf_8)
     8    0.033901    0.030082    0.077782    0.176327 ^ clkbuf_2_3__f_clk/X (sg13g2_buf_8)
                                                         clknet_2_3__leaf_clk (net)
                      0.030113    0.001327    0.177655 ^ BN[2]$_SDFFE_PP1P_/CLK (sg13g2_dfrbpq_1)
     3    0.009818    0.049314    0.187359    0.365014 ^ BN[2]$_SDFFE_PP1P_/Q (sg13g2_dfrbpq_1)
                                                         net23 (net)
                      0.049318    0.000485    0.365499 ^ _158_/A0 (sg13g2_mux2_1)
     1    0.004234    0.032079    0.101500    0.466999 ^ _158_/X (sg13g2_mux2_1)
                                                         net48 (net)
                      0.032085    0.000293    0.467292 ^ output32/A (sg13g2_buf_1)
     1    0.008008    0.041549    0.075856    0.543148 ^ output32/X (sg13g2_buf_1)
                                                         D[3] (net)
                      0.041551    0.000340    0.543488 ^ D[3] (out)
                                              0.543488   data arrival time

                                  0.000000    0.000000   clock clk (rise edge)
                                  0.000000    0.000000   clock network delay (propagated)
                                  0.250000    0.250000   clock uncertainty
                                  0.000000    0.250000   clock reconvergence pessimism
                                 -2.000000   -1.750000   output external delay
                                             -1.750000   data required time
---------------------------------------------------------------------------------------------
                                             -1.750000   data required time
                                             -0.543488   data arrival time
---------------------------------------------------------------------------------------------
                                              2.293488   slack (MET)


Startpoint: B[9]$_SDFFE_PP1P_ (rising edge-triggered flip-flop clocked by clk)
Endpoint: D[10] (output port clocked by clk)
Path Group: clk
Path Type: min

Fanout         Cap        Slew       Delay        Time   Description
---------------------------------------------------------------------------------------------
                                  0.000000    0.000000   clock clk (rise edge)
                                  0.000000    0.000000   clock source latency
     1    0.017067    0.032707    0.014869    0.014869 ^ clk (in)
                                                         clk (net)
                      0.032734    0.000000    0.014869 ^ clkbuf_0_clk/A (sg13g2_buf_8)
     4    0.050922    0.037727    0.081032    0.095901 ^ clkbuf_0_clk/X (sg13g2_buf_8)
                                                         clknet_0_clk (net)
                      0.038082    0.002821    0.098722 ^ clkbuf_2_2__f_clk/A (sg13g2_buf_8)
     8    0.032833    0.029594    0.077306    0.176029 ^ clkbuf_2_2__f_clk/X (sg13g2_buf_8)
                                                         clknet_2_2__leaf_clk (net)
                      0.029684    0.001635    0.177663 ^ B[9]$_SDFFE_PP1P_/CLK (sg13g2_dfrbpq_1)
     3    0.011412    0.055370    0.191600    0.369263 ^ B[9]$_SDFFE_PP1P_/Q (sg13g2_dfrbpq_1)
                                                         net42 (net)
                      0.055386    0.000901    0.370164 ^ _154_/A1 (sg13g2_mux2_1)
     1    0.004610    0.033514    0.101326    0.471490 ^ _154_/X (sg13g2_mux2_1)
                                                         net44 (net)
                      0.033515    0.000330    0.471820 ^ output28/A (sg13g2_buf_1)
     1    0.007262    0.038715    0.074297    0.546117 ^ output28/X (sg13g2_buf_1)
                                                         D[10] (net)
                      0.038716    0.000304    0.546422 ^ D[10] (out)
                                              0.546422   data arrival time

                                  0.000000    0.000000   clock clk (rise edge)
                                  0.000000    0.000000   clock network delay (propagated)
                                  0.250000    0.250000   clock uncertainty
                                  0.000000    0.250000   clock reconvergence pessimism
                                 -2.000000   -1.750000   output external delay
                                             -1.750000   data required time
---------------------------------------------------------------------------------------------
                                             -1.750000   data required time
                                             -0.546422   data arrival time
---------------------------------------------------------------------------------------------
                                              2.296422   slack (MET)


Startpoint: B[1]$_SDFFE_PP1P_ (rising edge-triggered flip-flop clocked by clk)
Endpoint: D[2] (output port clocked by clk)
Path Group: clk
Path Type: min

Fanout         Cap        Slew       Delay        Time   Description
---------------------------------------------------------------------------------------------
                                  0.000000    0.000000   clock clk (rise edge)
                                  0.000000    0.000000   clock source latency
     1    0.017067    0.032707    0.014869    0.014869 ^ clk (in)
                                                         clk (net)
                      0.032734    0.000000    0.014869 ^ clkbuf_0_clk/A (sg13g2_buf_8)
     4    0.050922    0.037727    0.081032    0.095901 ^ clkbuf_0_clk/X (sg13g2_buf_8)
                                                         clknet_0_clk (net)
                      0.038064    0.002744    0.098645 ^ clkbuf_2_0__f_clk/A (sg13g2_buf_8)
     8    0.032060    0.029222    0.076865    0.175510 ^ clkbuf_2_0__f_clk/X (sg13g2_buf_8)
                                                         clknet_2_0__leaf_clk (net)
                      0.029350    0.001870    0.177381 ^ B[1]$_SDFFE_PP1P_/CLK (sg13g2_dfrbpq_1)
     3    0.009898    0.049675    0.187283    0.364664 ^ B[1]$_SDFFE_PP1P_/Q (sg13g2_dfrbpq_1)
                                                         net34 (net)
                      0.049678    0.000424    0.365088 ^ _157_/A1 (sg13g2_mux2_1)
     1    0.006232    0.039263    0.104207    0.469295 ^ _157_/X (sg13g2_mux2_1)
                                                         net47 (net)
                      0.039267    0.000389    0.469684 ^ output31/A (sg13g2_buf_1)
     1    0.007280    0.038961    0.076820    0.546504 ^ output31/X (sg13g2_buf_1)
                                                         D[2] (net)
                      0.038962    0.000302    0.546806 ^ D[2] (out)
                                              0.546806   data arrival time

                                  0.000000    0.000000   clock clk (rise edge)
                                  0.000000    0.000000   clock network delay (propagated)
                                  0.250000    0.250000   clock uncertainty
                                  0.000000    0.250000   clock reconvergence pessimism
                                 -2.000000   -1.750000   output external delay
                                             -1.750000   data required time
---------------------------------------------------------------------------------------------
                                             -1.750000   data required time
                                             -0.546806   data arrival time
---------------------------------------------------------------------------------------------
                                              2.296805   slack (MET)


Startpoint: BN[8]$_SDFFE_PP1P_ (rising edge-triggered flip-flop clocked by clk)
Endpoint: D[9] (output port clocked by clk)
Path Group: clk
Path Type: min

Fanout         Cap        Slew       Delay        Time   Description
---------------------------------------------------------------------------------------------
                                  0.000000    0.000000   clock clk (rise edge)
                                  0.000000    0.000000   clock source latency
     1    0.017067    0.032707    0.014869    0.014869 ^ clk (in)
                                                         clk (net)
                      0.032734    0.000000    0.014869 ^ clkbuf_0_clk/A (sg13g2_buf_8)
     4    0.050922    0.037727    0.081032    0.095901 ^ clkbuf_0_clk/X (sg13g2_buf_8)
                                                         clknet_0_clk (net)
                      0.038064    0.002744    0.098645 ^ clkbuf_2_0__f_clk/A (sg13g2_buf_8)
     8    0.032060    0.029222    0.076865    0.175510 ^ clkbuf_2_0__f_clk/X (sg13g2_buf_8)
                                                         clknet_2_0__leaf_clk (net)
                      0.029343    0.001820    0.177331 ^ BN[8]$_SDFFE_PP1P_/CLK (sg13g2_dfrbpq_1)
     3    0.010046    0.050168    0.187512    0.364843 ^ BN[8]$_SDFFE_PP1P_/Q (sg13g2_dfrbpq_1)
                                                         net29 (net)
                      0.050183    0.000821    0.365663 ^ _164_/A0 (sg13g2_mux2_1)
     1    0.005516    0.036709    0.105850    0.471513 ^ _164_/X (sg13g2_mux2_1)
                                                         net54 (net)
                      0.036710    0.000353    0.471867 ^ output38/A (sg13g2_buf_1)
     1    0.008814    0.044795    0.080175    0.552041 ^ output38/X (sg13g2_buf_1)
                                                         D[9] (net)
                      0.044798    0.000391    0.552433 ^ D[9] (out)
                                              0.552433   data arrival time

                                  0.000000    0.000000   clock clk (rise edge)
                                  0.000000    0.000000   clock network delay (propagated)
                                  0.250000    0.250000   clock uncertainty
                                  0.000000    0.250000   clock reconvergence pessimism
                                 -2.000000   -1.750000   output external delay
                                             -1.750000   data required time
---------------------------------------------------------------------------------------------
                                             -1.750000   data required time
                                             -0.552433   data arrival time
---------------------------------------------------------------------------------------------
                                              2.302433   slack (MET)


Startpoint: B[3]$_SDFFE_PP1P_ (rising edge-triggered flip-flop clocked by clk)
Endpoint: D[4] (output port clocked by clk)
Path Group: clk
Path Type: min

Fanout         Cap        Slew       Delay        Time   Description
---------------------------------------------------------------------------------------------
                                  0.000000    0.000000   clock clk (rise edge)
                                  0.000000    0.000000   clock source latency
     1    0.017067    0.032707    0.014869    0.014869 ^ clk (in)
                                                         clk (net)
                      0.032734    0.000000    0.014869 ^ clkbuf_0_clk/A (sg13g2_buf_8)
     4    0.050922    0.037727    0.081032    0.095901 ^ clkbuf_0_clk/X (sg13g2_buf_8)
                                                         clknet_0_clk (net)
                      0.038029    0.002588    0.098490 ^ clkbuf_2_1__f_clk/A (sg13g2_buf_8)
     7    0.028554    0.027711    0.075591    0.174081 ^ clkbuf_2_1__f_clk/X (sg13g2_buf_8)
                                                         clknet_2_1__leaf_clk (net)
                      0.027742    0.001420    0.175501 ^ B[3]$_SDFFE_PP1P_/CLK (sg13g2_dfrbpq_1)
     3    0.012240    0.058537    0.193058    0.368559 ^ B[3]$_SDFFE_PP1P_/Q (sg13g2_dfrbpq_1)
                                                         net36 (net)
                      0.058544    0.000651    0.369210 ^ _159_/A1 (sg13g2_mux2_1)
     1    0.005904    0.038001    0.106979    0.476188 ^ _159_/X (sg13g2_mux2_1)
                                                         net49 (net)
                      0.038002    0.000196    0.476385 ^ output33/A (sg13g2_buf_1)
     1    0.008807    0.044788    0.080541    0.556926 ^ output33/X (sg13g2_buf_1)
                                                         D[4] (net)
                      0.044801    0.000723    0.557648 ^ D[4] (out)
                                              0.557648   data arrival time

                                  0.000000    0.000000   clock clk (rise edge)
                                  0.000000    0.000000   clock network delay (propagated)
                                  0.250000    0.250000   clock uncertainty
                                  0.000000    0.250000   clock reconvergence pessimism
                                 -2.000000   -1.750000   output external delay
                                             -1.750000   data required time
---------------------------------------------------------------------------------------------
                                             -1.750000   data required time
                                             -0.557648   data arrival time
---------------------------------------------------------------------------------------------
                                              2.307648   slack (MET)


Startpoint: B[7]$_SDFFE_PP1P_ (rising edge-triggered flip-flop clocked by clk)
Endpoint: D[8] (output port clocked by clk)
Path Group: clk
Path Type: min

Fanout         Cap        Slew       Delay        Time   Description
---------------------------------------------------------------------------------------------
                                  0.000000    0.000000   clock clk (rise edge)
                                  0.000000    0.000000   clock source latency
     1    0.017067    0.032707    0.014869    0.014869 ^ clk (in)
                                                         clk (net)
                      0.032734    0.000000    0.014869 ^ clkbuf_0_clk/A (sg13g2_buf_8)
     4    0.050922    0.037727    0.081032    0.095901 ^ clkbuf_0_clk/X (sg13g2_buf_8)
                                                         clknet_0_clk (net)
                      0.038041    0.002644    0.098545 ^ clkbuf_2_3__f_clk/A (sg13g2_buf_8)
     8    0.033901    0.030082    0.077782    0.176327 ^ clkbuf_2_3__f_clk/X (sg13g2_buf_8)
                                                         clknet_2_3__leaf_clk (net)
                      0.030098    0.001172    0.177499 ^ B[7]$_SDFFE_PP1P_/CLK (sg13g2_dfrbpq_1)
     3    0.010875    0.053418    0.190412    0.367911 ^ B[7]$_SDFFE_PP1P_/Q (sg13g2_dfrbpq_1)
                                                         net40 (net)
                      0.053423    0.000537    0.368448 ^ _163_/A1 (sg13g2_mux2_1)
     1    0.005548    0.036701    0.103536    0.471984 ^ _163_/X (sg13g2_mux2_1)
                                                         net53 (net)
                      0.036708    0.000489    0.472473 ^ output37/A (sg13g2_buf_1)
     1    0.010834    0.052749    0.086078    0.558550 ^ output37/X (sg13g2_buf_1)
                                                         D[8] (net)
                      0.052752    0.000454    0.559005 ^ D[8] (out)
                                              0.559005   data arrival time

                                  0.000000    0.000000   clock clk (rise edge)
                                  0.000000    0.000000   clock network delay (propagated)
                                  0.250000    0.250000   clock uncertainty
                                  0.000000    0.250000   clock reconvergence pessimism
                                 -2.000000   -1.750000   output external delay
                                             -1.750000   data required time
---------------------------------------------------------------------------------------------
                                             -1.750000   data required time
                                             -0.559005   data arrival time
---------------------------------------------------------------------------------------------
                                              2.309005   slack (MET)


Startpoint: B[11]$_SDFFE_PP1P_ (rising edge-triggered flip-flop clocked by clk)
Endpoint: B[11] (output port clocked by clk)
Path Group: clk
Path Type: min

Fanout         Cap        Slew       Delay        Time   Description
---------------------------------------------------------------------------------------------
                                  0.000000    0.000000   clock clk (rise edge)
                                  0.000000    0.000000   clock source latency
     1    0.017067    0.032707    0.014869    0.014869 ^ clk (in)
                                                         clk (net)
                      0.032734    0.000000    0.014869 ^ clkbuf_0_clk/A (sg13g2_buf_8)
     4    0.050922    0.037727    0.081032    0.095901 ^ clkbuf_0_clk/X (sg13g2_buf_8)
                                                         clknet_0_clk (net)
                      0.038082    0.002821    0.098722 ^ clkbuf_2_2__f_clk/A (sg13g2_buf_8)
     8    0.032833    0.029594    0.077306    0.176029 ^ clkbuf_2_2__f_clk/X (sg13g2_buf_8)
                                                         clknet_2_2__leaf_clk (net)
                      0.029659    0.001409    0.177438 ^ B[11]$_SDFFE_PP1P_/CLK (sg13g2_dfrbpq_2)
     2    0.011261    0.036846    0.188748    0.366186 ^ B[11]$_SDFFE_PP1P_/Q (sg13g2_dfrbpq_2)
                                                         net10 (net)
                      0.036849    0.000079    0.366265 ^ hold43/A (sg13g2_dlygate4sd3_1)
     1    0.009117    0.056353    0.382589    0.748855 ^ hold43/X (sg13g2_dlygate4sd3_1)
                                                         net126 (net)
                      0.056353    0.000374    0.749229 ^ fanout10/A (sg13g2_buf_8)
     8    0.060097    0.042959    0.095864    0.845093 ^ fanout10/X (sg13g2_buf_8)
                                                         net33 (net)
                      0.043100    0.001899    0.846992 ^ output17/A (sg13g2_buf_1)
     1    0.007490    0.039878    0.079072    0.926064 ^ output17/X (sg13g2_buf_1)
                                                         B[11] (net)
                      0.039880    0.000318    0.926382 ^ B[11] (out)
                                              0.926382   data arrival time

                                  0.000000    0.000000   clock clk (rise edge)
                                  0.000000    0.000000   clock network delay (propagated)
                                  0.250000    0.250000   clock uncertainty
                                  0.000000    0.250000   clock reconvergence pessimism
                                 -2.000000   -1.750000   output external delay
                                             -1.750000   data required time
---------------------------------------------------------------------------------------------
                                             -1.750000   data required time
                                             -0.926382   data arrival time
---------------------------------------------------------------------------------------------
                                              2.676382   slack (MET)



