
===========================================================================
report_checks -path_delay max (Setup)
============================================================================
======================= nom_typ_1p20V_25C Corner ===================================

Startpoint: B[11]$_SDFFE_PP1P_ (rising edge-triggered flip-flop clocked by clk)
Endpoint: D[10] (output port clocked by clk)
Path Group: clk
Path Type: max

Fanout         Cap        Slew       Delay        Time   Description
---------------------------------------------------------------------------------------------
                                  0.000000    0.000000   clock clk (rise edge)
                                  0.000000    0.000000   clock source latency
     1    0.014354    0.030345    0.011855    0.011855 ^ clk (in)
                                                         clk (net)
                      0.030346    0.000000    0.011855 ^ clkbuf_0_clk/A (sg13g2_buf_8)
     4    0.045105    0.034859    0.078783    0.090638 ^ clkbuf_0_clk/X (sg13g2_buf_8)
                                                         clknet_0_clk (net)
                      0.034859    0.000195    0.090834 ^ clkbuf_2_2__f_clk/A (sg13g2_buf_8)
     8    0.029379    0.028000    0.074867    0.165701 ^ clkbuf_2_2__f_clk/X (sg13g2_buf_8)
                                                         clknet_2_2__leaf_clk (net)
                      0.028000    0.000016    0.165717 ^ B[11]$_SDFFE_PP1P_/CLK (sg13g2_dfrbpq_2)
     2    0.018091    0.050908    0.198785    0.364502 ^ B[11]$_SDFFE_PP1P_/Q (sg13g2_dfrbpq_2)
                                                         net10 (net)
                      0.050908    0.000006    0.364507 ^ fanout10/A (sg13g2_buf_8)
     8    0.048687    0.037286    0.090134    0.454642 ^ fanout10/X (sg13g2_buf_8)
                                                         net33 (net)
                      0.037292    0.000447    0.455089 ^ _154_/S (sg13g2_mux2_1)
     1    0.004284    0.038413    0.156285    0.611374 v _154_/X (sg13g2_mux2_1)
                                                         net44 (net)
                      0.038413    0.000024    0.611398 v output28/A (sg13g2_buf_1)
     1    0.006994    0.031254    0.075883    0.687281 v output28/X (sg13g2_buf_1)
                                                         D[10] (net)
                      0.031254    0.000024    0.687305 v D[10] (out)
                                              0.687305   data arrival time

                                 10.000000   10.000000   clock clk (rise edge)
                                  0.000000   10.000000   clock network delay (propagated)
                                 -0.250000    9.750000   clock uncertainty
                                  0.000000    9.750000   clock reconvergence pessimism
                                 -2.000000    7.750000   output external delay
                                              7.750000   data required time
---------------------------------------------------------------------------------------------
                                              7.750000   data required time
                                             -0.687305   data arrival time
---------------------------------------------------------------------------------------------
                                              7.062695   slack (MET)


Startpoint: B[11]$_SDFFE_PP1P_ (rising edge-triggered flip-flop clocked by clk)
Endpoint: D[9] (output port clocked by clk)
Path Group: clk
Path Type: max

Fanout         Cap        Slew       Delay        Time   Description
---------------------------------------------------------------------------------------------
                                  0.000000    0.000000   clock clk (rise edge)
                                  0.000000    0.000000   clock source latency
     1    0.014354    0.030345    0.011855    0.011855 ^ clk (in)
                                                         clk (net)
                      0.030346    0.000000    0.011855 ^ clkbuf_0_clk/A (sg13g2_buf_8)
     4    0.045105    0.034859    0.078783    0.090638 ^ clkbuf_0_clk/X (sg13g2_buf_8)
                                                         clknet_0_clk (net)
                      0.034859    0.000195    0.090834 ^ clkbuf_2_2__f_clk/A (sg13g2_buf_8)
     8    0.029379    0.028000    0.074867    0.165701 ^ clkbuf_2_2__f_clk/X (sg13g2_buf_8)
                                                         clknet_2_2__leaf_clk (net)
                      0.028000    0.000016    0.165717 ^ B[11]$_SDFFE_PP1P_/CLK (sg13g2_dfrbpq_2)
     2    0.018091    0.050908    0.198785    0.364502 ^ B[11]$_SDFFE_PP1P_/Q (sg13g2_dfrbpq_2)
                                                         net10 (net)
                      0.050908    0.000006    0.364507 ^ fanout10/A (sg13g2_buf_8)
     8    0.048687    0.037286    0.090134    0.454642 ^ fanout10/X (sg13g2_buf_8)
                                                         net33 (net)
                      0.037293    0.000480    0.455122 ^ _164_/S (sg13g2_mux2_1)
     1    0.004298    0.038371    0.156329    0.611451 v _164_/X (sg13g2_mux2_1)
                                                         net54 (net)
                      0.038371    0.000025    0.611476 v output38/A (sg13g2_buf_1)
     1    0.006656    0.030286    0.075029    0.686505 v output38/X (sg13g2_buf_1)
                                                         D[9] (net)
                      0.030286    0.000016    0.686520 v D[9] (out)
                                              0.686520   data arrival time

                                 10.000000   10.000000   clock clk (rise edge)
                                  0.000000   10.000000   clock network delay (propagated)
                                 -0.250000    9.750000   clock uncertainty
                                  0.000000    9.750000   clock reconvergence pessimism
                                 -2.000000    7.750000   output external delay
                                              7.750000   data required time
---------------------------------------------------------------------------------------------
                                              7.750000   data required time
                                             -0.686520   data arrival time
---------------------------------------------------------------------------------------------
                                              7.063480   slack (MET)


Startpoint: B[11]$_SDFFE_PP1P_ (rising edge-triggered flip-flop clocked by clk)
Endpoint: D[5] (output port clocked by clk)
Path Group: clk
Path Type: max

Fanout         Cap        Slew       Delay        Time   Description
---------------------------------------------------------------------------------------------
                                  0.000000    0.000000   clock clk (rise edge)
                                  0.000000    0.000000   clock source latency
     1    0.014354    0.030345    0.011855    0.011855 ^ clk (in)
                                                         clk (net)
                      0.030346    0.000000    0.011855 ^ clkbuf_0_clk/A (sg13g2_buf_8)
     4    0.045105    0.034859    0.078783    0.090638 ^ clkbuf_0_clk/X (sg13g2_buf_8)
                                                         clknet_0_clk (net)
                      0.034859    0.000195    0.090834 ^ clkbuf_2_2__f_clk/A (sg13g2_buf_8)
     8    0.029379    0.028000    0.074867    0.165701 ^ clkbuf_2_2__f_clk/X (sg13g2_buf_8)
                                                         clknet_2_2__leaf_clk (net)
                      0.028000    0.000016    0.165717 ^ B[11]$_SDFFE_PP1P_/CLK (sg13g2_dfrbpq_2)
     2    0.018091    0.050908    0.198785    0.364502 ^ B[11]$_SDFFE_PP1P_/Q (sg13g2_dfrbpq_2)
                                                         net10 (net)
                      0.050908    0.000006    0.364507 ^ fanout10/A (sg13g2_buf_8)
     8    0.048687    0.037286    0.090134    0.454642 ^ fanout10/X (sg13g2_buf_8)
                                                         net33 (net)
                      0.037291    0.000431    0.455072 ^ _160_/S (sg13g2_mux2_1)
     1    0.003778    0.037135    0.154795    0.609867 v _160_/X (sg13g2_mux2_1)
                                                         net50 (net)
                      0.037135    0.000017    0.609885 v output34/A (sg13g2_buf_1)
     1    0.007077    0.031457    0.075544    0.685429 v output34/X (sg13g2_buf_1)
                                                         D[5] (net)
                      0.031457    0.000026    0.685455 v D[5] (out)
                                              0.685455   data arrival time

                                 10.000000   10.000000   clock clk (rise edge)
                                  0.000000   10.000000   clock network delay (propagated)
                                 -0.250000    9.750000   clock uncertainty
                                  0.000000    9.750000   clock reconvergence pessimism
                                 -2.000000    7.750000   output external delay
                                              7.750000   data required time
---------------------------------------------------------------------------------------------
                                              7.750000   data required time
                                             -0.685455   data arrival time
---------------------------------------------------------------------------------------------
                                              7.064545   slack (MET)


Startpoint: B[11]$_SDFFE_PP1P_ (rising edge-triggered flip-flop clocked by clk)
Endpoint: D[1] (output port clocked by clk)
Path Group: clk
Path Type: max

Fanout         Cap        Slew       Delay        Time   Description
---------------------------------------------------------------------------------------------
                                  0.000000    0.000000   clock clk (rise edge)
                                  0.000000    0.000000   clock source latency
     1    0.014354    0.030345    0.011855    0.011855 ^ clk (in)
                                                         clk (net)
                      0.030346    0.000000    0.011855 ^ clkbuf_0_clk/A (sg13g2_buf_8)
     4    0.045105    0.034859    0.078783    0.090638 ^ clkbuf_0_clk/X (sg13g2_buf_8)
                                                         clknet_0_clk (net)
                      0.034859    0.000195    0.090834 ^ clkbuf_2_2__f_clk/A (sg13g2_buf_8)
     8    0.029379    0.028000    0.074867    0.165701 ^ clkbuf_2_2__f_clk/X (sg13g2_buf_8)
                                                         clknet_2_2__leaf_clk (net)
                      0.028000    0.000016    0.165717 ^ B[11]$_SDFFE_PP1P_/CLK (sg13g2_dfrbpq_2)
     2    0.018091    0.050908    0.198785    0.364502 ^ B[11]$_SDFFE_PP1P_/Q (sg13g2_dfrbpq_2)
                                                         net10 (net)
                      0.050908    0.000006    0.364507 ^ fanout10/A (sg13g2_buf_8)
     8    0.048687    0.037286    0.090134    0.454642 ^ fanout10/X (sg13g2_buf_8)
                                                         net33 (net)
                      0.037294    0.000502    0.455144 ^ _156_/S (sg13g2_mux2_1)
     1    0.002982    0.035198    0.152453    0.607597 v _156_/X (sg13g2_mux2_1)
                                                         net46 (net)
                      0.035198    0.000007    0.607604 v output30/A (sg13g2_buf_1)
     1    0.008295    0.034930    0.077720    0.685324 v output30/X (sg13g2_buf_1)
                                                         D[1] (net)
                      0.034930    0.000059    0.685383 v D[1] (out)
                                              0.685383   data arrival time

                                 10.000000   10.000000   clock clk (rise edge)
                                  0.000000   10.000000   clock network delay (propagated)
                                 -0.250000    9.750000   clock uncertainty
                                  0.000000    9.750000   clock reconvergence pessimism
                                 -2.000000    7.750000   output external delay
                                              7.750000   data required time
---------------------------------------------------------------------------------------------
                                              7.750000   data required time
                                             -0.685383   data arrival time
---------------------------------------------------------------------------------------------
                                              7.064617   slack (MET)


Startpoint: B[11]$_SDFFE_PP1P_ (rising edge-triggered flip-flop clocked by clk)
Endpoint: D[6] (output port clocked by clk)
Path Group: clk
Path Type: max

Fanout         Cap        Slew       Delay        Time   Description
---------------------------------------------------------------------------------------------
                                  0.000000    0.000000   clock clk (rise edge)
                                  0.000000    0.000000   clock source latency
     1    0.014354    0.030345    0.011855    0.011855 ^ clk (in)
                                                         clk (net)
                      0.030346    0.000000    0.011855 ^ clkbuf_0_clk/A (sg13g2_buf_8)
     4    0.045105    0.034859    0.078783    0.090638 ^ clkbuf_0_clk/X (sg13g2_buf_8)
                                                         clknet_0_clk (net)
                      0.034859    0.000195    0.090834 ^ clkbuf_2_2__f_clk/A (sg13g2_buf_8)
     8    0.029379    0.028000    0.074867    0.165701 ^ clkbuf_2_2__f_clk/X (sg13g2_buf_8)
                                                         clknet_2_2__leaf_clk (net)
                      0.028000    0.000016    0.165717 ^ B[11]$_SDFFE_PP1P_/CLK (sg13g2_dfrbpq_2)
     2    0.018091    0.050908    0.198785    0.364502 ^ B[11]$_SDFFE_PP1P_/Q (sg13g2_dfrbpq_2)
                                                         net10 (net)
                      0.050908    0.000006    0.364507 ^ fanout10/A (sg13g2_buf_8)
     8    0.048687    0.037286    0.090134    0.454642 ^ fanout10/X (sg13g2_buf_8)
                                                         net33 (net)
                      0.037292    0.000460    0.455101 ^ _161_/S (sg13g2_mux2_1)
     1    0.002672    0.034795    0.151538    0.606639 v _161_/X (sg13g2_mux2_1)
                                                         net51 (net)
                      0.034795    0.000004    0.606643 v output35/A (sg13g2_buf_1)
     1    0.007992    0.034038    0.076803    0.683446 v output35/X (sg13g2_buf_1)
                                                         D[6] (net)
                      0.034038    0.000049    0.683496 v D[6] (out)
                                              0.683496   data arrival time

                                 10.000000   10.000000   clock clk (rise edge)
                                  0.000000   10.000000   clock network delay (propagated)
                                 -0.250000    9.750000   clock uncertainty
                                  0.000000    9.750000   clock reconvergence pessimism
                                 -2.000000    7.750000   output external delay
                                              7.750000   data required time
---------------------------------------------------------------------------------------------
                                              7.750000   data required time
                                             -0.683496   data arrival time
---------------------------------------------------------------------------------------------
                                              7.066504   slack (MET)


Startpoint: B[11]$_SDFFE_PP1P_ (rising edge-triggered flip-flop clocked by clk)
Endpoint: D[2] (output port clocked by clk)
Path Group: clk
Path Type: max

Fanout         Cap        Slew       Delay        Time   Description
---------------------------------------------------------------------------------------------
                                  0.000000    0.000000   clock clk (rise edge)
                                  0.000000    0.000000   clock source latency
     1    0.014354    0.030345    0.011855    0.011855 ^ clk (in)
                                                         clk (net)
                      0.030346    0.000000    0.011855 ^ clkbuf_0_clk/A (sg13g2_buf_8)
     4    0.045105    0.034859    0.078783    0.090638 ^ clkbuf_0_clk/X (sg13g2_buf_8)
                                                         clknet_0_clk (net)
                      0.034859    0.000195    0.090834 ^ clkbuf_2_2__f_clk/A (sg13g2_buf_8)
     8    0.029379    0.028000    0.074867    0.165701 ^ clkbuf_2_2__f_clk/X (sg13g2_buf_8)
                                                         clknet_2_2__leaf_clk (net)
                      0.028000    0.000016    0.165717 ^ B[11]$_SDFFE_PP1P_/CLK (sg13g2_dfrbpq_2)
     2    0.018091    0.050908    0.198785    0.364502 ^ B[11]$_SDFFE_PP1P_/Q (sg13g2_dfrbpq_2)
                                                         net10 (net)
                      0.050908    0.000006    0.364507 ^ fanout10/A (sg13g2_buf_8)
     8    0.048687    0.037286    0.090134    0.454642 ^ fanout10/X (sg13g2_buf_8)
                                                         net33 (net)
                      0.037289    0.000362    0.455004 ^ _157_/S (sg13g2_mux2_1)
     1    0.003597    0.036662    0.154260    0.609264 v _157_/X (sg13g2_mux2_1)
                                                         net47 (net)
                      0.036662    0.000015    0.609279 v output31/A (sg13g2_buf_1)
     1    0.006573    0.030004    0.074098    0.683378 v output31/X (sg13g2_buf_1)
                                                         D[2] (net)
                      0.030004    0.000014    0.683391 v D[2] (out)
                                              0.683391   data arrival time

                                 10.000000   10.000000   clock clk (rise edge)
                                  0.000000   10.000000   clock network delay (propagated)
                                 -0.250000    9.750000   clock uncertainty
                                  0.000000    9.750000   clock reconvergence pessimism
                                 -2.000000    7.750000   output external delay
                                              7.750000   data required time
---------------------------------------------------------------------------------------------
                                              7.750000   data required time
                                             -0.683391   data arrival time
---------------------------------------------------------------------------------------------
                                              7.066609   slack (MET)


Startpoint: B[11]$_SDFFE_PP1P_ (rising edge-triggered flip-flop clocked by clk)
Endpoint: D[11] (output port clocked by clk)
Path Group: clk
Path Type: max

Fanout         Cap        Slew       Delay        Time   Description
---------------------------------------------------------------------------------------------
                                  0.000000    0.000000   clock clk (rise edge)
                                  0.000000    0.000000   clock source latency
     1    0.014354    0.030345    0.011855    0.011855 ^ clk (in)
                                                         clk (net)
                      0.030346    0.000000    0.011855 ^ clkbuf_0_clk/A (sg13g2_buf_8)
     4    0.045105    0.034859    0.078783    0.090638 ^ clkbuf_0_clk/X (sg13g2_buf_8)
                                                         clknet_0_clk (net)
                      0.034859    0.000195    0.090834 ^ clkbuf_2_2__f_clk/A (sg13g2_buf_8)
     8    0.029379    0.028000    0.074867    0.165701 ^ clkbuf_2_2__f_clk/X (sg13g2_buf_8)
                                                         clknet_2_2__leaf_clk (net)
                      0.028000    0.000016    0.165717 ^ B[11]$_SDFFE_PP1P_/CLK (sg13g2_dfrbpq_2)
     2    0.018091    0.050908    0.198785    0.364502 ^ B[11]$_SDFFE_PP1P_/Q (sg13g2_dfrbpq_2)
                                                         net10 (net)
                      0.050908    0.000016    0.364518 ^ fanout11/A (sg13g2_buf_8)
     6    0.036255    0.031722    0.085331    0.449849 ^ fanout11/X (sg13g2_buf_8)
                                                         net11 (net)
                      0.031722    0.000103    0.449952 ^ _155_/S (sg13g2_mux2_1)
     1    0.004067    0.037810    0.153263    0.603215 v _155_/X (sg13g2_mux2_1)
                                                         net45 (net)
                      0.037810    0.000021    0.603236 v output29/A (sg13g2_buf_1)
     1    0.008290    0.034981    0.078822    0.682059 v output29/X (sg13g2_buf_1)
                                                         D[11] (net)
                      0.034981    0.000058    0.682117 v D[11] (out)
                                              0.682117   data arrival time

                                 10.000000   10.000000   clock clk (rise edge)
                                  0.000000   10.000000   clock network delay (propagated)
                                 -0.250000    9.750000   clock uncertainty
                                  0.000000    9.750000   clock reconvergence pessimism
                                 -2.000000    7.750000   output external delay
                                              7.750000   data required time
---------------------------------------------------------------------------------------------
                                              7.750000   data required time
                                             -0.682117   data arrival time
---------------------------------------------------------------------------------------------
                                              7.067883   slack (MET)


Startpoint: B[11]$_SDFFE_PP1P_ (rising edge-triggered flip-flop clocked by clk)
Endpoint: D[7] (output port clocked by clk)
Path Group: clk
Path Type: max

Fanout         Cap        Slew       Delay        Time   Description
---------------------------------------------------------------------------------------------
                                  0.000000    0.000000   clock clk (rise edge)
                                  0.000000    0.000000   clock source latency
     1    0.014354    0.030345    0.011855    0.011855 ^ clk (in)
                                                         clk (net)
                      0.030346    0.000000    0.011855 ^ clkbuf_0_clk/A (sg13g2_buf_8)
     4    0.045105    0.034859    0.078783    0.090638 ^ clkbuf_0_clk/X (sg13g2_buf_8)
                                                         clknet_0_clk (net)
                      0.034859    0.000195    0.090834 ^ clkbuf_2_2__f_clk/A (sg13g2_buf_8)
     8    0.029379    0.028000    0.074867    0.165701 ^ clkbuf_2_2__f_clk/X (sg13g2_buf_8)
                                                         clknet_2_2__leaf_clk (net)
                      0.028000    0.000016    0.165717 ^ B[11]$_SDFFE_PP1P_/CLK (sg13g2_dfrbpq_2)
     2    0.018091    0.050908    0.198785    0.364502 ^ B[11]$_SDFFE_PP1P_/Q (sg13g2_dfrbpq_2)
                                                         net10 (net)
                      0.050908    0.000016    0.364518 ^ fanout11/A (sg13g2_buf_8)
     6    0.036255    0.031722    0.085331    0.449849 ^ fanout11/X (sg13g2_buf_8)
                                                         net11 (net)
                      0.031722    0.000143    0.449992 ^ _162_/S (sg13g2_mux2_1)
     1    0.004038    0.037811    0.153178    0.603170 v _162_/X (sg13g2_mux2_1)
                                                         net52 (net)
                      0.037811    0.000021    0.603191 v output36/A (sg13g2_buf_1)
     1    0.006741    0.030514    0.075002    0.678193 v output36/X (sg13g2_buf_1)
                                                         D[7] (net)
                      0.030514    0.000018    0.678210 v D[7] (out)
                                              0.678210   data arrival time

                                 10.000000   10.000000   clock clk (rise edge)
                                  0.000000   10.000000   clock network delay (propagated)
                                 -0.250000    9.750000   clock uncertainty
                                  0.000000    9.750000   clock reconvergence pessimism
                                 -2.000000    7.750000   output external delay
                                              7.750000   data required time
---------------------------------------------------------------------------------------------
                                              7.750000   data required time
                                             -0.678210   data arrival time
---------------------------------------------------------------------------------------------
                                              7.071790   slack (MET)


Startpoint: B[11]$_SDFFE_PP1P_ (rising edge-triggered flip-flop clocked by clk)
Endpoint: D[4] (output port clocked by clk)
Path Group: clk
Path Type: max

Fanout         Cap        Slew       Delay        Time   Description
---------------------------------------------------------------------------------------------
                                  0.000000    0.000000   clock clk (rise edge)
                                  0.000000    0.000000   clock source latency
     1    0.014354    0.030345    0.011855    0.011855 ^ clk (in)
                                                         clk (net)
                      0.030346    0.000000    0.011855 ^ clkbuf_0_clk/A (sg13g2_buf_8)
     4    0.045105    0.034859    0.078783    0.090638 ^ clkbuf_0_clk/X (sg13g2_buf_8)
                                                         clknet_0_clk (net)
                      0.034859    0.000195    0.090834 ^ clkbuf_2_2__f_clk/A (sg13g2_buf_8)
     8    0.029379    0.028000    0.074867    0.165701 ^ clkbuf_2_2__f_clk/X (sg13g2_buf_8)
                                                         clknet_2_2__leaf_clk (net)
                      0.028000    0.000016    0.165717 ^ B[11]$_SDFFE_PP1P_/CLK (sg13g2_dfrbpq_2)
     2    0.018091    0.050908    0.198785    0.364502 ^ B[11]$_SDFFE_PP1P_/Q (sg13g2_dfrbpq_2)
                                                         net10 (net)
                      0.050908    0.000016    0.364518 ^ fanout11/A (sg13g2_buf_8)
     6    0.036255    0.031722    0.085331    0.449849 ^ fanout11/X (sg13g2_buf_8)
                                                         net11 (net)
                      0.031723    0.000303    0.450152 ^ _159_/S (sg13g2_mux2_1)
     1    0.003460    0.036395    0.151477    0.601629 v _159_/X (sg13g2_mux2_1)
                                                         net49 (net)
                      0.036395    0.000012    0.601641 v output33/A (sg13g2_buf_1)
     1    0.006832    0.030734    0.074623    0.676264 v output33/X (sg13g2_buf_1)
                                                         D[4] (net)
                      0.030734    0.000020    0.676285 v D[4] (out)
                                              0.676285   data arrival time

                                 10.000000   10.000000   clock clk (rise edge)
                                  0.000000   10.000000   clock network delay (propagated)
                                 -0.250000    9.750000   clock uncertainty
                                  0.000000    9.750000   clock reconvergence pessimism
                                 -2.000000    7.750000   output external delay
                                              7.750000   data required time
---------------------------------------------------------------------------------------------
                                              7.750000   data required time
                                             -0.676285   data arrival time
---------------------------------------------------------------------------------------------
                                              7.073715   slack (MET)


Startpoint: B[11]$_SDFFE_PP1P_ (rising edge-triggered flip-flop clocked by clk)
Endpoint: D[8] (output port clocked by clk)
Path Group: clk
Path Type: max

Fanout         Cap        Slew       Delay        Time   Description
---------------------------------------------------------------------------------------------
                                  0.000000    0.000000   clock clk (rise edge)
                                  0.000000    0.000000   clock source latency
     1    0.014354    0.030345    0.011855    0.011855 ^ clk (in)
                                                         clk (net)
                      0.030346    0.000000    0.011855 ^ clkbuf_0_clk/A (sg13g2_buf_8)
     4    0.045105    0.034859    0.078783    0.090638 ^ clkbuf_0_clk/X (sg13g2_buf_8)
                                                         clknet_0_clk (net)
                      0.034859    0.000195    0.090834 ^ clkbuf_2_2__f_clk/A (sg13g2_buf_8)
     8    0.029379    0.028000    0.074867    0.165701 ^ clkbuf_2_2__f_clk/X (sg13g2_buf_8)
                                                         clknet_2_2__leaf_clk (net)
                      0.028000    0.000016    0.165717 ^ B[11]$_SDFFE_PP1P_/CLK (sg13g2_dfrbpq_2)
     2    0.018091    0.050908    0.198785    0.364502 ^ B[11]$_SDFFE_PP1P_/Q (sg13g2_dfrbpq_2)
                                                         net10 (net)
                      0.050908    0.000016    0.364518 ^ fanout11/A (sg13g2_buf_8)
     6    0.036255    0.031722    0.085331    0.449849 ^ fanout11/X (sg13g2_buf_8)
                                                         net11 (net)
                      0.031723    0.000291    0.450141 ^ _163_/S (sg13g2_mux2_1)
     1    0.002600    0.034544    0.148942    0.599083 v _163_/X (sg13g2_mux2_1)
                                                         net53 (net)
                      0.034544    0.000003    0.599086 v output37/A (sg13g2_buf_1)
     1    0.006907    0.030898    0.074021    0.673107 v output37/X (sg13g2_buf_1)
                                                         D[8] (net)
                      0.030898    0.000022    0.673129 v D[8] (out)
                                              0.673129   data arrival time

                                 10.000000   10.000000   clock clk (rise edge)
                                  0.000000   10.000000   clock network delay (propagated)
                                 -0.250000    9.750000   clock uncertainty
                                  0.000000    9.750000   clock reconvergence pessimism
                                 -2.000000    7.750000   output external delay
                                              7.750000   data required time
---------------------------------------------------------------------------------------------
                                              7.750000   data required time
                                             -0.673129   data arrival time
---------------------------------------------------------------------------------------------
                                              7.076871   slack (MET)


Startpoint: B[11]$_SDFFE_PP1P_ (rising edge-triggered flip-flop clocked by clk)
Endpoint: D[3] (output port clocked by clk)
Path Group: clk
Path Type: max

Fanout         Cap        Slew       Delay        Time   Description
---------------------------------------------------------------------------------------------
                                  0.000000    0.000000   clock clk (rise edge)
                                  0.000000    0.000000   clock source latency
     1    0.014354    0.030345    0.011855    0.011855 ^ clk (in)
                                                         clk (net)
                      0.030346    0.000000    0.011855 ^ clkbuf_0_clk/A (sg13g2_buf_8)
     4    0.045105    0.034859    0.078783    0.090638 ^ clkbuf_0_clk/X (sg13g2_buf_8)
                                                         clknet_0_clk (net)
                      0.034859    0.000195    0.090834 ^ clkbuf_2_2__f_clk/A (sg13g2_buf_8)
     8    0.029379    0.028000    0.074867    0.165701 ^ clkbuf_2_2__f_clk/X (sg13g2_buf_8)
                                                         clknet_2_2__leaf_clk (net)
                      0.028000    0.000016    0.165717 ^ B[11]$_SDFFE_PP1P_/CLK (sg13g2_dfrbpq_2)
     2    0.018091    0.050908    0.198785    0.364502 ^ B[11]$_SDFFE_PP1P_/Q (sg13g2_dfrbpq_2)
                                                         net10 (net)
                      0.050908    0.000016    0.364518 ^ fanout11/A (sg13g2_buf_8)
     6    0.036255    0.031722    0.085331    0.449849 ^ fanout11/X (sg13g2_buf_8)
                                                         net11 (net)
                      0.031723    0.000225    0.450074 ^ _158_/S (sg13g2_mux2_1)
     1    0.002513    0.034346    0.148686    0.598760 v _158_/X (sg13g2_mux2_1)
                                                         net48 (net)
                      0.034346    0.000002    0.598763 v output32/A (sg13g2_buf_1)
     1    0.006832    0.030679    0.073752    0.672515 v output32/X (sg13g2_buf_1)
                                                         D[3] (net)
                      0.030679    0.000020    0.672535 v D[3] (out)
                                              0.672535   data arrival time

                                 10.000000   10.000000   clock clk (rise edge)
                                  0.000000   10.000000   clock network delay (propagated)
                                 -0.250000    9.750000   clock uncertainty
                                  0.000000    9.750000   clock reconvergence pessimism
                                 -2.000000    7.750000   output external delay
                                              7.750000   data required time
---------------------------------------------------------------------------------------------
                                              7.750000   data required time
                                             -0.672535   data arrival time
---------------------------------------------------------------------------------------------
                                              7.077465   slack (MET)


Startpoint: B[11]$_SDFFE_PP1P_ (rising edge-triggered flip-flop clocked by clk)
Endpoint: D[0] (output port clocked by clk)
Path Group: clk
Path Type: max

Fanout         Cap        Slew       Delay        Time   Description
---------------------------------------------------------------------------------------------
                                  0.000000    0.000000   clock clk (rise edge)
                                  0.000000    0.000000   clock source latency
     1    0.014354    0.030345    0.011855    0.011855 ^ clk (in)
                                                         clk (net)
                      0.030346    0.000000    0.011855 ^ clkbuf_0_clk/A (sg13g2_buf_8)
     4    0.045105    0.034859    0.078783    0.090638 ^ clkbuf_0_clk/X (sg13g2_buf_8)
                                                         clknet_0_clk (net)
                      0.034859    0.000195    0.090834 ^ clkbuf_2_2__f_clk/A (sg13g2_buf_8)
     8    0.029379    0.028000    0.074867    0.165701 ^ clkbuf_2_2__f_clk/X (sg13g2_buf_8)
                                                         clknet_2_2__leaf_clk (net)
                      0.028000    0.000016    0.165717 ^ B[11]$_SDFFE_PP1P_/CLK (sg13g2_dfrbpq_2)
     2    0.017519    0.040747    0.193818    0.359535 v B[11]$_SDFFE_PP1P_/Q (sg13g2_dfrbpq_2)
                                                         net10 (net)
                      0.040747    0.000016    0.359550 v fanout11/A (sg13g2_buf_8)
     6    0.035811    0.028684    0.085829    0.445379 v fanout11/X (sg13g2_buf_8)
                                                         net11 (net)
                      0.028685    0.000314    0.445693 v _153_/A (sg13g2_or2_1)
     1    0.003365    0.029029    0.103358    0.549051 v _153_/X (sg13g2_or2_1)
                                                         net43 (net)
                      0.029029    0.000012    0.549062 v output27/A (sg13g2_buf_1)
     1    0.007095    0.031291    0.072139    0.621201 v output27/X (sg13g2_buf_1)
                                                         D[0] (net)
                      0.031291    0.000026    0.621228 v D[0] (out)
                                              0.621228   data arrival time

                                 10.000000   10.000000   clock clk (rise edge)
                                  0.000000   10.000000   clock network delay (propagated)
                                 -0.250000    9.750000   clock uncertainty
                                  0.000000    9.750000   clock reconvergence pessimism
                                 -2.000000    7.750000   output external delay
                                              7.750000   data required time
---------------------------------------------------------------------------------------------
                                              7.750000   data required time
                                             -0.621228   data arrival time
---------------------------------------------------------------------------------------------
                                              7.128772   slack (MET)


Startpoint: Om (input port clocked by clk)
Endpoint: BN[3]$_SDFFE_PP1P_ (rising edge-triggered flip-flop clocked by clk)
Path Group: clk
Path Type: max

Fanout         Cap        Slew       Delay        Time   Description
---------------------------------------------------------------------------------------------
                                  0.000000    0.000000   clock clk (rise edge)
                                  0.000000    0.000000   clock network delay (propagated)
                                  2.000000    2.000000 ^ input external delay
     1    0.004013    0.021168    0.003282    2.003282 ^ Om (in)
                                                         Om (net)
                      0.021168    0.000000    2.003282 ^ input1/A (sg13g2_buf_1)
     3    0.014690    0.067587    0.090822    2.094104 ^ input1/X (sg13g2_buf_1)
                                                         net17 (net)
                      0.067587    0.000164    2.094268 ^ _096_/B_N (sg13g2_nor2b_1)
     2    0.012704    0.125890    0.161644    2.255912 ^ _096_/Y (sg13g2_nor2b_1)
                                                         _050_ (net)
                      0.125890    0.000033    2.255945 ^ fanout9/A (sg13g2_buf_1)
     4    0.015085    0.071045    0.132653    2.388598 ^ fanout9/X (sg13g2_buf_1)
                                                         net9 (net)
                      0.071045    0.000030    2.388628 ^ _113_/C (sg13g2_nand4_1)
     1    0.004474    0.090389    0.124476    2.513103 v _113_/Y (sg13g2_nand4_1)
                                                         _062_ (net)
                      0.090389    0.000023    2.513126 v _114_/A2 (sg13g2_a21o_1)
     1    0.002139    0.025442    0.132624    2.645750 v _114_/X (sg13g2_a21o_1)
                                                         _005_ (net)
                      0.025442    0.000004    2.645754 v BN[3]$_SDFFE_PP1P_/D (sg13g2_dfrbpq_1)
                                              2.645754   data arrival time

                                 10.000000   10.000000   clock clk (rise edge)
                                  0.000000   10.000000   clock source latency
     1    0.014354    0.030345    0.011855   10.011856 ^ clk (in)
                                                         clk (net)
                      0.030346    0.000000   10.011856 ^ clkbuf_0_clk/A (sg13g2_buf_8)
     4    0.045105    0.034859    0.078783   10.090639 ^ clkbuf_0_clk/X (sg13g2_buf_8)
                                                         clknet_0_clk (net)
                      0.034859    0.000161   10.090799 ^ clkbuf_2_1__f_clk/A (sg13g2_buf_8)
     7    0.026048    0.026520    0.073566   10.164366 ^ clkbuf_2_1__f_clk/X (sg13g2_buf_8)
                                                         clknet_2_1__leaf_clk (net)
                      0.026520    0.000038   10.164404 ^ BN[3]$_SDFFE_PP1P_/CLK (sg13g2_dfrbpq_1)
                                 -0.250000    9.914404   clock uncertainty
                                  0.000000    9.914404   clock reconvergence pessimism
                                 -0.112920    9.801483   library setup time
                                              9.801483   data required time
---------------------------------------------------------------------------------------------
                                              9.801483   data required time
                                             -2.645754   data arrival time
---------------------------------------------------------------------------------------------
                                              7.155730   slack (MET)


Startpoint: Op (input port clocked by clk)
Endpoint: B[7]$_SDFFE_PP1P_ (rising edge-triggered flip-flop clocked by clk)
Path Group: clk
Path Type: max

Fanout         Cap        Slew       Delay        Time   Description
---------------------------------------------------------------------------------------------
                                  0.000000    0.000000   clock clk (rise edge)
                                  0.000000    0.000000   clock network delay (propagated)
                                  2.000000    2.000000 ^ input external delay
     1    0.004013    0.021168    0.003282    2.003282 ^ Op (in)
                                                         Op (net)
                      0.021168    0.000000    2.003282 ^ input2/A (sg13g2_buf_1)
     3    0.015193    0.069580    0.092297    2.095579 ^ input2/X (sg13g2_buf_1)
                                                         net18 (net)
                      0.069580    0.000157    2.095736 ^ _128_/B_N (sg13g2_nor2b_1)
     2    0.012230    0.122044    0.159723    2.255459 ^ _128_/Y (sg13g2_nor2b_1)
                                                         _030_ (net)
                      0.122044    0.000008    2.255467 ^ fanout7/A (sg13g2_buf_1)
     4    0.014830    0.071763    0.130872    2.386339 ^ fanout7/X (sg13g2_buf_1)
                                                         net7 (net)
                      0.071763    0.000023    2.386363 ^ _147_/D (sg13g2_nand4_1)
     1    0.003727    0.089144    0.122500    2.508863 v _147_/Y (sg13g2_nand4_1)
                                                         _040_ (net)
                      0.089144    0.000011    2.508874 v _148_/A2 (sg13g2_a21o_1)
     1    0.001810    0.024783    0.131171    2.640045 v _148_/X (sg13g2_a21o_1)
                                                         _021_ (net)
                      0.024783    0.000002    2.640047 v B[7]$_SDFFE_PP1P_/D (sg13g2_dfrbpq_1)
                                              2.640047   data arrival time

                                 10.000000   10.000000   clock clk (rise edge)
                                  0.000000   10.000000   clock source latency
     1    0.014354    0.030345    0.011855   10.011856 ^ clk (in)
                                                         clk (net)
                      0.030346    0.000000   10.011856 ^ clkbuf_0_clk/A (sg13g2_buf_8)
     4    0.045105    0.034859    0.078783   10.090639 ^ clkbuf_0_clk/X (sg13g2_buf_8)
                                                         clknet_0_clk (net)
                      0.034860    0.000222   10.090861 ^ clkbuf_2_3__f_clk/A (sg13g2_buf_8)
     8    0.028848    0.027766    0.074667   10.165528 ^ clkbuf_2_3__f_clk/X (sg13g2_buf_8)
                                                         clknet_2_3__leaf_clk (net)
                      0.027766    0.000053   10.165582 ^ B[7]$_SDFFE_PP1P_/CLK (sg13g2_dfrbpq_1)
                                 -0.250000    9.915582   clock uncertainty
                                  0.000000    9.915582   clock reconvergence pessimism
                                 -0.112364    9.803217   library setup time
                                              9.803217   data required time
---------------------------------------------------------------------------------------------
                                              9.803217   data required time
                                             -2.640047   data arrival time
---------------------------------------------------------------------------------------------
                                              7.163170   slack (MET)


Startpoint: Op (input port clocked by clk)
Endpoint: B[3]$_SDFFE_PP1P_ (rising edge-triggered flip-flop clocked by clk)
Path Group: clk
Path Type: max

Fanout         Cap        Slew       Delay        Time   Description
---------------------------------------------------------------------------------------------
                                  0.000000    0.000000   clock clk (rise edge)
                                  0.000000    0.000000   clock network delay (propagated)
                                  2.000000    2.000000 ^ input external delay
     1    0.004013    0.021168    0.003282    2.003282 ^ Op (in)
                                                         Op (net)
                      0.021168    0.000000    2.003282 ^ input2/A (sg13g2_buf_1)
     3    0.015193    0.069580    0.092297    2.095579 ^ input2/X (sg13g2_buf_1)
                                                         net18 (net)
                      0.069580    0.000157    2.095736 ^ _128_/B_N (sg13g2_nor2b_1)
     2    0.012230    0.122044    0.159723    2.255459 ^ _128_/Y (sg13g2_nor2b_1)
                                                         _030_ (net)
                      0.122044    0.000008    2.255467 ^ fanout7/A (sg13g2_buf_1)
     4    0.014830    0.071763    0.130872    2.386339 ^ fanout7/X (sg13g2_buf_1)
                                                         net7 (net)
                      0.071763    0.000020    2.386359 ^ _139_/D (sg13g2_nand4_1)
     1    0.003796    0.085929    0.123052    2.509411 v _139_/Y (sg13g2_nand4_1)
                                                         _036_ (net)
                      0.085929    0.000012    2.509424 v _140_/A2 (sg13g2_a21o_1)
     1    0.001551    0.023936    0.129130    2.638553 v _140_/X (sg13g2_a21o_1)
                                                         _017_ (net)
                      0.023936    0.000000    2.638554 v B[3]$_SDFFE_PP1P_/D (sg13g2_dfrbpq_1)
                                              2.638554   data arrival time

                                 10.000000   10.000000   clock clk (rise edge)
                                  0.000000   10.000000   clock source latency
     1    0.014354    0.030345    0.011855   10.011856 ^ clk (in)
                                                         clk (net)
                      0.030346    0.000000   10.011856 ^ clkbuf_0_clk/A (sg13g2_buf_8)
     4    0.045105    0.034859    0.078783   10.090639 ^ clkbuf_0_clk/X (sg13g2_buf_8)
                                                         clknet_0_clk (net)
                      0.034859    0.000161   10.090799 ^ clkbuf_2_1__f_clk/A (sg13g2_buf_8)
     7    0.026048    0.026520    0.073566   10.164366 ^ clkbuf_2_1__f_clk/X (sg13g2_buf_8)
                                                         clknet_2_1__leaf_clk (net)
                      0.026520    0.000044   10.164409 ^ B[3]$_SDFFE_PP1P_/CLK (sg13g2_dfrbpq_1)
                                 -0.250000    9.914409   clock uncertainty
                                  0.000000    9.914409   clock reconvergence pessimism
                                 -0.112377    9.802032   library setup time
                                              9.802032   data required time
---------------------------------------------------------------------------------------------
                                              9.802032   data required time
                                             -2.638554   data arrival time
---------------------------------------------------------------------------------------------
                                              7.163477   slack (MET)


Startpoint: Om (input port clocked by clk)
Endpoint: BN[7]$_SDFFE_PP1P_ (rising edge-triggered flip-flop clocked by clk)
Path Group: clk
Path Type: max

Fanout         Cap        Slew       Delay        Time   Description
---------------------------------------------------------------------------------------------
                                  0.000000    0.000000   clock clk (rise edge)
                                  0.000000    0.000000   clock network delay (propagated)
                                  2.000000    2.000000 ^ input external delay
     1    0.004013    0.021168    0.003282    2.003282 ^ Om (in)
                                                         Om (net)
                      0.021168    0.000000    2.003282 ^ input1/A (sg13g2_buf_1)
     3    0.014690    0.067587    0.090822    2.094104 ^ input1/X (sg13g2_buf_1)
                                                         net17 (net)
                      0.067587    0.000164    2.094268 ^ _096_/B_N (sg13g2_nor2b_1)
     2    0.012704    0.125890    0.161644    2.255912 ^ _096_/Y (sg13g2_nor2b_1)
                                                         _050_ (net)
                      0.125890    0.000033    2.255945 ^ fanout9/A (sg13g2_buf_1)
     4    0.015085    0.071045    0.132653    2.388598 ^ fanout9/X (sg13g2_buf_1)
                                                         net9 (net)
                      0.071045    0.000048    2.388646 ^ _122_/C (sg13g2_nand4_1)
     1    0.003796    0.086683    0.119007    2.507653 v _122_/Y (sg13g2_nand4_1)
                                                         _067_ (net)
                      0.086683    0.000012    2.507665 v _123_/A2 (sg13g2_a21o_1)
     1    0.001978    0.025165    0.130671    2.638336 v _123_/X (sg13g2_a21o_1)
                                                         _009_ (net)
                      0.025165    0.000003    2.638340 v BN[7]$_SDFFE_PP1P_/D (sg13g2_dfrbpq_1)
                                              2.638340   data arrival time

                                 10.000000   10.000000   clock clk (rise edge)
                                  0.000000   10.000000   clock source latency
     1    0.014354    0.030345    0.011855   10.011856 ^ clk (in)
                                                         clk (net)
                      0.030346    0.000000   10.011856 ^ clkbuf_0_clk/A (sg13g2_buf_8)
     4    0.045105    0.034859    0.078783   10.090639 ^ clkbuf_0_clk/X (sg13g2_buf_8)
                                                         clknet_0_clk (net)
                      0.034860    0.000222   10.090861 ^ clkbuf_2_3__f_clk/A (sg13g2_buf_8)
     8    0.028848    0.027766    0.074667   10.165528 ^ clkbuf_2_3__f_clk/X (sg13g2_buf_8)
                                                         clknet_2_3__leaf_clk (net)
                      0.027766    0.000062   10.165590 ^ BN[7]$_SDFFE_PP1P_/CLK (sg13g2_dfrbpq_1)
                                 -0.250000    9.915590   clock uncertainty
                                  0.000000    9.915590   clock reconvergence pessimism
                                 -0.112502    9.803088   library setup time
                                              9.803088   data required time
---------------------------------------------------------------------------------------------
                                              9.803088   data required time
                                             -2.638340   data arrival time
---------------------------------------------------------------------------------------------
                                              7.164749   slack (MET)


Startpoint: Om (input port clocked by clk)
Endpoint: BN[11]$_SDFFE_PP1P_ (rising edge-triggered flip-flop clocked by clk)
Path Group: clk
Path Type: max

Fanout         Cap        Slew       Delay        Time   Description
---------------------------------------------------------------------------------------------
                                  0.000000    0.000000   clock clk (rise edge)
                                  0.000000    0.000000   clock network delay (propagated)
                                  2.000000    2.000000 ^ input external delay
     1    0.004013    0.021168    0.003282    2.003282 ^ Om (in)
                                                         Om (net)
                      0.021168    0.000000    2.003282 ^ input1/A (sg13g2_buf_1)
     3    0.014690    0.067587    0.090822    2.094104 ^ input1/X (sg13g2_buf_1)
                                                         net17 (net)
                      0.067587    0.000164    2.094268 ^ _096_/B_N (sg13g2_nor2b_1)
     2    0.012704    0.125890    0.161644    2.255912 ^ _096_/Y (sg13g2_nor2b_1)
                                                         _050_ (net)
                      0.125890    0.000019    2.255931 ^ fanout8/A (sg13g2_buf_8)
     8    0.031878    0.033215    0.115346    2.371278 ^ fanout8/X (sg13g2_buf_8)
                                                         net8 (net)
                      0.033215    0.000060    2.371338 ^ _106_/C (sg13g2_nand4_1)
     1    0.003599    0.083938    0.104733    2.476071 v _106_/Y (sg13g2_nand4_1)
                                                         _058_ (net)
                      0.083938    0.000010    2.476081 v _107_/A2 (sg13g2_a21o_1)
     1    0.002182    0.025500    0.130162    2.606242 v _107_/X (sg13g2_a21o_1)
                                                         _002_ (net)
                      0.025500    0.000005    2.606247 v BN[11]$_SDFFE_PP1P_/D (sg13g2_dfrbpq_1)
                                              2.606247   data arrival time

                                 10.000000   10.000000   clock clk (rise edge)
                                  0.000000   10.000000   clock source latency
     1    0.014354    0.030345    0.011855   10.011856 ^ clk (in)
                                                         clk (net)
                      0.030346    0.000000   10.011856 ^ clkbuf_0_clk/A (sg13g2_buf_8)
     4    0.045105    0.034859    0.078783   10.090639 ^ clkbuf_0_clk/X (sg13g2_buf_8)
                                                         clknet_0_clk (net)
                      0.034859    0.000161   10.090799 ^ clkbuf_2_1__f_clk/A (sg13g2_buf_8)
     7    0.026048    0.026520    0.073566   10.164366 ^ clkbuf_2_1__f_clk/X (sg13g2_buf_8)
                                                         clknet_2_1__leaf_clk (net)
                      0.026520    0.000020   10.164386 ^ BN[11]$_SDFFE_PP1P_/CLK (sg13g2_dfrbpq_1)
                                 -0.250000    9.914386   clock uncertainty
                                  0.000000    9.914386   clock reconvergence pessimism
                                 -0.112941    9.801445   library setup time
                                              9.801445   data required time
---------------------------------------------------------------------------------------------
                                              9.801445   data required time
                                             -2.606247   data arrival time
---------------------------------------------------------------------------------------------
                                              7.195198   slack (MET)


Startpoint: Op (input port clocked by clk)
Endpoint: B[6]$_SDFFE_PP1P_ (rising edge-triggered flip-flop clocked by clk)
Path Group: clk
Path Type: max

Fanout         Cap        Slew       Delay        Time   Description
---------------------------------------------------------------------------------------------
                                  0.000000    0.000000   clock clk (rise edge)
                                  0.000000    0.000000   clock network delay (propagated)
                                  2.000000    2.000000 ^ input external delay
     1    0.004013    0.021168    0.003282    2.003282 ^ Op (in)
                                                         Op (net)
                      0.021168    0.000000    2.003282 ^ input2/A (sg13g2_buf_1)
     3    0.015193    0.069580    0.092297    2.095579 ^ input2/X (sg13g2_buf_1)
                                                         net18 (net)
                      0.069580    0.000157    2.095736 ^ _128_/B_N (sg13g2_nor2b_1)
     2    0.012230    0.122044    0.159723    2.255459 ^ _128_/Y (sg13g2_nor2b_1)
                                                         _030_ (net)
                      0.122044    0.000008    2.255467 ^ fanout7/A (sg13g2_buf_1)
     4    0.014830    0.071763    0.130872    2.386339 ^ fanout7/X (sg13g2_buf_1)
                                                         net7 (net)
                      0.071763    0.000021    2.386361 ^ _145_/C (sg13g2_nand3_1)
     1    0.003668    0.070655    0.091268    2.477629 v _145_/Y (sg13g2_nand3_1)
                                                         _039_ (net)
                      0.070655    0.000010    2.477639 v _146_/A2 (sg13g2_a21o_1)
     1    0.002609    0.026736    0.126072    2.603711 v _146_/X (sg13g2_a21o_1)
                                                         _020_ (net)
                      0.026736    0.000009    2.603720 v B[6]$_SDFFE_PP1P_/D (sg13g2_dfrbpq_1)
                                              2.603720   data arrival time

                                 10.000000   10.000000   clock clk (rise edge)
                                  0.000000   10.000000   clock source latency
     1    0.014354    0.030345    0.011855   10.011856 ^ clk (in)
                                                         clk (net)
                      0.030346    0.000000   10.011856 ^ clkbuf_0_clk/A (sg13g2_buf_8)
     4    0.045105    0.034859    0.078783   10.090639 ^ clkbuf_0_clk/X (sg13g2_buf_8)
                                                         clknet_0_clk (net)
                      0.034860    0.000222   10.090861 ^ clkbuf_2_3__f_clk/A (sg13g2_buf_8)
     8    0.028848    0.027766    0.074667   10.165528 ^ clkbuf_2_3__f_clk/X (sg13g2_buf_8)
                                                         clknet_2_3__leaf_clk (net)
                      0.027766    0.000052   10.165581 ^ B[6]$_SDFFE_PP1P_/CLK (sg13g2_dfrbpq_1)
                                 -0.250000    9.915581   clock uncertainty
                                  0.000000    9.915581   clock reconvergence pessimism
                                 -0.113068    9.802513   library setup time
                                              9.802513   data required time
---------------------------------------------------------------------------------------------
                                              9.802513   data required time
                                             -2.603720   data arrival time
---------------------------------------------------------------------------------------------
                                              7.198793   slack (MET)


Startpoint: Op (input port clocked by clk)
Endpoint: B[11]$_SDFFE_PP1P_ (rising edge-triggered flip-flop clocked by clk)
Path Group: clk
Path Type: max

Fanout         Cap        Slew       Delay        Time   Description
---------------------------------------------------------------------------------------------
                                  0.000000    0.000000   clock clk (rise edge)
                                  0.000000    0.000000   clock network delay (propagated)
                                  2.000000    2.000000 ^ input external delay
     1    0.004013    0.021168    0.003282    2.003282 ^ Op (in)
                                                         Op (net)
                      0.021168    0.000000    2.003282 ^ input2/A (sg13g2_buf_1)
     3    0.015193    0.069580    0.092297    2.095579 ^ input2/X (sg13g2_buf_1)
                                                         net18 (net)
                      0.069580    0.000157    2.095736 ^ _128_/B_N (sg13g2_nor2b_1)
     2    0.012230    0.122044    0.159723    2.255459 ^ _128_/Y (sg13g2_nor2b_1)
                                                         _030_ (net)
                      0.122044    0.000026    2.255486 ^ fanout6/A (sg13g2_buf_8)
     8    0.032359    0.033234    0.114297    2.369782 ^ fanout6/X (sg13g2_buf_8)
                                                         net6 (net)
                      0.033234    0.000106    2.369888 ^ _133_/D (sg13g2_nand4_1)
     1    0.003160    0.076864    0.105024    2.474913 v _133_/Y (sg13g2_nand4_1)
                                                         _033_ (net)
                      0.076864    0.000004    2.474917 v _134_/A2 (sg13g2_a21o_1)
     1    0.002097    0.025217    0.127078    2.601995 v _134_/X (sg13g2_a21o_1)
                                                         _014_ (net)
                      0.025217    0.000004    2.601999 v B[11]$_SDFFE_PP1P_/D (sg13g2_dfrbpq_2)
                                              2.601999   data arrival time

                                 10.000000   10.000000   clock clk (rise edge)
                                  0.000000   10.000000   clock source latency
     1    0.014354    0.030345    0.011855   10.011856 ^ clk (in)
                                                         clk (net)
                      0.030346    0.000000   10.011856 ^ clkbuf_0_clk/A (sg13g2_buf_8)
     4    0.045105    0.034859    0.078783   10.090639 ^ clkbuf_0_clk/X (sg13g2_buf_8)
                                                         clknet_0_clk (net)
                      0.034859    0.000195   10.090834 ^ clkbuf_2_2__f_clk/A (sg13g2_buf_8)
     8    0.029379    0.028000    0.074867   10.165701 ^ clkbuf_2_2__f_clk/X (sg13g2_buf_8)
                                                         clknet_2_2__leaf_clk (net)
                      0.028000    0.000017   10.165717 ^ B[11]$_SDFFE_PP1P_/CLK (sg13g2_dfrbpq_2)
                                 -0.250000    9.915717   clock uncertainty
                                  0.000000    9.915717   clock reconvergence pessimism
                                 -0.112461    9.803256   library setup time
                                              9.803256   data required time
---------------------------------------------------------------------------------------------
                                              9.803256   data required time
                                             -2.601999   data arrival time
---------------------------------------------------------------------------------------------
                                              7.201258   slack (MET)


Startpoint: Om (input port clocked by clk)
Endpoint: BN[6]$_SDFFE_PP1P_ (rising edge-triggered flip-flop clocked by clk)
Path Group: clk
Path Type: max

Fanout         Cap        Slew       Delay        Time   Description
---------------------------------------------------------------------------------------------
                                  0.000000    0.000000   clock clk (rise edge)
                                  0.000000    0.000000   clock network delay (propagated)
                                  2.000000    2.000000 ^ input external delay
     1    0.004013    0.021168    0.003282    2.003282 ^ Om (in)
                                                         Om (net)
                      0.021168    0.000000    2.003282 ^ input1/A (sg13g2_buf_1)
     3    0.014690    0.067587    0.090822    2.094104 ^ input1/X (sg13g2_buf_1)
                                                         net17 (net)
                      0.067587    0.000164    2.094268 ^ _096_/B_N (sg13g2_nor2b_1)
     2    0.012704    0.125890    0.161644    2.255912 ^ _096_/Y (sg13g2_nor2b_1)
                                                         _050_ (net)
                      0.125890    0.000033    2.255945 ^ fanout9/A (sg13g2_buf_1)
     4    0.015085    0.071045    0.132653    2.388598 ^ fanout9/X (sg13g2_buf_1)
                                                         net9 (net)
                      0.071045    0.000065    2.388663 ^ _120_/A (sg13g2_nand3_1)
     1    0.004582    0.069913    0.084079    2.472742 v _120_/Y (sg13g2_nand3_1)
                                                         _066_ (net)
                      0.069913    0.000024    2.472766 v _121_/A2 (sg13g2_a21o_1)
     1    0.002479    0.026399    0.125397    2.598163 v _121_/X (sg13g2_a21o_1)
                                                         _008_ (net)
                      0.026399    0.000007    2.598170 v BN[6]$_SDFFE_PP1P_/D (sg13g2_dfrbpq_1)
                                              2.598170   data arrival time

                                 10.000000   10.000000   clock clk (rise edge)
                                  0.000000   10.000000   clock source latency
     1    0.014354    0.030345    0.011855   10.011856 ^ clk (in)
                                                         clk (net)
                      0.030346    0.000000   10.011856 ^ clkbuf_0_clk/A (sg13g2_buf_8)
     4    0.045105    0.034859    0.078783   10.090639 ^ clkbuf_0_clk/X (sg13g2_buf_8)
                                                         clknet_0_clk (net)
                      0.034860    0.000222   10.090861 ^ clkbuf_2_3__f_clk/A (sg13g2_buf_8)
     8    0.028848    0.027766    0.074667   10.165528 ^ clkbuf_2_3__f_clk/X (sg13g2_buf_8)
                                                         clknet_2_3__leaf_clk (net)
                      0.027766    0.000043   10.165571 ^ BN[6]$_SDFFE_PP1P_/CLK (sg13g2_dfrbpq_1)
                                 -0.250000    9.915571   clock uncertainty
                                  0.000000    9.915571   clock reconvergence pessimism
                                 -0.112946    9.802625   library setup time
                                              9.802625   data required time
---------------------------------------------------------------------------------------------
                                              9.802625   data required time
                                             -2.598170   data arrival time
---------------------------------------------------------------------------------------------
                                              7.204455   slack (MET)


Startpoint: Op (input port clocked by clk)
Endpoint: B[2]$_SDFFE_PP1P_ (rising edge-triggered flip-flop clocked by clk)
Path Group: clk
Path Type: max

Fanout         Cap        Slew       Delay        Time   Description
---------------------------------------------------------------------------------------------
                                  0.000000    0.000000   clock clk (rise edge)
                                  0.000000    0.000000   clock network delay (propagated)
                                  2.000000    2.000000 ^ input external delay
     1    0.004013    0.021168    0.003282    2.003282 ^ Op (in)
                                                         Op (net)
                      0.021168    0.000000    2.003282 ^ input2/A (sg13g2_buf_1)
     3    0.015193    0.069580    0.092297    2.095579 ^ input2/X (sg13g2_buf_1)
                                                         net18 (net)
                      0.069580    0.000157    2.095736 ^ _128_/B_N (sg13g2_nor2b_1)
     2    0.012230    0.122044    0.159723    2.255459 ^ _128_/Y (sg13g2_nor2b_1)
                                                         _030_ (net)
                      0.122044    0.000008    2.255467 ^ fanout7/A (sg13g2_buf_1)
     4    0.014830    0.071763    0.130872    2.386339 ^ fanout7/X (sg13g2_buf_1)
                                                         net7 (net)
                      0.071763    0.000029    2.386368 ^ _137_/C (sg13g2_nand3_1)
     1    0.003111    0.062398    0.087804    2.474172 v _137_/Y (sg13g2_nand3_1)
                                                         _035_ (net)
                      0.062398    0.000004    2.474176 v _138_/A2 (sg13g2_a21o_1)
     1    0.001978    0.025263    0.120933    2.595109 v _138_/X (sg13g2_a21o_1)
                                                         _016_ (net)
                      0.025263    0.000003    2.595112 v B[2]$_SDFFE_PP1P_/D (sg13g2_dfrbpq_1)
                                              2.595112   data arrival time

                                 10.000000   10.000000   clock clk (rise edge)
                                  0.000000   10.000000   clock source latency
     1    0.014354    0.030345    0.011855   10.011856 ^ clk (in)
                                                         clk (net)
                      0.030346    0.000000   10.011856 ^ clkbuf_0_clk/A (sg13g2_buf_8)
     4    0.045105    0.034859    0.078783   10.090639 ^ clkbuf_0_clk/X (sg13g2_buf_8)
                                                         clknet_0_clk (net)
                      0.034860    0.000222   10.090861 ^ clkbuf_2_3__f_clk/A (sg13g2_buf_8)
     8    0.028848    0.027766    0.074667   10.165528 ^ clkbuf_2_3__f_clk/X (sg13g2_buf_8)
                                                         clknet_2_3__leaf_clk (net)
                      0.027766    0.000019   10.165547 ^ B[2]$_SDFFE_PP1P_/CLK (sg13g2_dfrbpq_1)
                                 -0.250000    9.915546   clock uncertainty
                                  0.000000    9.915546   clock reconvergence pessimism
                                 -0.112537    9.803009   library setup time
                                              9.803009   data required time
---------------------------------------------------------------------------------------------
                                              9.803009   data required time
                                             -2.595112   data arrival time
---------------------------------------------------------------------------------------------
                                              7.207898   slack (MET)


Startpoint: B[11]$_SDFFE_PP1P_ (rising edge-triggered flip-flop clocked by clk)
Endpoint: B[11] (output port clocked by clk)
Path Group: clk
Path Type: max

Fanout         Cap        Slew       Delay        Time   Description
---------------------------------------------------------------------------------------------
                                  0.000000    0.000000   clock clk (rise edge)
                                  0.000000    0.000000   clock source latency
     1    0.014354    0.030345    0.011855    0.011855 ^ clk (in)
                                                         clk (net)
                      0.030346    0.000000    0.011855 ^ clkbuf_0_clk/A (sg13g2_buf_8)
     4    0.045105    0.034859    0.078783    0.090638 ^ clkbuf_0_clk/X (sg13g2_buf_8)
                                                         clknet_0_clk (net)
                      0.034859    0.000195    0.090834 ^ clkbuf_2_2__f_clk/A (sg13g2_buf_8)
     8    0.029379    0.028000    0.074867    0.165701 ^ clkbuf_2_2__f_clk/X (sg13g2_buf_8)
                                                         clknet_2_2__leaf_clk (net)
                      0.028000    0.000016    0.165717 ^ B[11]$_SDFFE_PP1P_/CLK (sg13g2_dfrbpq_2)
     2    0.018091    0.050908    0.198785    0.364502 ^ B[11]$_SDFFE_PP1P_/Q (sg13g2_dfrbpq_2)
                                                         net10 (net)
                      0.050908    0.000006    0.364507 ^ fanout10/A (sg13g2_buf_8)
     8    0.048687    0.037286    0.090134    0.454642 ^ fanout10/X (sg13g2_buf_8)
                                                         net33 (net)
                      0.037286    0.000141    0.454782 ^ output17/A (sg13g2_buf_1)
     1    0.007110    0.038284    0.075599    0.530382 ^ output17/X (sg13g2_buf_1)
                                                         B[11] (net)
                      0.038284    0.000027    0.530409 ^ B[11] (out)
                                              0.530409   data arrival time

                                 10.000000   10.000000   clock clk (rise edge)
                                  0.000000   10.000000   clock network delay (propagated)
                                 -0.250000    9.750000   clock uncertainty
                                  0.000000    9.750000   clock reconvergence pessimism
                                 -2.000000    7.750000   output external delay
                                              7.750000   data required time
---------------------------------------------------------------------------------------------
                                              7.750000   data required time
                                             -0.530409   data arrival time
---------------------------------------------------------------------------------------------
                                              7.219591   slack (MET)


Startpoint: Om (input port clocked by clk)
Endpoint: BN[2]$_SDFFE_PP1P_ (rising edge-triggered flip-flop clocked by clk)
Path Group: clk
Path Type: max

Fanout         Cap        Slew       Delay        Time   Description
---------------------------------------------------------------------------------------------
                                  0.000000    0.000000   clock clk (rise edge)
                                  0.000000    0.000000   clock network delay (propagated)
                                  2.000000    2.000000 ^ input external delay
     1    0.004013    0.021168    0.003282    2.003282 ^ Om (in)
                                                         Om (net)
                      0.021168    0.000000    2.003282 ^ input1/A (sg13g2_buf_1)
     3    0.014690    0.067587    0.090822    2.094104 ^ input1/X (sg13g2_buf_1)
                                                         net17 (net)
                      0.067587    0.000164    2.094268 ^ _096_/B_N (sg13g2_nor2b_1)
     2    0.012704    0.125890    0.161644    2.255912 ^ _096_/Y (sg13g2_nor2b_1)
                                                         _050_ (net)
                      0.125890    0.000033    2.255945 ^ fanout9/A (sg13g2_buf_1)
     4    0.015085    0.071045    0.132653    2.388598 ^ fanout9/X (sg13g2_buf_1)
                                                         net9 (net)
                      0.071045    0.000068    2.388666 ^ _111_/A (sg13g2_nand3_1)
     1    0.003265    0.060727    0.075625    2.464291 v _111_/Y (sg13g2_nand3_1)
                                                         _061_ (net)
                      0.060727    0.000006    2.464297 v _112_/A2 (sg13g2_a21o_1)
     1    0.001551    0.023719    0.119027    2.583324 v _112_/X (sg13g2_a21o_1)
                                                         _004_ (net)
                      0.023719    0.000000    2.583325 v BN[2]$_SDFFE_PP1P_/D (sg13g2_dfrbpq_1)
                                              2.583325   data arrival time

                                 10.000000   10.000000   clock clk (rise edge)
                                  0.000000   10.000000   clock source latency
     1    0.014354    0.030345    0.011855   10.011856 ^ clk (in)
                                                         clk (net)
                      0.030346    0.000000   10.011856 ^ clkbuf_0_clk/A (sg13g2_buf_8)
     4    0.045105    0.034859    0.078783   10.090639 ^ clkbuf_0_clk/X (sg13g2_buf_8)
                                                         clknet_0_clk (net)
                      0.034860    0.000222   10.090861 ^ clkbuf_2_3__f_clk/A (sg13g2_buf_8)
     8    0.028848    0.027766    0.074667   10.165528 ^ clkbuf_2_3__f_clk/X (sg13g2_buf_8)
                                                         clknet_2_3__leaf_clk (net)
                      0.027766    0.000041   10.165569 ^ BN[2]$_SDFFE_PP1P_/CLK (sg13g2_dfrbpq_1)
                                 -0.250000    9.915569   clock uncertainty
                                  0.000000    9.915569   clock reconvergence pessimism
                                 -0.111981    9.803589   library setup time
                                              9.803589   data required time
---------------------------------------------------------------------------------------------
                                              9.803589   data required time
                                             -2.583325   data arrival time
---------------------------------------------------------------------------------------------
                                              7.220263   slack (MET)


Startpoint: Op (input port clocked by clk)
Endpoint: B[0]$_SDFFE_PP1P_ (rising edge-triggered flip-flop clocked by clk)
Path Group: clk
Path Type: max

Fanout         Cap        Slew       Delay        Time   Description
---------------------------------------------------------------------------------------------
                                  0.000000    0.000000   clock clk (rise edge)
                                  0.000000    0.000000   clock network delay (propagated)
                                  2.000000    2.000000 ^ input external delay
     1    0.004013    0.021168    0.003282    2.003282 ^ Op (in)
                                                         Op (net)
                      0.021168    0.000000    2.003282 ^ input2/A (sg13g2_buf_1)
     3    0.015193    0.069580    0.092297    2.095579 ^ input2/X (sg13g2_buf_1)
                                                         net18 (net)
                      0.069580    0.000157    2.095736 ^ _128_/B_N (sg13g2_nor2b_1)
     2    0.012230    0.122044    0.159723    2.255459 ^ _128_/Y (sg13g2_nor2b_1)
                                                         _030_ (net)
                      0.122044    0.000026    2.255486 ^ fanout6/A (sg13g2_buf_8)
     8    0.032359    0.033234    0.114297    2.369782 ^ fanout6/X (sg13g2_buf_8)
                                                         net6 (net)
                      0.033234    0.000110    2.369892 ^ _129_/C (sg13g2_nand3_1)
     1    0.004281    0.075355    0.081953    2.451846 v _129_/Y (sg13g2_nand3_1)
                                                         _031_ (net)
                      0.075355    0.000019    2.451865 v _130_/A2 (sg13g2_a21o_1)
     1    0.002479    0.026204    0.127581    2.579445 v _130_/X (sg13g2_a21o_1)
                                                         _012_ (net)
                      0.026204    0.000007    2.579453 v B[0]$_SDFFE_PP1P_/D (sg13g2_dfrbpq_1)
                                              2.579453   data arrival time

                                 10.000000   10.000000   clock clk (rise edge)
                                  0.000000   10.000000   clock source latency
     1    0.014354    0.030345    0.011855   10.011856 ^ clk (in)
                                                         clk (net)
                      0.030346    0.000000   10.011856 ^ clkbuf_0_clk/A (sg13g2_buf_8)
     4    0.045105    0.034859    0.078783   10.090639 ^ clkbuf_0_clk/X (sg13g2_buf_8)
                                                         clknet_0_clk (net)
                      0.034859    0.000147   10.090785 ^ clkbuf_2_0__f_clk/A (sg13g2_buf_8)
     8    0.028508    0.027615    0.074531   10.165316 ^ clkbuf_2_0__f_clk/X (sg13g2_buf_8)
                                                         clknet_2_0__leaf_clk (net)
                      0.027615    0.000057   10.165373 ^ B[0]$_SDFFE_PP1P_/CLK (sg13g2_dfrbpq_1)
                                 -0.250000    9.915373   clock uncertainty
                                  0.000000    9.915373   clock reconvergence pessimism
                                 -0.112915    9.802458   library setup time
                                              9.802458   data required time
---------------------------------------------------------------------------------------------
                                              9.802458   data required time
                                             -2.579453   data arrival time
---------------------------------------------------------------------------------------------
                                              7.223005   slack (MET)


Startpoint: Op (input port clocked by clk)
Endpoint: B[8]$_SDFFE_PP1P_ (rising edge-triggered flip-flop clocked by clk)
Path Group: clk
Path Type: max

Fanout         Cap        Slew       Delay        Time   Description
---------------------------------------------------------------------------------------------
                                  0.000000    0.000000   clock clk (rise edge)
                                  0.000000    0.000000   clock network delay (propagated)
                                  2.000000    2.000000 ^ input external delay
     1    0.004013    0.021168    0.003282    2.003282 ^ Op (in)
                                                         Op (net)
                      0.021168    0.000000    2.003282 ^ input2/A (sg13g2_buf_1)
     3    0.015193    0.069580    0.092297    2.095579 ^ input2/X (sg13g2_buf_1)
                                                         net18 (net)
                      0.069580    0.000157    2.095736 ^ _128_/B_N (sg13g2_nor2b_1)
     2    0.012230    0.122044    0.159723    2.255459 ^ _128_/Y (sg13g2_nor2b_1)
                                                         _030_ (net)
                      0.122044    0.000026    2.255486 ^ fanout6/A (sg13g2_buf_8)
     8    0.032359    0.033234    0.114297    2.369782 ^ fanout6/X (sg13g2_buf_8)
                                                         net6 (net)
                      0.033234    0.000117    2.369899 ^ _149_/C (sg13g2_nand3_1)
     1    0.004013    0.075269    0.080322    2.450221 v _149_/Y (sg13g2_nand3_1)
                                                         _041_ (net)
                      0.075269    0.000016    2.450236 v _150_/A2 (sg13g2_a21o_1)
     1    0.002497    0.026250    0.127598    2.577834 v _150_/X (sg13g2_a21o_1)
                                                         _022_ (net)
                      0.026250    0.000008    2.577842 v B[8]$_SDFFE_PP1P_/D (sg13g2_dfrbpq_1)
                                              2.577842   data arrival time

                                 10.000000   10.000000   clock clk (rise edge)
                                  0.000000   10.000000   clock source latency
     1    0.014354    0.030345    0.011855   10.011856 ^ clk (in)
                                                         clk (net)
                      0.030346    0.000000   10.011856 ^ clkbuf_0_clk/A (sg13g2_buf_8)
     4    0.045105    0.034859    0.078783   10.090639 ^ clkbuf_0_clk/X (sg13g2_buf_8)
                                                         clknet_0_clk (net)
                      0.034859    0.000147   10.090785 ^ clkbuf_2_0__f_clk/A (sg13g2_buf_8)
     8    0.028508    0.027615    0.074531   10.165316 ^ clkbuf_2_0__f_clk/X (sg13g2_buf_8)
                                                         clknet_2_0__leaf_clk (net)
                      0.027615    0.000052   10.165367 ^ B[8]$_SDFFE_PP1P_/CLK (sg13g2_dfrbpq_1)
                                 -0.250000    9.915367   clock uncertainty
                                  0.000000    9.915367   clock reconvergence pessimism
                                 -0.112932    9.802436   library setup time
                                              9.802436   data required time
---------------------------------------------------------------------------------------------
                                              9.802436   data required time
                                             -2.577842   data arrival time
---------------------------------------------------------------------------------------------
                                              7.224594   slack (MET)


Startpoint: Op (input port clocked by clk)
Endpoint: B[10]$_SDFFE_PP1P_ (rising edge-triggered flip-flop clocked by clk)
Path Group: clk
Path Type: max

Fanout         Cap        Slew       Delay        Time   Description
---------------------------------------------------------------------------------------------
                                  0.000000    0.000000   clock clk (rise edge)
                                  0.000000    0.000000   clock network delay (propagated)
                                  2.000000    2.000000 ^ input external delay
     1    0.004013    0.021168    0.003282    2.003282 ^ Op (in)
                                                         Op (net)
                      0.021168    0.000000    2.003282 ^ input2/A (sg13g2_buf_1)
     3    0.015193    0.069580    0.092297    2.095579 ^ input2/X (sg13g2_buf_1)
                                                         net18 (net)
                      0.069580    0.000157    2.095736 ^ _128_/B_N (sg13g2_nor2b_1)
     2    0.012230    0.122044    0.159723    2.255459 ^ _128_/Y (sg13g2_nor2b_1)
                                                         _030_ (net)
                      0.122044    0.000026    2.255486 ^ fanout6/A (sg13g2_buf_8)
     8    0.032359    0.033234    0.114297    2.369782 ^ fanout6/X (sg13g2_buf_8)
                                                         net6 (net)
                      0.033234    0.000123    2.369905 ^ _131_/C (sg13g2_nand3_1)
     1    0.003508    0.067478    0.077251    2.447156 v _131_/Y (sg13g2_nand3_1)
                                                         _032_ (net)
                      0.067478    0.000008    2.447165 v _132_/A2 (sg13g2_a21o_1)
     1    0.002616    0.026752    0.124815    2.571980 v _132_/X (sg13g2_a21o_1)
                                                         _013_ (net)
                      0.026752    0.000009    2.571989 v B[10]$_SDFFE_PP1P_/D (sg13g2_dfrbpq_1)
                                              2.571989   data arrival time

                                 10.000000   10.000000   clock clk (rise edge)
                                  0.000000   10.000000   clock source latency
     1    0.014354    0.030345    0.011855   10.011856 ^ clk (in)
                                                         clk (net)
                      0.030346    0.000000   10.011856 ^ clkbuf_0_clk/A (sg13g2_buf_8)
     4    0.045105    0.034859    0.078783   10.090639 ^ clkbuf_0_clk/X (sg13g2_buf_8)
                                                         clknet_0_clk (net)
                      0.034859    0.000195   10.090834 ^ clkbuf_2_2__f_clk/A (sg13g2_buf_8)
     8    0.029379    0.028000    0.074867   10.165701 ^ clkbuf_2_2__f_clk/X (sg13g2_buf_8)
                                                         clknet_2_2__leaf_clk (net)
                      0.028000    0.000062   10.165763 ^ B[10]$_SDFFE_PP1P_/CLK (sg13g2_dfrbpq_1)
                                 -0.250000    9.915763   clock uncertainty
                                  0.000000    9.915763   clock reconvergence pessimism
                                 -0.113014    9.802749   library setup time
                                              9.802749   data required time
---------------------------------------------------------------------------------------------
                                              9.802749   data required time
                                             -2.571989   data arrival time
---------------------------------------------------------------------------------------------
                                              7.230760   slack (MET)


Startpoint: Op (input port clocked by clk)
Endpoint: B[5]$_SDFFE_PP1P_ (rising edge-triggered flip-flop clocked by clk)
Path Group: clk
Path Type: max

Fanout         Cap        Slew       Delay        Time   Description
---------------------------------------------------------------------------------------------
                                  0.000000    0.000000   clock clk (rise edge)
                                  0.000000    0.000000   clock network delay (propagated)
                                  2.000000    2.000000 ^ input external delay
     1    0.004013    0.021168    0.003282    2.003282 ^ Op (in)
                                                         Op (net)
                      0.021168    0.000000    2.003282 ^ input2/A (sg13g2_buf_1)
     3    0.015193    0.069580    0.092297    2.095579 ^ input2/X (sg13g2_buf_1)
                                                         net18 (net)
                      0.069580    0.000157    2.095736 ^ _128_/B_N (sg13g2_nor2b_1)
     2    0.012230    0.122044    0.159723    2.255459 ^ _128_/Y (sg13g2_nor2b_1)
                                                         _030_ (net)
                      0.122044    0.000026    2.255486 ^ fanout6/A (sg13g2_buf_8)
     8    0.032359    0.033234    0.114297    2.369782 ^ fanout6/X (sg13g2_buf_8)
                                                         net6 (net)
                      0.033234    0.000167    2.369950 ^ _143_/C (sg13g2_nand3_1)
     1    0.003702    0.070904    0.078431    2.448381 v _143_/Y (sg13g2_nand3_1)
                                                         _038_ (net)
                      0.070904    0.000011    2.448392 v _144_/A2 (sg13g2_a21o_1)
     1    0.001801    0.024860    0.123830    2.572222 v _144_/X (sg13g2_a21o_1)
                                                         _019_ (net)
                      0.024860    0.000002    2.572224 v B[5]$_SDFFE_PP1P_/D (sg13g2_dfrbpq_1)
                                              2.572224   data arrival time

                                 10.000000   10.000000   clock clk (rise edge)
                                  0.000000   10.000000   clock source latency
     1    0.014354    0.030345    0.011855   10.011856 ^ clk (in)
                                                         clk (net)
                      0.030346    0.000000   10.011856 ^ clkbuf_0_clk/A (sg13g2_buf_8)
     4    0.045105    0.034859    0.078783   10.090639 ^ clkbuf_0_clk/X (sg13g2_buf_8)
                                                         clknet_0_clk (net)
                      0.034859    0.000195   10.090834 ^ clkbuf_2_2__f_clk/A (sg13g2_buf_8)
     8    0.029379    0.028000    0.074867   10.165701 ^ clkbuf_2_2__f_clk/X (sg13g2_buf_8)
                                                         clknet_2_2__leaf_clk (net)
                      0.028000    0.000031   10.165731 ^ B[5]$_SDFFE_PP1P_/CLK (sg13g2_dfrbpq_1)
                                 -0.250000    9.915731   clock uncertainty
                                  0.000000    9.915731   clock reconvergence pessimism
                                 -0.112332    9.803399   library setup time
                                              9.803399   data required time
---------------------------------------------------------------------------------------------
                                              9.803399   data required time
                                             -2.572224   data arrival time
---------------------------------------------------------------------------------------------
                                              7.231175   slack (MET)


Startpoint: Op (input port clocked by clk)
Endpoint: B[9]$_SDFFE_PP1P_ (rising edge-triggered flip-flop clocked by clk)
Path Group: clk
Path Type: max

Fanout         Cap        Slew       Delay        Time   Description
---------------------------------------------------------------------------------------------
                                  0.000000    0.000000   clock clk (rise edge)
                                  0.000000    0.000000   clock network delay (propagated)
                                  2.000000    2.000000 ^ input external delay
     1    0.004013    0.021168    0.003282    2.003282 ^ Op (in)
                                                         Op (net)
                      0.021168    0.000000    2.003282 ^ input2/A (sg13g2_buf_1)
     3    0.015193    0.069580    0.092297    2.095579 ^ input2/X (sg13g2_buf_1)
                                                         net18 (net)
                      0.069580    0.000157    2.095736 ^ _128_/B_N (sg13g2_nor2b_1)
     2    0.012230    0.122044    0.159723    2.255459 ^ _128_/Y (sg13g2_nor2b_1)
                                                         _030_ (net)
                      0.122044    0.000026    2.255486 ^ fanout6/A (sg13g2_buf_8)
     8    0.032359    0.033234    0.114297    2.369782 ^ fanout6/X (sg13g2_buf_8)
                                                         net6 (net)
                      0.033234    0.000182    2.369964 ^ _151_/C (sg13g2_nand3_1)
     1    0.003439    0.062768    0.076829    2.446793 v _151_/Y (sg13g2_nand3_1)
                                                         _042_ (net)
                      0.062768    0.000008    2.446801 v _152_/A2 (sg13g2_a21o_1)
     1    0.002142    0.025624    0.121555    2.568355 v _152_/X (sg13g2_a21o_1)
                                                         _023_ (net)
                      0.025624    0.000005    2.568360 v B[9]$_SDFFE_PP1P_/D (sg13g2_dfrbpq_1)
                                              2.568360   data arrival time

                                 10.000000   10.000000   clock clk (rise edge)
                                  0.000000   10.000000   clock source latency
     1    0.014354    0.030345    0.011855   10.011856 ^ clk (in)
                                                         clk (net)
                      0.030346    0.000000   10.011856 ^ clkbuf_0_clk/A (sg13g2_buf_8)
     4    0.045105    0.034859    0.078783   10.090639 ^ clkbuf_0_clk/X (sg13g2_buf_8)
                                                         clknet_0_clk (net)
                      0.034859    0.000195   10.090834 ^ clkbuf_2_2__f_clk/A (sg13g2_buf_8)
     8    0.029379    0.028000    0.074867   10.165701 ^ clkbuf_2_2__f_clk/X (sg13g2_buf_8)
                                                         clknet_2_2__leaf_clk (net)
                      0.028000    0.000110   10.165811 ^ B[9]$_SDFFE_PP1P_/CLK (sg13g2_dfrbpq_1)
                                 -0.250000    9.915811   clock uncertainty
                                  0.000000    9.915811   clock reconvergence pessimism
                                 -0.112608    9.803203   library setup time
                                              9.803203   data required time
---------------------------------------------------------------------------------------------
                                              9.803203   data required time
                                             -2.568360   data arrival time
---------------------------------------------------------------------------------------------
                                              7.234843   slack (MET)


Startpoint: Op (input port clocked by clk)
Endpoint: B[4]$_SDFFE_PP1P_ (rising edge-triggered flip-flop clocked by clk)
Path Group: clk
Path Type: max

Fanout         Cap        Slew       Delay        Time   Description
---------------------------------------------------------------------------------------------
                                  0.000000    0.000000   clock clk (rise edge)
                                  0.000000    0.000000   clock network delay (propagated)
                                  2.000000    2.000000 ^ input external delay
     1    0.004013    0.021168    0.003282    2.003282 ^ Op (in)
                                                         Op (net)
                      0.021168    0.000000    2.003282 ^ input2/A (sg13g2_buf_1)
     3    0.015193    0.069580    0.092297    2.095579 ^ input2/X (sg13g2_buf_1)
                                                         net18 (net)
                      0.069580    0.000157    2.095736 ^ _128_/B_N (sg13g2_nor2b_1)
     2    0.012230    0.122044    0.159723    2.255459 ^ _128_/Y (sg13g2_nor2b_1)
                                                         _030_ (net)
                      0.122044    0.000026    2.255486 ^ fanout6/A (sg13g2_buf_8)
     8    0.032359    0.033234    0.114297    2.369782 ^ fanout6/X (sg13g2_buf_8)
                                                         net6 (net)
                      0.033234    0.000102    2.369884 ^ _141_/C (sg13g2_nand3_1)
     1    0.003217    0.069409    0.075478    2.445362 v _141_/Y (sg13g2_nand3_1)
                                                         _037_ (net)
                      0.069409    0.000005    2.445367 v _142_/A2 (sg13g2_a21o_1)
     1    0.001551    0.023793    0.122508    2.567875 v _142_/X (sg13g2_a21o_1)
                                                         _018_ (net)
                      0.023793    0.000000    2.567875 v B[4]$_SDFFE_PP1P_/D (sg13g2_dfrbpq_1)
                                              2.567875   data arrival time

                                 10.000000   10.000000   clock clk (rise edge)
                                  0.000000   10.000000   clock source latency
     1    0.014354    0.030345    0.011855   10.011856 ^ clk (in)
                                                         clk (net)
                      0.030346    0.000000   10.011856 ^ clkbuf_0_clk/A (sg13g2_buf_8)
     4    0.045105    0.034859    0.078783   10.090639 ^ clkbuf_0_clk/X (sg13g2_buf_8)
                                                         clknet_0_clk (net)
                      0.034859    0.000147   10.090785 ^ clkbuf_2_0__f_clk/A (sg13g2_buf_8)
     8    0.028508    0.027615    0.074531   10.165316 ^ clkbuf_2_0__f_clk/X (sg13g2_buf_8)
                                                         clknet_2_0__leaf_clk (net)
                      0.027615    0.000054   10.165370 ^ B[4]$_SDFFE_PP1P_/CLK (sg13g2_dfrbpq_1)
                                 -0.250000    9.915370   clock uncertainty
                                  0.000000    9.915370   clock reconvergence pessimism
                                 -0.112046    9.803324   library setup time
                                              9.803324   data required time
---------------------------------------------------------------------------------------------
                                              9.803324   data required time
                                             -2.567875   data arrival time
---------------------------------------------------------------------------------------------
                                              7.235448   slack (MET)


Startpoint: BN[11]$_SDFFE_PP1P_ (rising edge-triggered flip-flop clocked by clk)
Endpoint: BN[11] (output port clocked by clk)
Path Group: clk
Path Type: max

Fanout         Cap        Slew       Delay        Time   Description
---------------------------------------------------------------------------------------------
                                  0.000000    0.000000   clock clk (rise edge)
                                  0.000000    0.000000   clock source latency
     1    0.014354    0.030345    0.011855    0.011855 ^ clk (in)
                                                         clk (net)
                      0.030346    0.000000    0.011855 ^ clkbuf_0_clk/A (sg13g2_buf_8)
     4    0.045105    0.034859    0.078783    0.090638 ^ clkbuf_0_clk/X (sg13g2_buf_8)
                                                         clknet_0_clk (net)
                      0.034859    0.000161    0.090799 ^ clkbuf_2_1__f_clk/A (sg13g2_buf_8)
     7    0.026048    0.026520    0.073566    0.164366 ^ clkbuf_2_1__f_clk/X (sg13g2_buf_8)
                                                         clknet_2_1__leaf_clk (net)
                      0.026520    0.000020    0.164386 ^ BN[11]$_SDFFE_PP1P_/CLK (sg13g2_dfrbpq_1)
     4    0.013548    0.063598    0.196694    0.361079 ^ BN[11]$_SDFFE_PP1P_/Q (sg13g2_dfrbpq_1)
                                                         net55 (net)
                      0.063598    0.000006    0.361086 ^ _204_/A (sg13g2_buf_1)
     1    0.004749    0.030342    0.079930    0.441016 ^ _204_/X (sg13g2_buf_1)
                                                         net21 (net)
                      0.030342    0.000031    0.441047 ^ output5/A (sg13g2_buf_1)
     1    0.006832    0.036999    0.071807    0.512854 ^ output5/X (sg13g2_buf_1)
                                                         BN[11] (net)
                      0.036999    0.000020    0.512874 ^ BN[11] (out)
                                              0.512874   data arrival time

                                 10.000000   10.000000   clock clk (rise edge)
                                  0.000000   10.000000   clock network delay (propagated)
                                 -0.250000    9.750000   clock uncertainty
                                  0.000000    9.750000   clock reconvergence pessimism
                                 -2.000000    7.750000   output external delay
                                              7.750000   data required time
---------------------------------------------------------------------------------------------
                                              7.750000   data required time
                                             -0.512874   data arrival time
---------------------------------------------------------------------------------------------
                                              7.237126   slack (MET)


Startpoint: Op (input port clocked by clk)
Endpoint: B[1]$_SDFFE_PP1P_ (rising edge-triggered flip-flop clocked by clk)
Path Group: clk
Path Type: max

Fanout         Cap        Slew       Delay        Time   Description
---------------------------------------------------------------------------------------------
                                  0.000000    0.000000   clock clk (rise edge)
                                  0.000000    0.000000   clock network delay (propagated)
                                  2.000000    2.000000 ^ input external delay
     1    0.004013    0.021168    0.003282    2.003282 ^ Op (in)
                                                         Op (net)
                      0.021168    0.000000    2.003282 ^ input2/A (sg13g2_buf_1)
     3    0.015193    0.069580    0.092297    2.095579 ^ input2/X (sg13g2_buf_1)
                                                         net18 (net)
                      0.069580    0.000157    2.095736 ^ _128_/B_N (sg13g2_nor2b_1)
     2    0.012230    0.122044    0.159723    2.255459 ^ _128_/Y (sg13g2_nor2b_1)
                                                         _030_ (net)
                      0.122044    0.000026    2.255486 ^ fanout6/A (sg13g2_buf_8)
     8    0.032359    0.033234    0.114297    2.369782 ^ fanout6/X (sg13g2_buf_8)
                                                         net6 (net)
                      0.033234    0.000150    2.369933 ^ _135_/C (sg13g2_nand3_1)
     1    0.003067    0.059966    0.074568    2.444501 v _135_/Y (sg13g2_nand3_1)
                                                         _034_ (net)
                      0.059966    0.000003    2.444504 v _136_/A2 (sg13g2_a21o_1)
     1    0.001551    0.024148    0.118722    2.563227 v _136_/X (sg13g2_a21o_1)
                                                         _015_ (net)
                      0.024148    0.000000    2.563227 v B[1]$_SDFFE_PP1P_/D (sg13g2_dfrbpq_1)
                                              2.563227   data arrival time

                                 10.000000   10.000000   clock clk (rise edge)
                                  0.000000   10.000000   clock source latency
     1    0.014354    0.030345    0.011855   10.011856 ^ clk (in)
                                                         clk (net)
                      0.030346    0.000000   10.011856 ^ clkbuf_0_clk/A (sg13g2_buf_8)
     4    0.045105    0.034859    0.078783   10.090639 ^ clkbuf_0_clk/X (sg13g2_buf_8)
                                                         clknet_0_clk (net)
                      0.034859    0.000147   10.090785 ^ clkbuf_2_0__f_clk/A (sg13g2_buf_8)
     8    0.028508    0.027615    0.074531   10.165316 ^ clkbuf_2_0__f_clk/X (sg13g2_buf_8)
                                                         clknet_2_0__leaf_clk (net)
                      0.027615    0.000073   10.165389 ^ B[1]$_SDFFE_PP1P_/CLK (sg13g2_dfrbpq_1)
                                 -0.250000    9.915389   clock uncertainty
                                  0.000000    9.915389   clock reconvergence pessimism
                                 -0.112174    9.803214   library setup time
                                              9.803214   data required time
---------------------------------------------------------------------------------------------
                                              9.803214   data required time
                                             -2.563227   data arrival time
---------------------------------------------------------------------------------------------
                                              7.239987   slack (MET)


Startpoint: Om (input port clocked by clk)
Endpoint: BN[4]$_SDFFE_PP1P_ (rising edge-triggered flip-flop clocked by clk)
Path Group: clk
Path Type: max

Fanout         Cap        Slew       Delay        Time   Description
---------------------------------------------------------------------------------------------
                                  0.000000    0.000000   clock clk (rise edge)
                                  0.000000    0.000000   clock network delay (propagated)
                                  2.000000    2.000000 ^ input external delay
     1    0.004013    0.021168    0.003282    2.003282 ^ Om (in)
                                                         Om (net)
                      0.021168    0.000000    2.003282 ^ input1/A (sg13g2_buf_1)
     3    0.014690    0.067587    0.090822    2.094104 ^ input1/X (sg13g2_buf_1)
                                                         net17 (net)
                      0.067587    0.000164    2.094268 ^ _096_/B_N (sg13g2_nor2b_1)
     2    0.012704    0.125890    0.161644    2.255912 ^ _096_/Y (sg13g2_nor2b_1)
                                                         _050_ (net)
                      0.125890    0.000019    2.255931 ^ fanout8/A (sg13g2_buf_8)
     8    0.031878    0.033215    0.115346    2.371278 ^ fanout8/X (sg13g2_buf_8)
                                                         net8 (net)
                      0.033215    0.000153    2.371431 ^ _116_/A (sg13g2_nand3_1)
     1    0.003758    0.067785    0.065751    2.437181 v _116_/Y (sg13g2_nand3_1)
                                                         _064_ (net)
                      0.067785    0.000012    2.437193 v _117_/A2 (sg13g2_a21o_1)
     1    0.001940    0.025258    0.122983    2.560176 v _117_/X (sg13g2_a21o_1)
                                                         _006_ (net)
                      0.025258    0.000003    2.560179 v BN[4]$_SDFFE_PP1P_/D (sg13g2_dfrbpq_1)
                                              2.560179   data arrival time

                                 10.000000   10.000000   clock clk (rise edge)
                                  0.000000   10.000000   clock source latency
     1    0.014354    0.030345    0.011855   10.011856 ^ clk (in)
                                                         clk (net)
                      0.030346    0.000000   10.011856 ^ clkbuf_0_clk/A (sg13g2_buf_8)
     4    0.045105    0.034859    0.078783   10.090639 ^ clkbuf_0_clk/X (sg13g2_buf_8)
                                                         clknet_0_clk (net)
                      0.034859    0.000147   10.090785 ^ clkbuf_2_0__f_clk/A (sg13g2_buf_8)
     8    0.028508    0.027615    0.074531   10.165316 ^ clkbuf_2_0__f_clk/X (sg13g2_buf_8)
                                                         clknet_2_0__leaf_clk (net)
                      0.027615    0.000064   10.165380 ^ BN[4]$_SDFFE_PP1P_/CLK (sg13g2_dfrbpq_1)
                                 -0.250000    9.915380   clock uncertainty
                                  0.000000    9.915380   clock reconvergence pessimism
                                 -0.112574    9.802806   library setup time
                                              9.802806   data required time
---------------------------------------------------------------------------------------------
                                              9.802806   data required time
                                             -2.560179   data arrival time
---------------------------------------------------------------------------------------------
                                              7.242627   slack (MET)


Startpoint: Om (input port clocked by clk)
Endpoint: BN[0]$_SDFFE_PP1P_ (rising edge-triggered flip-flop clocked by clk)
Path Group: clk
Path Type: max

Fanout         Cap        Slew       Delay        Time   Description
---------------------------------------------------------------------------------------------
                                  0.000000    0.000000   clock clk (rise edge)
                                  0.000000    0.000000   clock network delay (propagated)
                                  2.000000    2.000000 ^ input external delay
     1    0.004013    0.021168    0.003282    2.003282 ^ Om (in)
                                                         Om (net)
                      0.021168    0.000000    2.003282 ^ input1/A (sg13g2_buf_1)
     3    0.014690    0.067587    0.090822    2.094104 ^ input1/X (sg13g2_buf_1)
                                                         net17 (net)
                      0.067587    0.000164    2.094268 ^ _096_/B_N (sg13g2_nor2b_1)
     2    0.012704    0.125890    0.161644    2.255912 ^ _096_/Y (sg13g2_nor2b_1)
                                                         _050_ (net)
                      0.125890    0.000019    2.255931 ^ fanout8/A (sg13g2_buf_8)
     8    0.031878    0.033215    0.115346    2.371278 ^ fanout8/X (sg13g2_buf_8)
                                                         net8 (net)
                      0.033215    0.000147    2.371424 ^ _100_/A (sg13g2_nand3_1)
     1    0.003702    0.067362    0.065403    2.436827 v _100_/Y (sg13g2_nand3_1)
                                                         _054_ (net)
                      0.067362    0.000011    2.436838 v _101_/A2 (sg13g2_a21o_1)
     1    0.002069    0.025063    0.123187    2.560025 v _101_/X (sg13g2_a21o_1)
                                                         _000_ (net)
                      0.025063    0.000004    2.560029 v BN[0]$_SDFFE_PP1P_/D (sg13g2_dfrbpq_1)
                                              2.560029   data arrival time

                                 10.000000   10.000000   clock clk (rise edge)
                                  0.000000   10.000000   clock source latency
     1    0.014354    0.030345    0.011855   10.011856 ^ clk (in)
                                                         clk (net)
                      0.030346    0.000000   10.011856 ^ clkbuf_0_clk/A (sg13g2_buf_8)
     4    0.045105    0.034859    0.078783   10.090639 ^ clkbuf_0_clk/X (sg13g2_buf_8)
                                                         clknet_0_clk (net)
                      0.034859    0.000147   10.090785 ^ clkbuf_2_0__f_clk/A (sg13g2_buf_8)
     8    0.028508    0.027615    0.074531   10.165316 ^ clkbuf_2_0__f_clk/X (sg13g2_buf_8)
                                                         clknet_2_0__leaf_clk (net)
                      0.027615    0.000055   10.165371 ^ BN[0]$_SDFFE_PP1P_/CLK (sg13g2_dfrbpq_1)
                                 -0.250000    9.915371   clock uncertainty
                                  0.000000    9.915371   clock reconvergence pessimism
                                 -0.112504    9.802867   library setup time
                                              9.802867   data required time
---------------------------------------------------------------------------------------------
                                              9.802867   data required time
                                             -2.560029   data arrival time
---------------------------------------------------------------------------------------------
                                              7.242838   slack (MET)


Startpoint: Om (input port clocked by clk)
Endpoint: BN[1]$_SDFFE_PP1P_ (rising edge-triggered flip-flop clocked by clk)
Path Group: clk
Path Type: max

Fanout         Cap        Slew       Delay        Time   Description
---------------------------------------------------------------------------------------------
                                  0.000000    0.000000   clock clk (rise edge)
                                  0.000000    0.000000   clock network delay (propagated)
                                  2.000000    2.000000 ^ input external delay
     1    0.004013    0.021168    0.003282    2.003282 ^ Om (in)
                                                         Om (net)
                      0.021168    0.000000    2.003282 ^ input1/A (sg13g2_buf_1)
     3    0.014690    0.067587    0.090822    2.094104 ^ input1/X (sg13g2_buf_1)
                                                         net17 (net)
                      0.067587    0.000164    2.094268 ^ _096_/B_N (sg13g2_nor2b_1)
     2    0.012704    0.125890    0.161644    2.255912 ^ _096_/Y (sg13g2_nor2b_1)
                                                         _050_ (net)
                      0.125890    0.000019    2.255931 ^ fanout8/A (sg13g2_buf_8)
     8    0.031878    0.033215    0.115346    2.371278 ^ fanout8/X (sg13g2_buf_8)
                                                         net8 (net)
                      0.033215    0.000151    2.371429 ^ _109_/A (sg13g2_nand3_1)
     1    0.003753    0.061484    0.065720    2.437148 v _109_/Y (sg13g2_nand3_1)
                                                         _060_ (net)
                      0.061484    0.000012    2.437160 v _110_/A2 (sg13g2_a21o_1)
     1    0.002021    0.025307    0.120691    2.557851 v _110_/X (sg13g2_a21o_1)
                                                         _003_ (net)
                      0.025307    0.000004    2.557855 v BN[1]$_SDFFE_PP1P_/D (sg13g2_dfrbpq_1)
                                              2.557855   data arrival time

                                 10.000000   10.000000   clock clk (rise edge)
                                  0.000000   10.000000   clock source latency
     1    0.014354    0.030345    0.011855   10.011856 ^ clk (in)
                                                         clk (net)
                      0.030346    0.000000   10.011856 ^ clkbuf_0_clk/A (sg13g2_buf_8)
     4    0.045105    0.034859    0.078783   10.090639 ^ clkbuf_0_clk/X (sg13g2_buf_8)
                                                         clknet_0_clk (net)
                      0.034859    0.000195   10.090834 ^ clkbuf_2_2__f_clk/A (sg13g2_buf_8)
     8    0.029379    0.028000    0.074867   10.165701 ^ clkbuf_2_2__f_clk/X (sg13g2_buf_8)
                                                         clknet_2_2__leaf_clk (net)
                      0.028000    0.000125   10.165826 ^ BN[1]$_SDFFE_PP1P_/CLK (sg13g2_dfrbpq_1)
                                 -0.250000    9.915826   clock uncertainty
                                  0.000000    9.915826   clock reconvergence pessimism
                                 -0.112493    9.803332   library setup time
                                              9.803332   data required time
---------------------------------------------------------------------------------------------
                                              9.803332   data required time
                                             -2.557855   data arrival time
---------------------------------------------------------------------------------------------
                                              7.245478   slack (MET)


Startpoint: Om (input port clocked by clk)
Endpoint: BN[10]$_SDFFE_PP1P_ (rising edge-triggered flip-flop clocked by clk)
Path Group: clk
Path Type: max

Fanout         Cap        Slew       Delay        Time   Description
---------------------------------------------------------------------------------------------
                                  0.000000    0.000000   clock clk (rise edge)
                                  0.000000    0.000000   clock network delay (propagated)
                                  2.000000    2.000000 ^ input external delay
     1    0.004013    0.021168    0.003282    2.003282 ^ Om (in)
                                                         Om (net)
                      0.021168    0.000000    2.003282 ^ input1/A (sg13g2_buf_1)
     3    0.014690    0.067587    0.090822    2.094104 ^ input1/X (sg13g2_buf_1)
                                                         net17 (net)
                      0.067587    0.000164    2.094268 ^ _096_/B_N (sg13g2_nor2b_1)
     2    0.012704    0.125890    0.161644    2.255912 ^ _096_/Y (sg13g2_nor2b_1)
                                                         _050_ (net)
                      0.125890    0.000019    2.255931 ^ fanout8/A (sg13g2_buf_8)
     8    0.031878    0.033215    0.115346    2.371278 ^ fanout8/X (sg13g2_buf_8)
                                                         net8 (net)
                      0.033215    0.000067    2.371344 ^ _104_/A (sg13g2_nand3_1)
     1    0.003438    0.062049    0.063776    2.435121 v _104_/Y (sg13g2_nand3_1)
                                                         _057_ (net)
                      0.062049    0.000008    2.435128 v _105_/A2 (sg13g2_a21o_1)
     1    0.002281    0.025573    0.121667    2.556796 v _105_/X (sg13g2_a21o_1)
                                                         _001_ (net)
                      0.025573    0.000006    2.556802 v BN[10]$_SDFFE_PP1P_/D (sg13g2_dfrbpq_1)
                                              2.556802   data arrival time

                                 10.000000   10.000000   clock clk (rise edge)
                                  0.000000   10.000000   clock source latency
     1    0.014354    0.030345    0.011855   10.011856 ^ clk (in)
                                                         clk (net)
                      0.030346    0.000000   10.011856 ^ clkbuf_0_clk/A (sg13g2_buf_8)
     4    0.045105    0.034859    0.078783   10.090639 ^ clkbuf_0_clk/X (sg13g2_buf_8)
                                                         clknet_0_clk (net)
                      0.034860    0.000222   10.090861 ^ clkbuf_2_3__f_clk/A (sg13g2_buf_8)
     8    0.028848    0.027766    0.074667   10.165528 ^ clkbuf_2_3__f_clk/X (sg13g2_buf_8)
                                                         clknet_2_3__leaf_clk (net)
                      0.027766    0.000062   10.165590 ^ BN[10]$_SDFFE_PP1P_/CLK (sg13g2_dfrbpq_1)
                                 -0.250000    9.915590   clock uncertainty
                                  0.000000    9.915590   clock reconvergence pessimism
                                 -0.112649    9.802942   library setup time
                                              9.802942   data required time
---------------------------------------------------------------------------------------------
                                              9.802942   data required time
                                             -2.556802   data arrival time
---------------------------------------------------------------------------------------------
                                              7.246140   slack (MET)


Startpoint: Om (input port clocked by clk)
Endpoint: BN[8]$_SDFFE_PP1P_ (rising edge-triggered flip-flop clocked by clk)
Path Group: clk
Path Type: max

Fanout         Cap        Slew       Delay        Time   Description
---------------------------------------------------------------------------------------------
                                  0.000000    0.000000   clock clk (rise edge)
                                  0.000000    0.000000   clock network delay (propagated)
                                  2.000000    2.000000 ^ input external delay
     1    0.004013    0.021168    0.003282    2.003282 ^ Om (in)
                                                         Om (net)
                      0.021168    0.000000    2.003282 ^ input1/A (sg13g2_buf_1)
     3    0.014690    0.067587    0.090822    2.094104 ^ input1/X (sg13g2_buf_1)
                                                         net17 (net)
                      0.067587    0.000164    2.094268 ^ _096_/B_N (sg13g2_nor2b_1)
     2    0.012704    0.125890    0.161644    2.255912 ^ _096_/Y (sg13g2_nor2b_1)
                                                         _050_ (net)
                      0.125890    0.000019    2.255931 ^ fanout8/A (sg13g2_buf_8)
     8    0.031878    0.033215    0.115346    2.371278 ^ fanout8/X (sg13g2_buf_8)
                                                         net8 (net)
                      0.033215    0.000150    2.371427 ^ _124_/A (sg13g2_nand3_1)
     1    0.003541    0.066155    0.064410    2.435838 v _124_/Y (sg13g2_nand3_1)
                                                         _028_ (net)
                      0.066155    0.000009    2.435847 v _125_/A2 (sg13g2_a21o_1)
     1    0.001551    0.023766    0.121204    2.557050 v _125_/X (sg13g2_a21o_1)
                                                         _010_ (net)
                      0.023766    0.000000    2.557051 v BN[8]$_SDFFE_PP1P_/D (sg13g2_dfrbpq_1)
                                              2.557051   data arrival time

                                 10.000000   10.000000   clock clk (rise edge)
                                  0.000000   10.000000   clock source latency
     1    0.014354    0.030345    0.011855   10.011856 ^ clk (in)
                                                         clk (net)
                      0.030346    0.000000   10.011856 ^ clkbuf_0_clk/A (sg13g2_buf_8)
     4    0.045105    0.034859    0.078783   10.090639 ^ clkbuf_0_clk/X (sg13g2_buf_8)
                                                         clknet_0_clk (net)
                      0.034859    0.000147   10.090785 ^ clkbuf_2_0__f_clk/A (sg13g2_buf_8)
     8    0.028508    0.027615    0.074531   10.165316 ^ clkbuf_2_0__f_clk/X (sg13g2_buf_8)
                                                         clknet_2_0__leaf_clk (net)
                      0.027615    0.000056   10.165372 ^ BN[8]$_SDFFE_PP1P_/CLK (sg13g2_dfrbpq_1)
                                 -0.250000    9.915372   clock uncertainty
                                  0.000000    9.915372   clock reconvergence pessimism
                                 -0.112036    9.803335   library setup time
                                              9.803335   data required time
---------------------------------------------------------------------------------------------
                                              9.803335   data required time
                                             -2.557051   data arrival time
---------------------------------------------------------------------------------------------
                                              7.246284   slack (MET)


Startpoint: Om (input port clocked by clk)
Endpoint: BN[5]$_SDFFE_PP1P_ (rising edge-triggered flip-flop clocked by clk)
Path Group: clk
Path Type: max

Fanout         Cap        Slew       Delay        Time   Description
---------------------------------------------------------------------------------------------
                                  0.000000    0.000000   clock clk (rise edge)
                                  0.000000    0.000000   clock network delay (propagated)
                                  2.000000    2.000000 ^ input external delay
     1    0.004013    0.021168    0.003282    2.003282 ^ Om (in)
                                                         Om (net)
                      0.021168    0.000000    2.003282 ^ input1/A (sg13g2_buf_1)
     3    0.014690    0.067587    0.090822    2.094104 ^ input1/X (sg13g2_buf_1)
                                                         net17 (net)
                      0.067587    0.000164    2.094268 ^ _096_/B_N (sg13g2_nor2b_1)
     2    0.012704    0.125890    0.161644    2.255912 ^ _096_/Y (sg13g2_nor2b_1)
                                                         _050_ (net)
                      0.125890    0.000019    2.255931 ^ fanout8/A (sg13g2_buf_8)
     8    0.031878    0.033215    0.115346    2.371278 ^ fanout8/X (sg13g2_buf_8)
                                                         net8 (net)
                      0.033215    0.000141    2.371418 ^ _118_/A (sg13g2_nand3_1)
     1    0.003000    0.059894    0.061066    2.432484 v _118_/Y (sg13g2_nand3_1)
                                                         _065_ (net)
                      0.059894    0.000002    2.432487 v _119_/A2 (sg13g2_a21o_1)
     1    0.002896    0.027579    0.122582    2.555068 v _119_/X (sg13g2_a21o_1)
                                                         _007_ (net)
                      0.027579    0.000011    2.555079 v BN[5]$_SDFFE_PP1P_/D (sg13g2_dfrbpq_1)
                                              2.555079   data arrival time

                                 10.000000   10.000000   clock clk (rise edge)
                                  0.000000   10.000000   clock source latency
     1    0.014354    0.030345    0.011855   10.011856 ^ clk (in)
                                                         clk (net)
                      0.030346    0.000000   10.011856 ^ clkbuf_0_clk/A (sg13g2_buf_8)
     4    0.045105    0.034859    0.078783   10.090639 ^ clkbuf_0_clk/X (sg13g2_buf_8)
                                                         clknet_0_clk (net)
                      0.034859    0.000195   10.090834 ^ clkbuf_2_2__f_clk/A (sg13g2_buf_8)
     8    0.029379    0.028000    0.074867   10.165701 ^ clkbuf_2_2__f_clk/X (sg13g2_buf_8)
                                                         clknet_2_2__leaf_clk (net)
                      0.028000    0.000044   10.165744 ^ BN[5]$_SDFFE_PP1P_/CLK (sg13g2_dfrbpq_1)
                                 -0.250000    9.915744   clock uncertainty
                                  0.000000    9.915744   clock reconvergence pessimism
                                 -0.113312    9.802432   library setup time
                                              9.802432   data required time
---------------------------------------------------------------------------------------------
                                              9.802432   data required time
                                             -2.555079   data arrival time
---------------------------------------------------------------------------------------------
                                              7.247353   slack (MET)


Startpoint: Om (input port clocked by clk)
Endpoint: BN[9]$_SDFFE_PP1P_ (rising edge-triggered flip-flop clocked by clk)
Path Group: clk
Path Type: max

Fanout         Cap        Slew       Delay        Time   Description
---------------------------------------------------------------------------------------------
                                  0.000000    0.000000   clock clk (rise edge)
                                  0.000000    0.000000   clock network delay (propagated)
                                  2.000000    2.000000 ^ input external delay
     1    0.004013    0.021168    0.003282    2.003282 ^ Om (in)
                                                         Om (net)
                      0.021168    0.000000    2.003282 ^ input1/A (sg13g2_buf_1)
     3    0.014690    0.067587    0.090822    2.094104 ^ input1/X (sg13g2_buf_1)
                                                         net17 (net)
                      0.067587    0.000164    2.094268 ^ _096_/B_N (sg13g2_nor2b_1)
     2    0.012704    0.125890    0.161644    2.255912 ^ _096_/Y (sg13g2_nor2b_1)
                                                         _050_ (net)
                      0.125890    0.000019    2.255931 ^ fanout8/A (sg13g2_buf_8)
     8    0.031878    0.033215    0.115346    2.371278 ^ fanout8/X (sg13g2_buf_8)
                                                         net8 (net)
                      0.033215    0.000147    2.371425 ^ _126_/A (sg13g2_nand3_1)
     1    0.003376    0.058585    0.063388    2.434813 v _126_/Y (sg13g2_nand3_1)
                                                         _029_ (net)
                      0.058585    0.000007    2.434820 v _127_/A2 (sg13g2_a21o_1)
     1    0.002357    0.026184    0.120497    2.555317 v _127_/X (sg13g2_a21o_1)
                                                         _011_ (net)
                      0.026184    0.000006    2.555324 v BN[9]$_SDFFE_PP1P_/D (sg13g2_dfrbpq_1)
                                              2.555324   data arrival time

                                 10.000000   10.000000   clock clk (rise edge)
                                  0.000000   10.000000   clock source latency
     1    0.014354    0.030345    0.011855   10.011856 ^ clk (in)
                                                         clk (net)
                      0.030346    0.000000   10.011856 ^ clkbuf_0_clk/A (sg13g2_buf_8)
     4    0.045105    0.034859    0.078783   10.090639 ^ clkbuf_0_clk/X (sg13g2_buf_8)
                                                         clknet_0_clk (net)
                      0.034859    0.000195   10.090834 ^ clkbuf_2_2__f_clk/A (sg13g2_buf_8)
     8    0.029379    0.028000    0.074867   10.165701 ^ clkbuf_2_2__f_clk/X (sg13g2_buf_8)
                                                         clknet_2_2__leaf_clk (net)
                      0.028000    0.000101   10.165802 ^ BN[9]$_SDFFE_PP1P_/CLK (sg13g2_dfrbpq_1)
                                 -0.250000    9.915802   clock uncertainty
                                  0.000000    9.915802   clock reconvergence pessimism
                                 -0.112809    9.802993   library setup time
                                              9.802993   data required time
---------------------------------------------------------------------------------------------
                                              9.802993   data required time
                                             -2.555324   data arrival time
---------------------------------------------------------------------------------------------
                                              7.247669   slack (MET)


Startpoint: Op (input port clocked by clk)
Endpoint: dbit[3]$_SDFFE_PP1P_ (rising edge-triggered flip-flop clocked by clk)
Path Group: clk
Path Type: max

Fanout         Cap        Slew       Delay        Time   Description
---------------------------------------------------------------------------------------------
                                  0.000000    0.000000   clock clk (rise edge)
                                  0.000000    0.000000   clock network delay (propagated)
                                  2.000000    2.000000 v input external delay
     1    0.003954    0.017873    0.002749    2.002749 v Op (in)
                                                         Op (net)
                      0.017873    0.000000    2.002749 v input2/A (sg13g2_buf_1)
     3    0.014918    0.054363    0.086585    2.089334 v input2/X (sg13g2_buf_1)
                                                         net18 (net)
                      0.054363    0.000125    2.089459 v _165_/A (sg13g2_xnor2_1)
     6    0.019399    0.132056    0.167039    2.256497 v _165_/Y (sg13g2_xnor2_1)
                                                         _043_ (net)
                      0.132056    0.000030    2.256527 v _172_/A_N (sg13g2_nand3b_1)
     2    0.006928    0.090127    0.153115    2.409642 v _172_/Y (sg13g2_nand3b_1)
                                                         _048_ (net)
                      0.090127    0.000015    2.409658 v _175_/A2 (sg13g2_a21o_1)
     1    0.001905    0.024984    0.131839    2.541497 v _175_/X (sg13g2_a21o_1)
                                                         _027_ (net)
                      0.024984    0.000003    2.541500 v dbit[3]$_SDFFE_PP1P_/D (sg13g2_dfrbpq_2)
                                              2.541500   data arrival time

                                 10.000000   10.000000   clock clk (rise edge)
                                  0.000000   10.000000   clock source latency
     1    0.014354    0.030345    0.011855   10.011856 ^ clk (in)
                                                         clk (net)
                      0.030346    0.000000   10.011856 ^ clkbuf_0_clk/A (sg13g2_buf_8)
     4    0.045105    0.034859    0.078783   10.090639 ^ clkbuf_0_clk/X (sg13g2_buf_8)
                                                         clknet_0_clk (net)
                      0.034859    0.000161   10.090799 ^ clkbuf_2_1__f_clk/A (sg13g2_buf_8)
     7    0.026048    0.026520    0.073566   10.164366 ^ clkbuf_2_1__f_clk/X (sg13g2_buf_8)
                                                         clknet_2_1__leaf_clk (net)
                      0.026524    0.000085   10.164451 ^ dbit[3]$_SDFFE_PP1P_/CLK (sg13g2_dfrbpq_2)
                                 -0.250000    9.914451   clock uncertainty
                                  0.000000    9.914451   clock reconvergence pessimism
                                 -0.112754    9.801697   library setup time
                                              9.801697   data required time
---------------------------------------------------------------------------------------------
                                              9.801697   data required time
                                             -2.541500   data arrival time
---------------------------------------------------------------------------------------------
                                              7.260197   slack (MET)


Startpoint: BN[11]$_SDFFE_PP1P_ (rising edge-triggered flip-flop clocked by clk)
Endpoint: sign (output port clocked by clk)
Path Group: clk
Path Type: max

Fanout         Cap        Slew       Delay        Time   Description
---------------------------------------------------------------------------------------------
                                  0.000000    0.000000   clock clk (rise edge)
                                  0.000000    0.000000   clock source latency
     1    0.014354    0.030345    0.011855    0.011855 ^ clk (in)
                                                         clk (net)
                      0.030346    0.000000    0.011855 ^ clkbuf_0_clk/A (sg13g2_buf_8)
     4    0.045105    0.034859    0.078783    0.090638 ^ clkbuf_0_clk/X (sg13g2_buf_8)
                                                         clknet_0_clk (net)
                      0.034859    0.000161    0.090799 ^ clkbuf_2_1__f_clk/A (sg13g2_buf_8)
     7    0.026048    0.026520    0.073566    0.164366 ^ clkbuf_2_1__f_clk/X (sg13g2_buf_8)
                                                         clknet_2_1__leaf_clk (net)
                      0.026520    0.000020    0.164386 ^ BN[11]$_SDFFE_PP1P_/CLK (sg13g2_dfrbpq_1)
     4    0.013548    0.063598    0.196694    0.361079 ^ BN[11]$_SDFFE_PP1P_/Q (sg13g2_dfrbpq_1)
                                                         net55 (net)
                      0.063598    0.000033    0.361112 ^ output39/A (sg13g2_buf_1)
     1    0.006575    0.037086    0.085313    0.446426 ^ output39/X (sg13g2_buf_1)
                                                         sign (net)
                      0.037086    0.000014    0.446440 ^ sign (out)
                                              0.446440   data arrival time

                                 10.000000   10.000000   clock clk (rise edge)
                                  0.000000   10.000000   clock network delay (propagated)
                                 -0.250000    9.750000   clock uncertainty
                                  0.000000    9.750000   clock reconvergence pessimism
                                 -2.000000    7.750000   output external delay
                                              7.750000   data required time
---------------------------------------------------------------------------------------------
                                              7.750000   data required time
                                             -0.446440   data arrival time
---------------------------------------------------------------------------------------------
                                              7.303561   slack (MET)


Startpoint: Op (input port clocked by clk)
Endpoint: dbit[1]$_SDFFE_PP1P_ (rising edge-triggered flip-flop clocked by clk)
Path Group: clk
Path Type: max

Fanout         Cap        Slew       Delay        Time   Description
---------------------------------------------------------------------------------------------
                                  0.000000    0.000000   clock clk (rise edge)
                                  0.000000    0.000000   clock network delay (propagated)
                                  2.000000    2.000000 ^ input external delay
     1    0.004013    0.021168    0.003282    2.003282 ^ Op (in)
                                                         Op (net)
                      0.021168    0.000000    2.003282 ^ input2/A (sg13g2_buf_1)
     3    0.015193    0.069580    0.092297    2.095579 ^ input2/X (sg13g2_buf_1)
                                                         net18 (net)
                      0.069580    0.000128    2.095706 ^ _165_/A (sg13g2_xnor2_1)
     6    0.020620    0.199255    0.190682    2.286388 ^ _165_/Y (sg13g2_xnor2_1)
                                                         _043_ (net)
                      0.199255    0.000027    2.286415 ^ _170_/C (sg13g2_or3_1)
     1    0.003298    0.031454    0.127685    2.414101 ^ _170_/X (sg13g2_or3_1)
                                                         _047_ (net)
                      0.031454    0.000002    2.414103 ^ _171_/C (sg13g2_nand3b_1)
     1    0.001992    0.052441    0.070421    2.484523 v _171_/Y (sg13g2_nand3b_1)
                                                         _025_ (net)
                      0.052441    0.000004    2.484527 v dbit[1]$_SDFFE_PP1P_/D (sg13g2_dfrbpq_2)
                                              2.484527   data arrival time

                                 10.000000   10.000000   clock clk (rise edge)
                                  0.000000   10.000000   clock source latency
     1    0.014354    0.030345    0.011855   10.011856 ^ clk (in)
                                                         clk (net)
                      0.030346    0.000000   10.011856 ^ clkbuf_0_clk/A (sg13g2_buf_8)
     4    0.045105    0.034859    0.078783   10.090639 ^ clkbuf_0_clk/X (sg13g2_buf_8)
                                                         clknet_0_clk (net)
                      0.034859    0.000161   10.090799 ^ clkbuf_2_1__f_clk/A (sg13g2_buf_8)
     7    0.026048    0.026520    0.073566   10.164366 ^ clkbuf_2_1__f_clk/X (sg13g2_buf_8)
                                                         clknet_2_1__leaf_clk (net)
                      0.026524    0.000051   10.164416 ^ dbit[1]$_SDFFE_PP1P_/CLK (sg13g2_dfrbpq_2)
                                 -0.250000    9.914416   clock uncertainty
                                  0.000000    9.914416   clock reconvergence pessimism
                                 -0.122647    9.791769   library setup time
                                              9.791769   data required time
---------------------------------------------------------------------------------------------
                                              9.791769   data required time
                                             -2.484527   data arrival time
---------------------------------------------------------------------------------------------
                                              7.307242   slack (MET)


Startpoint: BN[10]$_SDFFE_PP1P_ (rising edge-triggered flip-flop clocked by clk)
Endpoint: BN[10] (output port clocked by clk)
Path Group: clk
Path Type: max

Fanout         Cap        Slew       Delay        Time   Description
---------------------------------------------------------------------------------------------
                                  0.000000    0.000000   clock clk (rise edge)
                                  0.000000    0.000000   clock source latency
     1    0.014354    0.030345    0.011855    0.011855 ^ clk (in)
                                                         clk (net)
                      0.030346    0.000000    0.011855 ^ clkbuf_0_clk/A (sg13g2_buf_8)
     4    0.045105    0.034859    0.078783    0.090638 ^ clkbuf_0_clk/X (sg13g2_buf_8)
                                                         clknet_0_clk (net)
                      0.034860    0.000222    0.090861 ^ clkbuf_2_3__f_clk/A (sg13g2_buf_8)
     8    0.028848    0.027766    0.074667    0.165528 ^ clkbuf_2_3__f_clk/X (sg13g2_buf_8)
                                                         clknet_2_3__leaf_clk (net)
                      0.027766    0.000062    0.165590 ^ BN[10]$_SDFFE_PP1P_/CLK (sg13g2_dfrbpq_1)
     3    0.010845    0.054944    0.189432    0.355022 ^ BN[10]$_SDFFE_PP1P_/Q (sg13g2_dfrbpq_1)
                                                         net20 (net)
                      0.054944    0.000021    0.355043 ^ output4/A (sg13g2_buf_1)
     1    0.008203    0.042997    0.086374    0.441417 ^ output4/X (sg13g2_buf_1)
                                                         BN[10] (net)
                      0.042997    0.000056    0.441473 ^ BN[10] (out)
                                              0.441473   data arrival time

                                 10.000000   10.000000   clock clk (rise edge)
                                  0.000000   10.000000   clock network delay (propagated)
                                 -0.250000    9.750000   clock uncertainty
                                  0.000000    9.750000   clock reconvergence pessimism
                                 -2.000000    7.750000   output external delay
                                              7.750000   data required time
---------------------------------------------------------------------------------------------
                                              7.750000   data required time
                                             -0.441473   data arrival time
---------------------------------------------------------------------------------------------
                                              7.308527   slack (MET)


Startpoint: Op (input port clocked by clk)
Endpoint: dbit[2]$_SDFFE_PP0P_ (rising edge-triggered flip-flop clocked by clk)
Path Group: clk
Path Type: max

Fanout         Cap        Slew       Delay        Time   Description
---------------------------------------------------------------------------------------------
                                  0.000000    0.000000   clock clk (rise edge)
                                  0.000000    0.000000   clock network delay (propagated)
                                  2.000000    2.000000 v input external delay
     1    0.003954    0.017873    0.002749    2.002749 v Op (in)
                                                         Op (net)
                      0.017873    0.000000    2.002749 v input2/A (sg13g2_buf_1)
     3    0.014918    0.054363    0.086585    2.089334 v input2/X (sg13g2_buf_1)
                                                         net18 (net)
                      0.054363    0.000125    2.089459 v _165_/A (sg13g2_xnor2_1)
     6    0.019399    0.132056    0.167039    2.256497 v _165_/Y (sg13g2_xnor2_1)
                                                         _043_ (net)
                      0.132056    0.000030    2.256527 v _172_/A_N (sg13g2_nand3b_1)
     2    0.006928    0.090127    0.153115    2.409642 v _172_/Y (sg13g2_nand3b_1)
                                                         _048_ (net)
                      0.090127    0.000012    2.409655 v _174_/A1 (sg13g2_a21oi_1)
     1    0.001891    0.046022    0.075999    2.485654 ^ _174_/Y (sg13g2_a21oi_1)
                                                         _026_ (net)
                      0.046022    0.000003    2.485656 ^ dbit[2]$_SDFFE_PP0P_/D (sg13g2_dfrbpq_2)
                                              2.485656   data arrival time

                                 10.000000   10.000000   clock clk (rise edge)
                                  0.000000   10.000000   clock source latency
     1    0.014354    0.030345    0.011855   10.011856 ^ clk (in)
                                                         clk (net)
                      0.030346    0.000000   10.011856 ^ clkbuf_0_clk/A (sg13g2_buf_8)
     4    0.045105    0.034859    0.078783   10.090639 ^ clkbuf_0_clk/X (sg13g2_buf_8)
                                                         clknet_0_clk (net)
                      0.034859    0.000161   10.090799 ^ clkbuf_2_1__f_clk/A (sg13g2_buf_8)
     7    0.026048    0.026520    0.073566   10.164366 ^ clkbuf_2_1__f_clk/X (sg13g2_buf_8)
                                                         clknet_2_1__leaf_clk (net)
                      0.026524    0.000079   10.164445 ^ dbit[2]$_SDFFE_PP0P_/CLK (sg13g2_dfrbpq_2)
                                 -0.250000    9.914445   clock uncertainty
                                  0.000000    9.914445   clock reconvergence pessimism
                                 -0.120093    9.794352   library setup time
                                              9.794352   data required time
---------------------------------------------------------------------------------------------
                                              9.794352   data required time
                                             -2.485656   data arrival time
---------------------------------------------------------------------------------------------
                                              7.308695   slack (MET)


Startpoint: B[5]$_SDFFE_PP1P_ (rising edge-triggered flip-flop clocked by clk)
Endpoint: B[5] (output port clocked by clk)
Path Group: clk
Path Type: max

Fanout         Cap        Slew       Delay        Time   Description
---------------------------------------------------------------------------------------------
                                  0.000000    0.000000   clock clk (rise edge)
                                  0.000000    0.000000   clock source latency
     1    0.014354    0.030345    0.011855    0.011855 ^ clk (in)
                                                         clk (net)
                      0.030346    0.000000    0.011855 ^ clkbuf_0_clk/A (sg13g2_buf_8)
     4    0.045105    0.034859    0.078783    0.090638 ^ clkbuf_0_clk/X (sg13g2_buf_8)
                                                         clknet_0_clk (net)
                      0.034859    0.000195    0.090834 ^ clkbuf_2_2__f_clk/A (sg13g2_buf_8)
     8    0.029379    0.028000    0.074867    0.165701 ^ clkbuf_2_2__f_clk/X (sg13g2_buf_8)
                                                         clknet_2_2__leaf_clk (net)
                      0.028000    0.000030    0.165731 ^ B[5]$_SDFFE_PP1P_/CLK (sg13g2_dfrbpq_1)
     3    0.010884    0.055093    0.189659    0.355390 ^ B[5]$_SDFFE_PP1P_/Q (sg13g2_dfrbpq_1)
                                                         net38 (net)
                      0.055093    0.000022    0.355411 ^ output22/A (sg13g2_buf_1)
     1    0.007987    0.042172    0.085804    0.441215 ^ output22/X (sg13g2_buf_1)
                                                         B[5] (net)
                      0.042172    0.000049    0.441264 ^ B[5] (out)
                                              0.441264   data arrival time

                                 10.000000   10.000000   clock clk (rise edge)
                                  0.000000   10.000000   clock network delay (propagated)
                                 -0.250000    9.750000   clock uncertainty
                                  0.000000    9.750000   clock reconvergence pessimism
                                 -2.000000    7.750000   output external delay
                                              7.750000   data required time
---------------------------------------------------------------------------------------------
                                              7.750000   data required time
                                             -0.441264   data arrival time
---------------------------------------------------------------------------------------------
                                              7.308736   slack (MET)


Startpoint: B[6]$_SDFFE_PP1P_ (rising edge-triggered flip-flop clocked by clk)
Endpoint: B[6] (output port clocked by clk)
Path Group: clk
Path Type: max

Fanout         Cap        Slew       Delay        Time   Description
---------------------------------------------------------------------------------------------
                                  0.000000    0.000000   clock clk (rise edge)
                                  0.000000    0.000000   clock source latency
     1    0.014354    0.030345    0.011855    0.011855 ^ clk (in)
                                                         clk (net)
                      0.030346    0.000000    0.011855 ^ clkbuf_0_clk/A (sg13g2_buf_8)
     4    0.045105    0.034859    0.078783    0.090638 ^ clkbuf_0_clk/X (sg13g2_buf_8)
                                                         clknet_0_clk (net)
                      0.034860    0.000222    0.090861 ^ clkbuf_2_3__f_clk/A (sg13g2_buf_8)
     8    0.028848    0.027766    0.074667    0.165528 ^ clkbuf_2_3__f_clk/X (sg13g2_buf_8)
                                                         clknet_2_3__leaf_clk (net)
                      0.027766    0.000052    0.165580 ^ B[6]$_SDFFE_PP1P_/CLK (sg13g2_dfrbpq_1)
     3    0.010537    0.053762    0.188535    0.354115 ^ B[6]$_SDFFE_PP1P_/Q (sg13g2_dfrbpq_1)
                                                         net39 (net)
                      0.053762    0.000016    0.354131 ^ output23/A (sg13g2_buf_1)
     1    0.007987    0.042133    0.085232    0.439363 ^ output23/X (sg13g2_buf_1)
                                                         B[6] (net)
                      0.042133    0.000049    0.439412 ^ B[6] (out)
                                              0.439412   data arrival time

                                 10.000000   10.000000   clock clk (rise edge)
                                  0.000000   10.000000   clock network delay (propagated)
                                 -0.250000    9.750000   clock uncertainty
                                  0.000000    9.750000   clock reconvergence pessimism
                                 -2.000000    7.750000   output external delay
                                              7.750000   data required time
---------------------------------------------------------------------------------------------
                                              7.750000   data required time
                                             -0.439412   data arrival time
---------------------------------------------------------------------------------------------
                                              7.310587   slack (MET)


Startpoint: B[0]$_SDFFE_PP1P_ (rising edge-triggered flip-flop clocked by clk)
Endpoint: B[0] (output port clocked by clk)
Path Group: clk
Path Type: max

Fanout         Cap        Slew       Delay        Time   Description
---------------------------------------------------------------------------------------------
                                  0.000000    0.000000   clock clk (rise edge)
                                  0.000000    0.000000   clock source latency
     1    0.014354    0.030345    0.011855    0.011855 ^ clk (in)
                                                         clk (net)
                      0.030346    0.000000    0.011855 ^ clkbuf_0_clk/A (sg13g2_buf_8)
     4    0.045105    0.034859    0.078783    0.090638 ^ clkbuf_0_clk/X (sg13g2_buf_8)
                                                         clknet_0_clk (net)
                      0.034859    0.000147    0.090786 ^ clkbuf_2_0__f_clk/A (sg13g2_buf_8)
     8    0.028508    0.027615    0.074530    0.165315 ^ clkbuf_2_0__f_clk/X (sg13g2_buf_8)
                                                         clknet_2_0__leaf_clk (net)
                      0.027615    0.000057    0.165372 ^ B[0]$_SDFFE_PP1P_/CLK (sg13g2_dfrbpq_1)
     3    0.010522    0.052021    0.188404    0.353777 ^ B[0]$_SDFFE_PP1P_/Q (sg13g2_dfrbpq_1)
                                                         net31 (net)
                      0.052021    0.000017    0.353794 ^ output15/A (sg13g2_buf_1)
     1    0.008078    0.042433    0.084753    0.438546 ^ output15/X (sg13g2_buf_1)
                                                         B[0] (net)
                      0.042433    0.000053    0.438599 ^ B[0] (out)
                                              0.438599   data arrival time

                                 10.000000   10.000000   clock clk (rise edge)
                                  0.000000   10.000000   clock network delay (propagated)
                                 -0.250000    9.750000   clock uncertainty
                                  0.000000    9.750000   clock reconvergence pessimism
                                 -2.000000    7.750000   output external delay
                                              7.750000   data required time
---------------------------------------------------------------------------------------------
                                              7.750000   data required time
                                             -0.438599   data arrival time
---------------------------------------------------------------------------------------------
                                              7.311401   slack (MET)


Startpoint: BN[5]$_SDFFE_PP1P_ (rising edge-triggered flip-flop clocked by clk)
Endpoint: BN[5] (output port clocked by clk)
Path Group: clk
Path Type: max

Fanout         Cap        Slew       Delay        Time   Description
---------------------------------------------------------------------------------------------
                                  0.000000    0.000000   clock clk (rise edge)
                                  0.000000    0.000000   clock source latency
     1    0.014354    0.030345    0.011855    0.011855 ^ clk (in)
                                                         clk (net)
                      0.030346    0.000000    0.011855 ^ clkbuf_0_clk/A (sg13g2_buf_8)
     4    0.045105    0.034859    0.078783    0.090638 ^ clkbuf_0_clk/X (sg13g2_buf_8)
                                                         clknet_0_clk (net)
                      0.034859    0.000195    0.090834 ^ clkbuf_2_2__f_clk/A (sg13g2_buf_8)
     8    0.029379    0.028000    0.074867    0.165701 ^ clkbuf_2_2__f_clk/X (sg13g2_buf_8)
                                                         clknet_2_2__leaf_clk (net)
                      0.028000    0.000043    0.165744 ^ BN[5]$_SDFFE_PP1P_/CLK (sg13g2_dfrbpq_1)
     3    0.010386    0.051506    0.188193    0.353937 ^ BN[5]$_SDFFE_PP1P_/Q (sg13g2_dfrbpq_1)
                                                         net26 (net)
                      0.051506    0.000025    0.353963 ^ output10/A (sg13g2_buf_1)
     1    0.007987    0.042067    0.084264    0.438227 ^ output10/X (sg13g2_buf_1)
                                                         BN[5] (net)
                      0.042067    0.000049    0.438276 ^ BN[5] (out)
                                              0.438276   data arrival time

                                 10.000000   10.000000   clock clk (rise edge)
                                  0.000000   10.000000   clock network delay (propagated)
                                 -0.250000    9.750000   clock uncertainty
                                  0.000000    9.750000   clock reconvergence pessimism
                                 -2.000000    7.750000   output external delay
                                              7.750000   data required time
---------------------------------------------------------------------------------------------
                                              7.750000   data required time
                                             -0.438276   data arrival time
---------------------------------------------------------------------------------------------
                                              7.311724   slack (MET)


Startpoint: BN[0]$_SDFFE_PP1P_ (rising edge-triggered flip-flop clocked by clk)
Endpoint: BN[0] (output port clocked by clk)
Path Group: clk
Path Type: max

Fanout         Cap        Slew       Delay        Time   Description
---------------------------------------------------------------------------------------------
                                  0.000000    0.000000   clock clk (rise edge)
                                  0.000000    0.000000   clock source latency
     1    0.014354    0.030345    0.011855    0.011855 ^ clk (in)
                                                         clk (net)
                      0.030346    0.000000    0.011855 ^ clkbuf_0_clk/A (sg13g2_buf_8)
     4    0.045105    0.034859    0.078783    0.090638 ^ clkbuf_0_clk/X (sg13g2_buf_8)
                                                         clknet_0_clk (net)
                      0.034859    0.000147    0.090786 ^ clkbuf_2_0__f_clk/A (sg13g2_buf_8)
     8    0.028508    0.027615    0.074530    0.165315 ^ clkbuf_2_0__f_clk/X (sg13g2_buf_8)
                                                         clknet_2_0__leaf_clk (net)
                      0.027615    0.000055    0.165371 ^ BN[0]$_SDFFE_PP1P_/CLK (sg13g2_dfrbpq_1)
     3    0.011017    0.053910    0.189836    0.355207 ^ BN[0]$_SDFFE_PP1P_/Q (sg13g2_dfrbpq_1)
                                                         net19 (net)
                      0.053910    0.000063    0.355270 ^ output3/A (sg13g2_buf_1)
     1    0.006761    0.037474    0.081705    0.436975 ^ output3/X (sg13g2_buf_1)
                                                         BN[0] (net)
                      0.037474    0.000018    0.436993 ^ BN[0] (out)
                                              0.436993   data arrival time

                                 10.000000   10.000000   clock clk (rise edge)
                                  0.000000   10.000000   clock network delay (propagated)
                                 -0.250000    9.750000   clock uncertainty
                                  0.000000    9.750000   clock reconvergence pessimism
                                 -2.000000    7.750000   output external delay
                                              7.750000   data required time
---------------------------------------------------------------------------------------------
                                              7.750000   data required time
                                             -0.436993   data arrival time
---------------------------------------------------------------------------------------------
                                              7.313007   slack (MET)


Startpoint: B[9]$_SDFFE_PP1P_ (rising edge-triggered flip-flop clocked by clk)
Endpoint: B[9] (output port clocked by clk)
Path Group: clk
Path Type: max

Fanout         Cap        Slew       Delay        Time   Description
---------------------------------------------------------------------------------------------
                                  0.000000    0.000000   clock clk (rise edge)
                                  0.000000    0.000000   clock source latency
     1    0.014354    0.030345    0.011855    0.011855 ^ clk (in)
                                                         clk (net)
                      0.030346    0.000000    0.011855 ^ clkbuf_0_clk/A (sg13g2_buf_8)
     4    0.045105    0.034859    0.078783    0.090638 ^ clkbuf_0_clk/X (sg13g2_buf_8)
                                                         clknet_0_clk (net)
                      0.034859    0.000195    0.090834 ^ clkbuf_2_2__f_clk/A (sg13g2_buf_8)
     8    0.029379    0.028000    0.074867    0.165701 ^ clkbuf_2_2__f_clk/X (sg13g2_buf_8)
                                                         clknet_2_2__leaf_clk (net)
                      0.028000    0.000109    0.165810 ^ B[9]$_SDFFE_PP1P_/CLK (sg13g2_dfrbpq_1)
     3    0.010901    0.053468    0.189693    0.355503 ^ B[9]$_SDFFE_PP1P_/Q (sg13g2_dfrbpq_1)
                                                         net42 (net)
                      0.053468    0.000005    0.355509 ^ output26/A (sg13g2_buf_1)
     1    0.006656    0.037062    0.081206    0.436714 ^ output26/X (sg13g2_buf_1)
                                                         B[9] (net)
                      0.037062    0.000016    0.436730 ^ B[9] (out)
                                              0.436730   data arrival time

                                 10.000000   10.000000   clock clk (rise edge)
                                  0.000000   10.000000   clock network delay (propagated)
                                 -0.250000    9.750000   clock uncertainty
                                  0.000000    9.750000   clock reconvergence pessimism
                                 -2.000000    7.750000   output external delay
                                              7.750000   data required time
---------------------------------------------------------------------------------------------
                                              7.750000   data required time
                                             -0.436730   data arrival time
---------------------------------------------------------------------------------------------
                                              7.313270   slack (MET)


Startpoint: B[2]$_SDFFE_PP1P_ (rising edge-triggered flip-flop clocked by clk)
Endpoint: B[2] (output port clocked by clk)
Path Group: clk
Path Type: max

Fanout         Cap        Slew       Delay        Time   Description
---------------------------------------------------------------------------------------------
                                  0.000000    0.000000   clock clk (rise edge)
                                  0.000000    0.000000   clock source latency
     1    0.014354    0.030345    0.011855    0.011855 ^ clk (in)
                                                         clk (net)
                      0.030346    0.000000    0.011855 ^ clkbuf_0_clk/A (sg13g2_buf_8)
     4    0.045105    0.034859    0.078783    0.090638 ^ clkbuf_0_clk/X (sg13g2_buf_8)
                                                         clknet_0_clk (net)
                      0.034860    0.000222    0.090861 ^ clkbuf_2_3__f_clk/A (sg13g2_buf_8)
     8    0.028848    0.027766    0.074667    0.165528 ^ clkbuf_2_3__f_clk/X (sg13g2_buf_8)
                                                         clknet_2_3__leaf_clk (net)
                      0.027766    0.000019    0.165547 ^ B[2]$_SDFFE_PP1P_/CLK (sg13g2_dfrbpq_1)
     3    0.010793    0.053056    0.189264    0.354811 ^ B[2]$_SDFFE_PP1P_/Q (sg13g2_dfrbpq_1)
                                                         net35 (net)
                      0.053056    0.000037    0.354848 ^ output19/A (sg13g2_buf_1)
     1    0.006741    0.037372    0.081280    0.436128 ^ output19/X (sg13g2_buf_1)
                                                         B[2] (net)
                      0.037372    0.000018    0.436145 ^ B[2] (out)
                                              0.436145   data arrival time

                                 10.000000   10.000000   clock clk (rise edge)
                                  0.000000   10.000000   clock network delay (propagated)
                                 -0.250000    9.750000   clock uncertainty
                                  0.000000    9.750000   clock reconvergence pessimism
                                 -2.000000    7.750000   output external delay
                                              7.750000   data required time
---------------------------------------------------------------------------------------------
                                              7.750000   data required time
                                             -0.436145   data arrival time
---------------------------------------------------------------------------------------------
                                              7.313855   slack (MET)


Startpoint: BN[9]$_SDFFE_PP1P_ (rising edge-triggered flip-flop clocked by clk)
Endpoint: BN[9] (output port clocked by clk)
Path Group: clk
Path Type: max

Fanout         Cap        Slew       Delay        Time   Description
---------------------------------------------------------------------------------------------
                                  0.000000    0.000000   clock clk (rise edge)
                                  0.000000    0.000000   clock source latency
     1    0.014354    0.030345    0.011855    0.011855 ^ clk (in)
                                                         clk (net)
                      0.030346    0.000000    0.011855 ^ clkbuf_0_clk/A (sg13g2_buf_8)
     4    0.045105    0.034859    0.078783    0.090638 ^ clkbuf_0_clk/X (sg13g2_buf_8)
                                                         clknet_0_clk (net)
                      0.034859    0.000195    0.090834 ^ clkbuf_2_2__f_clk/A (sg13g2_buf_8)
     8    0.029379    0.028000    0.074867    0.165701 ^ clkbuf_2_2__f_clk/X (sg13g2_buf_8)
                                                         clknet_2_2__leaf_clk (net)
                      0.028000    0.000101    0.165802 ^ BN[9]$_SDFFE_PP1P_/CLK (sg13g2_dfrbpq_1)
     3    0.010669    0.052583    0.189018    0.354819 ^ BN[9]$_SDFFE_PP1P_/Q (sg13g2_dfrbpq_1)
                                                         net30 (net)
                      0.052583    0.000006    0.354825 ^ output14/A (sg13g2_buf_1)
     1    0.006738    0.037346    0.081069    0.435894 ^ output14/X (sg13g2_buf_1)
                                                         BN[9] (net)
                      0.037346    0.000018    0.435912 ^ BN[9] (out)
                                              0.435912   data arrival time

                                 10.000000   10.000000   clock clk (rise edge)
                                  0.000000   10.000000   clock network delay (propagated)
                                 -0.250000    9.750000   clock uncertainty
                                  0.000000    9.750000   clock reconvergence pessimism
                                 -2.000000    7.750000   output external delay
                                              7.750000   data required time
---------------------------------------------------------------------------------------------
                                              7.750000   data required time
                                             -0.435912   data arrival time
---------------------------------------------------------------------------------------------
                                              7.314088   slack (MET)


Startpoint: B[10]$_SDFFE_PP1P_ (rising edge-triggered flip-flop clocked by clk)
Endpoint: B[10] (output port clocked by clk)
Path Group: clk
Path Type: max

Fanout         Cap        Slew       Delay        Time   Description
---------------------------------------------------------------------------------------------
                                  0.000000    0.000000   clock clk (rise edge)
                                  0.000000    0.000000   clock source latency
     1    0.014354    0.030345    0.011855    0.011855 ^ clk (in)
                                                         clk (net)
                      0.030346    0.000000    0.011855 ^ clkbuf_0_clk/A (sg13g2_buf_8)
     4    0.045105    0.034859    0.078783    0.090638 ^ clkbuf_0_clk/X (sg13g2_buf_8)
                                                         clknet_0_clk (net)
                      0.034859    0.000195    0.090834 ^ clkbuf_2_2__f_clk/A (sg13g2_buf_8)
     8    0.029379    0.028000    0.074867    0.165701 ^ clkbuf_2_2__f_clk/X (sg13g2_buf_8)
                                                         clknet_2_2__leaf_clk (net)
                      0.028000    0.000061    0.165762 ^ B[10]$_SDFFE_PP1P_/CLK (sg13g2_dfrbpq_1)
     3    0.009770    0.049164    0.186401    0.352163 ^ B[10]$_SDFFE_PP1P_/Q (sg13g2_dfrbpq_1)
                                                         net32 (net)
                      0.049164    0.000006    0.352169 ^ output16/A (sg13g2_buf_1)
     1    0.007949    0.041854    0.083148    0.435316 ^ output16/X (sg13g2_buf_1)
                                                         B[10] (net)
                      0.041854    0.000048    0.435364 ^ B[10] (out)
                                              0.435364   data arrival time

                                 10.000000   10.000000   clock clk (rise edge)
                                  0.000000   10.000000   clock network delay (propagated)
                                 -0.250000    9.750000   clock uncertainty
                                  0.000000    9.750000   clock reconvergence pessimism
                                 -2.000000    7.750000   output external delay
                                              7.750000   data required time
---------------------------------------------------------------------------------------------
                                              7.750000   data required time
                                             -0.435364   data arrival time
---------------------------------------------------------------------------------------------
                                              7.314635   slack (MET)


Startpoint: B[3]$_SDFFE_PP1P_ (rising edge-triggered flip-flop clocked by clk)
Endpoint: B[3] (output port clocked by clk)
Path Group: clk
Path Type: max

Fanout         Cap        Slew       Delay        Time   Description
---------------------------------------------------------------------------------------------
                                  0.000000    0.000000   clock clk (rise edge)
                                  0.000000    0.000000   clock source latency
     1    0.014354    0.030345    0.011855    0.011855 ^ clk (in)
                                                         clk (net)
                      0.030346    0.000000    0.011855 ^ clkbuf_0_clk/A (sg13g2_buf_8)
     4    0.045105    0.034859    0.078783    0.090638 ^ clkbuf_0_clk/X (sg13g2_buf_8)
                                                         clknet_0_clk (net)
                      0.034859    0.000161    0.090799 ^ clkbuf_2_1__f_clk/A (sg13g2_buf_8)
     7    0.026048    0.026520    0.073566    0.164366 ^ clkbuf_2_1__f_clk/X (sg13g2_buf_8)
                                                         clknet_2_1__leaf_clk (net)
                      0.026520    0.000043    0.164409 ^ B[3]$_SDFFE_PP1P_/CLK (sg13g2_dfrbpq_1)
     3    0.010840    0.053234    0.188805    0.353213 ^ B[3]$_SDFFE_PP1P_/Q (sg13g2_dfrbpq_1)
                                                         net36 (net)
                      0.053234    0.000012    0.353225 ^ output20/A (sg13g2_buf_1)
     1    0.006846    0.037776    0.081665    0.434890 ^ output20/X (sg13g2_buf_1)
                                                         B[3] (net)
                      0.037776    0.000020    0.434910 ^ B[3] (out)
                                              0.434910   data arrival time

                                 10.000000   10.000000   clock clk (rise edge)
                                  0.000000   10.000000   clock network delay (propagated)
                                 -0.250000    9.750000   clock uncertainty
                                  0.000000    9.750000   clock reconvergence pessimism
                                 -2.000000    7.750000   output external delay
                                              7.750000   data required time
---------------------------------------------------------------------------------------------
                                              7.750000   data required time
                                             -0.434910   data arrival time
---------------------------------------------------------------------------------------------
                                              7.315090   slack (MET)


Startpoint: B[4]$_SDFFE_PP1P_ (rising edge-triggered flip-flop clocked by clk)
Endpoint: B[4] (output port clocked by clk)
Path Group: clk
Path Type: max

Fanout         Cap        Slew       Delay        Time   Description
---------------------------------------------------------------------------------------------
                                  0.000000    0.000000   clock clk (rise edge)
                                  0.000000    0.000000   clock source latency
     1    0.014354    0.030345    0.011855    0.011855 ^ clk (in)
                                                         clk (net)
                      0.030346    0.000000    0.011855 ^ clkbuf_0_clk/A (sg13g2_buf_8)
     4    0.045105    0.034859    0.078783    0.090638 ^ clkbuf_0_clk/X (sg13g2_buf_8)
                                                         clknet_0_clk (net)
                      0.034859    0.000147    0.090786 ^ clkbuf_2_0__f_clk/A (sg13g2_buf_8)
     8    0.028508    0.027615    0.074530    0.165315 ^ clkbuf_2_0__f_clk/X (sg13g2_buf_8)
                                                         clknet_2_0__leaf_clk (net)
                      0.027615    0.000055    0.165370 ^ B[4]$_SDFFE_PP1P_/CLK (sg13g2_dfrbpq_1)
     3    0.010261    0.051030    0.187641    0.353011 ^ B[4]$_SDFFE_PP1P_/Q (sg13g2_dfrbpq_1)
                                                         net37 (net)
                      0.051030    0.000005    0.353016 ^ output21/A (sg13g2_buf_1)
     1    0.007175    0.038954    0.081683    0.434699 ^ output21/X (sg13g2_buf_1)
                                                         B[4] (net)
                      0.038954    0.000028    0.434727 ^ B[4] (out)
                                              0.434727   data arrival time

                                 10.000000   10.000000   clock clk (rise edge)
                                  0.000000   10.000000   clock network delay (propagated)
                                 -0.250000    9.750000   clock uncertainty
                                  0.000000    9.750000   clock reconvergence pessimism
                                 -2.000000    7.750000   output external delay
                                              7.750000   data required time
---------------------------------------------------------------------------------------------
                                              7.750000   data required time
                                             -0.434727   data arrival time
---------------------------------------------------------------------------------------------
                                              7.315273   slack (MET)


Startpoint: BN[6]$_SDFFE_PP1P_ (rising edge-triggered flip-flop clocked by clk)
Endpoint: BN[6] (output port clocked by clk)
Path Group: clk
Path Type: max

Fanout         Cap        Slew       Delay        Time   Description
---------------------------------------------------------------------------------------------
                                  0.000000    0.000000   clock clk (rise edge)
                                  0.000000    0.000000   clock source latency
     1    0.014354    0.030345    0.011855    0.011855 ^ clk (in)
                                                         clk (net)
                      0.030346    0.000000    0.011855 ^ clkbuf_0_clk/A (sg13g2_buf_8)
     4    0.045105    0.034859    0.078783    0.090638 ^ clkbuf_0_clk/X (sg13g2_buf_8)
                                                         clknet_0_clk (net)
                      0.034860    0.000222    0.090861 ^ clkbuf_2_3__f_clk/A (sg13g2_buf_8)
     8    0.028848    0.027766    0.074667    0.165528 ^ clkbuf_2_3__f_clk/X (sg13g2_buf_8)
                                                         clknet_2_3__leaf_clk (net)
                      0.027766    0.000043    0.165571 ^ BN[6]$_SDFFE_PP1P_/CLK (sg13g2_dfrbpq_1)
     3    0.010518    0.052009    0.188468    0.354039 ^ BN[6]$_SDFFE_PP1P_/Q (sg13g2_dfrbpq_1)
                                                         net27 (net)
                      0.052009    0.000016    0.354054 ^ output11/A (sg13g2_buf_1)
     1    0.006598    0.036798    0.080412    0.434467 ^ output11/X (sg13g2_buf_1)
                                                         BN[6] (net)
                      0.036798    0.000014    0.434481 ^ BN[6] (out)
                                              0.434481   data arrival time

                                 10.000000   10.000000   clock clk (rise edge)
                                  0.000000   10.000000   clock network delay (propagated)
                                 -0.250000    9.750000   clock uncertainty
                                  0.000000    9.750000   clock reconvergence pessimism
                                 -2.000000    7.750000   output external delay
                                              7.750000   data required time
---------------------------------------------------------------------------------------------
                                              7.750000   data required time
                                             -0.434481   data arrival time
---------------------------------------------------------------------------------------------
                                              7.315519   slack (MET)


Startpoint: BN[8]$_SDFFE_PP1P_ (rising edge-triggered flip-flop clocked by clk)
Endpoint: BN[8] (output port clocked by clk)
Path Group: clk
Path Type: max

Fanout         Cap        Slew       Delay        Time   Description
---------------------------------------------------------------------------------------------
                                  0.000000    0.000000   clock clk (rise edge)
                                  0.000000    0.000000   clock source latency
     1    0.014354    0.030345    0.011855    0.011855 ^ clk (in)
                                                         clk (net)
                      0.030346    0.000000    0.011855 ^ clkbuf_0_clk/A (sg13g2_buf_8)
     4    0.045105    0.034859    0.078783    0.090638 ^ clkbuf_0_clk/X (sg13g2_buf_8)
                                                         clknet_0_clk (net)
                      0.034859    0.000147    0.090786 ^ clkbuf_2_0__f_clk/A (sg13g2_buf_8)
     8    0.028508    0.027615    0.074530    0.165315 ^ clkbuf_2_0__f_clk/X (sg13g2_buf_8)
                                                         clknet_2_0__leaf_clk (net)
                      0.027615    0.000056    0.165371 ^ BN[8]$_SDFFE_PP1P_/CLK (sg13g2_dfrbpq_1)
     3    0.010359    0.051403    0.187928    0.353299 ^ BN[8]$_SDFFE_PP1P_/Q (sg13g2_dfrbpq_1)
                                                         net29 (net)
                      0.051403    0.000008    0.353307 ^ output13/A (sg13g2_buf_1)
     1    0.006927    0.038022    0.081115    0.434422 ^ output13/X (sg13g2_buf_1)
                                                         BN[8] (net)
                      0.038022    0.000022    0.434444 ^ BN[8] (out)
                                              0.434444   data arrival time

                                 10.000000   10.000000   clock clk (rise edge)
                                  0.000000   10.000000   clock network delay (propagated)
                                 -0.250000    9.750000   clock uncertainty
                                  0.000000    9.750000   clock reconvergence pessimism
                                 -2.000000    7.750000   output external delay
                                              7.750000   data required time
---------------------------------------------------------------------------------------------
                                              7.750000   data required time
                                             -0.434444   data arrival time
---------------------------------------------------------------------------------------------
                                              7.315556   slack (MET)


Startpoint: B[7]$_SDFFE_PP1P_ (rising edge-triggered flip-flop clocked by clk)
Endpoint: B[7] (output port clocked by clk)
Path Group: clk
Path Type: max

Fanout         Cap        Slew       Delay        Time   Description
---------------------------------------------------------------------------------------------
                                  0.000000    0.000000   clock clk (rise edge)
                                  0.000000    0.000000   clock source latency
     1    0.014354    0.030345    0.011855    0.011855 ^ clk (in)
                                                         clk (net)
                      0.030346    0.000000    0.011855 ^ clkbuf_0_clk/A (sg13g2_buf_8)
     4    0.045105    0.034859    0.078783    0.090638 ^ clkbuf_0_clk/X (sg13g2_buf_8)
                                                         clknet_0_clk (net)
                      0.034860    0.000222    0.090861 ^ clkbuf_2_3__f_clk/A (sg13g2_buf_8)
     8    0.028848    0.027766    0.074667    0.165528 ^ clkbuf_2_3__f_clk/X (sg13g2_buf_8)
                                                         clknet_2_3__leaf_clk (net)
                      0.027766    0.000054    0.165582 ^ B[7]$_SDFFE_PP1P_/CLK (sg13g2_dfrbpq_1)
     3    0.010131    0.050535    0.187341    0.352922 ^ B[7]$_SDFFE_PP1P_/Q (sg13g2_dfrbpq_1)
                                                         net40 (net)
                      0.050535    0.000002    0.352924 ^ output24/A (sg13g2_buf_1)
     1    0.007020    0.038349    0.081016    0.433940 ^ output24/X (sg13g2_buf_1)
                                                         B[7] (net)
                      0.038349    0.000025    0.433965 ^ B[7] (out)
                                              0.433965   data arrival time

                                 10.000000   10.000000   clock clk (rise edge)
                                  0.000000   10.000000   clock network delay (propagated)
                                 -0.250000    9.750000   clock uncertainty
                                  0.000000    9.750000   clock reconvergence pessimism
                                 -2.000000    7.750000   output external delay
                                              7.750000   data required time
---------------------------------------------------------------------------------------------
                                              7.750000   data required time
                                             -0.433965   data arrival time
---------------------------------------------------------------------------------------------
                                              7.316036   slack (MET)


Startpoint: BN[1]$_SDFFE_PP1P_ (rising edge-triggered flip-flop clocked by clk)
Endpoint: BN[1] (output port clocked by clk)
Path Group: clk
Path Type: max

Fanout         Cap        Slew       Delay        Time   Description
---------------------------------------------------------------------------------------------
                                  0.000000    0.000000   clock clk (rise edge)
                                  0.000000    0.000000   clock source latency
     1    0.014354    0.030345    0.011855    0.011855 ^ clk (in)
                                                         clk (net)
                      0.030346    0.000000    0.011855 ^ clkbuf_0_clk/A (sg13g2_buf_8)
     4    0.045105    0.034859    0.078783    0.090638 ^ clkbuf_0_clk/X (sg13g2_buf_8)
                                                         clknet_0_clk (net)
                      0.034859    0.000195    0.090834 ^ clkbuf_2_2__f_clk/A (sg13g2_buf_8)
     8    0.029379    0.028000    0.074867    0.165701 ^ clkbuf_2_2__f_clk/X (sg13g2_buf_8)
                                                         clknet_2_2__leaf_clk (net)
                      0.028000    0.000125    0.165825 ^ BN[1]$_SDFFE_PP1P_/CLK (sg13g2_dfrbpq_1)
     3    0.010119    0.050490    0.187416    0.353241 ^ BN[1]$_SDFFE_PP1P_/Q (sg13g2_dfrbpq_1)
                                                         net22 (net)
                      0.050490    0.000005    0.353246 ^ output6/A (sg13g2_buf_1)
     1    0.006821    0.037593    0.080414    0.433660 ^ output6/X (sg13g2_buf_1)
                                                         BN[1] (net)
                      0.037593    0.000020    0.433680 ^ BN[1] (out)
                                              0.433680   data arrival time

                                 10.000000   10.000000   clock clk (rise edge)
                                  0.000000   10.000000   clock network delay (propagated)
                                 -0.250000    9.750000   clock uncertainty
                                  0.000000    9.750000   clock reconvergence pessimism
                                 -2.000000    7.750000   output external delay
                                              7.750000   data required time
---------------------------------------------------------------------------------------------
                                              7.750000   data required time
                                             -0.433680   data arrival time
---------------------------------------------------------------------------------------------
                                              7.316320   slack (MET)


Startpoint: BN[4]$_SDFFE_PP1P_ (rising edge-triggered flip-flop clocked by clk)
Endpoint: BN[4] (output port clocked by clk)
Path Group: clk
Path Type: max

Fanout         Cap        Slew       Delay        Time   Description
---------------------------------------------------------------------------------------------
                                  0.000000    0.000000   clock clk (rise edge)
                                  0.000000    0.000000   clock source latency
     1    0.014354    0.030345    0.011855    0.011855 ^ clk (in)
                                                         clk (net)
                      0.030346    0.000000    0.011855 ^ clkbuf_0_clk/A (sg13g2_buf_8)
     4    0.045105    0.034859    0.078783    0.090638 ^ clkbuf_0_clk/X (sg13g2_buf_8)
                                                         clknet_0_clk (net)
                      0.034859    0.000147    0.090786 ^ clkbuf_2_0__f_clk/A (sg13g2_buf_8)
     8    0.028508    0.027615    0.074530    0.165315 ^ clkbuf_2_0__f_clk/X (sg13g2_buf_8)
                                                         clknet_2_0__leaf_clk (net)
                      0.027615    0.000065    0.165380 ^ BN[4]$_SDFFE_PP1P_/CLK (sg13g2_dfrbpq_1)
     3    0.010070    0.050305    0.187087    0.352467 ^ BN[4]$_SDFFE_PP1P_/Q (sg13g2_dfrbpq_1)
                                                         net25 (net)
                      0.050305    0.000005    0.352473 ^ output9/A (sg13g2_buf_1)
     1    0.006987    0.038216    0.080820    0.433293 ^ output9/X (sg13g2_buf_1)
                                                         BN[4] (net)
                      0.038216    0.000024    0.433316 ^ BN[4] (out)
                                              0.433316   data arrival time

                                 10.000000   10.000000   clock clk (rise edge)
                                  0.000000   10.000000   clock network delay (propagated)
                                 -0.250000    9.750000   clock uncertainty
                                  0.000000    9.750000   clock reconvergence pessimism
                                 -2.000000    7.750000   output external delay
                                              7.750000   data required time
---------------------------------------------------------------------------------------------
                                              7.750000   data required time
                                             -0.433316   data arrival time
---------------------------------------------------------------------------------------------
                                              7.316683   slack (MET)


Startpoint: Op (input port clocked by clk)
Endpoint: dbit[0]$_SDFFE_PP1P_ (rising edge-triggered flip-flop clocked by clk)
Path Group: clk
Path Type: max

Fanout         Cap        Slew       Delay        Time   Description
---------------------------------------------------------------------------------------------
                                  0.000000    0.000000   clock clk (rise edge)
                                  0.000000    0.000000   clock network delay (propagated)
                                  2.000000    2.000000 v input external delay
     1    0.003954    0.017873    0.002749    2.002749 v Op (in)
                                                         Op (net)
                      0.017873    0.000000    2.002749 v input2/A (sg13g2_buf_1)
     3    0.014918    0.054363    0.086585    2.089334 v input2/X (sg13g2_buf_1)
                                                         net18 (net)
                      0.054363    0.000125    2.089459 v _165_/A (sg13g2_xnor2_1)
     6    0.019399    0.132056    0.167039    2.256497 v _165_/Y (sg13g2_xnor2_1)
                                                         _043_ (net)
                      0.132056    0.000028    2.256525 v _166_/B1 (sg13g2_a21o_1)
     1    0.003585    0.031333    0.140945    2.397470 v _166_/X (sg13g2_a21o_1)
                                                         _044_ (net)
                      0.031333    0.000005    2.397475 v _168_/A2 (sg13g2_o21ai_1)
     1    0.002449    0.063073    0.073565    2.471040 ^ _168_/Y (sg13g2_o21ai_1)
                                                         _024_ (net)
                      0.063073    0.000008    2.471048 ^ dbit[0]$_SDFFE_PP1P_/D (sg13g2_dfrbpq_1)
                                              2.471048   data arrival time

                                 10.000000   10.000000   clock clk (rise edge)
                                  0.000000   10.000000   clock source latency
     1    0.014354    0.030345    0.011855   10.011856 ^ clk (in)
                                                         clk (net)
                      0.030346    0.000000   10.011856 ^ clkbuf_0_clk/A (sg13g2_buf_8)
     4    0.045105    0.034859    0.078783   10.090639 ^ clkbuf_0_clk/X (sg13g2_buf_8)
                                                         clknet_0_clk (net)
                      0.034859    0.000161   10.090799 ^ clkbuf_2_1__f_clk/A (sg13g2_buf_8)
     7    0.026048    0.026520    0.073566   10.164366 ^ clkbuf_2_1__f_clk/X (sg13g2_buf_8)
                                                         clknet_2_1__leaf_clk (net)
                      0.026524    0.000061   10.164427 ^ dbit[0]$_SDFFE_PP1P_/CLK (sg13g2_dfrbpq_1)
                                 -0.250000    9.914427   clock uncertainty
                                  0.000000    9.914427   clock reconvergence pessimism
                                 -0.125763    9.788665   library setup time
                                              9.788665   data required time
---------------------------------------------------------------------------------------------
                                              9.788665   data required time
                                             -2.471048   data arrival time
---------------------------------------------------------------------------------------------
                                              7.317616   slack (MET)


Startpoint: B[1]$_SDFFE_PP1P_ (rising edge-triggered flip-flop clocked by clk)
Endpoint: B[1] (output port clocked by clk)
Path Group: clk
Path Type: max

Fanout         Cap        Slew       Delay        Time   Description
---------------------------------------------------------------------------------------------
                                  0.000000    0.000000   clock clk (rise edge)
                                  0.000000    0.000000   clock source latency
     1    0.014354    0.030345    0.011855    0.011855 ^ clk (in)
                                                         clk (net)
                      0.030346    0.000000    0.011855 ^ clkbuf_0_clk/A (sg13g2_buf_8)
     4    0.045105    0.034859    0.078783    0.090638 ^ clkbuf_0_clk/X (sg13g2_buf_8)
                                                         clknet_0_clk (net)
                      0.034859    0.000147    0.090786 ^ clkbuf_2_0__f_clk/A (sg13g2_buf_8)
     8    0.028508    0.027615    0.074530    0.165315 ^ clkbuf_2_0__f_clk/X (sg13g2_buf_8)
                                                         clknet_2_0__leaf_clk (net)
                      0.027615    0.000073    0.165389 ^ B[1]$_SDFFE_PP1P_/CLK (sg13g2_dfrbpq_1)
     3    0.009809    0.049313    0.186323    0.351712 ^ B[1]$_SDFFE_PP1P_/Q (sg13g2_dfrbpq_1)
                                                         net34 (net)
                      0.049313    0.000002    0.351714 ^ output18/A (sg13g2_buf_1)
     1    0.006844    0.037642    0.079976    0.431691 ^ output18/X (sg13g2_buf_1)
                                                         B[1] (net)
                      0.037642    0.000020    0.431711 ^ B[1] (out)
                                              0.431711   data arrival time

                                 10.000000   10.000000   clock clk (rise edge)
                                  0.000000   10.000000   clock network delay (propagated)
                                 -0.250000    9.750000   clock uncertainty
                                  0.000000    9.750000   clock reconvergence pessimism
                                 -2.000000    7.750000   output external delay
                                              7.750000   data required time
---------------------------------------------------------------------------------------------
                                              7.750000   data required time
                                             -0.431711   data arrival time
---------------------------------------------------------------------------------------------
                                              7.318289   slack (MET)


Startpoint: B[8]$_SDFFE_PP1P_ (rising edge-triggered flip-flop clocked by clk)
Endpoint: B[8] (output port clocked by clk)
Path Group: clk
Path Type: max

Fanout         Cap        Slew       Delay        Time   Description
---------------------------------------------------------------------------------------------
                                  0.000000    0.000000   clock clk (rise edge)
                                  0.000000    0.000000   clock source latency
     1    0.014354    0.030345    0.011855    0.011855 ^ clk (in)
                                                         clk (net)
                      0.030346    0.000000    0.011855 ^ clkbuf_0_clk/A (sg13g2_buf_8)
     4    0.045105    0.034859    0.078783    0.090638 ^ clkbuf_0_clk/X (sg13g2_buf_8)
                                                         clknet_0_clk (net)
                      0.034859    0.000147    0.090786 ^ clkbuf_2_0__f_clk/A (sg13g2_buf_8)
     8    0.028508    0.027615    0.074530    0.165315 ^ clkbuf_2_0__f_clk/X (sg13g2_buf_8)
                                                         clknet_2_0__leaf_clk (net)
                      0.027615    0.000052    0.165367 ^ B[8]$_SDFFE_PP1P_/CLK (sg13g2_dfrbpq_1)
     3    0.009683    0.048833    0.185963    0.351330 ^ B[8]$_SDFFE_PP1P_/Q (sg13g2_dfrbpq_1)
                                                         net41 (net)
                      0.048833    0.000022    0.351352 ^ output25/A (sg13g2_buf_1)
     1    0.007017    0.038286    0.080278    0.431630 ^ output25/X (sg13g2_buf_1)
                                                         B[8] (net)
                      0.038286    0.000025    0.431655 ^ B[8] (out)
                                              0.431655   data arrival time

                                 10.000000   10.000000   clock clk (rise edge)
                                  0.000000   10.000000   clock network delay (propagated)
                                 -0.250000    9.750000   clock uncertainty
                                  0.000000    9.750000   clock reconvergence pessimism
                                 -2.000000    7.750000   output external delay
                                              7.750000   data required time
---------------------------------------------------------------------------------------------
                                              7.750000   data required time
                                             -0.431655   data arrival time
---------------------------------------------------------------------------------------------
                                              7.318345   slack (MET)


Startpoint: BN[2]$_SDFFE_PP1P_ (rising edge-triggered flip-flop clocked by clk)
Endpoint: BN[2] (output port clocked by clk)
Path Group: clk
Path Type: max

Fanout         Cap        Slew       Delay        Time   Description
---------------------------------------------------------------------------------------------
                                  0.000000    0.000000   clock clk (rise edge)
                                  0.000000    0.000000   clock source latency
     1    0.014354    0.030345    0.011855    0.011855 ^ clk (in)
                                                         clk (net)
                      0.030346    0.000000    0.011855 ^ clkbuf_0_clk/A (sg13g2_buf_8)
     4    0.045105    0.034859    0.078783    0.090638 ^ clkbuf_0_clk/X (sg13g2_buf_8)
                                                         clknet_0_clk (net)
                      0.034860    0.000222    0.090861 ^ clkbuf_2_3__f_clk/A (sg13g2_buf_8)
     8    0.028848    0.027766    0.074667    0.165528 ^ clkbuf_2_3__f_clk/X (sg13g2_buf_8)
                                                         clknet_2_3__leaf_clk (net)
                      0.027766    0.000040    0.165568 ^ BN[2]$_SDFFE_PP1P_/CLK (sg13g2_dfrbpq_1)
     3    0.009895    0.049639    0.186644    0.352213 ^ BN[2]$_SDFFE_PP1P_/Q (sg13g2_dfrbpq_1)
                                                         net23 (net)
                      0.049639    0.000015    0.352228 ^ output7/A (sg13g2_buf_1)
     1    0.006575    0.036636    0.079330    0.431558 ^ output7/X (sg13g2_buf_1)
                                                         BN[2] (net)
                      0.036636    0.000014    0.431572 ^ BN[2] (out)
                                              0.431572   data arrival time

                                 10.000000   10.000000   clock clk (rise edge)
                                  0.000000   10.000000   clock network delay (propagated)
                                 -0.250000    9.750000   clock uncertainty
                                  0.000000    9.750000   clock reconvergence pessimism
                                 -2.000000    7.750000   output external delay
                                              7.750000   data required time
---------------------------------------------------------------------------------------------
                                              7.750000   data required time
                                             -0.431572   data arrival time
---------------------------------------------------------------------------------------------
                                              7.318428   slack (MET)


Startpoint: BN[3]$_SDFFE_PP1P_ (rising edge-triggered flip-flop clocked by clk)
Endpoint: BN[3] (output port clocked by clk)
Path Group: clk
Path Type: max

Fanout         Cap        Slew       Delay        Time   Description
---------------------------------------------------------------------------------------------
                                  0.000000    0.000000   clock clk (rise edge)
                                  0.000000    0.000000   clock source latency
     1    0.014354    0.030345    0.011855    0.011855 ^ clk (in)
                                                         clk (net)
                      0.030346    0.000000    0.011855 ^ clkbuf_0_clk/A (sg13g2_buf_8)
     4    0.045105    0.034859    0.078783    0.090638 ^ clkbuf_0_clk/X (sg13g2_buf_8)
                                                         clknet_0_clk (net)
                      0.034859    0.000161    0.090799 ^ clkbuf_2_1__f_clk/A (sg13g2_buf_8)
     7    0.026048    0.026520    0.073566    0.164366 ^ clkbuf_2_1__f_clk/X (sg13g2_buf_8)
                                                         clknet_2_1__leaf_clk (net)
                      0.026520    0.000038    0.164404 ^ BN[3]$_SDFFE_PP1P_/CLK (sg13g2_dfrbpq_1)
     3    0.009943    0.049822    0.186186    0.350590 ^ BN[3]$_SDFFE_PP1P_/Q (sg13g2_dfrbpq_1)
                                                         net24 (net)
                      0.049822    0.000004    0.350594 ^ output8/A (sg13g2_buf_1)
     1    0.006741    0.037269    0.079893    0.430488 ^ output8/X (sg13g2_buf_1)
                                                         BN[3] (net)
                      0.037269    0.000018    0.430505 ^ BN[3] (out)
                                              0.430505   data arrival time

                                 10.000000   10.000000   clock clk (rise edge)
                                  0.000000   10.000000   clock network delay (propagated)
                                 -0.250000    9.750000   clock uncertainty
                                  0.000000    9.750000   clock reconvergence pessimism
                                 -2.000000    7.750000   output external delay
                                              7.750000   data required time
---------------------------------------------------------------------------------------------
                                              7.750000   data required time
                                             -0.430505   data arrival time
---------------------------------------------------------------------------------------------
                                              7.319495   slack (MET)


Startpoint: BN[7]$_SDFFE_PP1P_ (rising edge-triggered flip-flop clocked by clk)
Endpoint: BN[7] (output port clocked by clk)
Path Group: clk
Path Type: max

Fanout         Cap        Slew       Delay        Time   Description
---------------------------------------------------------------------------------------------
                                  0.000000    0.000000   clock clk (rise edge)
                                  0.000000    0.000000   clock source latency
     1    0.014354    0.030345    0.011855    0.011855 ^ clk (in)
                                                         clk (net)
                      0.030346    0.000000    0.011855 ^ clkbuf_0_clk/A (sg13g2_buf_8)
     4    0.045105    0.034859    0.078783    0.090638 ^ clkbuf_0_clk/X (sg13g2_buf_8)
                                                         clknet_0_clk (net)
                      0.034860    0.000222    0.090861 ^ clkbuf_2_3__f_clk/A (sg13g2_buf_8)
     8    0.028848    0.027766    0.074667    0.165528 ^ clkbuf_2_3__f_clk/X (sg13g2_buf_8)
                                                         clknet_2_3__leaf_clk (net)
                      0.027766    0.000062    0.165590 ^ BN[7]$_SDFFE_PP1P_/CLK (sg13g2_dfrbpq_1)
     3    0.009362    0.047620    0.185093    0.350683 ^ BN[7]$_SDFFE_PP1P_/Q (sg13g2_dfrbpq_1)
                                                         net28 (net)
                      0.047620    0.000018    0.350701 ^ output12/A (sg13g2_buf_1)
     1    0.006854    0.037629    0.079281    0.429981 ^ output12/X (sg13g2_buf_1)
                                                         BN[7] (net)
                      0.037629    0.000021    0.430002 ^ BN[7] (out)
                                              0.430002   data arrival time

                                 10.000000   10.000000   clock clk (rise edge)
                                  0.000000   10.000000   clock network delay (propagated)
                                 -0.250000    9.750000   clock uncertainty
                                  0.000000    9.750000   clock reconvergence pessimism
                                 -2.000000    7.750000   output external delay
                                              7.750000   data required time
---------------------------------------------------------------------------------------------
                                              7.750000   data required time
                                             -0.430002   data arrival time
---------------------------------------------------------------------------------------------
                                              7.319998   slack (MET)



