
===========================================================================
report_checks -path_delay min (Hold)
============================================================================
======================= nom_typ_1p20V_25C Corner ===================================

Startpoint: BN[7]$_SDFFE_PP1P_ (rising edge-triggered flip-flop clocked by clk)
Endpoint: BN[7]$_SDFFE_PP1P_ (rising edge-triggered flip-flop clocked by clk)
Path Group: clk
Path Type: min

Fanout         Cap        Slew       Delay        Time   Description
---------------------------------------------------------------------------------------------
                                  0.000000    0.000000   clock clk (rise edge)
                                  0.000000    0.000000   clock source latency
     1    0.014354    0.030345    0.011855    0.011855 ^ clk (in)
                                                         clk (net)
                      0.030346    0.000000    0.011855 ^ clkbuf_0_clk/A (sg13g2_buf_8)
     4    0.045105    0.034859    0.078783    0.090638 ^ clkbuf_0_clk/X (sg13g2_buf_8)
                                                         clknet_0_clk (net)
                      0.034860    0.000222    0.090861 ^ clkbuf_2_3__f_clk/A (sg13g2_buf_8)
     8    0.028848    0.027766    0.074667    0.165528 ^ clkbuf_2_3__f_clk/X (sg13g2_buf_8)
                                                         clknet_2_3__leaf_clk (net)
                      0.027766    0.000062    0.165590 ^ BN[7]$_SDFFE_PP1P_/CLK (sg13g2_dfrbpq_1)
     3    0.009233    0.037039    0.178849    0.344438 v BN[7]$_SDFFE_PP1P_/Q (sg13g2_dfrbpq_1)
                                                         net28 (net)
                      0.037039    0.000034    0.344472 v _123_/A1 (sg13g2_a21o_1)
     1    0.001978    0.020046    0.101881    0.446353 v _123_/X (sg13g2_a21o_1)
                                                         _009_ (net)
                      0.020046    0.000003    0.446357 v BN[7]$_SDFFE_PP1P_/D (sg13g2_dfrbpq_1)
                                              0.446357   data arrival time

                                  0.000000    0.000000   clock clk (rise edge)
                                  0.000000    0.000000   clock source latency
     1    0.014354    0.030345    0.011855    0.011855 ^ clk (in)
                                                         clk (net)
                      0.030346    0.000000    0.011855 ^ clkbuf_0_clk/A (sg13g2_buf_8)
     4    0.045105    0.034859    0.078783    0.090638 ^ clkbuf_0_clk/X (sg13g2_buf_8)
                                                         clknet_0_clk (net)
                      0.034860    0.000222    0.090861 ^ clkbuf_2_3__f_clk/A (sg13g2_buf_8)
     8    0.028848    0.027766    0.074667    0.165528 ^ clkbuf_2_3__f_clk/X (sg13g2_buf_8)
                                                         clknet_2_3__leaf_clk (net)
                      0.027766    0.000062    0.165590 ^ BN[7]$_SDFFE_PP1P_/CLK (sg13g2_dfrbpq_1)
                                  0.250000    0.415590   clock uncertainty
                                  0.000000    0.415590   clock reconvergence pessimism
                                 -0.032778    0.382812   library hold time
                                              0.382812   data required time
---------------------------------------------------------------------------------------------
                                              0.382812   data required time
                                             -0.446357   data arrival time
---------------------------------------------------------------------------------------------
                                              0.063545   slack (MET)


Startpoint: BN[2]$_SDFFE_PP1P_ (rising edge-triggered flip-flop clocked by clk)
Endpoint: BN[2]$_SDFFE_PP1P_ (rising edge-triggered flip-flop clocked by clk)
Path Group: clk
Path Type: min

Fanout         Cap        Slew       Delay        Time   Description
---------------------------------------------------------------------------------------------
                                  0.000000    0.000000   clock clk (rise edge)
                                  0.000000    0.000000   clock source latency
     1    0.014354    0.030345    0.011855    0.011855 ^ clk (in)
                                                         clk (net)
                      0.030346    0.000000    0.011855 ^ clkbuf_0_clk/A (sg13g2_buf_8)
     4    0.045105    0.034859    0.078783    0.090638 ^ clkbuf_0_clk/X (sg13g2_buf_8)
                                                         clknet_0_clk (net)
                      0.034860    0.000222    0.090861 ^ clkbuf_2_3__f_clk/A (sg13g2_buf_8)
     8    0.028848    0.027766    0.074667    0.165528 ^ clkbuf_2_3__f_clk/X (sg13g2_buf_8)
                                                         clknet_2_3__leaf_clk (net)
                      0.027766    0.000040    0.165568 ^ BN[2]$_SDFFE_PP1P_/CLK (sg13g2_dfrbpq_1)
     3    0.009766    0.038590    0.180151    0.345719 v BN[2]$_SDFFE_PP1P_/Q (sg13g2_dfrbpq_1)
                                                         net23 (net)
                      0.038590    0.000042    0.345762 v _112_/A1 (sg13g2_a21o_1)
     1    0.001551    0.019016    0.101261    0.447022 v _112_/X (sg13g2_a21o_1)
                                                         _004_ (net)
                      0.019016    0.000000    0.447023 v BN[2]$_SDFFE_PP1P_/D (sg13g2_dfrbpq_1)
                                              0.447023   data arrival time

                                  0.000000    0.000000   clock clk (rise edge)
                                  0.000000    0.000000   clock source latency
     1    0.014354    0.030345    0.011855    0.011855 ^ clk (in)
                                                         clk (net)
                      0.030346    0.000000    0.011855 ^ clkbuf_0_clk/A (sg13g2_buf_8)
     4    0.045105    0.034859    0.078783    0.090638 ^ clkbuf_0_clk/X (sg13g2_buf_8)
                                                         clknet_0_clk (net)
                      0.034860    0.000222    0.090861 ^ clkbuf_2_3__f_clk/A (sg13g2_buf_8)
     8    0.028848    0.027766    0.074667    0.165528 ^ clkbuf_2_3__f_clk/X (sg13g2_buf_8)
                                                         clknet_2_3__leaf_clk (net)
                      0.027766    0.000040    0.165568 ^ BN[2]$_SDFFE_PP1P_/CLK (sg13g2_dfrbpq_1)
                                  0.250000    0.415568   clock uncertainty
                                  0.000000    0.415568   clock reconvergence pessimism
                                 -0.032452    0.383117   library hold time
                                              0.383117   data required time
---------------------------------------------------------------------------------------------
                                              0.383117   data required time
                                             -0.447023   data arrival time
---------------------------------------------------------------------------------------------
                                              0.063906   slack (MET)


Startpoint: B[1]$_SDFFE_PP1P_ (rising edge-triggered flip-flop clocked by clk)
Endpoint: B[1]$_SDFFE_PP1P_ (rising edge-triggered flip-flop clocked by clk)
Path Group: clk
Path Type: min

Fanout         Cap        Slew       Delay        Time   Description
---------------------------------------------------------------------------------------------
                                  0.000000    0.000000   clock clk (rise edge)
                                  0.000000    0.000000   clock source latency
     1    0.014354    0.030345    0.011855    0.011855 ^ clk (in)
                                                         clk (net)
                      0.030346    0.000000    0.011855 ^ clkbuf_0_clk/A (sg13g2_buf_8)
     4    0.045105    0.034859    0.078783    0.090638 ^ clkbuf_0_clk/X (sg13g2_buf_8)
                                                         clknet_0_clk (net)
                      0.034859    0.000147    0.090786 ^ clkbuf_2_0__f_clk/A (sg13g2_buf_8)
     8    0.028508    0.027615    0.074530    0.165315 ^ clkbuf_2_0__f_clk/X (sg13g2_buf_8)
                                                         clknet_2_0__leaf_clk (net)
                      0.027615    0.000073    0.165389 ^ B[1]$_SDFFE_PP1P_/CLK (sg13g2_dfrbpq_1)
     3    0.009681    0.038340    0.179871    0.345260 v B[1]$_SDFFE_PP1P_/Q (sg13g2_dfrbpq_1)
                                                         net34 (net)
                      0.038340    0.000034    0.345294 v _136_/A1 (sg13g2_a21o_1)
     1    0.001551    0.020451    0.101165    0.446459 v _136_/X (sg13g2_a21o_1)
                                                         _015_ (net)
                      0.020451    0.000000    0.446460 v B[1]$_SDFFE_PP1P_/D (sg13g2_dfrbpq_1)
                                              0.446460   data arrival time

                                  0.000000    0.000000   clock clk (rise edge)
                                  0.000000    0.000000   clock source latency
     1    0.014354    0.030345    0.011855    0.011855 ^ clk (in)
                                                         clk (net)
                      0.030346    0.000000    0.011855 ^ clkbuf_0_clk/A (sg13g2_buf_8)
     4    0.045105    0.034859    0.078783    0.090638 ^ clkbuf_0_clk/X (sg13g2_buf_8)
                                                         clknet_0_clk (net)
                      0.034859    0.000147    0.090786 ^ clkbuf_2_0__f_clk/A (sg13g2_buf_8)
     8    0.028508    0.027615    0.074530    0.165315 ^ clkbuf_2_0__f_clk/X (sg13g2_buf_8)
                                                         clknet_2_0__leaf_clk (net)
                      0.027615    0.000073    0.165389 ^ B[1]$_SDFFE_PP1P_/CLK (sg13g2_dfrbpq_1)
                                  0.250000    0.415389   clock uncertainty
                                  0.000000    0.415389   clock reconvergence pessimism
                                 -0.032938    0.382451   library hold time
                                              0.382451   data required time
---------------------------------------------------------------------------------------------
                                              0.382451   data required time
                                             -0.446460   data arrival time
---------------------------------------------------------------------------------------------
                                              0.064009   slack (MET)


Startpoint: B[4]$_SDFFE_PP1P_ (rising edge-triggered flip-flop clocked by clk)
Endpoint: B[4]$_SDFFE_PP1P_ (rising edge-triggered flip-flop clocked by clk)
Path Group: clk
Path Type: min

Fanout         Cap        Slew       Delay        Time   Description
---------------------------------------------------------------------------------------------
                                  0.000000    0.000000   clock clk (rise edge)
                                  0.000000    0.000000   clock source latency
     1    0.014354    0.030345    0.011855    0.011855 ^ clk (in)
                                                         clk (net)
                      0.030346    0.000000    0.011855 ^ clkbuf_0_clk/A (sg13g2_buf_8)
     4    0.045105    0.034859    0.078783    0.090638 ^ clkbuf_0_clk/X (sg13g2_buf_8)
                                                         clknet_0_clk (net)
                      0.034859    0.000147    0.090786 ^ clkbuf_2_0__f_clk/A (sg13g2_buf_8)
     8    0.028508    0.027615    0.074530    0.165315 ^ clkbuf_2_0__f_clk/X (sg13g2_buf_8)
                                                         clknet_2_0__leaf_clk (net)
                      0.027615    0.000055    0.165370 ^ B[4]$_SDFFE_PP1P_/CLK (sg13g2_dfrbpq_1)
     3    0.010133    0.039660    0.180978    0.346348 v B[4]$_SDFFE_PP1P_/Q (sg13g2_dfrbpq_1)
                                                         net37 (net)
                      0.039660    0.000035    0.346382 v _142_/A1 (sg13g2_a21o_1)
     1    0.001551    0.018989    0.101670    0.448053 v _142_/X (sg13g2_a21o_1)
                                                         _018_ (net)
                      0.018989    0.000000    0.448053 v B[4]$_SDFFE_PP1P_/D (sg13g2_dfrbpq_1)
                                              0.448053   data arrival time

                                  0.000000    0.000000   clock clk (rise edge)
                                  0.000000    0.000000   clock source latency
     1    0.014354    0.030345    0.011855    0.011855 ^ clk (in)
                                                         clk (net)
                      0.030346    0.000000    0.011855 ^ clkbuf_0_clk/A (sg13g2_buf_8)
     4    0.045105    0.034859    0.078783    0.090638 ^ clkbuf_0_clk/X (sg13g2_buf_8)
                                                         clknet_0_clk (net)
                      0.034859    0.000147    0.090786 ^ clkbuf_2_0__f_clk/A (sg13g2_buf_8)
     8    0.028508    0.027615    0.074530    0.165315 ^ clkbuf_2_0__f_clk/X (sg13g2_buf_8)
                                                         clknet_2_0__leaf_clk (net)
                      0.027615    0.000055    0.165370 ^ B[4]$_SDFFE_PP1P_/CLK (sg13g2_dfrbpq_1)
                                  0.250000    0.415370   clock uncertainty
                                  0.000000    0.415370   clock reconvergence pessimism
                                 -0.032475    0.382895   library hold time
                                              0.382895   data required time
---------------------------------------------------------------------------------------------
                                              0.382895   data required time
                                             -0.448053   data arrival time
---------------------------------------------------------------------------------------------
                                              0.065158   slack (MET)


Startpoint: BN[8]$_SDFFE_PP1P_ (rising edge-triggered flip-flop clocked by clk)
Endpoint: BN[8]$_SDFFE_PP1P_ (rising edge-triggered flip-flop clocked by clk)
Path Group: clk
Path Type: min

Fanout         Cap        Slew       Delay        Time   Description
---------------------------------------------------------------------------------------------
                                  0.000000    0.000000   clock clk (rise edge)
                                  0.000000    0.000000   clock source latency
     1    0.014354    0.030345    0.011855    0.011855 ^ clk (in)
                                                         clk (net)
                      0.030346    0.000000    0.011855 ^ clkbuf_0_clk/A (sg13g2_buf_8)
     4    0.045105    0.034859    0.078783    0.090638 ^ clkbuf_0_clk/X (sg13g2_buf_8)
                                                         clknet_0_clk (net)
                      0.034859    0.000147    0.090786 ^ clkbuf_2_0__f_clk/A (sg13g2_buf_8)
     8    0.028508    0.027615    0.074530    0.165315 ^ clkbuf_2_0__f_clk/X (sg13g2_buf_8)
                                                         clknet_2_0__leaf_clk (net)
                      0.027615    0.000056    0.165371 ^ BN[8]$_SDFFE_PP1P_/CLK (sg13g2_dfrbpq_1)
     3    0.010231    0.039945    0.181218    0.346589 v BN[8]$_SDFFE_PP1P_/Q (sg13g2_dfrbpq_1)
                                                         net29 (net)
                      0.039945    0.000034    0.346623 v _125_/A1 (sg13g2_a21o_1)
     1    0.001551    0.018989    0.101780    0.448403 v _125_/X (sg13g2_a21o_1)
                                                         _010_ (net)
                      0.018989    0.000000    0.448403 v BN[8]$_SDFFE_PP1P_/D (sg13g2_dfrbpq_1)
                                              0.448403   data arrival time

                                  0.000000    0.000000   clock clk (rise edge)
                                  0.000000    0.000000   clock source latency
     1    0.014354    0.030345    0.011855    0.011855 ^ clk (in)
                                                         clk (net)
                      0.030346    0.000000    0.011855 ^ clkbuf_0_clk/A (sg13g2_buf_8)
     4    0.045105    0.034859    0.078783    0.090638 ^ clkbuf_0_clk/X (sg13g2_buf_8)
                                                         clknet_0_clk (net)
                      0.034859    0.000147    0.090786 ^ clkbuf_2_0__f_clk/A (sg13g2_buf_8)
     8    0.028508    0.027615    0.074530    0.165315 ^ clkbuf_2_0__f_clk/X (sg13g2_buf_8)
                                                         clknet_2_0__leaf_clk (net)
                      0.027615    0.000056    0.165371 ^ BN[8]$_SDFFE_PP1P_/CLK (sg13g2_dfrbpq_1)
                                  0.250000    0.415371   clock uncertainty
                                  0.000000    0.415371   clock reconvergence pessimism
                                 -0.032475    0.382896   library hold time
                                              0.382896   data required time
---------------------------------------------------------------------------------------------
                                              0.382896   data required time
                                             -0.448403   data arrival time
---------------------------------------------------------------------------------------------
                                              0.065507   slack (MET)


Startpoint: BN[3]$_SDFFE_PP1P_ (rising edge-triggered flip-flop clocked by clk)
Endpoint: BN[3]$_SDFFE_PP1P_ (rising edge-triggered flip-flop clocked by clk)
Path Group: clk
Path Type: min

Fanout         Cap        Slew       Delay        Time   Description
---------------------------------------------------------------------------------------------
                                  0.000000    0.000000   clock clk (rise edge)
                                  0.000000    0.000000   clock source latency
     1    0.014354    0.030345    0.011855    0.011855 ^ clk (in)
                                                         clk (net)
                      0.030346    0.000000    0.011855 ^ clkbuf_0_clk/A (sg13g2_buf_8)
     4    0.045105    0.034859    0.078783    0.090638 ^ clkbuf_0_clk/X (sg13g2_buf_8)
                                                         clknet_0_clk (net)
                      0.034859    0.000161    0.090799 ^ clkbuf_2_1__f_clk/A (sg13g2_buf_8)
     7    0.026048    0.026520    0.073566    0.164366 ^ clkbuf_2_1__f_clk/X (sg13g2_buf_8)
                                                         clknet_2_1__leaf_clk (net)
                      0.026520    0.000038    0.164404 ^ BN[3]$_SDFFE_PP1P_/CLK (sg13g2_dfrbpq_1)
     3    0.009815    0.038729    0.179673    0.344077 v BN[3]$_SDFFE_PP1P_/Q (sg13g2_dfrbpq_1)
                                                         net24 (net)
                      0.038729    0.000033    0.344110 v _114_/A1 (sg13g2_a21o_1)
     1    0.002139    0.020472    0.102986    0.447096 v _114_/X (sg13g2_a21o_1)
                                                         _005_ (net)
                      0.020472    0.000004    0.447101 v BN[3]$_SDFFE_PP1P_/D (sg13g2_dfrbpq_1)
                                              0.447101   data arrival time

                                  0.000000    0.000000   clock clk (rise edge)
                                  0.000000    0.000000   clock source latency
     1    0.014354    0.030345    0.011855    0.011855 ^ clk (in)
                                                         clk (net)
                      0.030346    0.000000    0.011855 ^ clkbuf_0_clk/A (sg13g2_buf_8)
     4    0.045105    0.034859    0.078783    0.090638 ^ clkbuf_0_clk/X (sg13g2_buf_8)
                                                         clknet_0_clk (net)
                      0.034859    0.000161    0.090799 ^ clkbuf_2_1__f_clk/A (sg13g2_buf_8)
     7    0.026048    0.026520    0.073566    0.164366 ^ clkbuf_2_1__f_clk/X (sg13g2_buf_8)
                                                         clknet_2_1__leaf_clk (net)
                      0.026520    0.000038    0.164404 ^ BN[3]$_SDFFE_PP1P_/CLK (sg13g2_dfrbpq_1)
                                  0.250000    0.414404   clock uncertainty
                                  0.000000    0.414404   clock reconvergence pessimism
                                 -0.033173    0.381230   library hold time
                                              0.381230   data required time
---------------------------------------------------------------------------------------------
                                              0.381230   data required time
                                             -0.447101   data arrival time
---------------------------------------------------------------------------------------------
                                              0.065870   slack (MET)


Startpoint: B[7]$_SDFFE_PP1P_ (rising edge-triggered flip-flop clocked by clk)
Endpoint: B[7]$_SDFFE_PP1P_ (rising edge-triggered flip-flop clocked by clk)
Path Group: clk
Path Type: min

Fanout         Cap        Slew       Delay        Time   Description
---------------------------------------------------------------------------------------------
                                  0.000000    0.000000   clock clk (rise edge)
                                  0.000000    0.000000   clock source latency
     1    0.014354    0.030345    0.011855    0.011855 ^ clk (in)
                                                         clk (net)
                      0.030346    0.000000    0.011855 ^ clkbuf_0_clk/A (sg13g2_buf_8)
     4    0.045105    0.034859    0.078783    0.090638 ^ clkbuf_0_clk/X (sg13g2_buf_8)
                                                         clknet_0_clk (net)
                      0.034860    0.000222    0.090861 ^ clkbuf_2_3__f_clk/A (sg13g2_buf_8)
     8    0.028848    0.027766    0.074667    0.165528 ^ clkbuf_2_3__f_clk/X (sg13g2_buf_8)
                                                         clknet_2_3__leaf_clk (net)
                      0.027766    0.000054    0.165582 ^ B[7]$_SDFFE_PP1P_/CLK (sg13g2_dfrbpq_1)
     3    0.010003    0.039277    0.180738    0.346320 v B[7]$_SDFFE_PP1P_/Q (sg13g2_dfrbpq_1)
                                                         net40 (net)
                      0.039277    0.000027    0.346347 v _148_/A1 (sg13g2_a21o_1)
     1    0.001810    0.020975    0.102262    0.448609 v _148_/X (sg13g2_a21o_1)
                                                         _021_ (net)
                      0.020975    0.000002    0.448611 v B[7]$_SDFFE_PP1P_/D (sg13g2_dfrbpq_1)
                                              0.448611   data arrival time

                                  0.000000    0.000000   clock clk (rise edge)
                                  0.000000    0.000000   clock source latency
     1    0.014354    0.030345    0.011855    0.011855 ^ clk (in)
                                                         clk (net)
                      0.030346    0.000000    0.011855 ^ clkbuf_0_clk/A (sg13g2_buf_8)
     4    0.045105    0.034859    0.078783    0.090638 ^ clkbuf_0_clk/X (sg13g2_buf_8)
                                                         clknet_0_clk (net)
                      0.034860    0.000222    0.090861 ^ clkbuf_2_3__f_clk/A (sg13g2_buf_8)
     8    0.028848    0.027766    0.074667    0.165528 ^ clkbuf_2_3__f_clk/X (sg13g2_buf_8)
                                                         clknet_2_3__leaf_clk (net)
                      0.027766    0.000054    0.165582 ^ B[7]$_SDFFE_PP1P_/CLK (sg13g2_dfrbpq_1)
                                  0.250000    0.415582   clock uncertainty
                                  0.000000    0.415582   clock reconvergence pessimism
                                 -0.033073    0.382509   library hold time
                                              0.382509   data required time
---------------------------------------------------------------------------------------------
                                              0.382509   data required time
                                             -0.448611   data arrival time
---------------------------------------------------------------------------------------------
                                              0.066102   slack (MET)


Startpoint: BN[4]$_SDFFE_PP1P_ (rising edge-triggered flip-flop clocked by clk)
Endpoint: BN[4]$_SDFFE_PP1P_ (rising edge-triggered flip-flop clocked by clk)
Path Group: clk
Path Type: min

Fanout         Cap        Slew       Delay        Time   Description
---------------------------------------------------------------------------------------------
                                  0.000000    0.000000   clock clk (rise edge)
                                  0.000000    0.000000   clock source latency
     1    0.014354    0.030345    0.011855    0.011855 ^ clk (in)
                                                         clk (net)
                      0.030346    0.000000    0.011855 ^ clkbuf_0_clk/A (sg13g2_buf_8)
     4    0.045105    0.034859    0.078783    0.090638 ^ clkbuf_0_clk/X (sg13g2_buf_8)
                                                         clknet_0_clk (net)
                      0.034859    0.000147    0.090786 ^ clkbuf_2_0__f_clk/A (sg13g2_buf_8)
     8    0.028508    0.027615    0.074530    0.165315 ^ clkbuf_2_0__f_clk/X (sg13g2_buf_8)
                                                         clknet_2_0__leaf_clk (net)
                      0.027615    0.000065    0.165380 ^ BN[4]$_SDFFE_PP1P_/CLK (sg13g2_dfrbpq_1)
     3    0.009942    0.039100    0.180512    0.345892 v BN[4]$_SDFFE_PP1P_/Q (sg13g2_dfrbpq_1)
                                                         net25 (net)
                      0.039100    0.000031    0.345924 v _117_/A1 (sg13g2_a21o_1)
     1    0.001940    0.021378    0.102564    0.448488 v _117_/X (sg13g2_a21o_1)
                                                         _006_ (net)
                      0.021378    0.000003    0.448491 v BN[4]$_SDFFE_PP1P_/D (sg13g2_dfrbpq_1)
                                              0.448491   data arrival time

                                  0.000000    0.000000   clock clk (rise edge)
                                  0.000000    0.000000   clock source latency
     1    0.014354    0.030345    0.011855    0.011855 ^ clk (in)
                                                         clk (net)
                      0.030346    0.000000    0.011855 ^ clkbuf_0_clk/A (sg13g2_buf_8)
     4    0.045105    0.034859    0.078783    0.090638 ^ clkbuf_0_clk/X (sg13g2_buf_8)
                                                         clknet_0_clk (net)
                      0.034859    0.000147    0.090786 ^ clkbuf_2_0__f_clk/A (sg13g2_buf_8)
     8    0.028508    0.027615    0.074530    0.165315 ^ clkbuf_2_0__f_clk/X (sg13g2_buf_8)
                                                         clknet_2_0__leaf_clk (net)
                      0.027615    0.000065    0.165380 ^ BN[4]$_SDFFE_PP1P_/CLK (sg13g2_dfrbpq_1)
                                  0.250000    0.415380   clock uncertainty
                                  0.000000    0.415380   clock reconvergence pessimism
                                 -0.033232    0.382148   library hold time
                                              0.382148   data required time
---------------------------------------------------------------------------------------------
                                              0.382148   data required time
                                             -0.448491   data arrival time
---------------------------------------------------------------------------------------------
                                              0.066343   slack (MET)


Startpoint: B[8]$_SDFFE_PP1P_ (rising edge-triggered flip-flop clocked by clk)
Endpoint: B[8]$_SDFFE_PP1P_ (rising edge-triggered flip-flop clocked by clk)
Path Group: clk
Path Type: min

Fanout         Cap        Slew       Delay        Time   Description
---------------------------------------------------------------------------------------------
                                  0.000000    0.000000   clock clk (rise edge)
                                  0.000000    0.000000   clock source latency
     1    0.014354    0.030345    0.011855    0.011855 ^ clk (in)
                                                         clk (net)
                      0.030346    0.000000    0.011855 ^ clkbuf_0_clk/A (sg13g2_buf_8)
     4    0.045105    0.034859    0.078783    0.090638 ^ clkbuf_0_clk/X (sg13g2_buf_8)
                                                         clknet_0_clk (net)
                      0.034859    0.000147    0.090786 ^ clkbuf_2_0__f_clk/A (sg13g2_buf_8)
     8    0.028508    0.027615    0.074530    0.165315 ^ clkbuf_2_0__f_clk/X (sg13g2_buf_8)
                                                         clknet_2_0__leaf_clk (net)
                      0.027615    0.000052    0.165367 ^ B[8]$_SDFFE_PP1P_/CLK (sg13g2_dfrbpq_1)
     3    0.009555    0.037970    0.179570    0.344937 v B[8]$_SDFFE_PP1P_/Q (sg13g2_dfrbpq_1)
                                                         net41 (net)
                      0.037970    0.000014    0.344952 v _150_/A1 (sg13g2_a21o_1)
     1    0.002497    0.021392    0.103715    0.448667 v _150_/X (sg13g2_a21o_1)
                                                         _022_ (net)
                      0.021392    0.000008    0.448675 v B[8]$_SDFFE_PP1P_/D (sg13g2_dfrbpq_1)
                                              0.448675   data arrival time

                                  0.000000    0.000000   clock clk (rise edge)
                                  0.000000    0.000000   clock source latency
     1    0.014354    0.030345    0.011855    0.011855 ^ clk (in)
                                                         clk (net)
                      0.030346    0.000000    0.011855 ^ clkbuf_0_clk/A (sg13g2_buf_8)
     4    0.045105    0.034859    0.078783    0.090638 ^ clkbuf_0_clk/X (sg13g2_buf_8)
                                                         clknet_0_clk (net)
                      0.034859    0.000147    0.090786 ^ clkbuf_2_0__f_clk/A (sg13g2_buf_8)
     8    0.028508    0.027615    0.074530    0.165315 ^ clkbuf_2_0__f_clk/X (sg13g2_buf_8)
                                                         clknet_2_0__leaf_clk (net)
                      0.027615    0.000052    0.165367 ^ B[8]$_SDFFE_PP1P_/CLK (sg13g2_dfrbpq_1)
                                  0.250000    0.415367   clock uncertainty
                                  0.000000    0.415367   clock reconvergence pessimism
                                 -0.033237    0.382130   library hold time
                                              0.382130   data required time
---------------------------------------------------------------------------------------------
                                              0.382130   data required time
                                             -0.448675   data arrival time
---------------------------------------------------------------------------------------------
                                              0.066544   slack (MET)


Startpoint: BN[1]$_SDFFE_PP1P_ (rising edge-triggered flip-flop clocked by clk)
Endpoint: BN[1]$_SDFFE_PP1P_ (rising edge-triggered flip-flop clocked by clk)
Path Group: clk
Path Type: min

Fanout         Cap        Slew       Delay        Time   Description
---------------------------------------------------------------------------------------------
                                  0.000000    0.000000   clock clk (rise edge)
                                  0.000000    0.000000   clock source latency
     1    0.014354    0.030345    0.011855    0.011855 ^ clk (in)
                                                         clk (net)
                      0.030346    0.000000    0.011855 ^ clkbuf_0_clk/A (sg13g2_buf_8)
     4    0.045105    0.034859    0.078783    0.090638 ^ clkbuf_0_clk/X (sg13g2_buf_8)
                                                         clknet_0_clk (net)
                      0.034859    0.000195    0.090834 ^ clkbuf_2_2__f_clk/A (sg13g2_buf_8)
     8    0.029379    0.028000    0.074867    0.165701 ^ clkbuf_2_2__f_clk/X (sg13g2_buf_8)
                                                         clknet_2_2__leaf_clk (net)
                      0.028000    0.000125    0.165825 ^ BN[1]$_SDFFE_PP1P_/CLK (sg13g2_dfrbpq_1)
     3    0.009990    0.039243    0.180817    0.346643 v BN[1]$_SDFFE_PP1P_/Q (sg13g2_dfrbpq_1)
                                                         net22 (net)
                      0.039243    0.000032    0.346674 v _110_/A1 (sg13g2_a21o_1)
     1    0.002021    0.021590    0.102849    0.449524 v _110_/X (sg13g2_a21o_1)
                                                         _003_ (net)
                      0.021590    0.000004    0.449527 v BN[1]$_SDFFE_PP1P_/D (sg13g2_dfrbpq_1)
                                              0.449527   data arrival time

                                  0.000000    0.000000   clock clk (rise edge)
                                  0.000000    0.000000   clock source latency
     1    0.014354    0.030345    0.011855    0.011855 ^ clk (in)
                                                         clk (net)
                      0.030346    0.000000    0.011855 ^ clkbuf_0_clk/A (sg13g2_buf_8)
     4    0.045105    0.034859    0.078783    0.090638 ^ clkbuf_0_clk/X (sg13g2_buf_8)
                                                         clknet_0_clk (net)
                      0.034859    0.000195    0.090834 ^ clkbuf_2_2__f_clk/A (sg13g2_buf_8)
     8    0.029379    0.028000    0.074867    0.165701 ^ clkbuf_2_2__f_clk/X (sg13g2_buf_8)
                                                         clknet_2_2__leaf_clk (net)
                      0.028000    0.000125    0.165825 ^ BN[1]$_SDFFE_PP1P_/CLK (sg13g2_dfrbpq_1)
                                  0.250000    0.415825   clock uncertainty
                                  0.000000    0.415825   clock reconvergence pessimism
                                 -0.033219    0.382606   library hold time
                                              0.382606   data required time
---------------------------------------------------------------------------------------------
                                              0.382606   data required time
                                             -0.449527   data arrival time
---------------------------------------------------------------------------------------------
                                              0.066921   slack (MET)


Startpoint: B[3]$_SDFFE_PP1P_ (rising edge-triggered flip-flop clocked by clk)
Endpoint: B[3]$_SDFFE_PP1P_ (rising edge-triggered flip-flop clocked by clk)
Path Group: clk
Path Type: min

Fanout         Cap        Slew       Delay        Time   Description
---------------------------------------------------------------------------------------------
                                  0.000000    0.000000   clock clk (rise edge)
                                  0.000000    0.000000   clock source latency
     1    0.014354    0.030345    0.011855    0.011855 ^ clk (in)
                                                         clk (net)
                      0.030346    0.000000    0.011855 ^ clkbuf_0_clk/A (sg13g2_buf_8)
     4    0.045105    0.034859    0.078783    0.090638 ^ clkbuf_0_clk/X (sg13g2_buf_8)
                                                         clknet_0_clk (net)
                      0.034859    0.000161    0.090799 ^ clkbuf_2_1__f_clk/A (sg13g2_buf_8)
     7    0.026048    0.026520    0.073566    0.164366 ^ clkbuf_2_1__f_clk/X (sg13g2_buf_8)
                                                         clknet_2_1__leaf_clk (net)
                      0.026520    0.000043    0.164409 ^ B[3]$_SDFFE_PP1P_/CLK (sg13g2_dfrbpq_1)
     3    0.010712    0.041352    0.181873    0.346282 v B[3]$_SDFFE_PP1P_/Q (sg13g2_dfrbpq_1)
                                                         net36 (net)
                      0.041352    0.000024    0.346306 v _140_/A1 (sg13g2_a21o_1)
     1    0.001551    0.019016    0.102319    0.448625 v _140_/X (sg13g2_a21o_1)
                                                         _017_ (net)
                      0.019016    0.000000    0.448626 v B[3]$_SDFFE_PP1P_/D (sg13g2_dfrbpq_1)
                                              0.448626   data arrival time

                                  0.000000    0.000000   clock clk (rise edge)
                                  0.000000    0.000000   clock source latency
     1    0.014354    0.030345    0.011855    0.011855 ^ clk (in)
                                                         clk (net)
                      0.030346    0.000000    0.011855 ^ clkbuf_0_clk/A (sg13g2_buf_8)
     4    0.045105    0.034859    0.078783    0.090638 ^ clkbuf_0_clk/X (sg13g2_buf_8)
                                                         clknet_0_clk (net)
                      0.034859    0.000161    0.090799 ^ clkbuf_2_1__f_clk/A (sg13g2_buf_8)
     7    0.026048    0.026520    0.073566    0.164366 ^ clkbuf_2_1__f_clk/X (sg13g2_buf_8)
                                                         clknet_2_1__leaf_clk (net)
                      0.026520    0.000043    0.164409 ^ B[3]$_SDFFE_PP1P_/CLK (sg13g2_dfrbpq_1)
                                  0.250000    0.414409   clock uncertainty
                                  0.000000    0.414409   clock reconvergence pessimism
                                 -0.032712    0.381697   library hold time
                                              0.381697   data required time
---------------------------------------------------------------------------------------------
                                              0.381697   data required time
                                             -0.448626   data arrival time
---------------------------------------------------------------------------------------------
                                              0.066929   slack (MET)


Startpoint: B[10]$_SDFFE_PP1P_ (rising edge-triggered flip-flop clocked by clk)
Endpoint: B[10]$_SDFFE_PP1P_ (rising edge-triggered flip-flop clocked by clk)
Path Group: clk
Path Type: min

Fanout         Cap        Slew       Delay        Time   Description
---------------------------------------------------------------------------------------------
                                  0.000000    0.000000   clock clk (rise edge)
                                  0.000000    0.000000   clock source latency
     1    0.014354    0.030345    0.011855    0.011855 ^ clk (in)
                                                         clk (net)
                      0.030346    0.000000    0.011855 ^ clkbuf_0_clk/A (sg13g2_buf_8)
     4    0.045105    0.034859    0.078783    0.090638 ^ clkbuf_0_clk/X (sg13g2_buf_8)
                                                         clknet_0_clk (net)
                      0.034859    0.000195    0.090834 ^ clkbuf_2_2__f_clk/A (sg13g2_buf_8)
     8    0.029379    0.028000    0.074867    0.165701 ^ clkbuf_2_2__f_clk/X (sg13g2_buf_8)
                                                         clknet_2_2__leaf_clk (net)
                      0.028000    0.000061    0.165762 ^ B[10]$_SDFFE_PP1P_/CLK (sg13g2_dfrbpq_1)
     3    0.009641    0.038224    0.179967    0.345729 v B[10]$_SDFFE_PP1P_/Q (sg13g2_dfrbpq_1)
                                                         net32 (net)
                      0.038224    0.000024    0.345752 v _132_/A1 (sg13g2_a21o_1)
     1    0.002616    0.022928    0.104150    0.449902 v _132_/X (sg13g2_a21o_1)
                                                         _013_ (net)
                      0.022928    0.000009    0.449911 v B[10]$_SDFFE_PP1P_/D (sg13g2_dfrbpq_1)
                                              0.449911   data arrival time

                                  0.000000    0.000000   clock clk (rise edge)
                                  0.000000    0.000000   clock source latency
     1    0.014354    0.030345    0.011855    0.011855 ^ clk (in)
                                                         clk (net)
                      0.030346    0.000000    0.011855 ^ clkbuf_0_clk/A (sg13g2_buf_8)
     4    0.045105    0.034859    0.078783    0.090638 ^ clkbuf_0_clk/X (sg13g2_buf_8)
                                                         clknet_0_clk (net)
                      0.034859    0.000195    0.090834 ^ clkbuf_2_2__f_clk/A (sg13g2_buf_8)
     8    0.029379    0.028000    0.074867    0.165701 ^ clkbuf_2_2__f_clk/X (sg13g2_buf_8)
                                                         clknet_2_2__leaf_clk (net)
                      0.028000    0.000061    0.165762 ^ B[10]$_SDFFE_PP1P_/CLK (sg13g2_dfrbpq_1)
                                  0.250000    0.415762   clock uncertainty
                                  0.000000    0.415762   clock reconvergence pessimism
                                 -0.033643    0.382119   library hold time
                                              0.382119   data required time
---------------------------------------------------------------------------------------------
                                              0.382119   data required time
                                             -0.449911   data arrival time
---------------------------------------------------------------------------------------------
                                              0.067792   slack (MET)


Startpoint: B[5]$_SDFFE_PP1P_ (rising edge-triggered flip-flop clocked by clk)
Endpoint: B[5]$_SDFFE_PP1P_ (rising edge-triggered flip-flop clocked by clk)
Path Group: clk
Path Type: min

Fanout         Cap        Slew       Delay        Time   Description
---------------------------------------------------------------------------------------------
                                  0.000000    0.000000   clock clk (rise edge)
                                  0.000000    0.000000   clock source latency
     1    0.014354    0.030345    0.011855    0.011855 ^ clk (in)
                                                         clk (net)
                      0.030346    0.000000    0.011855 ^ clkbuf_0_clk/A (sg13g2_buf_8)
     4    0.045105    0.034859    0.078783    0.090638 ^ clkbuf_0_clk/X (sg13g2_buf_8)
                                                         clknet_0_clk (net)
                      0.034859    0.000195    0.090834 ^ clkbuf_2_2__f_clk/A (sg13g2_buf_8)
     8    0.029379    0.028000    0.074867    0.165701 ^ clkbuf_2_2__f_clk/X (sg13g2_buf_8)
                                                         clknet_2_2__leaf_clk (net)
                      0.028000    0.000030    0.165731 ^ B[5]$_SDFFE_PP1P_/CLK (sg13g2_dfrbpq_1)
     3    0.010756    0.041481    0.182694    0.348425 v B[5]$_SDFFE_PP1P_/Q (sg13g2_dfrbpq_1)
                                                         net38 (net)
                      0.041481    0.000017    0.348442 v _144_/A1 (sg13g2_a21o_1)
     1    0.001801    0.021159    0.103079    0.451521 v _144_/X (sg13g2_a21o_1)
                                                         _019_ (net)
                      0.021159    0.000002    0.451523 v B[5]$_SDFFE_PP1P_/D (sg13g2_dfrbpq_1)
                                              0.451523   data arrival time

                                  0.000000    0.000000   clock clk (rise edge)
                                  0.000000    0.000000   clock source latency
     1    0.014354    0.030345    0.011855    0.011855 ^ clk (in)
                                                         clk (net)
                      0.030346    0.000000    0.011855 ^ clkbuf_0_clk/A (sg13g2_buf_8)
     4    0.045105    0.034859    0.078783    0.090638 ^ clkbuf_0_clk/X (sg13g2_buf_8)
                                                         clknet_0_clk (net)
                      0.034859    0.000195    0.090834 ^ clkbuf_2_2__f_clk/A (sg13g2_buf_8)
     8    0.029379    0.028000    0.074867    0.165701 ^ clkbuf_2_2__f_clk/X (sg13g2_buf_8)
                                                         clknet_2_2__leaf_clk (net)
                      0.028000    0.000030    0.165731 ^ B[5]$_SDFFE_PP1P_/CLK (sg13g2_dfrbpq_1)
                                  0.250000    0.415731   clock uncertainty
                                  0.000000    0.415731   clock reconvergence pessimism
                                 -0.033082    0.382649   library hold time
                                              0.382649   data required time
---------------------------------------------------------------------------------------------
                                              0.382649   data required time
                                             -0.451523   data arrival time
---------------------------------------------------------------------------------------------
                                              0.068875   slack (MET)


Startpoint: B[2]$_SDFFE_PP1P_ (rising edge-triggered flip-flop clocked by clk)
Endpoint: B[2]$_SDFFE_PP1P_ (rising edge-triggered flip-flop clocked by clk)
Path Group: clk
Path Type: min

Fanout         Cap        Slew       Delay        Time   Description
---------------------------------------------------------------------------------------------
                                  0.000000    0.000000   clock clk (rise edge)
                                  0.000000    0.000000   clock source latency
     1    0.014354    0.030345    0.011855    0.011855 ^ clk (in)
                                                         clk (net)
                      0.030346    0.000000    0.011855 ^ clkbuf_0_clk/A (sg13g2_buf_8)
     4    0.045105    0.034859    0.078783    0.090638 ^ clkbuf_0_clk/X (sg13g2_buf_8)
                                                         clknet_0_clk (net)
                      0.034860    0.000222    0.090861 ^ clkbuf_2_3__f_clk/A (sg13g2_buf_8)
     8    0.028848    0.027766    0.074667    0.165528 ^ clkbuf_2_3__f_clk/X (sg13g2_buf_8)
                                                         clknet_2_3__leaf_clk (net)
                      0.027766    0.000019    0.165547 ^ B[2]$_SDFFE_PP1P_/CLK (sg13g2_dfrbpq_1)
     3    0.010665    0.041218    0.182351    0.347898 v B[2]$_SDFFE_PP1P_/Q (sg13g2_dfrbpq_1)
                                                         net35 (net)
                      0.041218    0.000032    0.347930 v _138_/A1 (sg13g2_a21o_1)
     1    0.001978    0.021265    0.103484    0.451413 v _138_/X (sg13g2_a21o_1)
                                                         _016_ (net)
                      0.021265    0.000003    0.451417 v B[2]$_SDFFE_PP1P_/D (sg13g2_dfrbpq_1)
                                              0.451417   data arrival time

                                  0.000000    0.000000   clock clk (rise edge)
                                  0.000000    0.000000   clock source latency
     1    0.014354    0.030345    0.011855    0.011855 ^ clk (in)
                                                         clk (net)
                      0.030346    0.000000    0.011855 ^ clkbuf_0_clk/A (sg13g2_buf_8)
     4    0.045105    0.034859    0.078783    0.090638 ^ clkbuf_0_clk/X (sg13g2_buf_8)
                                                         clknet_0_clk (net)
                      0.034860    0.000222    0.090861 ^ clkbuf_2_3__f_clk/A (sg13g2_buf_8)
     8    0.028848    0.027766    0.074667    0.165528 ^ clkbuf_2_3__f_clk/X (sg13g2_buf_8)
                                                         clknet_2_3__leaf_clk (net)
                      0.027766    0.000019    0.165547 ^ B[2]$_SDFFE_PP1P_/CLK (sg13g2_dfrbpq_1)
                                  0.250000    0.415547   clock uncertainty
                                  0.000000    0.415547   clock reconvergence pessimism
                                 -0.033165    0.382382   library hold time
                                              0.382382   data required time
---------------------------------------------------------------------------------------------
                                              0.382382   data required time
                                             -0.451417   data arrival time
---------------------------------------------------------------------------------------------
                                              0.069035   slack (MET)


Startpoint: B[0]$_SDFFE_PP1P_ (rising edge-triggered flip-flop clocked by clk)
Endpoint: B[0]$_SDFFE_PP1P_ (rising edge-triggered flip-flop clocked by clk)
Path Group: clk
Path Type: min

Fanout         Cap        Slew       Delay        Time   Description
---------------------------------------------------------------------------------------------
                                  0.000000    0.000000   clock clk (rise edge)
                                  0.000000    0.000000   clock source latency
     1    0.014354    0.030345    0.011855    0.011855 ^ clk (in)
                                                         clk (net)
                      0.030346    0.000000    0.011855 ^ clkbuf_0_clk/A (sg13g2_buf_8)
     4    0.045105    0.034859    0.078783    0.090638 ^ clkbuf_0_clk/X (sg13g2_buf_8)
                                                         clknet_0_clk (net)
                      0.034859    0.000147    0.090786 ^ clkbuf_2_0__f_clk/A (sg13g2_buf_8)
     8    0.028508    0.027615    0.074530    0.165315 ^ clkbuf_2_0__f_clk/X (sg13g2_buf_8)
                                                         clknet_2_0__leaf_clk (net)
                      0.027615    0.000057    0.165372 ^ B[0]$_SDFFE_PP1P_/CLK (sg13g2_dfrbpq_1)
     3    0.010394    0.040420    0.181620    0.346992 v B[0]$_SDFFE_PP1P_/Q (sg13g2_dfrbpq_1)
                                                         net31 (net)
                      0.040420    0.000027    0.347019 v _130_/A1 (sg13g2_a21o_1)
     1    0.002479    0.021345    0.104605    0.451623 v _130_/X (sg13g2_a21o_1)
                                                         _012_ (net)
                      0.021345    0.000007    0.451631 v B[0]$_SDFFE_PP1P_/D (sg13g2_dfrbpq_1)
                                              0.451631   data arrival time

                                  0.000000    0.000000   clock clk (rise edge)
                                  0.000000    0.000000   clock source latency
     1    0.014354    0.030345    0.011855    0.011855 ^ clk (in)
                                                         clk (net)
                      0.030346    0.000000    0.011855 ^ clkbuf_0_clk/A (sg13g2_buf_8)
     4    0.045105    0.034859    0.078783    0.090638 ^ clkbuf_0_clk/X (sg13g2_buf_8)
                                                         clknet_0_clk (net)
                      0.034859    0.000147    0.090786 ^ clkbuf_2_0__f_clk/A (sg13g2_buf_8)
     8    0.028508    0.027615    0.074530    0.165315 ^ clkbuf_2_0__f_clk/X (sg13g2_buf_8)
                                                         clknet_2_0__leaf_clk (net)
                      0.027615    0.000057    0.165372 ^ B[0]$_SDFFE_PP1P_/CLK (sg13g2_dfrbpq_1)
                                  0.250000    0.415372   clock uncertainty
                                  0.000000    0.415372   clock reconvergence pessimism
                                 -0.033222    0.382150   library hold time
                                              0.382150   data required time
---------------------------------------------------------------------------------------------
                                              0.382150   data required time
                                             -0.451631   data arrival time
---------------------------------------------------------------------------------------------
                                              0.069480   slack (MET)


Startpoint: BN[0]$_SDFFE_PP1P_ (rising edge-triggered flip-flop clocked by clk)
Endpoint: BN[0]$_SDFFE_PP1P_ (rising edge-triggered flip-flop clocked by clk)
Path Group: clk
Path Type: min

Fanout         Cap        Slew       Delay        Time   Description
---------------------------------------------------------------------------------------------
                                  0.000000    0.000000   clock clk (rise edge)
                                  0.000000    0.000000   clock source latency
     1    0.014354    0.030345    0.011855    0.011855 ^ clk (in)
                                                         clk (net)
                      0.030346    0.000000    0.011855 ^ clkbuf_0_clk/A (sg13g2_buf_8)
     4    0.045105    0.034859    0.078783    0.090638 ^ clkbuf_0_clk/X (sg13g2_buf_8)
                                                         clknet_0_clk (net)
                      0.034859    0.000147    0.090786 ^ clkbuf_2_0__f_clk/A (sg13g2_buf_8)
     8    0.028508    0.027615    0.074530    0.165315 ^ clkbuf_2_0__f_clk/X (sg13g2_buf_8)
                                                         clknet_2_0__leaf_clk (net)
                      0.027615    0.000055    0.165371 ^ BN[0]$_SDFFE_PP1P_/CLK (sg13g2_dfrbpq_1)
     3    0.010888    0.041876    0.182818    0.348189 v BN[0]$_SDFFE_PP1P_/Q (sg13g2_dfrbpq_1)
                                                         net19 (net)
                      0.041876    0.000034    0.348223 v _101_/A1 (sg13g2_a21o_1)
     1    0.002069    0.020260    0.103995    0.452218 v _101_/X (sg13g2_a21o_1)
                                                         _000_ (net)
                      0.020260    0.000004    0.452223 v BN[0]$_SDFFE_PP1P_/D (sg13g2_dfrbpq_1)
                                              0.452223   data arrival time

                                  0.000000    0.000000   clock clk (rise edge)
                                  0.000000    0.000000   clock source latency
     1    0.014354    0.030345    0.011855    0.011855 ^ clk (in)
                                                         clk (net)
                      0.030346    0.000000    0.011855 ^ clkbuf_0_clk/A (sg13g2_buf_8)
     4    0.045105    0.034859    0.078783    0.090638 ^ clkbuf_0_clk/X (sg13g2_buf_8)
                                                         clknet_0_clk (net)
                      0.034859    0.000147    0.090786 ^ clkbuf_2_0__f_clk/A (sg13g2_buf_8)
     8    0.028508    0.027615    0.074530    0.165315 ^ clkbuf_2_0__f_clk/X (sg13g2_buf_8)
                                                         clknet_2_0__leaf_clk (net)
                      0.027615    0.000055    0.165371 ^ BN[0]$_SDFFE_PP1P_/CLK (sg13g2_dfrbpq_1)
                                  0.250000    0.415371   clock uncertainty
                                  0.000000    0.415371   clock reconvergence pessimism
                                 -0.032878    0.382493   library hold time
                                              0.382493   data required time
---------------------------------------------------------------------------------------------
                                              0.382493   data required time
                                             -0.452223   data arrival time
---------------------------------------------------------------------------------------------
                                              0.069730   slack (MET)


Startpoint: BN[6]$_SDFFE_PP1P_ (rising edge-triggered flip-flop clocked by clk)
Endpoint: BN[6]$_SDFFE_PP1P_ (rising edge-triggered flip-flop clocked by clk)
Path Group: clk
Path Type: min

Fanout         Cap        Slew       Delay        Time   Description
---------------------------------------------------------------------------------------------
                                  0.000000    0.000000   clock clk (rise edge)
                                  0.000000    0.000000   clock source latency
     1    0.014354    0.030345    0.011855    0.011855 ^ clk (in)
                                                         clk (net)
                      0.030346    0.000000    0.011855 ^ clkbuf_0_clk/A (sg13g2_buf_8)
     4    0.045105    0.034859    0.078783    0.090638 ^ clkbuf_0_clk/X (sg13g2_buf_8)
                                                         clknet_0_clk (net)
                      0.034860    0.000222    0.090861 ^ clkbuf_2_3__f_clk/A (sg13g2_buf_8)
     8    0.028848    0.027766    0.074667    0.165528 ^ clkbuf_2_3__f_clk/X (sg13g2_buf_8)
                                                         clknet_2_3__leaf_clk (net)
                      0.027766    0.000043    0.165571 ^ BN[6]$_SDFFE_PP1P_/CLK (sg13g2_dfrbpq_1)
     3    0.010390    0.040410    0.181684    0.347254 v BN[6]$_SDFFE_PP1P_/Q (sg13g2_dfrbpq_1)
                                                         net27 (net)
                      0.040410    0.000028    0.347282 v _121_/A1 (sg13g2_a21o_1)
     1    0.002479    0.022574    0.104601    0.451883 v _121_/X (sg13g2_a21o_1)
                                                         _008_ (net)
                      0.022574    0.000007    0.451891 v BN[6]$_SDFFE_PP1P_/D (sg13g2_dfrbpq_1)
                                              0.451891   data arrival time

                                  0.000000    0.000000   clock clk (rise edge)
                                  0.000000    0.000000   clock source latency
     1    0.014354    0.030345    0.011855    0.011855 ^ clk (in)
                                                         clk (net)
                      0.030346    0.000000    0.011855 ^ clkbuf_0_clk/A (sg13g2_buf_8)
     4    0.045105    0.034859    0.078783    0.090638 ^ clkbuf_0_clk/X (sg13g2_buf_8)
                                                         clknet_0_clk (net)
                      0.034860    0.000222    0.090861 ^ clkbuf_2_3__f_clk/A (sg13g2_buf_8)
     8    0.028848    0.027766    0.074667    0.165528 ^ clkbuf_2_3__f_clk/X (sg13g2_buf_8)
                                                         clknet_2_3__leaf_clk (net)
                      0.027766    0.000043    0.165571 ^ BN[6]$_SDFFE_PP1P_/CLK (sg13g2_dfrbpq_1)
                                  0.250000    0.415571   clock uncertainty
                                  0.000000    0.415571   clock reconvergence pessimism
                                 -0.033580    0.381991   library hold time
                                              0.381991   data required time
---------------------------------------------------------------------------------------------
                                              0.381991   data required time
                                             -0.451891   data arrival time
---------------------------------------------------------------------------------------------
                                              0.069900   slack (MET)


Startpoint: BN[10]$_SDFFE_PP1P_ (rising edge-triggered flip-flop clocked by clk)
Endpoint: BN[10]$_SDFFE_PP1P_ (rising edge-triggered flip-flop clocked by clk)
Path Group: clk
Path Type: min

Fanout         Cap        Slew       Delay        Time   Description
---------------------------------------------------------------------------------------------
                                  0.000000    0.000000   clock clk (rise edge)
                                  0.000000    0.000000   clock source latency
     1    0.014354    0.030345    0.011855    0.011855 ^ clk (in)
                                                         clk (net)
                      0.030346    0.000000    0.011855 ^ clkbuf_0_clk/A (sg13g2_buf_8)
     4    0.045105    0.034859    0.078783    0.090638 ^ clkbuf_0_clk/X (sg13g2_buf_8)
                                                         clknet_0_clk (net)
                      0.034860    0.000222    0.090861 ^ clkbuf_2_3__f_clk/A (sg13g2_buf_8)
     8    0.028848    0.027766    0.074667    0.165528 ^ clkbuf_2_3__f_clk/X (sg13g2_buf_8)
                                                         clknet_2_3__leaf_clk (net)
                      0.027766    0.000062    0.165590 ^ BN[10]$_SDFFE_PP1P_/CLK (sg13g2_dfrbpq_1)
     3    0.010716    0.041365    0.182487    0.348077 v BN[10]$_SDFFE_PP1P_/Q (sg13g2_dfrbpq_1)
                                                         net20 (net)
                      0.041365    0.000015    0.348092 v _105_/A1 (sg13g2_a21o_1)
     1    0.002281    0.020847    0.104401    0.452493 v _105_/X (sg13g2_a21o_1)
                                                         _001_ (net)
                      0.020847    0.000006    0.452499 v BN[10]$_SDFFE_PP1P_/D (sg13g2_dfrbpq_1)
                                              0.452499   data arrival time

                                  0.000000    0.000000   clock clk (rise edge)
                                  0.000000    0.000000   clock source latency
     1    0.014354    0.030345    0.011855    0.011855 ^ clk (in)
                                                         clk (net)
                      0.030346    0.000000    0.011855 ^ clkbuf_0_clk/A (sg13g2_buf_8)
     4    0.045105    0.034859    0.078783    0.090638 ^ clkbuf_0_clk/X (sg13g2_buf_8)
                                                         clknet_0_clk (net)
                      0.034860    0.000222    0.090861 ^ clkbuf_2_3__f_clk/A (sg13g2_buf_8)
     8    0.028848    0.027766    0.074667    0.165528 ^ clkbuf_2_3__f_clk/X (sg13g2_buf_8)
                                                         clknet_2_3__leaf_clk (net)
                      0.027766    0.000062    0.165590 ^ BN[10]$_SDFFE_PP1P_/CLK (sg13g2_dfrbpq_1)
                                  0.250000    0.415590   clock uncertainty
                                  0.000000    0.415590   clock reconvergence pessimism
                                 -0.033032    0.382558   library hold time
                                              0.382558   data required time
---------------------------------------------------------------------------------------------
                                              0.382558   data required time
                                             -0.452499   data arrival time
---------------------------------------------------------------------------------------------
                                              0.069941   slack (MET)


Startpoint: BN[9]$_SDFFE_PP1P_ (rising edge-triggered flip-flop clocked by clk)
Endpoint: BN[9]$_SDFFE_PP1P_ (rising edge-triggered flip-flop clocked by clk)
Path Group: clk
Path Type: min

Fanout         Cap        Slew       Delay        Time   Description
---------------------------------------------------------------------------------------------
                                  0.000000    0.000000   clock clk (rise edge)
                                  0.000000    0.000000   clock source latency
     1    0.014354    0.030345    0.011855    0.011855 ^ clk (in)
                                                         clk (net)
                      0.030346    0.000000    0.011855 ^ clkbuf_0_clk/A (sg13g2_buf_8)
     4    0.045105    0.034859    0.078783    0.090638 ^ clkbuf_0_clk/X (sg13g2_buf_8)
                                                         clknet_0_clk (net)
                      0.034859    0.000195    0.090834 ^ clkbuf_2_2__f_clk/A (sg13g2_buf_8)
     8    0.029379    0.028000    0.074867    0.165701 ^ clkbuf_2_2__f_clk/X (sg13g2_buf_8)
                                                         clknet_2_2__leaf_clk (net)
                      0.028000    0.000101    0.165802 ^ BN[9]$_SDFFE_PP1P_/CLK (sg13g2_dfrbpq_1)
     3    0.010541    0.040852    0.182162    0.347964 v BN[9]$_SDFFE_PP1P_/Q (sg13g2_dfrbpq_1)
                                                         net30 (net)
                      0.040852    0.000037    0.348001 v _127_/A1 (sg13g2_a21o_1)
     1    0.002357    0.022464    0.104421    0.452422 v _127_/X (sg13g2_a21o_1)
                                                         _011_ (net)
                      0.022464    0.000006    0.452428 v BN[9]$_SDFFE_PP1P_/D (sg13g2_dfrbpq_1)
                                              0.452428   data arrival time

                                  0.000000    0.000000   clock clk (rise edge)
                                  0.000000    0.000000   clock source latency
     1    0.014354    0.030345    0.011855    0.011855 ^ clk (in)
                                                         clk (net)
                      0.030346    0.000000    0.011855 ^ clkbuf_0_clk/A (sg13g2_buf_8)
     4    0.045105    0.034859    0.078783    0.090638 ^ clkbuf_0_clk/X (sg13g2_buf_8)
                                                         clknet_0_clk (net)
                      0.034859    0.000195    0.090834 ^ clkbuf_2_2__f_clk/A (sg13g2_buf_8)
     8    0.029379    0.028000    0.074867    0.165701 ^ clkbuf_2_2__f_clk/X (sg13g2_buf_8)
                                                         clknet_2_2__leaf_clk (net)
                      0.028000    0.000101    0.165802 ^ BN[9]$_SDFFE_PP1P_/CLK (sg13g2_dfrbpq_1)
                                  0.250000    0.415802   clock uncertainty
                                  0.000000    0.415802   clock reconvergence pessimism
                                 -0.033496    0.382305   library hold time
                                              0.382305   data required time
---------------------------------------------------------------------------------------------
                                              0.382305   data required time
                                             -0.452428   data arrival time
---------------------------------------------------------------------------------------------
                                              0.070123   slack (MET)


Startpoint: B[9]$_SDFFE_PP1P_ (rising edge-triggered flip-flop clocked by clk)
Endpoint: B[9]$_SDFFE_PP1P_ (rising edge-triggered flip-flop clocked by clk)
Path Group: clk
Path Type: min

Fanout         Cap        Slew       Delay        Time   Description
---------------------------------------------------------------------------------------------
                                  0.000000    0.000000   clock clk (rise edge)
                                  0.000000    0.000000   clock source latency
     1    0.014354    0.030345    0.011855    0.011855 ^ clk (in)
                                                         clk (net)
                      0.030346    0.000000    0.011855 ^ clkbuf_0_clk/A (sg13g2_buf_8)
     4    0.045105    0.034859    0.078783    0.090638 ^ clkbuf_0_clk/X (sg13g2_buf_8)
                                                         clknet_0_clk (net)
                      0.034859    0.000195    0.090834 ^ clkbuf_2_2__f_clk/A (sg13g2_buf_8)
     8    0.029379    0.028000    0.074867    0.165701 ^ clkbuf_2_2__f_clk/X (sg13g2_buf_8)
                                                         clknet_2_2__leaf_clk (net)
                      0.028000    0.000109    0.165810 ^ B[9]$_SDFFE_PP1P_/CLK (sg13g2_dfrbpq_1)
     3    0.010773    0.041534    0.182730    0.348540 v B[9]$_SDFFE_PP1P_/Q (sg13g2_dfrbpq_1)
                                                         net42 (net)
                      0.041534    0.000037    0.348577 v _152_/A1 (sg13g2_a21o_1)
     1    0.002142    0.021906    0.104072    0.452648 v _152_/X (sg13g2_a21o_1)
                                                         _023_ (net)
                      0.021906    0.000005    0.452653 v B[9]$_SDFFE_PP1P_/D (sg13g2_dfrbpq_1)
                                              0.452653   data arrival time

                                  0.000000    0.000000   clock clk (rise edge)
                                  0.000000    0.000000   clock source latency
     1    0.014354    0.030345    0.011855    0.011855 ^ clk (in)
                                                         clk (net)
                      0.030346    0.000000    0.011855 ^ clkbuf_0_clk/A (sg13g2_buf_8)
     4    0.045105    0.034859    0.078783    0.090638 ^ clkbuf_0_clk/X (sg13g2_buf_8)
                                                         clknet_0_clk (net)
                      0.034859    0.000195    0.090834 ^ clkbuf_2_2__f_clk/A (sg13g2_buf_8)
     8    0.029379    0.028000    0.074867    0.165701 ^ clkbuf_2_2__f_clk/X (sg13g2_buf_8)
                                                         clknet_2_2__leaf_clk (net)
                      0.028000    0.000109    0.165810 ^ B[9]$_SDFFE_PP1P_/CLK (sg13g2_dfrbpq_1)
                                  0.250000    0.415810   clock uncertainty
                                  0.000000    0.415810   clock reconvergence pessimism
                                 -0.033319    0.382491   library hold time
                                              0.382491   data required time
---------------------------------------------------------------------------------------------
                                              0.382491   data required time
                                             -0.452653   data arrival time
---------------------------------------------------------------------------------------------
                                              0.070162   slack (MET)


Startpoint: B[6]$_SDFFE_PP1P_ (rising edge-triggered flip-flop clocked by clk)
Endpoint: B[6]$_SDFFE_PP1P_ (rising edge-triggered flip-flop clocked by clk)
Path Group: clk
Path Type: min

Fanout         Cap        Slew       Delay        Time   Description
---------------------------------------------------------------------------------------------
                                  0.000000    0.000000   clock clk (rise edge)
                                  0.000000    0.000000   clock source latency
     1    0.014354    0.030345    0.011855    0.011855 ^ clk (in)
                                                         clk (net)
                      0.030346    0.000000    0.011855 ^ clkbuf_0_clk/A (sg13g2_buf_8)
     4    0.045105    0.034859    0.078783    0.090638 ^ clkbuf_0_clk/X (sg13g2_buf_8)
                                                         clknet_0_clk (net)
                      0.034860    0.000222    0.090861 ^ clkbuf_2_3__f_clk/A (sg13g2_buf_8)
     8    0.028848    0.027766    0.074667    0.165528 ^ clkbuf_2_3__f_clk/X (sg13g2_buf_8)
                                                         clknet_2_3__leaf_clk (net)
                      0.027766    0.000052    0.165580 ^ B[6]$_SDFFE_PP1P_/CLK (sg13g2_dfrbpq_1)
     3    0.010409    0.041481    0.181743    0.347324 v B[6]$_SDFFE_PP1P_/Q (sg13g2_dfrbpq_1)
                                                         net39 (net)
                      0.041481    0.000016    0.347339 v _146_/A1 (sg13g2_a21o_1)
     1    0.002609    0.022912    0.105382    0.452722 v _146_/X (sg13g2_a21o_1)
                                                         _020_ (net)
                      0.022912    0.000009    0.452730 v B[6]$_SDFFE_PP1P_/D (sg13g2_dfrbpq_1)
                                              0.452730   data arrival time

                                  0.000000    0.000000   clock clk (rise edge)
                                  0.000000    0.000000   clock source latency
     1    0.014354    0.030345    0.011855    0.011855 ^ clk (in)
                                                         clk (net)
                      0.030346    0.000000    0.011855 ^ clkbuf_0_clk/A (sg13g2_buf_8)
     4    0.045105    0.034859    0.078783    0.090638 ^ clkbuf_0_clk/X (sg13g2_buf_8)
                                                         clknet_0_clk (net)
                      0.034860    0.000222    0.090861 ^ clkbuf_2_3__f_clk/A (sg13g2_buf_8)
     8    0.028848    0.027766    0.074667    0.165528 ^ clkbuf_2_3__f_clk/X (sg13g2_buf_8)
                                                         clknet_2_3__leaf_clk (net)
                      0.027766    0.000052    0.165580 ^ B[6]$_SDFFE_PP1P_/CLK (sg13g2_dfrbpq_1)
                                  0.250000    0.415580   clock uncertainty
                                  0.000000    0.415580   clock reconvergence pessimism
                                 -0.033687    0.381893   library hold time
                                              0.381893   data required time
---------------------------------------------------------------------------------------------
                                              0.381893   data required time
                                             -0.452730   data arrival time
---------------------------------------------------------------------------------------------
                                              0.070837   slack (MET)


Startpoint: BN[5]$_SDFFE_PP1P_ (rising edge-triggered flip-flop clocked by clk)
Endpoint: BN[5]$_SDFFE_PP1P_ (rising edge-triggered flip-flop clocked by clk)
Path Group: clk
Path Type: min

Fanout         Cap        Slew       Delay        Time   Description
---------------------------------------------------------------------------------------------
                                  0.000000    0.000000   clock clk (rise edge)
                                  0.000000    0.000000   clock source latency
     1    0.014354    0.030345    0.011855    0.011855 ^ clk (in)
                                                         clk (net)
                      0.030346    0.000000    0.011855 ^ clkbuf_0_clk/A (sg13g2_buf_8)
     4    0.045105    0.034859    0.078783    0.090638 ^ clkbuf_0_clk/X (sg13g2_buf_8)
                                                         clknet_0_clk (net)
                      0.034859    0.000195    0.090834 ^ clkbuf_2_2__f_clk/A (sg13g2_buf_8)
     8    0.029379    0.028000    0.074867    0.165701 ^ clkbuf_2_2__f_clk/X (sg13g2_buf_8)
                                                         clknet_2_2__leaf_clk (net)
                      0.028000    0.000043    0.165744 ^ BN[5]$_SDFFE_PP1P_/CLK (sg13g2_dfrbpq_1)
     3    0.010258    0.040024    0.181470    0.347214 v BN[5]$_SDFFE_PP1P_/Q (sg13g2_dfrbpq_1)
                                                         net26 (net)
                      0.040024    0.000031    0.347245 v _119_/A1 (sg13g2_a21o_1)
     1    0.002896    0.023859    0.105638    0.452883 v _119_/X (sg13g2_a21o_1)
                                                         _007_ (net)
                      0.023859    0.000011    0.452894 v BN[5]$_SDFFE_PP1P_/D (sg13g2_dfrbpq_1)
                                              0.452894   data arrival time

                                  0.000000    0.000000   clock clk (rise edge)
                                  0.000000    0.000000   clock source latency
     1    0.014354    0.030345    0.011855    0.011855 ^ clk (in)
                                                         clk (net)
                      0.030346    0.000000    0.011855 ^ clkbuf_0_clk/A (sg13g2_buf_8)
     4    0.045105    0.034859    0.078783    0.090638 ^ clkbuf_0_clk/X (sg13g2_buf_8)
                                                         clknet_0_clk (net)
                      0.034859    0.000195    0.090834 ^ clkbuf_2_2__f_clk/A (sg13g2_buf_8)
     8    0.029379    0.028000    0.074867    0.165701 ^ clkbuf_2_2__f_clk/X (sg13g2_buf_8)
                                                         clknet_2_2__leaf_clk (net)
                      0.028000    0.000043    0.165744 ^ BN[5]$_SDFFE_PP1P_/CLK (sg13g2_dfrbpq_1)
                                  0.250000    0.415744   clock uncertainty
                                  0.000000    0.415744   clock reconvergence pessimism
                                 -0.033939    0.381805   library hold time
                                              0.381805   data required time
---------------------------------------------------------------------------------------------
                                              0.381805   data required time
                                             -0.452894   data arrival time
---------------------------------------------------------------------------------------------
                                              0.071089   slack (MET)


Startpoint: dbit[2]$_SDFFE_PP0P_
            (rising edge-triggered flip-flop clocked by clk)
Endpoint: dbit[2]$_SDFFE_PP0P_ (rising edge-triggered flip-flop clocked by clk)
Path Group: clk
Path Type: min

Fanout         Cap        Slew       Delay        Time   Description
---------------------------------------------------------------------------------------------
                                  0.000000    0.000000   clock clk (rise edge)
                                  0.000000    0.000000   clock source latency
     1    0.014354    0.030345    0.011855    0.011855 ^ clk (in)
                                                         clk (net)
                      0.030346    0.000000    0.011855 ^ clkbuf_0_clk/A (sg13g2_buf_8)
     4    0.045105    0.034859    0.078783    0.090638 ^ clkbuf_0_clk/X (sg13g2_buf_8)
                                                         clknet_0_clk (net)
                      0.034859    0.000161    0.090799 ^ clkbuf_2_1__f_clk/A (sg13g2_buf_8)
     7    0.026048    0.026520    0.073566    0.164366 ^ clkbuf_2_1__f_clk/X (sg13g2_buf_8)
                                                         clknet_2_1__leaf_clk (net)
                      0.026524    0.000079    0.164444 ^ dbit[2]$_SDFFE_PP0P_/CLK (sg13g2_dfrbpq_2)
     4    0.020444    0.043883    0.197016    0.361460 v dbit[2]$_SDFFE_PP0P_/Q (sg13g2_dfrbpq_2)
                                                         dbit[2] (net)
                      0.043883    0.000128    0.361589 v _173_/B1 (sg13g2_o21ai_1)
     1    0.003601    0.034054    0.043675    0.405264 ^ _173_/Y (sg13g2_o21ai_1)
                                                         _049_ (net)
                      0.034054    0.000006    0.405270 ^ _174_/A2 (sg13g2_a21oi_1)
     1    0.001911    0.015784    0.053344    0.458614 v _174_/Y (sg13g2_a21oi_1)
                                                         _026_ (net)
                      0.015784    0.000003    0.458617 v dbit[2]$_SDFFE_PP0P_/D (sg13g2_dfrbpq_2)
                                              0.458617   data arrival time

                                  0.000000    0.000000   clock clk (rise edge)
                                  0.000000    0.000000   clock source latency
     1    0.014354    0.030345    0.011855    0.011855 ^ clk (in)
                                                         clk (net)
                      0.030346    0.000000    0.011855 ^ clkbuf_0_clk/A (sg13g2_buf_8)
     4    0.045105    0.034859    0.078783    0.090638 ^ clkbuf_0_clk/X (sg13g2_buf_8)
                                                         clknet_0_clk (net)
                      0.034859    0.000161    0.090799 ^ clkbuf_2_1__f_clk/A (sg13g2_buf_8)
     7    0.026048    0.026520    0.073566    0.164366 ^ clkbuf_2_1__f_clk/X (sg13g2_buf_8)
                                                         clknet_2_1__leaf_clk (net)
                      0.026524    0.000079    0.164444 ^ dbit[2]$_SDFFE_PP0P_/CLK (sg13g2_dfrbpq_2)
                                  0.250000    0.414444   clock uncertainty
                                  0.000000    0.414444   clock reconvergence pessimism
                                 -0.031673    0.382772   library hold time
                                              0.382772   data required time
---------------------------------------------------------------------------------------------
                                              0.382772   data required time
                                             -0.458617   data arrival time
---------------------------------------------------------------------------------------------
                                              0.075845   slack (MET)


Startpoint: BN[11]$_SDFFE_PP1P_ (rising edge-triggered flip-flop clocked by clk)
Endpoint: BN[11]$_SDFFE_PP1P_ (rising edge-triggered flip-flop clocked by clk)
Path Group: clk
Path Type: min

Fanout         Cap        Slew       Delay        Time   Description
---------------------------------------------------------------------------------------------
                                  0.000000    0.000000   clock clk (rise edge)
                                  0.000000    0.000000   clock source latency
     1    0.014354    0.030345    0.011855    0.011855 ^ clk (in)
                                                         clk (net)
                      0.030346    0.000000    0.011855 ^ clkbuf_0_clk/A (sg13g2_buf_8)
     4    0.045105    0.034859    0.078783    0.090638 ^ clkbuf_0_clk/X (sg13g2_buf_8)
                                                         clknet_0_clk (net)
                      0.034859    0.000161    0.090799 ^ clkbuf_2_1__f_clk/A (sg13g2_buf_8)
     7    0.026048    0.026520    0.073566    0.164366 ^ clkbuf_2_1__f_clk/X (sg13g2_buf_8)
                                                         clknet_2_1__leaf_clk (net)
                      0.026520    0.000020    0.164386 ^ BN[11]$_SDFFE_PP1P_/CLK (sg13g2_dfrbpq_1)
     4    0.013342    0.049111    0.188307    0.352693 v BN[11]$_SDFFE_PP1P_/Q (sg13g2_dfrbpq_1)
                                                         net55 (net)
                      0.049111    0.000033    0.352726 v _107_/A1 (sg13g2_a21o_1)
     1    0.002182    0.020587    0.107092    0.459817 v _107_/X (sg13g2_a21o_1)
                                                         _002_ (net)
                      0.020587    0.000005    0.459822 v BN[11]$_SDFFE_PP1P_/D (sg13g2_dfrbpq_1)
                                              0.459822   data arrival time

                                  0.000000    0.000000   clock clk (rise edge)
                                  0.000000    0.000000   clock source latency
     1    0.014354    0.030345    0.011855    0.011855 ^ clk (in)
                                                         clk (net)
                      0.030346    0.000000    0.011855 ^ clkbuf_0_clk/A (sg13g2_buf_8)
     4    0.045105    0.034859    0.078783    0.090638 ^ clkbuf_0_clk/X (sg13g2_buf_8)
                                                         clknet_0_clk (net)
                      0.034859    0.000161    0.090799 ^ clkbuf_2_1__f_clk/A (sg13g2_buf_8)
     7    0.026048    0.026520    0.073566    0.164366 ^ clkbuf_2_1__f_clk/X (sg13g2_buf_8)
                                                         clknet_2_1__leaf_clk (net)
                      0.026520    0.000020    0.164386 ^ BN[11]$_SDFFE_PP1P_/CLK (sg13g2_dfrbpq_1)
                                  0.250000    0.414385   clock uncertainty
                                  0.000000    0.414385   clock reconvergence pessimism
                                 -0.033210    0.381176   library hold time
                                              0.381176   data required time
---------------------------------------------------------------------------------------------
                                              0.381176   data required time
                                             -0.459822   data arrival time
---------------------------------------------------------------------------------------------
                                              0.078646   slack (MET)


Startpoint: dbit[3]$_SDFFE_PP1P_
            (rising edge-triggered flip-flop clocked by clk)
Endpoint: dbit[3]$_SDFFE_PP1P_ (rising edge-triggered flip-flop clocked by clk)
Path Group: clk
Path Type: min

Fanout         Cap        Slew       Delay        Time   Description
---------------------------------------------------------------------------------------------
                                  0.000000    0.000000   clock clk (rise edge)
                                  0.000000    0.000000   clock source latency
     1    0.014354    0.030345    0.011855    0.011855 ^ clk (in)
                                                         clk (net)
                      0.030346    0.000000    0.011855 ^ clkbuf_0_clk/A (sg13g2_buf_8)
     4    0.045105    0.034859    0.078783    0.090638 ^ clkbuf_0_clk/X (sg13g2_buf_8)
                                                         clknet_0_clk (net)
                      0.034859    0.000161    0.090799 ^ clkbuf_2_1__f_clk/A (sg13g2_buf_8)
     7    0.026048    0.026520    0.073566    0.164366 ^ clkbuf_2_1__f_clk/X (sg13g2_buf_8)
                                                         clknet_2_1__leaf_clk (net)
                      0.026524    0.000085    0.164450 ^ dbit[3]$_SDFFE_PP1P_/CLK (sg13g2_dfrbpq_2)
     4    0.021153    0.044938    0.197978    0.362429 v dbit[3]$_SDFFE_PP1P_/Q (sg13g2_dfrbpq_2)
                                                         dbit[3] (net)
                      0.044938    0.000061    0.362490 v _175_/A1 (sg13g2_a21o_1)
     1    0.001905    0.020009    0.104701    0.467191 v _175_/X (sg13g2_a21o_1)
                                                         _027_ (net)
                      0.020009    0.000003    0.467194 v dbit[3]$_SDFFE_PP1P_/D (sg13g2_dfrbpq_2)
                                              0.467194   data arrival time

                                  0.000000    0.000000   clock clk (rise edge)
                                  0.000000    0.000000   clock source latency
     1    0.014354    0.030345    0.011855    0.011855 ^ clk (in)
                                                         clk (net)
                      0.030346    0.000000    0.011855 ^ clkbuf_0_clk/A (sg13g2_buf_8)
     4    0.045105    0.034859    0.078783    0.090638 ^ clkbuf_0_clk/X (sg13g2_buf_8)
                                                         clknet_0_clk (net)
                      0.034859    0.000161    0.090799 ^ clkbuf_2_1__f_clk/A (sg13g2_buf_8)
     7    0.026048    0.026520    0.073566    0.164366 ^ clkbuf_2_1__f_clk/X (sg13g2_buf_8)
                                                         clknet_2_1__leaf_clk (net)
                      0.026524    0.000085    0.164450 ^ dbit[3]$_SDFFE_PP1P_/CLK (sg13g2_dfrbpq_2)
                                  0.250000    0.414450   clock uncertainty
                                  0.000000    0.414450   clock reconvergence pessimism
                                 -0.033033    0.381417   library hold time
                                              0.381417   data required time
---------------------------------------------------------------------------------------------
                                              0.381417   data required time
                                             -0.467194   data arrival time
---------------------------------------------------------------------------------------------
                                              0.085776   slack (MET)


Startpoint: dbit[0]$_SDFFE_PP1P_
            (rising edge-triggered flip-flop clocked by clk)
Endpoint: dbit[0]$_SDFFE_PP1P_ (rising edge-triggered flip-flop clocked by clk)
Path Group: clk
Path Type: min

Fanout         Cap        Slew       Delay        Time   Description
---------------------------------------------------------------------------------------------
                                  0.000000    0.000000   clock clk (rise edge)
                                  0.000000    0.000000   clock source latency
     1    0.014354    0.030345    0.011855    0.011855 ^ clk (in)
                                                         clk (net)
                      0.030346    0.000000    0.011855 ^ clkbuf_0_clk/A (sg13g2_buf_8)
     4    0.045105    0.034859    0.078783    0.090638 ^ clkbuf_0_clk/X (sg13g2_buf_8)
                                                         clknet_0_clk (net)
                      0.034859    0.000161    0.090799 ^ clkbuf_2_1__f_clk/A (sg13g2_buf_8)
     7    0.026048    0.026520    0.073566    0.164366 ^ clkbuf_2_1__f_clk/X (sg13g2_buf_8)
                                                         clknet_2_1__leaf_clk (net)
                      0.026524    0.000061    0.164426 ^ dbit[0]$_SDFFE_PP1P_/CLK (sg13g2_dfrbpq_1)
     2    0.011984    0.059317    0.192151    0.356578 ^ dbit[0]$_SDFFE_PP1P_/Q (sg13g2_dfrbpq_1)
                                                         dbit[0] (net)
                      0.059317    0.000017    0.356595 ^ fanout4/A (sg13g2_buf_8)
     8    0.035403    0.031704    0.089069    0.445664 ^ fanout4/X (sg13g2_buf_8)
                                                         net4 (net)
                      0.031704    0.000218    0.445881 ^ _168_/A1 (sg13g2_o21ai_1)
     1    0.002469    0.027423    0.057182    0.503063 v _168_/Y (sg13g2_o21ai_1)
                                                         _024_ (net)
                      0.027423    0.000008    0.503070 v dbit[0]$_SDFFE_PP1P_/D (sg13g2_dfrbpq_1)
                                              0.503070   data arrival time

                                  0.000000    0.000000   clock clk (rise edge)
                                  0.000000    0.000000   clock source latency
     1    0.014354    0.030345    0.011855    0.011855 ^ clk (in)
                                                         clk (net)
                      0.030346    0.000000    0.011855 ^ clkbuf_0_clk/A (sg13g2_buf_8)
     4    0.045105    0.034859    0.078783    0.090638 ^ clkbuf_0_clk/X (sg13g2_buf_8)
                                                         clknet_0_clk (net)
                      0.034859    0.000161    0.090799 ^ clkbuf_2_1__f_clk/A (sg13g2_buf_8)
     7    0.026048    0.026520    0.073566    0.164366 ^ clkbuf_2_1__f_clk/X (sg13g2_buf_8)
                                                         clknet_2_1__leaf_clk (net)
                      0.026524    0.000061    0.164426 ^ dbit[0]$_SDFFE_PP1P_/CLK (sg13g2_dfrbpq_1)
                                  0.250000    0.414426   clock uncertainty
                                  0.000000    0.414426   clock reconvergence pessimism
                                 -0.035376    0.379050   library hold time
                                              0.379050   data required time
---------------------------------------------------------------------------------------------
                                              0.379050   data required time
                                             -0.503070   data arrival time
---------------------------------------------------------------------------------------------
                                              0.124020   slack (MET)


Startpoint: B[11]$_SDFFE_PP1P_ (rising edge-triggered flip-flop clocked by clk)
Endpoint: B[11]$_SDFFE_PP1P_ (rising edge-triggered flip-flop clocked by clk)
Path Group: clk
Path Type: min

Fanout         Cap        Slew       Delay        Time   Description
---------------------------------------------------------------------------------------------
                                  0.000000    0.000000   clock clk (rise edge)
                                  0.000000    0.000000   clock source latency
     1    0.014354    0.030345    0.011855    0.011855 ^ clk (in)
                                                         clk (net)
                      0.030346    0.000000    0.011855 ^ clkbuf_0_clk/A (sg13g2_buf_8)
     4    0.045105    0.034859    0.078783    0.090638 ^ clkbuf_0_clk/X (sg13g2_buf_8)
                                                         clknet_0_clk (net)
                      0.034859    0.000195    0.090834 ^ clkbuf_2_2__f_clk/A (sg13g2_buf_8)
     8    0.029379    0.028000    0.074867    0.165701 ^ clkbuf_2_2__f_clk/X (sg13g2_buf_8)
                                                         clknet_2_2__leaf_clk (net)
                      0.028000    0.000016    0.165717 ^ B[11]$_SDFFE_PP1P_/CLK (sg13g2_dfrbpq_2)
     2    0.017519    0.040747    0.193818    0.359535 v B[11]$_SDFFE_PP1P_/Q (sg13g2_dfrbpq_2)
                                                         net10 (net)
                      0.040747    0.000006    0.359540 v fanout10/A (sg13g2_buf_8)
     8    0.048088    0.032828    0.090078    0.449618 v fanout10/X (sg13g2_buf_8)
                                                         net33 (net)
                      0.032829    0.000236    0.449854 v _134_/A1 (sg13g2_a21o_1)
     1    0.002097    0.020361    0.100604    0.550458 v _134_/X (sg13g2_a21o_1)
                                                         _014_ (net)
                      0.020361    0.000004    0.550463 v B[11]$_SDFFE_PP1P_/D (sg13g2_dfrbpq_2)
                                              0.550463   data arrival time

                                  0.000000    0.000000   clock clk (rise edge)
                                  0.000000    0.000000   clock source latency
     1    0.014354    0.030345    0.011855    0.011855 ^ clk (in)
                                                         clk (net)
                      0.030346    0.000000    0.011855 ^ clkbuf_0_clk/A (sg13g2_buf_8)
     4    0.045105    0.034859    0.078783    0.090638 ^ clkbuf_0_clk/X (sg13g2_buf_8)
                                                         clknet_0_clk (net)
                      0.034859    0.000195    0.090834 ^ clkbuf_2_2__f_clk/A (sg13g2_buf_8)
     8    0.029379    0.028000    0.074867    0.165701 ^ clkbuf_2_2__f_clk/X (sg13g2_buf_8)
                                                         clknet_2_2__leaf_clk (net)
                      0.028000    0.000016    0.165717 ^ B[11]$_SDFFE_PP1P_/CLK (sg13g2_dfrbpq_2)
                                  0.250000    0.415717   clock uncertainty
                                  0.000000    0.415717   clock reconvergence pessimism
                                 -0.032838    0.382879   library hold time
                                              0.382879   data required time
---------------------------------------------------------------------------------------------
                                              0.382879   data required time
                                             -0.550463   data arrival time
---------------------------------------------------------------------------------------------
                                              0.167584   slack (MET)


Startpoint: dbit[1]$_SDFFE_PP1P_
            (rising edge-triggered flip-flop clocked by clk)
Endpoint: dbit[1]$_SDFFE_PP1P_ (rising edge-triggered flip-flop clocked by clk)
Path Group: clk
Path Type: min

Fanout         Cap        Slew       Delay        Time   Description
---------------------------------------------------------------------------------------------
                                  0.000000    0.000000   clock clk (rise edge)
                                  0.000000    0.000000   clock source latency
     1    0.014354    0.030345    0.011855    0.011855 ^ clk (in)
                                                         clk (net)
                      0.030346    0.000000    0.011855 ^ clkbuf_0_clk/A (sg13g2_buf_8)
     4    0.045105    0.034859    0.078783    0.090638 ^ clkbuf_0_clk/X (sg13g2_buf_8)
                                                         clknet_0_clk (net)
                      0.034859    0.000161    0.090799 ^ clkbuf_2_1__f_clk/A (sg13g2_buf_8)
     7    0.026048    0.026520    0.073566    0.164366 ^ clkbuf_2_1__f_clk/X (sg13g2_buf_8)
                                                         clknet_2_1__leaf_clk (net)
                      0.026524    0.000050    0.164416 ^ dbit[1]$_SDFFE_PP1P_/CLK (sg13g2_dfrbpq_2)
     4    0.018694    0.041275    0.194681    0.359097 v dbit[1]$_SDFFE_PP1P_/Q (sg13g2_dfrbpq_2)
                                                         dbit[1] (net)
                      0.041275    0.000047    0.359144 v fanout3/A (sg13g2_buf_8)
     8    0.035249    0.028518    0.085900    0.445044 v fanout3/X (sg13g2_buf_8)
                                                         net3 (net)
                      0.028519    0.000258    0.445302 v _169_/B1 (sg13g2_o21ai_1)
     1    0.004282    0.033019    0.040973    0.486275 ^ _169_/Y (sg13g2_o21ai_1)
                                                         _046_ (net)
                      0.033019    0.000017    0.486292 ^ _171_/B (sg13g2_nand3b_1)
     1    0.001992    0.044993    0.066919    0.553210 v _171_/Y (sg13g2_nand3b_1)
                                                         _025_ (net)
                      0.044993    0.000003    0.553214 v dbit[1]$_SDFFE_PP1P_/D (sg13g2_dfrbpq_2)
                                              0.553214   data arrival time

                                  0.000000    0.000000   clock clk (rise edge)
                                  0.000000    0.000000   clock source latency
     1    0.014354    0.030345    0.011855    0.011855 ^ clk (in)
                                                         clk (net)
                      0.030346    0.000000    0.011855 ^ clkbuf_0_clk/A (sg13g2_buf_8)
     4    0.045105    0.034859    0.078783    0.090638 ^ clkbuf_0_clk/X (sg13g2_buf_8)
                                                         clknet_0_clk (net)
                      0.034859    0.000161    0.090799 ^ clkbuf_2_1__f_clk/A (sg13g2_buf_8)
     7    0.026048    0.026520    0.073566    0.164366 ^ clkbuf_2_1__f_clk/X (sg13g2_buf_8)
                                                         clknet_2_1__leaf_clk (net)
                      0.026524    0.000050    0.164416 ^ dbit[1]$_SDFFE_PP1P_/CLK (sg13g2_dfrbpq_2)
                                  0.250000    0.414416   clock uncertainty
                                  0.000000    0.414416   clock reconvergence pessimism
                                 -0.041076    0.373339   library hold time
                                              0.373339   data required time
---------------------------------------------------------------------------------------------
                                              0.373339   data required time
                                             -0.553214   data arrival time
---------------------------------------------------------------------------------------------
                                              0.179874   slack (MET)


Startpoint: BN[7]$_SDFFE_PP1P_ (rising edge-triggered flip-flop clocked by clk)
Endpoint: BN[7] (output port clocked by clk)
Path Group: clk
Path Type: min

Fanout         Cap        Slew       Delay        Time   Description
---------------------------------------------------------------------------------------------
                                  0.000000    0.000000   clock clk (rise edge)
                                  0.000000    0.000000   clock source latency
     1    0.014354    0.030345    0.011855    0.011855 ^ clk (in)
                                                         clk (net)
                      0.030346    0.000000    0.011855 ^ clkbuf_0_clk/A (sg13g2_buf_8)
     4    0.045105    0.034859    0.078783    0.090638 ^ clkbuf_0_clk/X (sg13g2_buf_8)
                                                         clknet_0_clk (net)
                      0.034860    0.000222    0.090861 ^ clkbuf_2_3__f_clk/A (sg13g2_buf_8)
     8    0.028848    0.027766    0.074667    0.165528 ^ clkbuf_2_3__f_clk/X (sg13g2_buf_8)
                                                         clknet_2_3__leaf_clk (net)
                      0.027766    0.000062    0.165590 ^ BN[7]$_SDFFE_PP1P_/CLK (sg13g2_dfrbpq_1)
     3    0.009233    0.037039    0.178849    0.344438 v BN[7]$_SDFFE_PP1P_/Q (sg13g2_dfrbpq_1)
                                                         net28 (net)
                      0.037039    0.000018    0.344456 v output12/A (sg13g2_buf_1)
     1    0.006854    0.030816    0.074953    0.419409 v output12/X (sg13g2_buf_1)
                                                         BN[7] (net)
                      0.030816    0.000021    0.419430 v BN[7] (out)
                                              0.419430   data arrival time

                                  0.000000    0.000000   clock clk (rise edge)
                                  0.000000    0.000000   clock network delay (propagated)
                                  0.250000    0.250000   clock uncertainty
                                  0.000000    0.250000   clock reconvergence pessimism
                                 -2.000000   -1.750000   output external delay
                                             -1.750000   data required time
---------------------------------------------------------------------------------------------
                                             -1.750000   data required time
                                             -0.419430   data arrival time
---------------------------------------------------------------------------------------------
                                              2.169430   slack (MET)


Startpoint: BN[3]$_SDFFE_PP1P_ (rising edge-triggered flip-flop clocked by clk)
Endpoint: BN[3] (output port clocked by clk)
Path Group: clk
Path Type: min

Fanout         Cap        Slew       Delay        Time   Description
---------------------------------------------------------------------------------------------
                                  0.000000    0.000000   clock clk (rise edge)
                                  0.000000    0.000000   clock source latency
     1    0.014354    0.030345    0.011855    0.011855 ^ clk (in)
                                                         clk (net)
                      0.030346    0.000000    0.011855 ^ clkbuf_0_clk/A (sg13g2_buf_8)
     4    0.045105    0.034859    0.078783    0.090638 ^ clkbuf_0_clk/X (sg13g2_buf_8)
                                                         clknet_0_clk (net)
                      0.034859    0.000161    0.090799 ^ clkbuf_2_1__f_clk/A (sg13g2_buf_8)
     7    0.026048    0.026520    0.073566    0.164366 ^ clkbuf_2_1__f_clk/X (sg13g2_buf_8)
                                                         clknet_2_1__leaf_clk (net)
                      0.026520    0.000038    0.164404 ^ BN[3]$_SDFFE_PP1P_/CLK (sg13g2_dfrbpq_1)
     3    0.009815    0.038729    0.179673    0.344077 v BN[3]$_SDFFE_PP1P_/Q (sg13g2_dfrbpq_1)
                                                         net24 (net)
                      0.038729    0.000004    0.344081 v output8/A (sg13g2_buf_1)
     1    0.006741    0.030539    0.075392    0.419473 v output8/X (sg13g2_buf_1)
                                                         BN[3] (net)
                      0.030539    0.000018    0.419490 v BN[3] (out)
                                              0.419490   data arrival time

                                  0.000000    0.000000   clock clk (rise edge)
                                  0.000000    0.000000   clock network delay (propagated)
                                  0.250000    0.250000   clock uncertainty
                                  0.000000    0.250000   clock reconvergence pessimism
                                 -2.000000   -1.750000   output external delay
                                             -1.750000   data required time
---------------------------------------------------------------------------------------------
                                             -1.750000   data required time
                                             -0.419490   data arrival time
---------------------------------------------------------------------------------------------
                                              2.169490   slack (MET)


Startpoint: BN[2]$_SDFFE_PP1P_ (rising edge-triggered flip-flop clocked by clk)
Endpoint: BN[2] (output port clocked by clk)
Path Group: clk
Path Type: min

Fanout         Cap        Slew       Delay        Time   Description
---------------------------------------------------------------------------------------------
                                  0.000000    0.000000   clock clk (rise edge)
                                  0.000000    0.000000   clock source latency
     1    0.014354    0.030345    0.011855    0.011855 ^ clk (in)
                                                         clk (net)
                      0.030346    0.000000    0.011855 ^ clkbuf_0_clk/A (sg13g2_buf_8)
     4    0.045105    0.034859    0.078783    0.090638 ^ clkbuf_0_clk/X (sg13g2_buf_8)
                                                         clknet_0_clk (net)
                      0.034860    0.000222    0.090861 ^ clkbuf_2_3__f_clk/A (sg13g2_buf_8)
     8    0.028848    0.027766    0.074667    0.165528 ^ clkbuf_2_3__f_clk/X (sg13g2_buf_8)
                                                         clknet_2_3__leaf_clk (net)
                      0.027766    0.000040    0.165568 ^ BN[2]$_SDFFE_PP1P_/CLK (sg13g2_dfrbpq_1)
     3    0.009766    0.038590    0.180151    0.345719 v BN[2]$_SDFFE_PP1P_/Q (sg13g2_dfrbpq_1)
                                                         net23 (net)
                      0.038590    0.000015    0.345734 v output7/A (sg13g2_buf_1)
     1    0.006575    0.030065    0.074924    0.420659 v output7/X (sg13g2_buf_1)
                                                         BN[2] (net)
                      0.030065    0.000014    0.420672 v BN[2] (out)
                                              0.420672   data arrival time

                                  0.000000    0.000000   clock clk (rise edge)
                                  0.000000    0.000000   clock network delay (propagated)
                                  0.250000    0.250000   clock uncertainty
                                  0.000000    0.250000   clock reconvergence pessimism
                                 -2.000000   -1.750000   output external delay
                                             -1.750000   data required time
---------------------------------------------------------------------------------------------
                                             -1.750000   data required time
                                             -0.420672   data arrival time
---------------------------------------------------------------------------------------------
                                              2.170672   slack (MET)


Startpoint: B[8]$_SDFFE_PP1P_ (rising edge-triggered flip-flop clocked by clk)
Endpoint: B[8] (output port clocked by clk)
Path Group: clk
Path Type: min

Fanout         Cap        Slew       Delay        Time   Description
---------------------------------------------------------------------------------------------
                                  0.000000    0.000000   clock clk (rise edge)
                                  0.000000    0.000000   clock source latency
     1    0.014354    0.030345    0.011855    0.011855 ^ clk (in)
                                                         clk (net)
                      0.030346    0.000000    0.011855 ^ clkbuf_0_clk/A (sg13g2_buf_8)
     4    0.045105    0.034859    0.078783    0.090638 ^ clkbuf_0_clk/X (sg13g2_buf_8)
                                                         clknet_0_clk (net)
                      0.034859    0.000147    0.090786 ^ clkbuf_2_0__f_clk/A (sg13g2_buf_8)
     8    0.028508    0.027615    0.074530    0.165315 ^ clkbuf_2_0__f_clk/X (sg13g2_buf_8)
                                                         clknet_2_0__leaf_clk (net)
                      0.027615    0.000052    0.165367 ^ B[8]$_SDFFE_PP1P_/CLK (sg13g2_dfrbpq_1)
     3    0.009555    0.037970    0.179570    0.344937 v B[8]$_SDFFE_PP1P_/Q (sg13g2_dfrbpq_1)
                                                         net41 (net)
                      0.037970    0.000022    0.344959 v output25/A (sg13g2_buf_1)
     1    0.007017    0.031307    0.075751    0.420710 v output25/X (sg13g2_buf_1)
                                                         B[8] (net)
                      0.031307    0.000025    0.420734 v B[8] (out)
                                              0.420734   data arrival time

                                  0.000000    0.000000   clock clk (rise edge)
                                  0.000000    0.000000   clock network delay (propagated)
                                  0.250000    0.250000   clock uncertainty
                                  0.000000    0.250000   clock reconvergence pessimism
                                 -2.000000   -1.750000   output external delay
                                             -1.750000   data required time
---------------------------------------------------------------------------------------------
                                             -1.750000   data required time
                                             -0.420734   data arrival time
---------------------------------------------------------------------------------------------
                                              2.170734   slack (MET)


Startpoint: B[1]$_SDFFE_PP1P_ (rising edge-triggered flip-flop clocked by clk)
Endpoint: B[1] (output port clocked by clk)
Path Group: clk
Path Type: min

Fanout         Cap        Slew       Delay        Time   Description
---------------------------------------------------------------------------------------------
                                  0.000000    0.000000   clock clk (rise edge)
                                  0.000000    0.000000   clock source latency
     1    0.014354    0.030345    0.011855    0.011855 ^ clk (in)
                                                         clk (net)
                      0.030346    0.000000    0.011855 ^ clkbuf_0_clk/A (sg13g2_buf_8)
     4    0.045105    0.034859    0.078783    0.090638 ^ clkbuf_0_clk/X (sg13g2_buf_8)
                                                         clknet_0_clk (net)
                      0.034859    0.000147    0.090786 ^ clkbuf_2_0__f_clk/A (sg13g2_buf_8)
     8    0.028508    0.027615    0.074530    0.165315 ^ clkbuf_2_0__f_clk/X (sg13g2_buf_8)
                                                         clknet_2_0__leaf_clk (net)
                      0.027615    0.000073    0.165389 ^ B[1]$_SDFFE_PP1P_/CLK (sg13g2_dfrbpq_1)
     3    0.009681    0.038340    0.179871    0.345260 v B[1]$_SDFFE_PP1P_/Q (sg13g2_dfrbpq_1)
                                                         net34 (net)
                      0.038340    0.000002    0.345262 v output18/A (sg13g2_buf_1)
     1    0.006844    0.030822    0.075480    0.420742 v output18/X (sg13g2_buf_1)
                                                         B[1] (net)
                      0.030822    0.000020    0.420763 v B[1] (out)
                                              0.420763   data arrival time

                                  0.000000    0.000000   clock clk (rise edge)
                                  0.000000    0.000000   clock network delay (propagated)
                                  0.250000    0.250000   clock uncertainty
                                  0.000000    0.250000   clock reconvergence pessimism
                                 -2.000000   -1.750000   output external delay
                                             -1.750000   data required time
---------------------------------------------------------------------------------------------
                                             -1.750000   data required time
                                             -0.420763   data arrival time
---------------------------------------------------------------------------------------------
                                              2.170763   slack (MET)


Startpoint: BN[4]$_SDFFE_PP1P_ (rising edge-triggered flip-flop clocked by clk)
Endpoint: BN[4] (output port clocked by clk)
Path Group: clk
Path Type: min

Fanout         Cap        Slew       Delay        Time   Description
---------------------------------------------------------------------------------------------
                                  0.000000    0.000000   clock clk (rise edge)
                                  0.000000    0.000000   clock source latency
     1    0.014354    0.030345    0.011855    0.011855 ^ clk (in)
                                                         clk (net)
                      0.030346    0.000000    0.011855 ^ clkbuf_0_clk/A (sg13g2_buf_8)
     4    0.045105    0.034859    0.078783    0.090638 ^ clkbuf_0_clk/X (sg13g2_buf_8)
                                                         clknet_0_clk (net)
                      0.034859    0.000147    0.090786 ^ clkbuf_2_0__f_clk/A (sg13g2_buf_8)
     8    0.028508    0.027615    0.074530    0.165315 ^ clkbuf_2_0__f_clk/X (sg13g2_buf_8)
                                                         clknet_2_0__leaf_clk (net)
                      0.027615    0.000065    0.165380 ^ BN[4]$_SDFFE_PP1P_/CLK (sg13g2_dfrbpq_1)
     3    0.009942    0.039100    0.180512    0.345892 v BN[4]$_SDFFE_PP1P_/Q (sg13g2_dfrbpq_1)
                                                         net25 (net)
                      0.039100    0.000005    0.345898 v output9/A (sg13g2_buf_1)
     1    0.006987    0.031250    0.076156    0.422054 v output9/X (sg13g2_buf_1)
                                                         BN[4] (net)
                      0.031250    0.000024    0.422078 v BN[4] (out)
                                              0.422078   data arrival time

                                  0.000000    0.000000   clock clk (rise edge)
                                  0.000000    0.000000   clock network delay (propagated)
                                  0.250000    0.250000   clock uncertainty
                                  0.000000    0.250000   clock reconvergence pessimism
                                 -2.000000   -1.750000   output external delay
                                             -1.750000   data required time
---------------------------------------------------------------------------------------------
                                             -1.750000   data required time
                                             -0.422078   data arrival time
---------------------------------------------------------------------------------------------
                                              2.172078   slack (MET)


Startpoint: BN[1]$_SDFFE_PP1P_ (rising edge-triggered flip-flop clocked by clk)
Endpoint: BN[1] (output port clocked by clk)
Path Group: clk
Path Type: min

Fanout         Cap        Slew       Delay        Time   Description
---------------------------------------------------------------------------------------------
                                  0.000000    0.000000   clock clk (rise edge)
                                  0.000000    0.000000   clock source latency
     1    0.014354    0.030345    0.011855    0.011855 ^ clk (in)
                                                         clk (net)
                      0.030346    0.000000    0.011855 ^ clkbuf_0_clk/A (sg13g2_buf_8)
     4    0.045105    0.034859    0.078783    0.090638 ^ clkbuf_0_clk/X (sg13g2_buf_8)
                                                         clknet_0_clk (net)
                      0.034859    0.000195    0.090834 ^ clkbuf_2_2__f_clk/A (sg13g2_buf_8)
     8    0.029379    0.028000    0.074867    0.165701 ^ clkbuf_2_2__f_clk/X (sg13g2_buf_8)
                                                         clknet_2_2__leaf_clk (net)
                      0.028000    0.000125    0.165825 ^ BN[1]$_SDFFE_PP1P_/CLK (sg13g2_dfrbpq_1)
     3    0.009990    0.039243    0.180817    0.346643 v BN[1]$_SDFFE_PP1P_/Q (sg13g2_dfrbpq_1)
                                                         net22 (net)
                      0.039243    0.000005    0.346647 v output6/A (sg13g2_buf_1)
     1    0.006821    0.030781    0.075808    0.422455 v output6/X (sg13g2_buf_1)
                                                         BN[1] (net)
                      0.030781    0.000020    0.422475 v BN[1] (out)
                                              0.422475   data arrival time

                                  0.000000    0.000000   clock clk (rise edge)
                                  0.000000    0.000000   clock network delay (propagated)
                                  0.250000    0.250000   clock uncertainty
                                  0.000000    0.250000   clock reconvergence pessimism
                                 -2.000000   -1.750000   output external delay
                                             -1.750000   data required time
---------------------------------------------------------------------------------------------
                                             -1.750000   data required time
                                             -0.422475   data arrival time
---------------------------------------------------------------------------------------------
                                              2.172475   slack (MET)


Startpoint: B[7]$_SDFFE_PP1P_ (rising edge-triggered flip-flop clocked by clk)
Endpoint: B[7] (output port clocked by clk)
Path Group: clk
Path Type: min

Fanout         Cap        Slew       Delay        Time   Description
---------------------------------------------------------------------------------------------
                                  0.000000    0.000000   clock clk (rise edge)
                                  0.000000    0.000000   clock source latency
     1    0.014354    0.030345    0.011855    0.011855 ^ clk (in)
                                                         clk (net)
                      0.030346    0.000000    0.011855 ^ clkbuf_0_clk/A (sg13g2_buf_8)
     4    0.045105    0.034859    0.078783    0.090638 ^ clkbuf_0_clk/X (sg13g2_buf_8)
                                                         clknet_0_clk (net)
                      0.034860    0.000222    0.090861 ^ clkbuf_2_3__f_clk/A (sg13g2_buf_8)
     8    0.028848    0.027766    0.074667    0.165528 ^ clkbuf_2_3__f_clk/X (sg13g2_buf_8)
                                                         clknet_2_3__leaf_clk (net)
                      0.027766    0.000054    0.165582 ^ B[7]$_SDFFE_PP1P_/CLK (sg13g2_dfrbpq_1)
     3    0.010003    0.039277    0.180738    0.346320 v B[7]$_SDFFE_PP1P_/Q (sg13g2_dfrbpq_1)
                                                         net40 (net)
                      0.039277    0.000002    0.346322 v output24/A (sg13g2_buf_1)
     1    0.007020    0.031350    0.076313    0.422635 v output24/X (sg13g2_buf_1)
                                                         B[7] (net)
                      0.031350    0.000025    0.422660 v B[7] (out)
                                              0.422660   data arrival time

                                  0.000000    0.000000   clock clk (rise edge)
                                  0.000000    0.000000   clock network delay (propagated)
                                  0.250000    0.250000   clock uncertainty
                                  0.000000    0.250000   clock reconvergence pessimism
                                 -2.000000   -1.750000   output external delay
                                             -1.750000   data required time
---------------------------------------------------------------------------------------------
                                             -1.750000   data required time
                                             -0.422660   data arrival time
---------------------------------------------------------------------------------------------
                                              2.172660   slack (MET)


Startpoint: BN[8]$_SDFFE_PP1P_ (rising edge-triggered flip-flop clocked by clk)
Endpoint: BN[8] (output port clocked by clk)
Path Group: clk
Path Type: min

Fanout         Cap        Slew       Delay        Time   Description
---------------------------------------------------------------------------------------------
                                  0.000000    0.000000   clock clk (rise edge)
                                  0.000000    0.000000   clock source latency
     1    0.014354    0.030345    0.011855    0.011855 ^ clk (in)
                                                         clk (net)
                      0.030346    0.000000    0.011855 ^ clkbuf_0_clk/A (sg13g2_buf_8)
     4    0.045105    0.034859    0.078783    0.090638 ^ clkbuf_0_clk/X (sg13g2_buf_8)
                                                         clknet_0_clk (net)
                      0.034859    0.000147    0.090786 ^ clkbuf_2_0__f_clk/A (sg13g2_buf_8)
     8    0.028508    0.027615    0.074530    0.165315 ^ clkbuf_2_0__f_clk/X (sg13g2_buf_8)
                                                         clknet_2_0__leaf_clk (net)
                      0.027615    0.000056    0.165371 ^ BN[8]$_SDFFE_PP1P_/CLK (sg13g2_dfrbpq_1)
     3    0.010231    0.039945    0.181218    0.346589 v BN[8]$_SDFFE_PP1P_/Q (sg13g2_dfrbpq_1)
                                                         net29 (net)
                      0.039945    0.000008    0.346597 v output13/A (sg13g2_buf_1)
     1    0.006927    0.031101    0.076367    0.422964 v output13/X (sg13g2_buf_1)
                                                         BN[8] (net)
                      0.031101    0.000022    0.422986 v BN[8] (out)
                                              0.422986   data arrival time

                                  0.000000    0.000000   clock clk (rise edge)
                                  0.000000    0.000000   clock network delay (propagated)
                                  0.250000    0.250000   clock uncertainty
                                  0.000000    0.250000   clock reconvergence pessimism
                                 -2.000000   -1.750000   output external delay
                                             -1.750000   data required time
---------------------------------------------------------------------------------------------
                                             -1.750000   data required time
                                             -0.422986   data arrival time
---------------------------------------------------------------------------------------------
                                              2.172987   slack (MET)


Startpoint: BN[6]$_SDFFE_PP1P_ (rising edge-triggered flip-flop clocked by clk)
Endpoint: BN[6] (output port clocked by clk)
Path Group: clk
Path Type: min

Fanout         Cap        Slew       Delay        Time   Description
---------------------------------------------------------------------------------------------
                                  0.000000    0.000000   clock clk (rise edge)
                                  0.000000    0.000000   clock source latency
     1    0.014354    0.030345    0.011855    0.011855 ^ clk (in)
                                                         clk (net)
                      0.030346    0.000000    0.011855 ^ clkbuf_0_clk/A (sg13g2_buf_8)
     4    0.045105    0.034859    0.078783    0.090638 ^ clkbuf_0_clk/X (sg13g2_buf_8)
                                                         clknet_0_clk (net)
                      0.034860    0.000222    0.090861 ^ clkbuf_2_3__f_clk/A (sg13g2_buf_8)
     8    0.028848    0.027766    0.074667    0.165528 ^ clkbuf_2_3__f_clk/X (sg13g2_buf_8)
                                                         clknet_2_3__leaf_clk (net)
                      0.027766    0.000043    0.165571 ^ BN[6]$_SDFFE_PP1P_/CLK (sg13g2_dfrbpq_1)
     3    0.010390    0.040410    0.181684    0.347254 v BN[6]$_SDFFE_PP1P_/Q (sg13g2_dfrbpq_1)
                                                         net27 (net)
                      0.040410    0.000015    0.347270 v output11/A (sg13g2_buf_1)
     1    0.006598    0.030179    0.075754    0.423023 v output11/X (sg13g2_buf_1)
                                                         BN[6] (net)
                      0.030179    0.000014    0.423038 v BN[6] (out)
                                              0.423038   data arrival time

                                  0.000000    0.000000   clock clk (rise edge)
                                  0.000000    0.000000   clock network delay (propagated)
                                  0.250000    0.250000   clock uncertainty
                                  0.000000    0.250000   clock reconvergence pessimism
                                 -2.000000   -1.750000   output external delay
                                             -1.750000   data required time
---------------------------------------------------------------------------------------------
                                             -1.750000   data required time
                                             -0.423038   data arrival time
---------------------------------------------------------------------------------------------
                                              2.173038   slack (MET)


Startpoint: B[3]$_SDFFE_PP1P_ (rising edge-triggered flip-flop clocked by clk)
Endpoint: B[3] (output port clocked by clk)
Path Group: clk
Path Type: min

Fanout         Cap        Slew       Delay        Time   Description
---------------------------------------------------------------------------------------------
                                  0.000000    0.000000   clock clk (rise edge)
                                  0.000000    0.000000   clock source latency
     1    0.014354    0.030345    0.011855    0.011855 ^ clk (in)
                                                         clk (net)
                      0.030346    0.000000    0.011855 ^ clkbuf_0_clk/A (sg13g2_buf_8)
     4    0.045105    0.034859    0.078783    0.090638 ^ clkbuf_0_clk/X (sg13g2_buf_8)
                                                         clknet_0_clk (net)
                      0.034859    0.000161    0.090799 ^ clkbuf_2_1__f_clk/A (sg13g2_buf_8)
     7    0.026048    0.026520    0.073566    0.164366 ^ clkbuf_2_1__f_clk/X (sg13g2_buf_8)
                                                         clknet_2_1__leaf_clk (net)
                      0.026520    0.000043    0.164409 ^ B[3]$_SDFFE_PP1P_/CLK (sg13g2_dfrbpq_1)
     3    0.010712    0.041352    0.181873    0.346282 v B[3]$_SDFFE_PP1P_/Q (sg13g2_dfrbpq_1)
                                                         net36 (net)
                      0.041352    0.000011    0.346293 v output20/A (sg13g2_buf_1)
     1    0.006846    0.030911    0.076768    0.423061 v output20/X (sg13g2_buf_1)
                                                         B[3] (net)
                      0.030911    0.000020    0.423081 v B[3] (out)
                                              0.423081   data arrival time

                                  0.000000    0.000000   clock clk (rise edge)
                                  0.000000    0.000000   clock network delay (propagated)
                                  0.250000    0.250000   clock uncertainty
                                  0.000000    0.250000   clock reconvergence pessimism
                                 -2.000000   -1.750000   output external delay
                                             -1.750000   data required time
---------------------------------------------------------------------------------------------
                                             -1.750000   data required time
                                             -0.423081   data arrival time
---------------------------------------------------------------------------------------------
                                              2.173081   slack (MET)


Startpoint: B[4]$_SDFFE_PP1P_ (rising edge-triggered flip-flop clocked by clk)
Endpoint: B[4] (output port clocked by clk)
Path Group: clk
Path Type: min

Fanout         Cap        Slew       Delay        Time   Description
---------------------------------------------------------------------------------------------
                                  0.000000    0.000000   clock clk (rise edge)
                                  0.000000    0.000000   clock source latency
     1    0.014354    0.030345    0.011855    0.011855 ^ clk (in)
                                                         clk (net)
                      0.030346    0.000000    0.011855 ^ clkbuf_0_clk/A (sg13g2_buf_8)
     4    0.045105    0.034859    0.078783    0.090638 ^ clkbuf_0_clk/X (sg13g2_buf_8)
                                                         clknet_0_clk (net)
                      0.034859    0.000147    0.090786 ^ clkbuf_2_0__f_clk/A (sg13g2_buf_8)
     8    0.028508    0.027615    0.074530    0.165315 ^ clkbuf_2_0__f_clk/X (sg13g2_buf_8)
                                                         clknet_2_0__leaf_clk (net)
                      0.027615    0.000055    0.165370 ^ B[4]$_SDFFE_PP1P_/CLK (sg13g2_dfrbpq_1)
     3    0.010133    0.039660    0.180978    0.346348 v B[4]$_SDFFE_PP1P_/Q (sg13g2_dfrbpq_1)
                                                         net37 (net)
                      0.039660    0.000005    0.346353 v output21/A (sg13g2_buf_1)
     1    0.007175    0.031804    0.076859    0.423212 v output21/X (sg13g2_buf_1)
                                                         B[4] (net)
                      0.031804    0.000028    0.423240 v B[4] (out)
                                              0.423240   data arrival time

                                  0.000000    0.000000   clock clk (rise edge)
                                  0.000000    0.000000   clock network delay (propagated)
                                  0.250000    0.250000   clock uncertainty
                                  0.000000    0.250000   clock reconvergence pessimism
                                 -2.000000   -1.750000   output external delay
                                             -1.750000   data required time
---------------------------------------------------------------------------------------------
                                             -1.750000   data required time
                                             -0.423240   data arrival time
---------------------------------------------------------------------------------------------
                                              2.173240   slack (MET)


Startpoint: B[10]$_SDFFE_PP1P_ (rising edge-triggered flip-flop clocked by clk)
Endpoint: B[10] (output port clocked by clk)
Path Group: clk
Path Type: min

Fanout         Cap        Slew       Delay        Time   Description
---------------------------------------------------------------------------------------------
                                  0.000000    0.000000   clock clk (rise edge)
                                  0.000000    0.000000   clock source latency
     1    0.014354    0.030345    0.011855    0.011855 ^ clk (in)
                                                         clk (net)
                      0.030346    0.000000    0.011855 ^ clkbuf_0_clk/A (sg13g2_buf_8)
     4    0.045105    0.034859    0.078783    0.090638 ^ clkbuf_0_clk/X (sg13g2_buf_8)
                                                         clknet_0_clk (net)
                      0.034859    0.000195    0.090834 ^ clkbuf_2_2__f_clk/A (sg13g2_buf_8)
     8    0.029379    0.028000    0.074867    0.165701 ^ clkbuf_2_2__f_clk/X (sg13g2_buf_8)
                                                         clknet_2_2__leaf_clk (net)
                      0.028000    0.000061    0.165762 ^ B[10]$_SDFFE_PP1P_/CLK (sg13g2_dfrbpq_1)
     3    0.009641    0.038224    0.179967    0.345729 v B[10]$_SDFFE_PP1P_/Q (sg13g2_dfrbpq_1)
                                                         net32 (net)
                      0.038224    0.000006    0.345735 v output16/A (sg13g2_buf_1)
     1    0.007949    0.033998    0.078158    0.423892 v output16/X (sg13g2_buf_1)
                                                         B[10] (net)
                      0.033998    0.000048    0.423940 v B[10] (out)
                                              0.423940   data arrival time

                                  0.000000    0.000000   clock clk (rise edge)
                                  0.000000    0.000000   clock network delay (propagated)
                                  0.250000    0.250000   clock uncertainty
                                  0.000000    0.250000   clock reconvergence pessimism
                                 -2.000000   -1.750000   output external delay
                                             -1.750000   data required time
---------------------------------------------------------------------------------------------
                                             -1.750000   data required time
                                             -0.423940   data arrival time
---------------------------------------------------------------------------------------------
                                              2.173940   slack (MET)


Startpoint: BN[9]$_SDFFE_PP1P_ (rising edge-triggered flip-flop clocked by clk)
Endpoint: BN[9] (output port clocked by clk)
Path Group: clk
Path Type: min

Fanout         Cap        Slew       Delay        Time   Description
---------------------------------------------------------------------------------------------
                                  0.000000    0.000000   clock clk (rise edge)
                                  0.000000    0.000000   clock source latency
     1    0.014354    0.030345    0.011855    0.011855 ^ clk (in)
                                                         clk (net)
                      0.030346    0.000000    0.011855 ^ clkbuf_0_clk/A (sg13g2_buf_8)
     4    0.045105    0.034859    0.078783    0.090638 ^ clkbuf_0_clk/X (sg13g2_buf_8)
                                                         clknet_0_clk (net)
                      0.034859    0.000195    0.090834 ^ clkbuf_2_2__f_clk/A (sg13g2_buf_8)
     8    0.029379    0.028000    0.074867    0.165701 ^ clkbuf_2_2__f_clk/X (sg13g2_buf_8)
                                                         clknet_2_2__leaf_clk (net)
                      0.028000    0.000101    0.165802 ^ BN[9]$_SDFFE_PP1P_/CLK (sg13g2_dfrbpq_1)
     3    0.010541    0.040852    0.182162    0.347964 v BN[9]$_SDFFE_PP1P_/Q (sg13g2_dfrbpq_1)
                                                         net30 (net)
                      0.040852    0.000005    0.347969 v output14/A (sg13g2_buf_1)
     1    0.006738    0.030590    0.076288    0.424257 v output14/X (sg13g2_buf_1)
                                                         BN[9] (net)
                      0.030590    0.000018    0.424275 v BN[9] (out)
                                              0.424275   data arrival time

                                  0.000000    0.000000   clock clk (rise edge)
                                  0.000000    0.000000   clock network delay (propagated)
                                  0.250000    0.250000   clock uncertainty
                                  0.000000    0.250000   clock reconvergence pessimism
                                 -2.000000   -1.750000   output external delay
                                             -1.750000   data required time
---------------------------------------------------------------------------------------------
                                             -1.750000   data required time
                                             -0.424275   data arrival time
---------------------------------------------------------------------------------------------
                                              2.174275   slack (MET)


Startpoint: B[2]$_SDFFE_PP1P_ (rising edge-triggered flip-flop clocked by clk)
Endpoint: B[2] (output port clocked by clk)
Path Group: clk
Path Type: min

Fanout         Cap        Slew       Delay        Time   Description
---------------------------------------------------------------------------------------------
                                  0.000000    0.000000   clock clk (rise edge)
                                  0.000000    0.000000   clock source latency
     1    0.014354    0.030345    0.011855    0.011855 ^ clk (in)
                                                         clk (net)
                      0.030346    0.000000    0.011855 ^ clkbuf_0_clk/A (sg13g2_buf_8)
     4    0.045105    0.034859    0.078783    0.090638 ^ clkbuf_0_clk/X (sg13g2_buf_8)
                                                         clknet_0_clk (net)
                      0.034860    0.000222    0.090861 ^ clkbuf_2_3__f_clk/A (sg13g2_buf_8)
     8    0.028848    0.027766    0.074667    0.165528 ^ clkbuf_2_3__f_clk/X (sg13g2_buf_8)
                                                         clknet_2_3__leaf_clk (net)
                      0.027766    0.000019    0.165547 ^ B[2]$_SDFFE_PP1P_/CLK (sg13g2_dfrbpq_1)
     3    0.010665    0.041218    0.182351    0.347898 v B[2]$_SDFFE_PP1P_/Q (sg13g2_dfrbpq_1)
                                                         net35 (net)
                      0.041218    0.000036    0.347935 v output19/A (sg13g2_buf_1)
     1    0.006741    0.030607    0.076450    0.424385 v output19/X (sg13g2_buf_1)
                                                         B[2] (net)
                      0.030607    0.000018    0.424403 v B[2] (out)
                                              0.424403   data arrival time

                                  0.000000    0.000000   clock clk (rise edge)
                                  0.000000    0.000000   clock network delay (propagated)
                                  0.250000    0.250000   clock uncertainty
                                  0.000000    0.250000   clock reconvergence pessimism
                                 -2.000000   -1.750000   output external delay
                                             -1.750000   data required time
---------------------------------------------------------------------------------------------
                                             -1.750000   data required time
                                             -0.424403   data arrival time
---------------------------------------------------------------------------------------------
                                              2.174402   slack (MET)


Startpoint: B[9]$_SDFFE_PP1P_ (rising edge-triggered flip-flop clocked by clk)
Endpoint: B[9] (output port clocked by clk)
Path Group: clk
Path Type: min

Fanout         Cap        Slew       Delay        Time   Description
---------------------------------------------------------------------------------------------
                                  0.000000    0.000000   clock clk (rise edge)
                                  0.000000    0.000000   clock source latency
     1    0.014354    0.030345    0.011855    0.011855 ^ clk (in)
                                                         clk (net)
                      0.030346    0.000000    0.011855 ^ clkbuf_0_clk/A (sg13g2_buf_8)
     4    0.045105    0.034859    0.078783    0.090638 ^ clkbuf_0_clk/X (sg13g2_buf_8)
                                                         clknet_0_clk (net)
                      0.034859    0.000195    0.090834 ^ clkbuf_2_2__f_clk/A (sg13g2_buf_8)
     8    0.029379    0.028000    0.074867    0.165701 ^ clkbuf_2_2__f_clk/X (sg13g2_buf_8)
                                                         clknet_2_2__leaf_clk (net)
                      0.028000    0.000109    0.165810 ^ B[9]$_SDFFE_PP1P_/CLK (sg13g2_dfrbpq_1)
     3    0.010773    0.041534    0.182730    0.348540 v B[9]$_SDFFE_PP1P_/Q (sg13g2_dfrbpq_1)
                                                         net42 (net)
                      0.041534    0.000005    0.348545 v output26/A (sg13g2_buf_1)
     1    0.006656    0.030373    0.076373    0.424918 v output26/X (sg13g2_buf_1)
                                                         B[9] (net)
                      0.030373    0.000016    0.424934 v B[9] (out)
                                              0.424934   data arrival time

                                  0.000000    0.000000   clock clk (rise edge)
                                  0.000000    0.000000   clock network delay (propagated)
                                  0.250000    0.250000   clock uncertainty
                                  0.000000    0.250000   clock reconvergence pessimism
                                 -2.000000   -1.750000   output external delay
                                             -1.750000   data required time
---------------------------------------------------------------------------------------------
                                             -1.750000   data required time
                                             -0.424934   data arrival time
---------------------------------------------------------------------------------------------
                                              2.174934   slack (MET)


Startpoint: BN[0]$_SDFFE_PP1P_ (rising edge-triggered flip-flop clocked by clk)
Endpoint: BN[0] (output port clocked by clk)
Path Group: clk
Path Type: min

Fanout         Cap        Slew       Delay        Time   Description
---------------------------------------------------------------------------------------------
                                  0.000000    0.000000   clock clk (rise edge)
                                  0.000000    0.000000   clock source latency
     1    0.014354    0.030345    0.011855    0.011855 ^ clk (in)
                                                         clk (net)
                      0.030346    0.000000    0.011855 ^ clkbuf_0_clk/A (sg13g2_buf_8)
     4    0.045105    0.034859    0.078783    0.090638 ^ clkbuf_0_clk/X (sg13g2_buf_8)
                                                         clknet_0_clk (net)
                      0.034859    0.000147    0.090786 ^ clkbuf_2_0__f_clk/A (sg13g2_buf_8)
     8    0.028508    0.027615    0.074530    0.165315 ^ clkbuf_2_0__f_clk/X (sg13g2_buf_8)
                                                         clknet_2_0__leaf_clk (net)
                      0.027615    0.000055    0.165371 ^ BN[0]$_SDFFE_PP1P_/CLK (sg13g2_dfrbpq_1)
     3    0.010888    0.041876    0.182818    0.348189 v BN[0]$_SDFFE_PP1P_/Q (sg13g2_dfrbpq_1)
                                                         net19 (net)
                      0.041876    0.000062    0.348251 v output3/A (sg13g2_buf_1)
     1    0.006761    0.030682    0.076779    0.425030 v output3/X (sg13g2_buf_1)
                                                         BN[0] (net)
                      0.030682    0.000018    0.425049 v BN[0] (out)
                                              0.425049   data arrival time

                                  0.000000    0.000000   clock clk (rise edge)
                                  0.000000    0.000000   clock network delay (propagated)
                                  0.250000    0.250000   clock uncertainty
                                  0.000000    0.250000   clock reconvergence pessimism
                                 -2.000000   -1.750000   output external delay
                                             -1.750000   data required time
---------------------------------------------------------------------------------------------
                                             -1.750000   data required time
                                             -0.425049   data arrival time
---------------------------------------------------------------------------------------------
                                              2.175048   slack (MET)


Startpoint: BN[5]$_SDFFE_PP1P_ (rising edge-triggered flip-flop clocked by clk)
Endpoint: BN[5] (output port clocked by clk)
Path Group: clk
Path Type: min

Fanout         Cap        Slew       Delay        Time   Description
---------------------------------------------------------------------------------------------
                                  0.000000    0.000000   clock clk (rise edge)
                                  0.000000    0.000000   clock source latency
     1    0.014354    0.030345    0.011855    0.011855 ^ clk (in)
                                                         clk (net)
                      0.030346    0.000000    0.011855 ^ clkbuf_0_clk/A (sg13g2_buf_8)
     4    0.045105    0.034859    0.078783    0.090638 ^ clkbuf_0_clk/X (sg13g2_buf_8)
                                                         clknet_0_clk (net)
                      0.034859    0.000195    0.090834 ^ clkbuf_2_2__f_clk/A (sg13g2_buf_8)
     8    0.029379    0.028000    0.074867    0.165701 ^ clkbuf_2_2__f_clk/X (sg13g2_buf_8)
                                                         clknet_2_2__leaf_clk (net)
                      0.028000    0.000043    0.165744 ^ BN[5]$_SDFFE_PP1P_/CLK (sg13g2_dfrbpq_1)
     3    0.010258    0.040024    0.181470    0.347214 v BN[5]$_SDFFE_PP1P_/Q (sg13g2_dfrbpq_1)
                                                         net26 (net)
                      0.040024    0.000025    0.347239 v output10/A (sg13g2_buf_1)
     1    0.007987    0.034154    0.079018    0.426257 v output10/X (sg13g2_buf_1)
                                                         BN[5] (net)
                      0.034154    0.000049    0.426306 v BN[5] (out)
                                              0.426306   data arrival time

                                  0.000000    0.000000   clock clk (rise edge)
                                  0.000000    0.000000   clock network delay (propagated)
                                  0.250000    0.250000   clock uncertainty
                                  0.000000    0.250000   clock reconvergence pessimism
                                 -2.000000   -1.750000   output external delay
                                             -1.750000   data required time
---------------------------------------------------------------------------------------------
                                             -1.750000   data required time
                                             -0.426306   data arrival time
---------------------------------------------------------------------------------------------
                                              2.176306   slack (MET)


Startpoint: B[0]$_SDFFE_PP1P_ (rising edge-triggered flip-flop clocked by clk)
Endpoint: B[0] (output port clocked by clk)
Path Group: clk
Path Type: min

Fanout         Cap        Slew       Delay        Time   Description
---------------------------------------------------------------------------------------------
                                  0.000000    0.000000   clock clk (rise edge)
                                  0.000000    0.000000   clock source latency
     1    0.014354    0.030345    0.011855    0.011855 ^ clk (in)
                                                         clk (net)
                      0.030346    0.000000    0.011855 ^ clkbuf_0_clk/A (sg13g2_buf_8)
     4    0.045105    0.034859    0.078783    0.090638 ^ clkbuf_0_clk/X (sg13g2_buf_8)
                                                         clknet_0_clk (net)
                      0.034859    0.000147    0.090786 ^ clkbuf_2_0__f_clk/A (sg13g2_buf_8)
     8    0.028508    0.027615    0.074530    0.165315 ^ clkbuf_2_0__f_clk/X (sg13g2_buf_8)
                                                         clknet_2_0__leaf_clk (net)
                      0.027615    0.000057    0.165372 ^ B[0]$_SDFFE_PP1P_/CLK (sg13g2_dfrbpq_1)
     3    0.010394    0.040420    0.181620    0.346992 v B[0]$_SDFFE_PP1P_/Q (sg13g2_dfrbpq_1)
                                                         net31 (net)
                      0.040420    0.000017    0.347009 v output15/A (sg13g2_buf_1)
     1    0.008078    0.034429    0.079412    0.426421 v output15/X (sg13g2_buf_1)
                                                         B[0] (net)
                      0.034429    0.000053    0.426473 v B[0] (out)
                                              0.426473   data arrival time

                                  0.000000    0.000000   clock clk (rise edge)
                                  0.000000    0.000000   clock network delay (propagated)
                                  0.250000    0.250000   clock uncertainty
                                  0.000000    0.250000   clock reconvergence pessimism
                                 -2.000000   -1.750000   output external delay
                                             -1.750000   data required time
---------------------------------------------------------------------------------------------
                                             -1.750000   data required time
                                             -0.426473   data arrival time
---------------------------------------------------------------------------------------------
                                              2.176473   slack (MET)


Startpoint: B[6]$_SDFFE_PP1P_ (rising edge-triggered flip-flop clocked by clk)
Endpoint: B[6] (output port clocked by clk)
Path Group: clk
Path Type: min

Fanout         Cap        Slew       Delay        Time   Description
---------------------------------------------------------------------------------------------
                                  0.000000    0.000000   clock clk (rise edge)
                                  0.000000    0.000000   clock source latency
     1    0.014354    0.030345    0.011855    0.011855 ^ clk (in)
                                                         clk (net)
                      0.030346    0.000000    0.011855 ^ clkbuf_0_clk/A (sg13g2_buf_8)
     4    0.045105    0.034859    0.078783    0.090638 ^ clkbuf_0_clk/X (sg13g2_buf_8)
                                                         clknet_0_clk (net)
                      0.034860    0.000222    0.090861 ^ clkbuf_2_3__f_clk/A (sg13g2_buf_8)
     8    0.028848    0.027766    0.074667    0.165528 ^ clkbuf_2_3__f_clk/X (sg13g2_buf_8)
                                                         clknet_2_3__leaf_clk (net)
                      0.027766    0.000052    0.165580 ^ B[6]$_SDFFE_PP1P_/CLK (sg13g2_dfrbpq_1)
     3    0.010409    0.041481    0.181743    0.347324 v B[6]$_SDFFE_PP1P_/Q (sg13g2_dfrbpq_1)
                                                         net39 (net)
                      0.041481    0.000016    0.347339 v output23/A (sg13g2_buf_1)
     1    0.007987    0.034191    0.079639    0.426978 v output23/X (sg13g2_buf_1)
                                                         B[6] (net)
                      0.034191    0.000049    0.427027 v B[6] (out)
                                              0.427027   data arrival time

                                  0.000000    0.000000   clock clk (rise edge)
                                  0.000000    0.000000   clock network delay (propagated)
                                  0.250000    0.250000   clock uncertainty
                                  0.000000    0.250000   clock reconvergence pessimism
                                 -2.000000   -1.750000   output external delay
                                             -1.750000   data required time
---------------------------------------------------------------------------------------------
                                             -1.750000   data required time
                                             -0.427027   data arrival time
---------------------------------------------------------------------------------------------
                                              2.177027   slack (MET)


Startpoint: B[5]$_SDFFE_PP1P_ (rising edge-triggered flip-flop clocked by clk)
Endpoint: B[5] (output port clocked by clk)
Path Group: clk
Path Type: min

Fanout         Cap        Slew       Delay        Time   Description
---------------------------------------------------------------------------------------------
                                  0.000000    0.000000   clock clk (rise edge)
                                  0.000000    0.000000   clock source latency
     1    0.014354    0.030345    0.011855    0.011855 ^ clk (in)
                                                         clk (net)
                      0.030346    0.000000    0.011855 ^ clkbuf_0_clk/A (sg13g2_buf_8)
     4    0.045105    0.034859    0.078783    0.090638 ^ clkbuf_0_clk/X (sg13g2_buf_8)
                                                         clknet_0_clk (net)
                      0.034859    0.000195    0.090834 ^ clkbuf_2_2__f_clk/A (sg13g2_buf_8)
     8    0.029379    0.028000    0.074867    0.165701 ^ clkbuf_2_2__f_clk/X (sg13g2_buf_8)
                                                         clknet_2_2__leaf_clk (net)
                      0.028000    0.000030    0.165731 ^ B[5]$_SDFFE_PP1P_/CLK (sg13g2_dfrbpq_1)
     3    0.010756    0.041481    0.182694    0.348425 v B[5]$_SDFFE_PP1P_/Q (sg13g2_dfrbpq_1)
                                                         net38 (net)
                      0.041481    0.000021    0.348446 v output22/A (sg13g2_buf_1)
     1    0.007987    0.034191    0.079639    0.428085 v output22/X (sg13g2_buf_1)
                                                         B[5] (net)
                      0.034191    0.000049    0.428134 v B[5] (out)
                                              0.428134   data arrival time

                                  0.000000    0.000000   clock clk (rise edge)
                                  0.000000    0.000000   clock network delay (propagated)
                                  0.250000    0.250000   clock uncertainty
                                  0.000000    0.250000   clock reconvergence pessimism
                                 -2.000000   -1.750000   output external delay
                                             -1.750000   data required time
---------------------------------------------------------------------------------------------
                                             -1.750000   data required time
                                             -0.428134   data arrival time
---------------------------------------------------------------------------------------------
                                              2.178134   slack (MET)


Startpoint: BN[10]$_SDFFE_PP1P_ (rising edge-triggered flip-flop clocked by clk)
Endpoint: BN[10] (output port clocked by clk)
Path Group: clk
Path Type: min

Fanout         Cap        Slew       Delay        Time   Description
---------------------------------------------------------------------------------------------
                                  0.000000    0.000000   clock clk (rise edge)
                                  0.000000    0.000000   clock source latency
     1    0.014354    0.030345    0.011855    0.011855 ^ clk (in)
                                                         clk (net)
                      0.030346    0.000000    0.011855 ^ clkbuf_0_clk/A (sg13g2_buf_8)
     4    0.045105    0.034859    0.078783    0.090638 ^ clkbuf_0_clk/X (sg13g2_buf_8)
                                                         clknet_0_clk (net)
                      0.034860    0.000222    0.090861 ^ clkbuf_2_3__f_clk/A (sg13g2_buf_8)
     8    0.028848    0.027766    0.074667    0.165528 ^ clkbuf_2_3__f_clk/X (sg13g2_buf_8)
                                                         clknet_2_3__leaf_clk (net)
                      0.027766    0.000062    0.165590 ^ BN[10]$_SDFFE_PP1P_/CLK (sg13g2_dfrbpq_1)
     3    0.010716    0.041365    0.182487    0.348077 v BN[10]$_SDFFE_PP1P_/Q (sg13g2_dfrbpq_1)
                                                         net20 (net)
                      0.041365    0.000020    0.348097 v output4/A (sg13g2_buf_1)
     1    0.008203    0.034817    0.080124    0.428222 v output4/X (sg13g2_buf_1)
                                                         BN[10] (net)
                      0.034817    0.000056    0.428277 v BN[10] (out)
                                              0.428277   data arrival time

                                  0.000000    0.000000   clock clk (rise edge)
                                  0.000000    0.000000   clock network delay (propagated)
                                  0.250000    0.250000   clock uncertainty
                                  0.000000    0.250000   clock reconvergence pessimism
                                 -2.000000   -1.750000   output external delay
                                             -1.750000   data required time
---------------------------------------------------------------------------------------------
                                             -1.750000   data required time
                                             -0.428277   data arrival time
---------------------------------------------------------------------------------------------
                                              2.178277   slack (MET)


Startpoint: BN[11]$_SDFFE_PP1P_ (rising edge-triggered flip-flop clocked by clk)
Endpoint: sign (output port clocked by clk)
Path Group: clk
Path Type: min

Fanout         Cap        Slew       Delay        Time   Description
---------------------------------------------------------------------------------------------
                                  0.000000    0.000000   clock clk (rise edge)
                                  0.000000    0.000000   clock source latency
     1    0.014354    0.030345    0.011855    0.011855 ^ clk (in)
                                                         clk (net)
                      0.030346    0.000000    0.011855 ^ clkbuf_0_clk/A (sg13g2_buf_8)
     4    0.045105    0.034859    0.078783    0.090638 ^ clkbuf_0_clk/X (sg13g2_buf_8)
                                                         clknet_0_clk (net)
                      0.034859    0.000161    0.090799 ^ clkbuf_2_1__f_clk/A (sg13g2_buf_8)
     7    0.026048    0.026520    0.073566    0.164366 ^ clkbuf_2_1__f_clk/X (sg13g2_buf_8)
                                                         clknet_2_1__leaf_clk (net)
                      0.026520    0.000020    0.164386 ^ BN[11]$_SDFFE_PP1P_/CLK (sg13g2_dfrbpq_1)
     4    0.013342    0.049111    0.188307    0.352693 v BN[11]$_SDFFE_PP1P_/Q (sg13g2_dfrbpq_1)
                                                         net55 (net)
                      0.049111    0.000032    0.352725 v output39/A (sg13g2_buf_1)
     1    0.006575    0.030355    0.079395    0.432121 v output39/X (sg13g2_buf_1)
                                                         sign (net)
                      0.030355    0.000014    0.432134 v sign (out)
                                              0.432134   data arrival time

                                  0.000000    0.000000   clock clk (rise edge)
                                  0.000000    0.000000   clock network delay (propagated)
                                  0.250000    0.250000   clock uncertainty
                                  0.000000    0.250000   clock reconvergence pessimism
                                 -2.000000   -1.750000   output external delay
                                             -1.750000   data required time
---------------------------------------------------------------------------------------------
                                             -1.750000   data required time
                                             -0.432134   data arrival time
---------------------------------------------------------------------------------------------
                                              2.182134   slack (MET)


Startpoint: BN[11]$_SDFFE_PP1P_ (rising edge-triggered flip-flop clocked by clk)
Endpoint: BN[11] (output port clocked by clk)
Path Group: clk
Path Type: min

Fanout         Cap        Slew       Delay        Time   Description
---------------------------------------------------------------------------------------------
                                  0.000000    0.000000   clock clk (rise edge)
                                  0.000000    0.000000   clock source latency
     1    0.014354    0.030345    0.011855    0.011855 ^ clk (in)
                                                         clk (net)
                      0.030346    0.000000    0.011855 ^ clkbuf_0_clk/A (sg13g2_buf_8)
     4    0.045105    0.034859    0.078783    0.090638 ^ clkbuf_0_clk/X (sg13g2_buf_8)
                                                         clknet_0_clk (net)
                      0.034859    0.000161    0.090799 ^ clkbuf_2_1__f_clk/A (sg13g2_buf_8)
     7    0.026048    0.026520    0.073566    0.164366 ^ clkbuf_2_1__f_clk/X (sg13g2_buf_8)
                                                         clknet_2_1__leaf_clk (net)
                      0.026520    0.000020    0.164386 ^ BN[11]$_SDFFE_PP1P_/CLK (sg13g2_dfrbpq_1)
     4    0.013342    0.049111    0.188307    0.352693 v BN[11]$_SDFFE_PP1P_/Q (sg13g2_dfrbpq_1)
                                                         net55 (net)
                      0.049111    0.000006    0.352699 v _204_/A (sg13g2_buf_1)
     1    0.004690    0.025177    0.074699    0.427398 v _204_/X (sg13g2_buf_1)
                                                         net21 (net)
                      0.025177    0.000031    0.427429 v output5/A (sg13g2_buf_1)
     1    0.006832    0.030431    0.069853    0.497282 v output5/X (sg13g2_buf_1)
                                                         BN[11] (net)
                      0.030431    0.000020    0.497303 v BN[11] (out)
                                              0.497303   data arrival time

                                  0.000000    0.000000   clock clk (rise edge)
                                  0.000000    0.000000   clock network delay (propagated)
                                  0.250000    0.250000   clock uncertainty
                                  0.000000    0.250000   clock reconvergence pessimism
                                 -2.000000   -1.750000   output external delay
                                             -1.750000   data required time
---------------------------------------------------------------------------------------------
                                             -1.750000   data required time
                                             -0.497303   data arrival time
---------------------------------------------------------------------------------------------
                                              2.247303   slack (MET)


Startpoint: BN[11]$_SDFFE_PP1P_ (rising edge-triggered flip-flop clocked by clk)
Endpoint: D[0] (output port clocked by clk)
Path Group: clk
Path Type: min

Fanout         Cap        Slew       Delay        Time   Description
---------------------------------------------------------------------------------------------
                                  0.000000    0.000000   clock clk (rise edge)
                                  0.000000    0.000000   clock source latency
     1    0.014354    0.030345    0.011855    0.011855 ^ clk (in)
                                                         clk (net)
                      0.030346    0.000000    0.011855 ^ clkbuf_0_clk/A (sg13g2_buf_8)
     4    0.045105    0.034859    0.078783    0.090638 ^ clkbuf_0_clk/X (sg13g2_buf_8)
                                                         clknet_0_clk (net)
                      0.034859    0.000161    0.090799 ^ clkbuf_2_1__f_clk/A (sg13g2_buf_8)
     7    0.026048    0.026520    0.073566    0.164366 ^ clkbuf_2_1__f_clk/X (sg13g2_buf_8)
                                                         clknet_2_1__leaf_clk (net)
                      0.026520    0.000020    0.164386 ^ BN[11]$_SDFFE_PP1P_/CLK (sg13g2_dfrbpq_1)
     4    0.013548    0.063598    0.196694    0.361079 ^ BN[11]$_SDFFE_PP1P_/Q (sg13g2_dfrbpq_1)
                                                         net55 (net)
                      0.063598    0.000022    0.361101 ^ _153_/B (sg13g2_or2_1)
     1    0.003423    0.024825    0.079045    0.440147 ^ _153_/X (sg13g2_or2_1)
                                                         net43 (net)
                      0.024825    0.000012    0.440159 ^ output27/A (sg13g2_buf_1)
     1    0.007095    0.037840    0.070211    0.510370 ^ output27/X (sg13g2_buf_1)
                                                         D[0] (net)
                      0.037840    0.000026    0.510396 ^ D[0] (out)
                                              0.510396   data arrival time

                                  0.000000    0.000000   clock clk (rise edge)
                                  0.000000    0.000000   clock network delay (propagated)
                                  0.250000    0.250000   clock uncertainty
                                  0.000000    0.250000   clock reconvergence pessimism
                                 -2.000000   -1.750000   output external delay
                                             -1.750000   data required time
---------------------------------------------------------------------------------------------
                                             -1.750000   data required time
                                             -0.510396   data arrival time
---------------------------------------------------------------------------------------------
                                              2.260396   slack (MET)


Startpoint: B[7]$_SDFFE_PP1P_ (rising edge-triggered flip-flop clocked by clk)
Endpoint: D[8] (output port clocked by clk)
Path Group: clk
Path Type: min

Fanout         Cap        Slew       Delay        Time   Description
---------------------------------------------------------------------------------------------
                                  0.000000    0.000000   clock clk (rise edge)
                                  0.000000    0.000000   clock source latency
     1    0.014354    0.030345    0.011855    0.011855 ^ clk (in)
                                                         clk (net)
                      0.030346    0.000000    0.011855 ^ clkbuf_0_clk/A (sg13g2_buf_8)
     4    0.045105    0.034859    0.078783    0.090638 ^ clkbuf_0_clk/X (sg13g2_buf_8)
                                                         clknet_0_clk (net)
                      0.034860    0.000222    0.090861 ^ clkbuf_2_3__f_clk/A (sg13g2_buf_8)
     8    0.028848    0.027766    0.074667    0.165528 ^ clkbuf_2_3__f_clk/X (sg13g2_buf_8)
                                                         clknet_2_3__leaf_clk (net)
                      0.027766    0.000054    0.165582 ^ B[7]$_SDFFE_PP1P_/CLK (sg13g2_dfrbpq_1)
     3    0.010131    0.050535    0.187341    0.352922 ^ B[7]$_SDFFE_PP1P_/Q (sg13g2_dfrbpq_1)
                                                         net40 (net)
                      0.050535    0.000019    0.352942 ^ _163_/A1 (sg13g2_mux2_1)
     1    0.002658    0.026917    0.092918    0.445860 ^ _163_/X (sg13g2_mux2_1)
                                                         net53 (net)
                      0.026917    0.000003    0.445863 ^ output37/A (sg13g2_buf_1)
     1    0.006907    0.037180    0.070558    0.516421 ^ output37/X (sg13g2_buf_1)
                                                         D[8] (net)
                      0.037180    0.000022    0.516442 ^ D[8] (out)
                                              0.516442   data arrival time

                                  0.000000    0.000000   clock clk (rise edge)
                                  0.000000    0.000000   clock network delay (propagated)
                                  0.250000    0.250000   clock uncertainty
                                  0.000000    0.250000   clock reconvergence pessimism
                                 -2.000000   -1.750000   output external delay
                                             -1.750000   data required time
---------------------------------------------------------------------------------------------
                                             -1.750000   data required time
                                             -0.516442   data arrival time
---------------------------------------------------------------------------------------------
                                              2.266442   slack (MET)


Startpoint: B[1]$_SDFFE_PP1P_ (rising edge-triggered flip-flop clocked by clk)
Endpoint: D[2] (output port clocked by clk)
Path Group: clk
Path Type: min

Fanout         Cap        Slew       Delay        Time   Description
---------------------------------------------------------------------------------------------
                                  0.000000    0.000000   clock clk (rise edge)
                                  0.000000    0.000000   clock source latency
     1    0.014354    0.030345    0.011855    0.011855 ^ clk (in)
                                                         clk (net)
                      0.030346    0.000000    0.011855 ^ clkbuf_0_clk/A (sg13g2_buf_8)
     4    0.045105    0.034859    0.078783    0.090638 ^ clkbuf_0_clk/X (sg13g2_buf_8)
                                                         clknet_0_clk (net)
                      0.034859    0.000147    0.090786 ^ clkbuf_2_0__f_clk/A (sg13g2_buf_8)
     8    0.028508    0.027615    0.074530    0.165315 ^ clkbuf_2_0__f_clk/X (sg13g2_buf_8)
                                                         clknet_2_0__leaf_clk (net)
                      0.027615    0.000073    0.165389 ^ B[1]$_SDFFE_PP1P_/CLK (sg13g2_dfrbpq_1)
     3    0.009809    0.049313    0.186323    0.351712 ^ B[1]$_SDFFE_PP1P_/Q (sg13g2_dfrbpq_1)
                                                         net34 (net)
                      0.049313    0.000038    0.351750 ^ _157_/A1 (sg13g2_mux2_1)
     1    0.003655    0.030088    0.095684    0.447434 ^ _157_/X (sg13g2_mux2_1)
                                                         net47 (net)
                      0.030088    0.000015    0.447449 ^ output31/A (sg13g2_buf_1)
     1    0.006573    0.035999    0.070942    0.518391 ^ output31/X (sg13g2_buf_1)
                                                         D[2] (net)
                      0.035999    0.000014    0.518405 ^ D[2] (out)
                                              0.518405   data arrival time

                                  0.000000    0.000000   clock clk (rise edge)
                                  0.000000    0.000000   clock network delay (propagated)
                                  0.250000    0.250000   clock uncertainty
                                  0.000000    0.250000   clock reconvergence pessimism
                                 -2.000000   -1.750000   output external delay
                                             -1.750000   data required time
---------------------------------------------------------------------------------------------
                                             -1.750000   data required time
                                             -0.518405   data arrival time
---------------------------------------------------------------------------------------------
                                              2.268405   slack (MET)


Startpoint: B[2]$_SDFFE_PP1P_ (rising edge-triggered flip-flop clocked by clk)
Endpoint: D[3] (output port clocked by clk)
Path Group: clk
Path Type: min

Fanout         Cap        Slew       Delay        Time   Description
---------------------------------------------------------------------------------------------
                                  0.000000    0.000000   clock clk (rise edge)
                                  0.000000    0.000000   clock source latency
     1    0.014354    0.030345    0.011855    0.011855 ^ clk (in)
                                                         clk (net)
                      0.030346    0.000000    0.011855 ^ clkbuf_0_clk/A (sg13g2_buf_8)
     4    0.045105    0.034859    0.078783    0.090638 ^ clkbuf_0_clk/X (sg13g2_buf_8)
                                                         clknet_0_clk (net)
                      0.034860    0.000222    0.090861 ^ clkbuf_2_3__f_clk/A (sg13g2_buf_8)
     8    0.028848    0.027766    0.074667    0.165528 ^ clkbuf_2_3__f_clk/X (sg13g2_buf_8)
                                                         clknet_2_3__leaf_clk (net)
                      0.027766    0.000019    0.165547 ^ B[2]$_SDFFE_PP1P_/CLK (sg13g2_dfrbpq_1)
     3    0.010793    0.053056    0.189264    0.354811 ^ B[2]$_SDFFE_PP1P_/Q (sg13g2_dfrbpq_1)
                                                         net35 (net)
                      0.053056    0.000026    0.354837 ^ _158_/A1 (sg13g2_mux2_1)
     1    0.002572    0.026585    0.093699    0.448536 ^ _158_/X (sg13g2_mux2_1)
                                                         net48 (net)
                      0.026585    0.000003    0.448539 ^ output32/A (sg13g2_buf_1)
     1    0.006832    0.036881    0.070196    0.518735 ^ output32/X (sg13g2_buf_1)
                                                         D[3] (net)
                      0.036881    0.000020    0.518755 ^ D[3] (out)
                                              0.518755   data arrival time

                                  0.000000    0.000000   clock clk (rise edge)
                                  0.000000    0.000000   clock network delay (propagated)
                                  0.250000    0.250000   clock uncertainty
                                  0.000000    0.250000   clock reconvergence pessimism
                                 -2.000000   -1.750000   output external delay
                                             -1.750000   data required time
---------------------------------------------------------------------------------------------
                                             -1.750000   data required time
                                             -0.518755   data arrival time
---------------------------------------------------------------------------------------------
                                              2.268755   slack (MET)


Startpoint: B[8]$_SDFFE_PP1P_ (rising edge-triggered flip-flop clocked by clk)
Endpoint: D[9] (output port clocked by clk)
Path Group: clk
Path Type: min

Fanout         Cap        Slew       Delay        Time   Description
---------------------------------------------------------------------------------------------
                                  0.000000    0.000000   clock clk (rise edge)
                                  0.000000    0.000000   clock source latency
     1    0.014354    0.030345    0.011855    0.011855 ^ clk (in)
                                                         clk (net)
                      0.030346    0.000000    0.011855 ^ clkbuf_0_clk/A (sg13g2_buf_8)
     4    0.045105    0.034859    0.078783    0.090638 ^ clkbuf_0_clk/X (sg13g2_buf_8)
                                                         clknet_0_clk (net)
                      0.034859    0.000147    0.090786 ^ clkbuf_2_0__f_clk/A (sg13g2_buf_8)
     8    0.028508    0.027615    0.074530    0.165315 ^ clkbuf_2_0__f_clk/X (sg13g2_buf_8)
                                                         clknet_2_0__leaf_clk (net)
                      0.027615    0.000052    0.165367 ^ B[8]$_SDFFE_PP1P_/CLK (sg13g2_dfrbpq_1)
     3    0.009683    0.048833    0.185963    0.351330 ^ B[8]$_SDFFE_PP1P_/Q (sg13g2_dfrbpq_1)
                                                         net41 (net)
                      0.048833    0.000004    0.351333 ^ _164_/A1 (sg13g2_mux2_1)
     1    0.004357    0.032568    0.097790    0.449124 ^ _164_/X (sg13g2_mux2_1)
                                                         net54 (net)
                      0.032568    0.000026    0.449149 ^ output38/A (sg13g2_buf_1)
     1    0.006656    0.036395    0.072247    0.521396 ^ output38/X (sg13g2_buf_1)
                                                         D[9] (net)
                      0.036395    0.000016    0.521412 ^ D[9] (out)
                                              0.521412   data arrival time

                                  0.000000    0.000000   clock clk (rise edge)
                                  0.000000    0.000000   clock network delay (propagated)
                                  0.250000    0.250000   clock uncertainty
                                  0.000000    0.250000   clock reconvergence pessimism
                                 -2.000000   -1.750000   output external delay
                                             -1.750000   data required time
---------------------------------------------------------------------------------------------
                                             -1.750000   data required time
                                             -0.521412   data arrival time
---------------------------------------------------------------------------------------------
                                              2.271412   slack (MET)


Startpoint: B[3]$_SDFFE_PP1P_ (rising edge-triggered flip-flop clocked by clk)
Endpoint: D[4] (output port clocked by clk)
Path Group: clk
Path Type: min

Fanout         Cap        Slew       Delay        Time   Description
---------------------------------------------------------------------------------------------
                                  0.000000    0.000000   clock clk (rise edge)
                                  0.000000    0.000000   clock source latency
     1    0.014354    0.030345    0.011855    0.011855 ^ clk (in)
                                                         clk (net)
                      0.030346    0.000000    0.011855 ^ clkbuf_0_clk/A (sg13g2_buf_8)
     4    0.045105    0.034859    0.078783    0.090638 ^ clkbuf_0_clk/X (sg13g2_buf_8)
                                                         clknet_0_clk (net)
                      0.034859    0.000161    0.090799 ^ clkbuf_2_1__f_clk/A (sg13g2_buf_8)
     7    0.026048    0.026520    0.073566    0.164366 ^ clkbuf_2_1__f_clk/X (sg13g2_buf_8)
                                                         clknet_2_1__leaf_clk (net)
                      0.026520    0.000043    0.164409 ^ B[3]$_SDFFE_PP1P_/CLK (sg13g2_dfrbpq_1)
     3    0.010840    0.053234    0.188805    0.353213 ^ B[3]$_SDFFE_PP1P_/Q (sg13g2_dfrbpq_1)
                                                         net36 (net)
                      0.053234    0.000019    0.353232 ^ _159_/A1 (sg13g2_mux2_1)
     1    0.003519    0.029544    0.096897    0.450129 ^ _159_/X (sg13g2_mux2_1)
                                                         net49 (net)
                      0.029544    0.000013    0.450142 ^ output33/A (sg13g2_buf_1)
     1    0.006832    0.036974    0.071465    0.521607 ^ output33/X (sg13g2_buf_1)
                                                         D[4] (net)
                      0.036974    0.000020    0.521627 ^ D[4] (out)
                                              0.521627   data arrival time

                                  0.000000    0.000000   clock clk (rise edge)
                                  0.000000    0.000000   clock network delay (propagated)
                                  0.250000    0.250000   clock uncertainty
                                  0.000000    0.250000   clock reconvergence pessimism
                                 -2.000000   -1.750000   output external delay
                                             -1.750000   data required time
---------------------------------------------------------------------------------------------
                                             -1.750000   data required time
                                             -0.521627   data arrival time
---------------------------------------------------------------------------------------------
                                              2.271627   slack (MET)


Startpoint: B[4]$_SDFFE_PP1P_ (rising edge-triggered flip-flop clocked by clk)
Endpoint: D[5] (output port clocked by clk)
Path Group: clk
Path Type: min

Fanout         Cap        Slew       Delay        Time   Description
---------------------------------------------------------------------------------------------
                                  0.000000    0.000000   clock clk (rise edge)
                                  0.000000    0.000000   clock source latency
     1    0.014354    0.030345    0.011855    0.011855 ^ clk (in)
                                                         clk (net)
                      0.030346    0.000000    0.011855 ^ clkbuf_0_clk/A (sg13g2_buf_8)
     4    0.045105    0.034859    0.078783    0.090638 ^ clkbuf_0_clk/X (sg13g2_buf_8)
                                                         clknet_0_clk (net)
                      0.034859    0.000147    0.090786 ^ clkbuf_2_0__f_clk/A (sg13g2_buf_8)
     8    0.028508    0.027615    0.074530    0.165315 ^ clkbuf_2_0__f_clk/X (sg13g2_buf_8)
                                                         clknet_2_0__leaf_clk (net)
                      0.027615    0.000055    0.165370 ^ B[4]$_SDFFE_PP1P_/CLK (sg13g2_dfrbpq_1)
     3    0.010261    0.051030    0.187641    0.353011 ^ B[4]$_SDFFE_PP1P_/Q (sg13g2_dfrbpq_1)
                                                         net37 (net)
                      0.051030    0.000040    0.353051 ^ _160_/A1 (sg13g2_mux2_1)
     1    0.003836    0.030726    0.097009    0.450060 ^ _160_/X (sg13g2_mux2_1)
                                                         net50 (net)
                      0.030726    0.000018    0.450078 ^ output34/A (sg13g2_buf_1)
     1    0.007077    0.037954    0.072690    0.522767 ^ output34/X (sg13g2_buf_1)
                                                         D[5] (net)
                      0.037954    0.000026    0.522794 ^ D[5] (out)
                                              0.522794   data arrival time

                                  0.000000    0.000000   clock clk (rise edge)
                                  0.000000    0.000000   clock network delay (propagated)
                                  0.250000    0.250000   clock uncertainty
                                  0.000000    0.250000   clock reconvergence pessimism
                                 -2.000000   -1.750000   output external delay
                                             -1.750000   data required time
---------------------------------------------------------------------------------------------
                                             -1.750000   data required time
                                             -0.522794   data arrival time
---------------------------------------------------------------------------------------------
                                              2.272794   slack (MET)


Startpoint: B[11]$_SDFFE_PP1P_ (rising edge-triggered flip-flop clocked by clk)
Endpoint: B[11] (output port clocked by clk)
Path Group: clk
Path Type: min

Fanout         Cap        Slew       Delay        Time   Description
---------------------------------------------------------------------------------------------
                                  0.000000    0.000000   clock clk (rise edge)
                                  0.000000    0.000000   clock source latency
     1    0.014354    0.030345    0.011855    0.011855 ^ clk (in)
                                                         clk (net)
                      0.030346    0.000000    0.011855 ^ clkbuf_0_clk/A (sg13g2_buf_8)
     4    0.045105    0.034859    0.078783    0.090638 ^ clkbuf_0_clk/X (sg13g2_buf_8)
                                                         clknet_0_clk (net)
                      0.034859    0.000195    0.090834 ^ clkbuf_2_2__f_clk/A (sg13g2_buf_8)
     8    0.029379    0.028000    0.074867    0.165701 ^ clkbuf_2_2__f_clk/X (sg13g2_buf_8)
                                                         clknet_2_2__leaf_clk (net)
                      0.028000    0.000016    0.165717 ^ B[11]$_SDFFE_PP1P_/CLK (sg13g2_dfrbpq_2)
     2    0.017519    0.040747    0.193818    0.359535 v B[11]$_SDFFE_PP1P_/Q (sg13g2_dfrbpq_2)
                                                         net10 (net)
                      0.040747    0.000006    0.359540 v fanout10/A (sg13g2_buf_8)
     8    0.048088    0.032828    0.090078    0.449618 v fanout10/X (sg13g2_buf_8)
                                                         net33 (net)
                      0.032828    0.000139    0.449757 v output17/A (sg13g2_buf_1)
     1    0.007110    0.031437    0.073793    0.523551 v output17/X (sg13g2_buf_1)
                                                         B[11] (net)
                      0.031437    0.000027    0.523578 v B[11] (out)
                                              0.523578   data arrival time

                                  0.000000    0.000000   clock clk (rise edge)
                                  0.000000    0.000000   clock network delay (propagated)
                                  0.250000    0.250000   clock uncertainty
                                  0.000000    0.250000   clock reconvergence pessimism
                                 -2.000000   -1.750000   output external delay
                                             -1.750000   data required time
---------------------------------------------------------------------------------------------
                                             -1.750000   data required time
                                             -0.523578   data arrival time
---------------------------------------------------------------------------------------------
                                              2.273578   slack (MET)


Startpoint: B[0]$_SDFFE_PP1P_ (rising edge-triggered flip-flop clocked by clk)
Endpoint: D[1] (output port clocked by clk)
Path Group: clk
Path Type: min

Fanout         Cap        Slew       Delay        Time   Description
---------------------------------------------------------------------------------------------
                                  0.000000    0.000000   clock clk (rise edge)
                                  0.000000    0.000000   clock source latency
     1    0.014354    0.030345    0.011855    0.011855 ^ clk (in)
                                                         clk (net)
                      0.030346    0.000000    0.011855 ^ clkbuf_0_clk/A (sg13g2_buf_8)
     4    0.045105    0.034859    0.078783    0.090638 ^ clkbuf_0_clk/X (sg13g2_buf_8)
                                                         clknet_0_clk (net)
                      0.034859    0.000147    0.090786 ^ clkbuf_2_0__f_clk/A (sg13g2_buf_8)
     8    0.028508    0.027615    0.074530    0.165315 ^ clkbuf_2_0__f_clk/X (sg13g2_buf_8)
                                                         clknet_2_0__leaf_clk (net)
                      0.027615    0.000057    0.165372 ^ B[0]$_SDFFE_PP1P_/CLK (sg13g2_dfrbpq_1)
     3    0.010522    0.052021    0.188404    0.353777 ^ B[0]$_SDFFE_PP1P_/Q (sg13g2_dfrbpq_1)
                                                         net31 (net)
                      0.052021    0.000020    0.353796 ^ _156_/A1 (sg13g2_mux2_1)
     1    0.003041    0.027922    0.094808    0.448604 ^ _156_/X (sg13g2_mux2_1)
                                                         net46 (net)
                      0.027922    0.000007    0.448611 ^ output30/A (sg13g2_buf_1)
     1    0.008295    0.042579    0.075042    0.523653 ^ output30/X (sg13g2_buf_1)
                                                         D[1] (net)
                      0.042579    0.000059    0.523712 ^ D[1] (out)
                                              0.523712   data arrival time

                                  0.000000    0.000000   clock clk (rise edge)
                                  0.000000    0.000000   clock network delay (propagated)
                                  0.250000    0.250000   clock uncertainty
                                  0.000000    0.250000   clock reconvergence pessimism
                                 -2.000000   -1.750000   output external delay
                                             -1.750000   data required time
---------------------------------------------------------------------------------------------
                                             -1.750000   data required time
                                             -0.523712   data arrival time
---------------------------------------------------------------------------------------------
                                              2.273712   slack (MET)


Startpoint: B[5]$_SDFFE_PP1P_ (rising edge-triggered flip-flop clocked by clk)
Endpoint: D[6] (output port clocked by clk)
Path Group: clk
Path Type: min

Fanout         Cap        Slew       Delay        Time   Description
---------------------------------------------------------------------------------------------
                                  0.000000    0.000000   clock clk (rise edge)
                                  0.000000    0.000000   clock source latency
     1    0.014354    0.030345    0.011855    0.011855 ^ clk (in)
                                                         clk (net)
                      0.030346    0.000000    0.011855 ^ clkbuf_0_clk/A (sg13g2_buf_8)
     4    0.045105    0.034859    0.078783    0.090638 ^ clkbuf_0_clk/X (sg13g2_buf_8)
                                                         clknet_0_clk (net)
                      0.034859    0.000195    0.090834 ^ clkbuf_2_2__f_clk/A (sg13g2_buf_8)
     8    0.029379    0.028000    0.074867    0.165701 ^ clkbuf_2_2__f_clk/X (sg13g2_buf_8)
                                                         clknet_2_2__leaf_clk (net)
                      0.028000    0.000030    0.165731 ^ B[5]$_SDFFE_PP1P_/CLK (sg13g2_dfrbpq_1)
     3    0.010884    0.055093    0.189659    0.355390 ^ B[5]$_SDFFE_PP1P_/Q (sg13g2_dfrbpq_1)
                                                         net38 (net)
                      0.055093    0.000021    0.355410 ^ _161_/A1 (sg13g2_mux2_1)
     1    0.002731    0.027256    0.095086    0.450496 ^ _161_/X (sg13g2_mux2_1)
                                                         net51 (net)
                      0.027256    0.000004    0.450500 ^ output35/A (sg13g2_buf_1)
     1    0.007992    0.041384    0.073873    0.524373 ^ output35/X (sg13g2_buf_1)
                                                         D[6] (net)
                      0.041384    0.000049    0.524422 ^ D[6] (out)
                                              0.524422   data arrival time

                                  0.000000    0.000000   clock clk (rise edge)
                                  0.000000    0.000000   clock network delay (propagated)
                                  0.250000    0.250000   clock uncertainty
                                  0.000000    0.250000   clock reconvergence pessimism
                                 -2.000000   -1.750000   output external delay
                                             -1.750000   data required time
---------------------------------------------------------------------------------------------
                                             -1.750000   data required time
                                             -0.524422   data arrival time
---------------------------------------------------------------------------------------------
                                              2.274422   slack (MET)


Startpoint: B[6]$_SDFFE_PP1P_ (rising edge-triggered flip-flop clocked by clk)
Endpoint: D[7] (output port clocked by clk)
Path Group: clk
Path Type: min

Fanout         Cap        Slew       Delay        Time   Description
---------------------------------------------------------------------------------------------
                                  0.000000    0.000000   clock clk (rise edge)
                                  0.000000    0.000000   clock source latency
     1    0.014354    0.030345    0.011855    0.011855 ^ clk (in)
                                                         clk (net)
                      0.030346    0.000000    0.011855 ^ clkbuf_0_clk/A (sg13g2_buf_8)
     4    0.045105    0.034859    0.078783    0.090638 ^ clkbuf_0_clk/X (sg13g2_buf_8)
                                                         clknet_0_clk (net)
                      0.034860    0.000222    0.090861 ^ clkbuf_2_3__f_clk/A (sg13g2_buf_8)
     8    0.028848    0.027766    0.074667    0.165528 ^ clkbuf_2_3__f_clk/X (sg13g2_buf_8)
                                                         clknet_2_3__leaf_clk (net)
                      0.027766    0.000052    0.165580 ^ B[6]$_SDFFE_PP1P_/CLK (sg13g2_dfrbpq_1)
     3    0.010537    0.053762    0.188535    0.354115 ^ B[6]$_SDFFE_PP1P_/Q (sg13g2_dfrbpq_1)
                                                         net39 (net)
                      0.053762    0.000009    0.354124 ^ _162_/A1 (sg13g2_mux2_1)
     1    0.004096    0.031587    0.099026    0.453149 ^ _162_/X (sg13g2_mux2_1)
                                                         net52 (net)
                      0.031587    0.000022    0.453171 ^ output36/A (sg13g2_buf_1)
     1    0.006741    0.036691    0.072076    0.525247 ^ output36/X (sg13g2_buf_1)
                                                         D[7] (net)
                      0.036691    0.000018    0.525265 ^ D[7] (out)
                                              0.525265   data arrival time

                                  0.000000    0.000000   clock clk (rise edge)
                                  0.000000    0.000000   clock network delay (propagated)
                                  0.250000    0.250000   clock uncertainty
                                  0.000000    0.250000   clock reconvergence pessimism
                                 -2.000000   -1.750000   output external delay
                                             -1.750000   data required time
---------------------------------------------------------------------------------------------
                                             -1.750000   data required time
                                             -0.525265   data arrival time
---------------------------------------------------------------------------------------------
                                              2.275265   slack (MET)


Startpoint: B[10]$_SDFFE_PP1P_ (rising edge-triggered flip-flop clocked by clk)
Endpoint: D[11] (output port clocked by clk)
Path Group: clk
Path Type: min

Fanout         Cap        Slew       Delay        Time   Description
---------------------------------------------------------------------------------------------
                                  0.000000    0.000000   clock clk (rise edge)
                                  0.000000    0.000000   clock source latency
     1    0.014354    0.030345    0.011855    0.011855 ^ clk (in)
                                                         clk (net)
                      0.030346    0.000000    0.011855 ^ clkbuf_0_clk/A (sg13g2_buf_8)
     4    0.045105    0.034859    0.078783    0.090638 ^ clkbuf_0_clk/X (sg13g2_buf_8)
                                                         clknet_0_clk (net)
                      0.034859    0.000195    0.090834 ^ clkbuf_2_2__f_clk/A (sg13g2_buf_8)
     8    0.029379    0.028000    0.074867    0.165701 ^ clkbuf_2_2__f_clk/X (sg13g2_buf_8)
                                                         clknet_2_2__leaf_clk (net)
                      0.028000    0.000061    0.165762 ^ B[10]$_SDFFE_PP1P_/CLK (sg13g2_dfrbpq_1)
     3    0.009770    0.049164    0.186401    0.352163 ^ B[10]$_SDFFE_PP1P_/Q (sg13g2_dfrbpq_1)
                                                         net32 (net)
                      0.049164    0.000021    0.352184 ^ _155_/A1 (sg13g2_mux2_1)
     1    0.004125    0.031689    0.097168    0.449351 ^ _155_/X (sg13g2_mux2_1)
                                                         net45 (net)
                      0.031689    0.000021    0.449373 ^ output29/A (sg13g2_buf_1)
     1    0.008290    0.042667    0.076645    0.526018 ^ output29/X (sg13g2_buf_1)
                                                         D[11] (net)
                      0.042667    0.000058    0.526076 ^ D[11] (out)
                                              0.526076   data arrival time

                                  0.000000    0.000000   clock clk (rise edge)
                                  0.000000    0.000000   clock network delay (propagated)
                                  0.250000    0.250000   clock uncertainty
                                  0.000000    0.250000   clock reconvergence pessimism
                                 -2.000000   -1.750000   output external delay
                                             -1.750000   data required time
---------------------------------------------------------------------------------------------
                                             -1.750000   data required time
                                             -0.526076   data arrival time
---------------------------------------------------------------------------------------------
                                              2.276076   slack (MET)


Startpoint: B[9]$_SDFFE_PP1P_ (rising edge-triggered flip-flop clocked by clk)
Endpoint: D[10] (output port clocked by clk)
Path Group: clk
Path Type: min

Fanout         Cap        Slew       Delay        Time   Description
---------------------------------------------------------------------------------------------
                                  0.000000    0.000000   clock clk (rise edge)
                                  0.000000    0.000000   clock source latency
     1    0.014354    0.030345    0.011855    0.011855 ^ clk (in)
                                                         clk (net)
                      0.030346    0.000000    0.011855 ^ clkbuf_0_clk/A (sg13g2_buf_8)
     4    0.045105    0.034859    0.078783    0.090638 ^ clkbuf_0_clk/X (sg13g2_buf_8)
                                                         clknet_0_clk (net)
                      0.034859    0.000195    0.090834 ^ clkbuf_2_2__f_clk/A (sg13g2_buf_8)
     8    0.029379    0.028000    0.074867    0.165701 ^ clkbuf_2_2__f_clk/X (sg13g2_buf_8)
                                                         clknet_2_2__leaf_clk (net)
                      0.028000    0.000109    0.165810 ^ B[9]$_SDFFE_PP1P_/CLK (sg13g2_dfrbpq_1)
     3    0.010901    0.053468    0.189693    0.355503 ^ B[9]$_SDFFE_PP1P_/Q (sg13g2_dfrbpq_1)
                                                         net42 (net)
                      0.053468    0.000041    0.355544 ^ _154_/A1 (sg13g2_mux2_1)
     1    0.004342    0.032516    0.099711    0.455255 ^ _154_/X (sg13g2_mux2_1)
                                                         net44 (net)
                      0.032516    0.000025    0.455280 ^ output28/A (sg13g2_buf_1)
     1    0.006994    0.037692    0.073215    0.528495 ^ output28/X (sg13g2_buf_1)
                                                         D[10] (net)
                      0.037692    0.000024    0.528520 ^ D[10] (out)
                                              0.528520   data arrival time

                                  0.000000    0.000000   clock clk (rise edge)
                                  0.000000    0.000000   clock network delay (propagated)
                                  0.250000    0.250000   clock uncertainty
                                  0.000000    0.250000   clock reconvergence pessimism
                                 -2.000000   -1.750000   output external delay
                                             -1.750000   data required time
---------------------------------------------------------------------------------------------
                                             -1.750000   data required time
                                             -0.528520   data arrival time
---------------------------------------------------------------------------------------------
                                              2.278520   slack (MET)



