
===========================================================================
report_checks -path_delay max (Setup)
============================================================================
======================= nom_typ_1p20V_25C Corner ===================================

Startpoint: B[11]$_SDFFE_PP1P_ (rising edge-triggered flip-flop clocked by clk)
Endpoint: D[9] (output port clocked by clk)
Path Group: clk
Path Type: max

Fanout         Cap        Slew       Delay        Time   Description
---------------------------------------------------------------------------------------------
                                  0.000000    0.000000   clock clk (rise edge)
                                  0.000000    0.000000   clock source latency
     1    0.014354    0.030345    0.011855    0.011855 ^ clk (in)
                                                         clk (net)
                      0.030346    0.000000    0.011855 ^ clkbuf_0_clk/A (sg13g2_buf_8)
     4    0.045105    0.034859    0.078783    0.090638 ^ clkbuf_0_clk/X (sg13g2_buf_8)
                                                         clknet_0_clk (net)
                      0.034859    0.000195    0.090834 ^ clkbuf_2_2__f_clk/A (sg13g2_buf_8)
     8    0.029379    0.028000    0.074867    0.165701 ^ clkbuf_2_2__f_clk/X (sg13g2_buf_8)
                                                         clknet_2_2__leaf_clk (net)
                      0.028000    0.000016    0.165717 ^ B[11]$_SDFFE_PP1P_/CLK (sg13g2_dfrbpq_2)
     2    0.011164    0.036716    0.187924    0.353641 ^ B[11]$_SDFFE_PP1P_/Q (sg13g2_dfrbpq_2)
                                                         net10 (net)
                      0.036716    0.000003    0.353644 ^ hold43/A (sg13g2_dlygate4sd3_1)
     1    0.009176    0.058538    0.382923    0.736567 ^ hold43/X (sg13g2_dlygate4sd3_1)
                                                         net126 (net)
                      0.058538    0.000015    0.736582 ^ fanout10/A (sg13g2_buf_8)
     8    0.049100    0.037767    0.094037    0.830619 ^ fanout10/X (sg13g2_buf_8)
                                                         net33 (net)
                      0.037773    0.000456    0.831075 ^ _164_/S (sg13g2_mux2_1)
     1    0.003908    0.037414    0.155384    0.986459 v _164_/X (sg13g2_mux2_1)
                                                         net54 (net)
                      0.037414    0.000019    0.986478 v output38/A (sg13g2_buf_1)
     1    0.007754    0.033415    0.077333    1.063811 v output38/X (sg13g2_buf_1)
                                                         D[9] (net)
                      0.033415    0.000044    1.063854 v D[9] (out)
                                              1.063854   data arrival time

                                 10.000000   10.000000   clock clk (rise edge)
                                  0.000000   10.000000   clock network delay (propagated)
                                 -0.250000    9.750000   clock uncertainty
                                  0.000000    9.750000   clock reconvergence pessimism
                                 -2.000000    7.750000   output external delay
                                              7.750000   data required time
---------------------------------------------------------------------------------------------
                                              7.750000   data required time
                                             -1.063854   data arrival time
---------------------------------------------------------------------------------------------
                                              6.686146   slack (MET)


Startpoint: B[11]$_SDFFE_PP1P_ (rising edge-triggered flip-flop clocked by clk)
Endpoint: D[10] (output port clocked by clk)
Path Group: clk
Path Type: max

Fanout         Cap        Slew       Delay        Time   Description
---------------------------------------------------------------------------------------------
                                  0.000000    0.000000   clock clk (rise edge)
                                  0.000000    0.000000   clock source latency
     1    0.014354    0.030345    0.011855    0.011855 ^ clk (in)
                                                         clk (net)
                      0.030346    0.000000    0.011855 ^ clkbuf_0_clk/A (sg13g2_buf_8)
     4    0.045105    0.034859    0.078783    0.090638 ^ clkbuf_0_clk/X (sg13g2_buf_8)
                                                         clknet_0_clk (net)
                      0.034859    0.000195    0.090834 ^ clkbuf_2_2__f_clk/A (sg13g2_buf_8)
     8    0.029379    0.028000    0.074867    0.165701 ^ clkbuf_2_2__f_clk/X (sg13g2_buf_8)
                                                         clknet_2_2__leaf_clk (net)
                      0.028000    0.000016    0.165717 ^ B[11]$_SDFFE_PP1P_/CLK (sg13g2_dfrbpq_2)
     2    0.011164    0.036716    0.187924    0.353641 ^ B[11]$_SDFFE_PP1P_/Q (sg13g2_dfrbpq_2)
                                                         net10 (net)
                      0.036716    0.000003    0.353644 ^ hold43/A (sg13g2_dlygate4sd3_1)
     1    0.009176    0.058538    0.382923    0.736567 ^ hold43/X (sg13g2_dlygate4sd3_1)
                                                         net126 (net)
                      0.058538    0.000015    0.736582 ^ fanout10/A (sg13g2_buf_8)
     8    0.049100    0.037767    0.094037    0.830619 ^ fanout10/X (sg13g2_buf_8)
                                                         net33 (net)
                      0.037772    0.000423    0.831041 ^ _154_/S (sg13g2_mux2_1)
     1    0.004284    0.038329    0.156491    0.987532 v _154_/X (sg13g2_mux2_1)
                                                         net44 (net)
                      0.038329    0.000025    0.987557 v output28/A (sg13g2_buf_1)
     1    0.006994    0.031252    0.075848    1.063404 v output28/X (sg13g2_buf_1)
                                                         D[10] (net)
                      0.031252    0.000024    1.063428 v D[10] (out)
                                              1.063428   data arrival time

                                 10.000000   10.000000   clock clk (rise edge)
                                  0.000000   10.000000   clock network delay (propagated)
                                 -0.250000    9.750000   clock uncertainty
                                  0.000000    9.750000   clock reconvergence pessimism
                                 -2.000000    7.750000   output external delay
                                              7.750000   data required time
---------------------------------------------------------------------------------------------
                                              7.750000   data required time
                                             -1.063428   data arrival time
---------------------------------------------------------------------------------------------
                                              6.686572   slack (MET)


Startpoint: B[11]$_SDFFE_PP1P_ (rising edge-triggered flip-flop clocked by clk)
Endpoint: D[2] (output port clocked by clk)
Path Group: clk
Path Type: max

Fanout         Cap        Slew       Delay        Time   Description
---------------------------------------------------------------------------------------------
                                  0.000000    0.000000   clock clk (rise edge)
                                  0.000000    0.000000   clock source latency
     1    0.014354    0.030345    0.011855    0.011855 ^ clk (in)
                                                         clk (net)
                      0.030346    0.000000    0.011855 ^ clkbuf_0_clk/A (sg13g2_buf_8)
     4    0.045105    0.034859    0.078783    0.090638 ^ clkbuf_0_clk/X (sg13g2_buf_8)
                                                         clknet_0_clk (net)
                      0.034859    0.000195    0.090834 ^ clkbuf_2_2__f_clk/A (sg13g2_buf_8)
     8    0.029379    0.028000    0.074867    0.165701 ^ clkbuf_2_2__f_clk/X (sg13g2_buf_8)
                                                         clknet_2_2__leaf_clk (net)
                      0.028000    0.000016    0.165717 ^ B[11]$_SDFFE_PP1P_/CLK (sg13g2_dfrbpq_2)
     2    0.011164    0.036716    0.187924    0.353641 ^ B[11]$_SDFFE_PP1P_/Q (sg13g2_dfrbpq_2)
                                                         net10 (net)
                      0.036716    0.000003    0.353644 ^ hold43/A (sg13g2_dlygate4sd3_1)
     1    0.009176    0.058538    0.382923    0.736567 ^ hold43/X (sg13g2_dlygate4sd3_1)
                                                         net126 (net)
                      0.058538    0.000015    0.736582 ^ fanout10/A (sg13g2_buf_8)
     8    0.049100    0.037767    0.094037    0.830619 ^ fanout10/X (sg13g2_buf_8)
                                                         net33 (net)
                      0.037770    0.000338    0.830956 ^ _157_/S (sg13g2_mux2_1)
     1    0.003951    0.037502    0.155510    0.986466 v _157_/X (sg13g2_mux2_1)
                                                         net47 (net)
                      0.037502    0.000020    0.986486 v output31/A (sg13g2_buf_1)
     1    0.006927    0.031035    0.075328    1.061815 v output31/X (sg13g2_buf_1)
                                                         D[2] (net)
                      0.031035    0.000022    1.061837 v D[2] (out)
                                              1.061837   data arrival time

                                 10.000000   10.000000   clock clk (rise edge)
                                  0.000000   10.000000   clock network delay (propagated)
                                 -0.250000    9.750000   clock uncertainty
                                  0.000000    9.750000   clock reconvergence pessimism
                                 -2.000000    7.750000   output external delay
                                              7.750000   data required time
---------------------------------------------------------------------------------------------
                                              7.750000   data required time
                                             -1.061837   data arrival time
---------------------------------------------------------------------------------------------
                                              6.688163   slack (MET)


Startpoint: B[11]$_SDFFE_PP1P_ (rising edge-triggered flip-flop clocked by clk)
Endpoint: D[1] (output port clocked by clk)
Path Group: clk
Path Type: max

Fanout         Cap        Slew       Delay        Time   Description
---------------------------------------------------------------------------------------------
                                  0.000000    0.000000   clock clk (rise edge)
                                  0.000000    0.000000   clock source latency
     1    0.014354    0.030345    0.011855    0.011855 ^ clk (in)
                                                         clk (net)
                      0.030346    0.000000    0.011855 ^ clkbuf_0_clk/A (sg13g2_buf_8)
     4    0.045105    0.034859    0.078783    0.090638 ^ clkbuf_0_clk/X (sg13g2_buf_8)
                                                         clknet_0_clk (net)
                      0.034859    0.000195    0.090834 ^ clkbuf_2_2__f_clk/A (sg13g2_buf_8)
     8    0.029379    0.028000    0.074867    0.165701 ^ clkbuf_2_2__f_clk/X (sg13g2_buf_8)
                                                         clknet_2_2__leaf_clk (net)
                      0.028000    0.000016    0.165717 ^ B[11]$_SDFFE_PP1P_/CLK (sg13g2_dfrbpq_2)
     2    0.011164    0.036716    0.187924    0.353641 ^ B[11]$_SDFFE_PP1P_/Q (sg13g2_dfrbpq_2)
                                                         net10 (net)
                      0.036716    0.000003    0.353644 ^ hold43/A (sg13g2_dlygate4sd3_1)
     1    0.009176    0.058538    0.382923    0.736567 ^ hold43/X (sg13g2_dlygate4sd3_1)
                                                         net126 (net)
                      0.058538    0.000015    0.736582 ^ fanout10/A (sg13g2_buf_8)
     8    0.049100    0.037767    0.094037    0.830619 ^ fanout10/X (sg13g2_buf_8)
                                                         net33 (net)
                      0.037774    0.000478    0.831097 ^ _156_/S (sg13g2_mux2_1)
     1    0.002982    0.035112    0.152659    0.983756 v _156_/X (sg13g2_mux2_1)
                                                         net46 (net)
                      0.035112    0.000007    0.983762 v output30/A (sg13g2_buf_1)
     1    0.008295    0.034928    0.077683    1.061446 v output30/X (sg13g2_buf_1)
                                                         D[1] (net)
                      0.034928    0.000059    1.061505 v D[1] (out)
                                              1.061505   data arrival time

                                 10.000000   10.000000   clock clk (rise edge)
                                  0.000000   10.000000   clock network delay (propagated)
                                 -0.250000    9.750000   clock uncertainty
                                  0.000000    9.750000   clock reconvergence pessimism
                                 -2.000000    7.750000   output external delay
                                              7.750000   data required time
---------------------------------------------------------------------------------------------
                                              7.750000   data required time
                                             -1.061505   data arrival time
---------------------------------------------------------------------------------------------
                                              6.688495   slack (MET)


Startpoint: B[11]$_SDFFE_PP1P_ (rising edge-triggered flip-flop clocked by clk)
Endpoint: D[5] (output port clocked by clk)
Path Group: clk
Path Type: max

Fanout         Cap        Slew       Delay        Time   Description
---------------------------------------------------------------------------------------------
                                  0.000000    0.000000   clock clk (rise edge)
                                  0.000000    0.000000   clock source latency
     1    0.014354    0.030345    0.011855    0.011855 ^ clk (in)
                                                         clk (net)
                      0.030346    0.000000    0.011855 ^ clkbuf_0_clk/A (sg13g2_buf_8)
     4    0.045105    0.034859    0.078783    0.090638 ^ clkbuf_0_clk/X (sg13g2_buf_8)
                                                         clknet_0_clk (net)
                      0.034859    0.000195    0.090834 ^ clkbuf_2_2__f_clk/A (sg13g2_buf_8)
     8    0.029379    0.028000    0.074867    0.165701 ^ clkbuf_2_2__f_clk/X (sg13g2_buf_8)
                                                         clknet_2_2__leaf_clk (net)
                      0.028000    0.000016    0.165717 ^ B[11]$_SDFFE_PP1P_/CLK (sg13g2_dfrbpq_2)
     2    0.011164    0.036716    0.187924    0.353641 ^ B[11]$_SDFFE_PP1P_/Q (sg13g2_dfrbpq_2)
                                                         net10 (net)
                      0.036716    0.000003    0.353644 ^ hold43/A (sg13g2_dlygate4sd3_1)
     1    0.009176    0.058538    0.382923    0.736567 ^ hold43/X (sg13g2_dlygate4sd3_1)
                                                         net126 (net)
                      0.058538    0.000015    0.736582 ^ fanout10/A (sg13g2_buf_8)
     8    0.049100    0.037767    0.094037    0.830619 ^ fanout10/X (sg13g2_buf_8)
                                                         net33 (net)
                      0.037772    0.000406    0.831025 ^ _160_/S (sg13g2_mux2_1)
     1    0.003510    0.036425    0.154211    0.985237 v _160_/X (sg13g2_mux2_1)
                                                         net50 (net)
                      0.036425    0.000014    0.985251 v output34/A (sg13g2_buf_1)
     1    0.007344    0.032205    0.075900    1.061151 v output34/X (sg13g2_buf_1)
                                                         D[5] (net)
                      0.032205    0.000033    1.061184 v D[5] (out)
                                              1.061184   data arrival time

                                 10.000000   10.000000   clock clk (rise edge)
                                  0.000000   10.000000   clock network delay (propagated)
                                 -0.250000    9.750000   clock uncertainty
                                  0.000000    9.750000   clock reconvergence pessimism
                                 -2.000000    7.750000   output external delay
                                              7.750000   data required time
---------------------------------------------------------------------------------------------
                                              7.750000   data required time
                                             -1.061184   data arrival time
---------------------------------------------------------------------------------------------
                                              6.688816   slack (MET)


Startpoint: B[11]$_SDFFE_PP1P_ (rising edge-triggered flip-flop clocked by clk)
Endpoint: D[6] (output port clocked by clk)
Path Group: clk
Path Type: max

Fanout         Cap        Slew       Delay        Time   Description
---------------------------------------------------------------------------------------------
                                  0.000000    0.000000   clock clk (rise edge)
                                  0.000000    0.000000   clock source latency
     1    0.014354    0.030345    0.011855    0.011855 ^ clk (in)
                                                         clk (net)
                      0.030346    0.000000    0.011855 ^ clkbuf_0_clk/A (sg13g2_buf_8)
     4    0.045105    0.034859    0.078783    0.090638 ^ clkbuf_0_clk/X (sg13g2_buf_8)
                                                         clknet_0_clk (net)
                      0.034859    0.000195    0.090834 ^ clkbuf_2_2__f_clk/A (sg13g2_buf_8)
     8    0.029379    0.028000    0.074867    0.165701 ^ clkbuf_2_2__f_clk/X (sg13g2_buf_8)
                                                         clknet_2_2__leaf_clk (net)
                      0.028000    0.000016    0.165717 ^ B[11]$_SDFFE_PP1P_/CLK (sg13g2_dfrbpq_2)
     2    0.011164    0.036716    0.187924    0.353641 ^ B[11]$_SDFFE_PP1P_/Q (sg13g2_dfrbpq_2)
                                                         net10 (net)
                      0.036716    0.000003    0.353644 ^ hold43/A (sg13g2_dlygate4sd3_1)
     1    0.009176    0.058538    0.382923    0.736567 ^ hold43/X (sg13g2_dlygate4sd3_1)
                                                         net126 (net)
                      0.058538    0.000015    0.736582 ^ fanout10/A (sg13g2_buf_8)
     8    0.049100    0.037767    0.094037    0.830619 ^ fanout10/X (sg13g2_buf_8)
                                                         net33 (net)
                      0.037773    0.000435    0.831054 ^ _161_/S (sg13g2_mux2_1)
     1    0.002649    0.034580    0.151676    0.982731 v _161_/X (sg13g2_mux2_1)
                                                         net51 (net)
                      0.034580    0.000004    0.982734 v output35/A (sg13g2_buf_1)
     1    0.008030    0.034143    0.076805    1.059539 v output35/X (sg13g2_buf_1)
                                                         D[6] (net)
                      0.034143    0.000050    1.059590 v D[6] (out)
                                              1.059590   data arrival time

                                 10.000000   10.000000   clock clk (rise edge)
                                  0.000000   10.000000   clock network delay (propagated)
                                 -0.250000    9.750000   clock uncertainty
                                  0.000000    9.750000   clock reconvergence pessimism
                                 -2.000000    7.750000   output external delay
                                              7.750000   data required time
---------------------------------------------------------------------------------------------
                                              7.750000   data required time
                                             -1.059590   data arrival time
---------------------------------------------------------------------------------------------
                                              6.690410   slack (MET)


Startpoint: Op (input port clocked by clk)
Endpoint: B[3]$_SDFFE_PP1P_ (rising edge-triggered flip-flop clocked by clk)
Path Group: clk
Path Type: max

Fanout         Cap        Slew       Delay        Time   Description
---------------------------------------------------------------------------------------------
                                  0.000000    0.000000   clock clk (rise edge)
                                  0.000000    0.000000   clock network delay (propagated)
                                  2.000000    2.000000 ^ input external delay
     1    0.004013    0.021168    0.003282    2.003282 ^ Op (in)
                                                         Op (net)
                      0.021168    0.000000    2.003282 ^ input2/A (sg13g2_buf_1)
     3    0.015193    0.069580    0.092297    2.095579 ^ input2/X (sg13g2_buf_1)
                                                         net18 (net)
                      0.069580    0.000157    2.095736 ^ _128_/B_N (sg13g2_nor2b_1)
     2    0.013228    0.129788    0.165582    2.261318 ^ _128_/Y (sg13g2_nor2b_1)
                                                         _030_ (net)
                      0.129788    0.000019    2.261338 ^ fanout7/A (sg13g2_buf_1)
     4    0.015617    0.073146    0.135322    2.396660 ^ fanout7/X (sg13g2_buf_1)
                                                         net7 (net)
                      0.073146    0.000012    2.396671 ^ _139_/D (sg13g2_nand4_1)
     1    0.005184    0.098216    0.134675    2.531346 v _139_/Y (sg13g2_nand4_1)
                                                         _036_ (net)
                      0.098216    0.000034    2.531380 v _140_/A2 (sg13g2_a21o_1)
     1    0.003072    0.027946    0.138283    2.669663 v _140_/X (sg13g2_a21o_1)
                                                         _017_ (net)
                      0.027946    0.000013    2.669676 v hold17/A (sg13g2_dlygate4sd3_1)
     1    0.001544    0.032956    0.365998    3.035673 v hold17/X (sg13g2_dlygate4sd3_1)
                                                         net100 (net)
                      0.032956    0.000000    3.035674 v B[3]$_SDFFE_PP1P_/D (sg13g2_dfrbpq_1)
                                              3.035674   data arrival time

                                 10.000000   10.000000   clock clk (rise edge)
                                  0.000000   10.000000   clock source latency
     1    0.014354    0.030345    0.011855   10.011856 ^ clk (in)
                                                         clk (net)
                      0.030346    0.000000   10.011856 ^ clkbuf_0_clk/A (sg13g2_buf_8)
     4    0.045105    0.034859    0.078783   10.090639 ^ clkbuf_0_clk/X (sg13g2_buf_8)
                                                         clknet_0_clk (net)
                      0.034859    0.000161   10.090799 ^ clkbuf_2_1__f_clk/A (sg13g2_buf_8)
     7    0.026048    0.026520    0.073566   10.164366 ^ clkbuf_2_1__f_clk/X (sg13g2_buf_8)
                                                         clknet_2_1__leaf_clk (net)
                      0.026520    0.000044   10.164409 ^ B[3]$_SDFFE_PP1P_/CLK (sg13g2_dfrbpq_1)
                                 -0.250000    9.914409   clock uncertainty
                                  0.000000    9.914409   clock reconvergence pessimism
                                 -0.115627    9.798781   library setup time
                                              9.798781   data required time
---------------------------------------------------------------------------------------------
                                              9.798781   data required time
                                             -3.035674   data arrival time
---------------------------------------------------------------------------------------------
                                              6.763108   slack (MET)


Startpoint: Om (input port clocked by clk)
Endpoint: BN[3]$_SDFFE_PP1P_ (rising edge-triggered flip-flop clocked by clk)
Path Group: clk
Path Type: max

Fanout         Cap        Slew       Delay        Time   Description
---------------------------------------------------------------------------------------------
                                  0.000000    0.000000   clock clk (rise edge)
                                  0.000000    0.000000   clock network delay (propagated)
                                  2.000000    2.000000 ^ input external delay
     1    0.004013    0.021168    0.003282    2.003282 ^ Om (in)
                                                         Om (net)
                      0.021168    0.000000    2.003282 ^ input1/A (sg13g2_buf_1)
     3    0.014690    0.067587    0.090822    2.094104 ^ input1/X (sg13g2_buf_1)
                                                         net17 (net)
                      0.067587    0.000164    2.094268 ^ _096_/B_N (sg13g2_nor2b_1)
     2    0.011818    0.119030    0.156446    2.250714 ^ _096_/Y (sg13g2_nor2b_1)
                                                         _050_ (net)
                      0.119030    0.000020    2.250734 ^ fanout9/A (sg13g2_buf_1)
     4    0.016628    0.076813    0.135353    2.386086 ^ fanout9/X (sg13g2_buf_1)
                                                         net9 (net)
                      0.076813    0.000053    2.386139 ^ _113_/C (sg13g2_nand4_1)
     1    0.004852    0.095138    0.129482    2.515621 v _113_/Y (sg13g2_nand4_1)
                                                         _062_ (net)
                      0.095138    0.000028    2.515650 v _114_/A2 (sg13g2_a21o_1)
     1    0.003041    0.027825    0.137151    2.652800 v _114_/X (sg13g2_a21o_1)
                                                         _005_ (net)
                      0.027825    0.000013    2.652813 v hold10/A (sg13g2_dlygate4sd3_1)
     1    0.002188    0.034712    0.368173    3.020987 v hold10/X (sg13g2_dlygate4sd3_1)
                                                         net93 (net)
                      0.034712    0.000005    3.020992 v BN[3]$_SDFFE_PP1P_/D (sg13g2_dfrbpq_1)
                                              3.020992   data arrival time

                                 10.000000   10.000000   clock clk (rise edge)
                                  0.000000   10.000000   clock source latency
     1    0.014354    0.030345    0.011855   10.011856 ^ clk (in)
                                                         clk (net)
                      0.030346    0.000000   10.011856 ^ clkbuf_0_clk/A (sg13g2_buf_8)
     4    0.045105    0.034859    0.078783   10.090639 ^ clkbuf_0_clk/X (sg13g2_buf_8)
                                                         clknet_0_clk (net)
                      0.034859    0.000161   10.090799 ^ clkbuf_2_1__f_clk/A (sg13g2_buf_8)
     7    0.026048    0.026520    0.073566   10.164366 ^ clkbuf_2_1__f_clk/X (sg13g2_buf_8)
                                                         clknet_2_1__leaf_clk (net)
                      0.026520    0.000038   10.164404 ^ BN[3]$_SDFFE_PP1P_/CLK (sg13g2_dfrbpq_1)
                                 -0.250000    9.914404   clock uncertainty
                                  0.000000    9.914404   clock reconvergence pessimism
                                 -0.116260    9.798144   library setup time
                                              9.798144   data required time
---------------------------------------------------------------------------------------------
                                              9.798144   data required time
                                             -3.020992   data arrival time
---------------------------------------------------------------------------------------------
                                              6.777153   slack (MET)


Startpoint: Op (input port clocked by clk)
Endpoint: B[7]$_SDFFE_PP1P_ (rising edge-triggered flip-flop clocked by clk)
Path Group: clk
Path Type: max

Fanout         Cap        Slew       Delay        Time   Description
---------------------------------------------------------------------------------------------
                                  0.000000    0.000000   clock clk (rise edge)
                                  0.000000    0.000000   clock network delay (propagated)
                                  2.000000    2.000000 ^ input external delay
     1    0.004013    0.021168    0.003282    2.003282 ^ Op (in)
                                                         Op (net)
                      0.021168    0.000000    2.003282 ^ input2/A (sg13g2_buf_1)
     3    0.015193    0.069580    0.092297    2.095579 ^ input2/X (sg13g2_buf_1)
                                                         net18 (net)
                      0.069580    0.000157    2.095736 ^ _128_/B_N (sg13g2_nor2b_1)
     2    0.013228    0.129788    0.165582    2.261318 ^ _128_/Y (sg13g2_nor2b_1)
                                                         _030_ (net)
                      0.129788    0.000019    2.261338 ^ fanout7/A (sg13g2_buf_1)
     4    0.015617    0.073146    0.135322    2.396660 ^ fanout7/X (sg13g2_buf_1)
                                                         net7 (net)
                      0.073146    0.000028    2.396688 ^ _147_/D (sg13g2_nand4_1)
     1    0.003584    0.088223    0.121814    2.518502 v _147_/Y (sg13g2_nand4_1)
                                                         _040_ (net)
                      0.088223    0.000009    2.518511 v _148_/A2 (sg13g2_a21o_1)
     1    0.002572    0.026670    0.133012    2.651523 v _148_/X (sg13g2_a21o_1)
                                                         _021_ (net)
                      0.026670    0.000008    2.651531 v hold12/A (sg13g2_dlygate4sd3_1)
     1    0.001896    0.034033    0.366518    3.018048 v hold12/X (sg13g2_dlygate4sd3_1)
                                                         net95 (net)
                      0.034033    0.000003    3.018051 v B[7]$_SDFFE_PP1P_/D (sg13g2_dfrbpq_1)
                                              3.018051   data arrival time

                                 10.000000   10.000000   clock clk (rise edge)
                                  0.000000   10.000000   clock source latency
     1    0.014354    0.030345    0.011855   10.011856 ^ clk (in)
                                                         clk (net)
                      0.030346    0.000000   10.011856 ^ clkbuf_0_clk/A (sg13g2_buf_8)
     4    0.045105    0.034859    0.078783   10.090639 ^ clkbuf_0_clk/X (sg13g2_buf_8)
                                                         clknet_0_clk (net)
                      0.034860    0.000222   10.090861 ^ clkbuf_2_3__f_clk/A (sg13g2_buf_8)
     8    0.028838    0.027761    0.074659   10.165521 ^ clkbuf_2_3__f_clk/X (sg13g2_buf_8)
                                                         clknet_2_3__leaf_clk (net)
                      0.027761    0.000075   10.165595 ^ B[7]$_SDFFE_PP1P_/CLK (sg13g2_dfrbpq_1)
                                 -0.250000    9.915595   clock uncertainty
                                  0.000000    9.915595   clock reconvergence pessimism
                                 -0.115698    9.799896   library setup time
                                              9.799896   data required time
---------------------------------------------------------------------------------------------
                                              9.799896   data required time
                                             -3.018051   data arrival time
---------------------------------------------------------------------------------------------
                                              6.781846   slack (MET)


Startpoint: Om (input port clocked by clk)
Endpoint: BN[7]$_SDFFE_PP1P_ (rising edge-triggered flip-flop clocked by clk)
Path Group: clk
Path Type: max

Fanout         Cap        Slew       Delay        Time   Description
---------------------------------------------------------------------------------------------
                                  0.000000    0.000000   clock clk (rise edge)
                                  0.000000    0.000000   clock network delay (propagated)
                                  2.000000    2.000000 ^ input external delay
     1    0.004013    0.021168    0.003282    2.003282 ^ Om (in)
                                                         Om (net)
                      0.021168    0.000000    2.003282 ^ input1/A (sg13g2_buf_1)
     3    0.014690    0.067587    0.090822    2.094104 ^ input1/X (sg13g2_buf_1)
                                                         net17 (net)
                      0.067587    0.000164    2.094268 ^ _096_/B_N (sg13g2_nor2b_1)
     2    0.011818    0.119030    0.156446    2.250714 ^ _096_/Y (sg13g2_nor2b_1)
                                                         _050_ (net)
                      0.119030    0.000020    2.250734 ^ fanout9/A (sg13g2_buf_1)
     4    0.016628    0.076813    0.135353    2.386086 ^ fanout9/X (sg13g2_buf_1)
                                                         net9 (net)
                      0.076813    0.000015    2.386101 ^ _122_/C (sg13g2_nand4_1)
     1    0.003584    0.085074    0.119232    2.505333 v _122_/Y (sg13g2_nand4_1)
                                                         _067_ (net)
                      0.085074    0.000009    2.505342 v _123_/A2 (sg13g2_a21o_1)
     1    0.002907    0.027396    0.132722    2.638065 v _123_/X (sg13g2_a21o_1)
                                                         _009_ (net)
                      0.027396    0.000012    2.638077 v hold2/A (sg13g2_dlygate4sd3_1)
     1    0.001853    0.033900    0.366769    3.004845 v hold2/X (sg13g2_dlygate4sd3_1)
                                                         net85 (net)
                      0.033900    0.000002    3.004848 v BN[7]$_SDFFE_PP1P_/D (sg13g2_dfrbpq_1)
                                              3.004848   data arrival time

                                 10.000000   10.000000   clock clk (rise edge)
                                  0.000000   10.000000   clock source latency
     1    0.014354    0.030345    0.011855   10.011856 ^ clk (in)
                                                         clk (net)
                      0.030346    0.000000   10.011856 ^ clkbuf_0_clk/A (sg13g2_buf_8)
     4    0.045105    0.034859    0.078783   10.090639 ^ clkbuf_0_clk/X (sg13g2_buf_8)
                                                         clknet_0_clk (net)
                      0.034860    0.000222   10.090861 ^ clkbuf_2_3__f_clk/A (sg13g2_buf_8)
     8    0.028838    0.027761    0.074659   10.165521 ^ clkbuf_2_3__f_clk/X (sg13g2_buf_8)
                                                         clknet_2_3__leaf_clk (net)
                      0.027761    0.000083   10.165603 ^ BN[7]$_SDFFE_PP1P_/CLK (sg13g2_dfrbpq_1)
                                 -0.250000    9.915603   clock uncertainty
                                  0.000000    9.915603   clock reconvergence pessimism
                                 -0.115651    9.799953   library setup time
                                              9.799953   data required time
---------------------------------------------------------------------------------------------
                                              9.799953   data required time
                                             -3.004848   data arrival time
---------------------------------------------------------------------------------------------
                                              6.795104   slack (MET)


Startpoint: Om (input port clocked by clk)
Endpoint: BN[11]$_SDFFE_PP1P_ (rising edge-triggered flip-flop clocked by clk)
Path Group: clk
Path Type: max

Fanout         Cap        Slew       Delay        Time   Description
---------------------------------------------------------------------------------------------
                                  0.000000    0.000000   clock clk (rise edge)
                                  0.000000    0.000000   clock network delay (propagated)
                                  2.000000    2.000000 ^ input external delay
     1    0.004013    0.021168    0.003282    2.003282 ^ Om (in)
                                                         Om (net)
                      0.021168    0.000000    2.003282 ^ input1/A (sg13g2_buf_1)
     3    0.014690    0.067587    0.090822    2.094104 ^ input1/X (sg13g2_buf_1)
                                                         net17 (net)
                      0.067587    0.000164    2.094268 ^ _096_/B_N (sg13g2_nor2b_1)
     2    0.011818    0.119030    0.156446    2.250714 ^ _096_/Y (sg13g2_nor2b_1)
                                                         _050_ (net)
                      0.119030    0.000017    2.250731 ^ fanout8/A (sg13g2_buf_8)
     8    0.032542    0.033166    0.113389    2.364120 ^ fanout8/X (sg13g2_buf_8)
                                                         net8 (net)
                      0.033166    0.000086    2.364207 ^ _106_/C (sg13g2_nand4_1)
     1    0.005129    0.097707    0.116916    2.481122 v _106_/Y (sg13g2_nand4_1)
                                                         _058_ (net)
                      0.097707    0.000035    2.481157 v _107_/A2 (sg13g2_a21o_1)
     1    0.003318    0.028570    0.138854    2.620011 v _107_/X (sg13g2_a21o_1)
                                                         _002_ (net)
                      0.028570    0.000016    2.620026 v hold38/A (sg13g2_dlygate4sd3_1)
     1    0.002188    0.034712    0.368586    2.988612 v hold38/X (sg13g2_dlygate4sd3_1)
                                                         net121 (net)
                      0.034712    0.000005    2.988617 v BN[11]$_SDFFE_PP1P_/D (sg13g2_dfrbpq_1)
                                              2.988617   data arrival time

                                 10.000000   10.000000   clock clk (rise edge)
                                  0.000000   10.000000   clock source latency
     1    0.014354    0.030345    0.011855   10.011856 ^ clk (in)
                                                         clk (net)
                      0.030346    0.000000   10.011856 ^ clkbuf_0_clk/A (sg13g2_buf_8)
     4    0.045105    0.034859    0.078783   10.090639 ^ clkbuf_0_clk/X (sg13g2_buf_8)
                                                         clknet_0_clk (net)
                      0.034859    0.000161   10.090799 ^ clkbuf_2_1__f_clk/A (sg13g2_buf_8)
     7    0.026048    0.026520    0.073566   10.164366 ^ clkbuf_2_1__f_clk/X (sg13g2_buf_8)
                                                         clknet_2_1__leaf_clk (net)
                      0.026520    0.000020   10.164386 ^ BN[11]$_SDFFE_PP1P_/CLK (sg13g2_dfrbpq_1)
                                 -0.250000    9.914386   clock uncertainty
                                  0.000000    9.914386   clock reconvergence pessimism
                                 -0.116260    9.798126   library setup time
                                              9.798126   data required time
---------------------------------------------------------------------------------------------
                                              9.798126   data required time
                                             -2.988617   data arrival time
---------------------------------------------------------------------------------------------
                                              6.809509   slack (MET)


Startpoint: Op (input port clocked by clk)
Endpoint: B[6]$_SDFFE_PP1P_ (rising edge-triggered flip-flop clocked by clk)
Path Group: clk
Path Type: max

Fanout         Cap        Slew       Delay        Time   Description
---------------------------------------------------------------------------------------------
                                  0.000000    0.000000   clock clk (rise edge)
                                  0.000000    0.000000   clock network delay (propagated)
                                  2.000000    2.000000 ^ input external delay
     1    0.004013    0.021168    0.003282    2.003282 ^ Op (in)
                                                         Op (net)
                      0.021168    0.000000    2.003282 ^ input2/A (sg13g2_buf_1)
     3    0.015193    0.069580    0.092297    2.095579 ^ input2/X (sg13g2_buf_1)
                                                         net18 (net)
                      0.069580    0.000157    2.095736 ^ _128_/B_N (sg13g2_nor2b_1)
     2    0.013228    0.129788    0.165582    2.261318 ^ _128_/Y (sg13g2_nor2b_1)
                                                         _030_ (net)
                      0.129788    0.000019    2.261338 ^ fanout7/A (sg13g2_buf_1)
     4    0.015617    0.073146    0.135322    2.396660 ^ fanout7/X (sg13g2_buf_1)
                                                         net7 (net)
                      0.073146    0.000025    2.396684 ^ _145_/C (sg13g2_nand3_1)
     1    0.004002    0.073902    0.093804    2.490488 v _145_/Y (sg13g2_nand3_1)
                                                         _039_ (net)
                      0.073902    0.000016    2.490504 v _146_/A2 (sg13g2_a21o_1)
     1    0.003116    0.028075    0.128843    2.619347 v _146_/X (sg13g2_a21o_1)
                                                         _020_ (net)
                      0.028075    0.000013    2.619360 v hold34/A (sg13g2_dlygate4sd3_1)
     1    0.001975    0.034277    0.367573    2.986933 v hold34/X (sg13g2_dlygate4sd3_1)
                                                         net117 (net)
                      0.034277    0.000003    2.986936 v B[6]$_SDFFE_PP1P_/D (sg13g2_dfrbpq_1)
                                              2.986936   data arrival time

                                 10.000000   10.000000   clock clk (rise edge)
                                  0.000000   10.000000   clock source latency
     1    0.014354    0.030345    0.011855   10.011856 ^ clk (in)
                                                         clk (net)
                      0.030346    0.000000   10.011856 ^ clkbuf_0_clk/A (sg13g2_buf_8)
     4    0.045105    0.034859    0.078783   10.090639 ^ clkbuf_0_clk/X (sg13g2_buf_8)
                                                         clknet_0_clk (net)
                      0.034860    0.000222   10.090861 ^ clkbuf_2_3__f_clk/A (sg13g2_buf_8)
     8    0.028838    0.027761    0.074659   10.165521 ^ clkbuf_2_3__f_clk/X (sg13g2_buf_8)
                                                         clknet_2_3__leaf_clk (net)
                      0.027761    0.000058   10.165578 ^ B[6]$_SDFFE_PP1P_/CLK (sg13g2_dfrbpq_1)
                                 -0.250000    9.915578   clock uncertainty
                                  0.000000    9.915578   clock reconvergence pessimism
                                 -0.115786    9.799791   library setup time
                                              9.799791   data required time
---------------------------------------------------------------------------------------------
                                              9.799791   data required time
                                             -2.986936   data arrival time
---------------------------------------------------------------------------------------------
                                              6.812855   slack (MET)


Startpoint: Om (input port clocked by clk)
Endpoint: BN[6]$_SDFFE_PP1P_ (rising edge-triggered flip-flop clocked by clk)
Path Group: clk
Path Type: max

Fanout         Cap        Slew       Delay        Time   Description
---------------------------------------------------------------------------------------------
                                  0.000000    0.000000   clock clk (rise edge)
                                  0.000000    0.000000   clock network delay (propagated)
                                  2.000000    2.000000 ^ input external delay
     1    0.004013    0.021168    0.003282    2.003282 ^ Om (in)
                                                         Om (net)
                      0.021168    0.000000    2.003282 ^ input1/A (sg13g2_buf_1)
     3    0.014690    0.067587    0.090822    2.094104 ^ input1/X (sg13g2_buf_1)
                                                         net17 (net)
                      0.067587    0.000164    2.094268 ^ _096_/B_N (sg13g2_nor2b_1)
     2    0.011818    0.119030    0.156446    2.250714 ^ _096_/Y (sg13g2_nor2b_1)
                                                         _050_ (net)
                      0.119030    0.000020    2.250734 ^ fanout9/A (sg13g2_buf_1)
     4    0.016628    0.076813    0.135353    2.386086 ^ fanout9/X (sg13g2_buf_1)
                                                         net9 (net)
                      0.076813    0.000050    2.386137 ^ _120_/A (sg13g2_nand3_1)
     1    0.006197    0.081854    0.096527    2.482663 v _120_/Y (sg13g2_nand3_1)
                                                         _066_ (net)
                      0.081854    0.000055    2.482718 v _121_/A2 (sg13g2_a21o_1)
     1    0.001632    0.024303    0.127729    2.610447 v _121_/X (sg13g2_a21o_1)
                                                         _008_ (net)
                      0.024303    0.000000    2.610447 v hold28/A (sg13g2_dlygate4sd3_1)
     1    0.002771    0.036328    0.368259    2.978706 v hold28/X (sg13g2_dlygate4sd3_1)
                                                         net111 (net)
                      0.036328    0.000010    2.978716 v BN[6]$_SDFFE_PP1P_/D (sg13g2_dfrbpq_1)
                                              2.978716   data arrival time

                                 10.000000   10.000000   clock clk (rise edge)
                                  0.000000   10.000000   clock source latency
     1    0.014354    0.030345    0.011855   10.011856 ^ clk (in)
                                                         clk (net)
                      0.030346    0.000000   10.011856 ^ clkbuf_0_clk/A (sg13g2_buf_8)
     4    0.045105    0.034859    0.078783   10.090639 ^ clkbuf_0_clk/X (sg13g2_buf_8)
                                                         clknet_0_clk (net)
                      0.034860    0.000222   10.090861 ^ clkbuf_2_3__f_clk/A (sg13g2_buf_8)
     8    0.028838    0.027761    0.074659   10.165521 ^ clkbuf_2_3__f_clk/X (sg13g2_buf_8)
                                                         clknet_2_3__leaf_clk (net)
                      0.027761    0.000049   10.165569 ^ BN[6]$_SDFFE_PP1P_/CLK (sg13g2_dfrbpq_1)
                                 -0.250000    9.915569   clock uncertainty
                                  0.000000    9.915569   clock reconvergence pessimism
                                 -0.116526    9.799044   library setup time
                                              9.799044   data required time
---------------------------------------------------------------------------------------------
                                              9.799044   data required time
                                             -2.978716   data arrival time
---------------------------------------------------------------------------------------------
                                              6.820327   slack (MET)


Startpoint: Op (input port clocked by clk)
Endpoint: B[11]$_SDFFE_PP1P_ (rising edge-triggered flip-flop clocked by clk)
Path Group: clk
Path Type: max

Fanout         Cap        Slew       Delay        Time   Description
---------------------------------------------------------------------------------------------
                                  0.000000    0.000000   clock clk (rise edge)
                                  0.000000    0.000000   clock network delay (propagated)
                                  2.000000    2.000000 ^ input external delay
     1    0.004013    0.021168    0.003282    2.003282 ^ Op (in)
                                                         Op (net)
                      0.021168    0.000000    2.003282 ^ input2/A (sg13g2_buf_1)
     3    0.015193    0.069580    0.092297    2.095579 ^ input2/X (sg13g2_buf_1)
                                                         net18 (net)
                      0.069580    0.000157    2.095736 ^ _128_/B_N (sg13g2_nor2b_1)
     2    0.013228    0.129788    0.165582    2.261318 ^ _128_/Y (sg13g2_nor2b_1)
                                                         _030_ (net)
                      0.129788    0.000026    2.261345 ^ fanout6/A (sg13g2_buf_8)
     8    0.034534    0.034513    0.117653    2.378999 ^ fanout6/X (sg13g2_buf_8)
                                                         net6 (net)
                      0.034513    0.000134    2.379132 ^ _133_/D (sg13g2_nand4_1)
     1    0.003127    0.076664    0.105187    2.484319 v _133_/Y (sg13g2_nand4_1)
                                                         _033_ (net)
                      0.076664    0.000004    2.484323 v _134_/A2 (sg13g2_a21o_1)
     1    0.001631    0.024085    0.125648    2.609971 v _134_/X (sg13g2_a21o_1)
                                                         _014_ (net)
                      0.024085    0.000000    2.609972 v hold44/A (sg13g2_dlygate4sd3_1)
     1    0.002016    0.034400    0.365507    2.975478 v hold44/X (sg13g2_dlygate4sd3_1)
                                                         net127 (net)
                      0.034400    0.000004    2.975482 v B[11]$_SDFFE_PP1P_/D (sg13g2_dfrbpq_2)
                                              2.975482   data arrival time

                                 10.000000   10.000000   clock clk (rise edge)
                                  0.000000   10.000000   clock source latency
     1    0.014354    0.030345    0.011855   10.011856 ^ clk (in)
                                                         clk (net)
                      0.030346    0.000000   10.011856 ^ clkbuf_0_clk/A (sg13g2_buf_8)
     4    0.045105    0.034859    0.078783   10.090639 ^ clkbuf_0_clk/X (sg13g2_buf_8)
                                                         clknet_0_clk (net)
                      0.034859    0.000195   10.090834 ^ clkbuf_2_2__f_clk/A (sg13g2_buf_8)
     8    0.029379    0.028000    0.074867   10.165701 ^ clkbuf_2_2__f_clk/X (sg13g2_buf_8)
                                                         clknet_2_2__leaf_clk (net)
                      0.028000    0.000017   10.165717 ^ B[11]$_SDFFE_PP1P_/CLK (sg13g2_dfrbpq_2)
                                 -0.250000    9.915717   clock uncertainty
                                  0.000000    9.915717   clock reconvergence pessimism
                                 -0.115770    9.799948   library setup time
                                              9.799948   data required time
---------------------------------------------------------------------------------------------
                                              9.799948   data required time
                                             -2.975482   data arrival time
---------------------------------------------------------------------------------------------
                                              6.824466   slack (MET)


Startpoint: Op (input port clocked by clk)
Endpoint: B[2]$_SDFFE_PP1P_ (rising edge-triggered flip-flop clocked by clk)
Path Group: clk
Path Type: max

Fanout         Cap        Slew       Delay        Time   Description
---------------------------------------------------------------------------------------------
                                  0.000000    0.000000   clock clk (rise edge)
                                  0.000000    0.000000   clock network delay (propagated)
                                  2.000000    2.000000 ^ input external delay
     1    0.004013    0.021168    0.003282    2.003282 ^ Op (in)
                                                         Op (net)
                      0.021168    0.000000    2.003282 ^ input2/A (sg13g2_buf_1)
     3    0.015193    0.069580    0.092297    2.095579 ^ input2/X (sg13g2_buf_1)
                                                         net18 (net)
                      0.069580    0.000157    2.095736 ^ _128_/B_N (sg13g2_nor2b_1)
     2    0.013228    0.129788    0.165582    2.261318 ^ _128_/Y (sg13g2_nor2b_1)
                                                         _030_ (net)
                      0.129788    0.000019    2.261338 ^ fanout7/A (sg13g2_buf_1)
     4    0.015617    0.073146    0.135322    2.396660 ^ fanout7/X (sg13g2_buf_1)
                                                         net7 (net)
                      0.073146    0.000038    2.396698 ^ _137_/C (sg13g2_nand3_1)
     1    0.003347    0.062579    0.089737    2.486435 v _137_/Y (sg13g2_nand3_1)
                                                         _035_ (net)
                      0.062579    0.000007    2.486442 v _138_/A2 (sg13g2_a21o_1)
     1    0.001913    0.025108    0.120817    2.607259 v _138_/X (sg13g2_a21o_1)
                                                         _016_ (net)
                      0.025108    0.000003    2.607262 v hold23/A (sg13g2_dlygate4sd3_1)
     1    0.001939    0.034166    0.365806    2.973068 v hold23/X (sg13g2_dlygate4sd3_1)
                                                         net106 (net)
                      0.034166    0.000003    2.973071 v B[2]$_SDFFE_PP1P_/D (sg13g2_dfrbpq_1)
                                              2.973071   data arrival time

                                 10.000000   10.000000   clock clk (rise edge)
                                  0.000000   10.000000   clock source latency
     1    0.014354    0.030345    0.011855   10.011856 ^ clk (in)
                                                         clk (net)
                      0.030346    0.000000   10.011856 ^ clkbuf_0_clk/A (sg13g2_buf_8)
     4    0.045105    0.034859    0.078783   10.090639 ^ clkbuf_0_clk/X (sg13g2_buf_8)
                                                         clknet_0_clk (net)
                      0.034860    0.000222   10.090861 ^ clkbuf_2_3__f_clk/A (sg13g2_buf_8)
     8    0.028838    0.027761    0.074659   10.165521 ^ clkbuf_2_3__f_clk/X (sg13g2_buf_8)
                                                         clknet_2_3__leaf_clk (net)
                      0.027761    0.000033   10.165553 ^ B[2]$_SDFFE_PP1P_/CLK (sg13g2_dfrbpq_1)
                                 -0.250000    9.915553   clock uncertainty
                                  0.000000    9.915553   clock reconvergence pessimism
                                 -0.115746    9.799807   library setup time
                                              9.799807   data required time
---------------------------------------------------------------------------------------------
                                              9.799807   data required time
                                             -2.973071   data arrival time
---------------------------------------------------------------------------------------------
                                              6.826736   slack (MET)


Startpoint: B[11]$_SDFFE_PP1P_ (rising edge-triggered flip-flop clocked by clk)
Endpoint: B[11] (output port clocked by clk)
Path Group: clk
Path Type: max

Fanout         Cap        Slew       Delay        Time   Description
---------------------------------------------------------------------------------------------
                                  0.000000    0.000000   clock clk (rise edge)
                                  0.000000    0.000000   clock source latency
     1    0.014354    0.030345    0.011855    0.011855 ^ clk (in)
                                                         clk (net)
                      0.030346    0.000000    0.011855 ^ clkbuf_0_clk/A (sg13g2_buf_8)
     4    0.045105    0.034859    0.078783    0.090638 ^ clkbuf_0_clk/X (sg13g2_buf_8)
                                                         clknet_0_clk (net)
                      0.034859    0.000195    0.090834 ^ clkbuf_2_2__f_clk/A (sg13g2_buf_8)
     8    0.029379    0.028000    0.074867    0.165701 ^ clkbuf_2_2__f_clk/X (sg13g2_buf_8)
                                                         clknet_2_2__leaf_clk (net)
                      0.028000    0.000016    0.165717 ^ B[11]$_SDFFE_PP1P_/CLK (sg13g2_dfrbpq_2)
     2    0.010915    0.030269    0.184819    0.350536 v B[11]$_SDFFE_PP1P_/Q (sg13g2_dfrbpq_2)
                                                         net10 (net)
                      0.030269    0.000003    0.350539 v hold43/A (sg13g2_dlygate4sd3_1)
     1    0.008890    0.055461    0.392900    0.743439 v hold43/X (sg13g2_dlygate4sd3_1)
                                                         net126 (net)
                      0.055461    0.000015    0.743454 v fanout10/A (sg13g2_buf_8)
     8    0.048501    0.033391    0.097304    0.840758 v fanout10/X (sg13g2_buf_8)
                                                         net33 (net)
                      0.033391    0.000153    0.840912 v output17/A (sg13g2_buf_1)
     1    0.007028    0.031215    0.073829    0.914740 v output17/X (sg13g2_buf_1)
                                                         B[11] (net)
                      0.031215    0.000025    0.914766 v B[11] (out)
                                              0.914766   data arrival time

                                 10.000000   10.000000   clock clk (rise edge)
                                  0.000000   10.000000   clock network delay (propagated)
                                 -0.250000    9.750000   clock uncertainty
                                  0.000000    9.750000   clock reconvergence pessimism
                                 -2.000000    7.750000   output external delay
                                              7.750000   data required time
---------------------------------------------------------------------------------------------
                                              7.750000   data required time
                                             -0.914766   data arrival time
---------------------------------------------------------------------------------------------
                                              6.835234   slack (MET)


Startpoint: Op (input port clocked by clk)
Endpoint: B[9]$_SDFFE_PP1P_ (rising edge-triggered flip-flop clocked by clk)
Path Group: clk
Path Type: max

Fanout         Cap        Slew       Delay        Time   Description
---------------------------------------------------------------------------------------------
                                  0.000000    0.000000   clock clk (rise edge)
                                  0.000000    0.000000   clock network delay (propagated)
                                  2.000000    2.000000 ^ input external delay
     1    0.004013    0.021168    0.003282    2.003282 ^ Op (in)
                                                         Op (net)
                      0.021168    0.000000    2.003282 ^ input2/A (sg13g2_buf_1)
     3    0.015193    0.069580    0.092297    2.095579 ^ input2/X (sg13g2_buf_1)
                                                         net18 (net)
                      0.069580    0.000157    2.095736 ^ _128_/B_N (sg13g2_nor2b_1)
     2    0.013228    0.129788    0.165582    2.261318 ^ _128_/Y (sg13g2_nor2b_1)
                                                         _030_ (net)
                      0.129788    0.000026    2.261345 ^ fanout6/A (sg13g2_buf_8)
     8    0.034534    0.034513    0.117653    2.378999 ^ fanout6/X (sg13g2_buf_8)
                                                         net6 (net)
                      0.034513    0.000213    2.379211 ^ _151_/C (sg13g2_nand3_1)
     1    0.004999    0.072673    0.086757    2.465968 v _151_/Y (sg13g2_nand3_1)
                                                         _042_ (net)
                      0.072673    0.000033    2.466001 v _152_/A2 (sg13g2_a21o_1)
     1    0.002655    0.027001    0.127015    2.593016 v _152_/X (sg13g2_a21o_1)
                                                         _023_ (net)
                      0.027001    0.000009    2.593025 v hold32/A (sg13g2_dlygate4sd3_1)
     1    0.001588    0.033089    0.365626    2.958651 v hold32/X (sg13g2_dlygate4sd3_1)
                                                         net115 (net)
                      0.033089    0.000000    2.958652 v B[9]$_SDFFE_PP1P_/D (sg13g2_dfrbpq_1)
                                              2.958652   data arrival time

                                 10.000000   10.000000   clock clk (rise edge)
                                  0.000000   10.000000   clock source latency
     1    0.014354    0.030345    0.011855   10.011856 ^ clk (in)
                                                         clk (net)
                      0.030346    0.000000   10.011856 ^ clkbuf_0_clk/A (sg13g2_buf_8)
     4    0.045105    0.034859    0.078783   10.090639 ^ clkbuf_0_clk/X (sg13g2_buf_8)
                                                         clknet_0_clk (net)
                      0.034859    0.000195   10.090834 ^ clkbuf_2_2__f_clk/A (sg13g2_buf_8)
     8    0.029379    0.028000    0.074867   10.165701 ^ clkbuf_2_2__f_clk/X (sg13g2_buf_8)
                                                         clknet_2_2__leaf_clk (net)
                      0.028000    0.000110   10.165811 ^ B[9]$_SDFFE_PP1P_/CLK (sg13g2_dfrbpq_1)
                                 -0.250000    9.915811   clock uncertainty
                                  0.000000    9.915811   clock reconvergence pessimism
                                 -0.115297    9.800513   library setup time
                                              9.800513   data required time
---------------------------------------------------------------------------------------------
                                              9.800513   data required time
                                             -2.958652   data arrival time
---------------------------------------------------------------------------------------------
                                              6.841862   slack (MET)


Startpoint: Op (input port clocked by clk)
Endpoint: B[5]$_SDFFE_PP1P_ (rising edge-triggered flip-flop clocked by clk)
Path Group: clk
Path Type: max

Fanout         Cap        Slew       Delay        Time   Description
---------------------------------------------------------------------------------------------
                                  0.000000    0.000000   clock clk (rise edge)
                                  0.000000    0.000000   clock network delay (propagated)
                                  2.000000    2.000000 ^ input external delay
     1    0.004013    0.021168    0.003282    2.003282 ^ Op (in)
                                                         Op (net)
                      0.021168    0.000000    2.003282 ^ input2/A (sg13g2_buf_1)
     3    0.015193    0.069580    0.092297    2.095579 ^ input2/X (sg13g2_buf_1)
                                                         net18 (net)
                      0.069580    0.000157    2.095736 ^ _128_/B_N (sg13g2_nor2b_1)
     2    0.013228    0.129788    0.165582    2.261318 ^ _128_/Y (sg13g2_nor2b_1)
                                                         _030_ (net)
                      0.129788    0.000026    2.261345 ^ fanout6/A (sg13g2_buf_8)
     8    0.034534    0.034513    0.117653    2.378999 ^ fanout6/X (sg13g2_buf_8)
                                                         net6 (net)
                      0.034513    0.000185    2.379183 ^ _143_/C (sg13g2_nand3_1)
     1    0.003000    0.066425    0.074589    2.453772 v _143_/Y (sg13g2_nand3_1)
                                                         _038_ (net)
                      0.066425    0.000002    2.453775 v _144_/A2 (sg13g2_a21o_1)
     1    0.002172    0.025743    0.123107    2.576882 v _144_/X (sg13g2_a21o_1)
                                                         _019_ (net)
                      0.025743    0.000004    2.576886 v hold21/A (sg13g2_dlygate4sd3_1)
     1    0.002144    0.034590    0.366871    2.943757 v hold21/X (sg13g2_dlygate4sd3_1)
                                                         net104 (net)
                      0.034590    0.000004    2.943762 v B[5]$_SDFFE_PP1P_/D (sg13g2_dfrbpq_1)
                                              2.943762   data arrival time

                                 10.000000   10.000000   clock clk (rise edge)
                                  0.000000   10.000000   clock source latency
     1    0.014354    0.030345    0.011855   10.011856 ^ clk (in)
                                                         clk (net)
                      0.030346    0.000000   10.011856 ^ clkbuf_0_clk/A (sg13g2_buf_8)
     4    0.045105    0.034859    0.078783   10.090639 ^ clkbuf_0_clk/X (sg13g2_buf_8)
                                                         clknet_0_clk (net)
                      0.034859    0.000195   10.090834 ^ clkbuf_2_2__f_clk/A (sg13g2_buf_8)
     8    0.029379    0.028000    0.074867   10.165701 ^ clkbuf_2_2__f_clk/X (sg13g2_buf_8)
                                                         clknet_2_2__leaf_clk (net)
                      0.028000    0.000031   10.165731 ^ B[5]$_SDFFE_PP1P_/CLK (sg13g2_dfrbpq_1)
                                 -0.250000    9.915731   clock uncertainty
                                  0.000000    9.915731   clock reconvergence pessimism
                                 -0.115838    9.799893   library setup time
                                              9.799893   data required time
---------------------------------------------------------------------------------------------
                                              9.799893   data required time
                                             -2.943762   data arrival time
---------------------------------------------------------------------------------------------
                                              6.856132   slack (MET)


Startpoint: Op (input port clocked by clk)
Endpoint: B[4]$_SDFFE_PP1P_ (rising edge-triggered flip-flop clocked by clk)
Path Group: clk
Path Type: max

Fanout         Cap        Slew       Delay        Time   Description
---------------------------------------------------------------------------------------------
                                  0.000000    0.000000   clock clk (rise edge)
                                  0.000000    0.000000   clock network delay (propagated)
                                  2.000000    2.000000 ^ input external delay
     1    0.004013    0.021168    0.003282    2.003282 ^ Op (in)
                                                         Op (net)
                      0.021168    0.000000    2.003282 ^ input2/A (sg13g2_buf_1)
     3    0.015193    0.069580    0.092297    2.095579 ^ input2/X (sg13g2_buf_1)
                                                         net18 (net)
                      0.069580    0.000157    2.095736 ^ _128_/B_N (sg13g2_nor2b_1)
     2    0.013228    0.129788    0.165582    2.261318 ^ _128_/Y (sg13g2_nor2b_1)
                                                         _030_ (net)
                      0.129788    0.000026    2.261345 ^ fanout6/A (sg13g2_buf_8)
     8    0.034534    0.034513    0.117653    2.378999 ^ fanout6/X (sg13g2_buf_8)
                                                         net6 (net)
                      0.034513    0.000121    2.379119 ^ _141_/C (sg13g2_nand3_1)
     1    0.003000    0.069349    0.074589    2.453708 v _141_/Y (sg13g2_nand3_1)
                                                         _037_ (net)
                      0.069349    0.000002    2.453710 v _142_/A2 (sg13g2_a21o_1)
     1    0.001631    0.024023    0.122715    2.576426 v _142_/X (sg13g2_a21o_1)
                                                         _018_ (net)
                      0.024023    0.000000    2.576427 v hold6/A (sg13g2_dlygate4sd3_1)
     1    0.001544    0.032956    0.363827    2.940254 v hold6/X (sg13g2_dlygate4sd3_1)
                                                         net89 (net)
                      0.032956    0.000000    2.940254 v B[4]$_SDFFE_PP1P_/D (sg13g2_dfrbpq_1)
                                              2.940254   data arrival time

                                 10.000000   10.000000   clock clk (rise edge)
                                  0.000000   10.000000   clock source latency
     1    0.014354    0.030345    0.011855   10.011856 ^ clk (in)
                                                         clk (net)
                      0.030346    0.000000   10.011856 ^ clkbuf_0_clk/A (sg13g2_buf_8)
     4    0.045105    0.034859    0.078783   10.090639 ^ clkbuf_0_clk/X (sg13g2_buf_8)
                                                         clknet_0_clk (net)
                      0.034859    0.000147   10.090785 ^ clkbuf_2_0__f_clk/A (sg13g2_buf_8)
     8    0.028898    0.027788    0.074683   10.165469 ^ clkbuf_2_0__f_clk/X (sg13g2_buf_8)
                                                         clknet_2_0__leaf_clk (net)
                      0.027788    0.000055   10.165524 ^ B[4]$_SDFFE_PP1P_/CLK (sg13g2_dfrbpq_1)
                                 -0.250000    9.915524   clock uncertainty
                                  0.000000    9.915524   clock reconvergence pessimism
                                 -0.115304    9.800220   library setup time
                                              9.800220   data required time
---------------------------------------------------------------------------------------------
                                              9.800220   data required time
                                             -2.940254   data arrival time
---------------------------------------------------------------------------------------------
                                              6.859966   slack (MET)


Startpoint: Om (input port clocked by clk)
Endpoint: BN[9]$_SDFFE_PP1P_ (rising edge-triggered flip-flop clocked by clk)
Path Group: clk
Path Type: max

Fanout         Cap        Slew       Delay        Time   Description
---------------------------------------------------------------------------------------------
                                  0.000000    0.000000   clock clk (rise edge)
                                  0.000000    0.000000   clock network delay (propagated)
                                  2.000000    2.000000 ^ input external delay
     1    0.004013    0.021168    0.003282    2.003282 ^ Om (in)
                                                         Om (net)
                      0.021168    0.000000    2.003282 ^ input1/A (sg13g2_buf_1)
     3    0.014690    0.067587    0.090822    2.094104 ^ input1/X (sg13g2_buf_1)
                                                         net17 (net)
                      0.067587    0.000164    2.094268 ^ _096_/B_N (sg13g2_nor2b_1)
     2    0.011818    0.119030    0.156446    2.250714 ^ _096_/Y (sg13g2_nor2b_1)
                                                         _050_ (net)
                      0.119030    0.000017    2.250731 ^ fanout8/A (sg13g2_buf_8)
     8    0.032542    0.033166    0.113389    2.364120 ^ fanout8/X (sg13g2_buf_8)
                                                         net8 (net)
                      0.033166    0.000212    2.364332 ^ _126_/A (sg13g2_nand3_1)
     1    0.004495    0.065499    0.070279    2.434611 v _126_/Y (sg13g2_nand3_1)
                                                         _029_ (net)
                      0.065499    0.000023    2.434634 v _127_/A2 (sg13g2_a21o_1)
     1    0.002239    0.025920    0.122932    2.557566 v _127_/X (sg13g2_a21o_1)
                                                         _011_ (net)
                      0.025920    0.000005    2.557571 v hold30/A (sg13g2_dlygate4sd3_1)
     1    0.002311    0.035056    0.367550    2.925121 v hold30/X (sg13g2_dlygate4sd3_1)
                                                         net113 (net)
                      0.035056    0.000006    2.925127 v BN[9]$_SDFFE_PP1P_/D (sg13g2_dfrbpq_1)
                                              2.925127   data arrival time

                                 10.000000   10.000000   clock clk (rise edge)
                                  0.000000   10.000000   clock source latency
     1    0.014354    0.030345    0.011855   10.011856 ^ clk (in)
                                                         clk (net)
                      0.030346    0.000000   10.011856 ^ clkbuf_0_clk/A (sg13g2_buf_8)
     4    0.045105    0.034859    0.078783   10.090639 ^ clkbuf_0_clk/X (sg13g2_buf_8)
                                                         clknet_0_clk (net)
                      0.034859    0.000195   10.090834 ^ clkbuf_2_2__f_clk/A (sg13g2_buf_8)
     8    0.029379    0.028000    0.074867   10.165701 ^ clkbuf_2_2__f_clk/X (sg13g2_buf_8)
                                                         clknet_2_2__leaf_clk (net)
                      0.028000    0.000101   10.165802 ^ BN[9]$_SDFFE_PP1P_/CLK (sg13g2_dfrbpq_1)
                                 -0.250000    9.915802   clock uncertainty
                                  0.000000    9.915802   clock reconvergence pessimism
                                 -0.116006    9.799796   library setup time
                                              9.799796   data required time
---------------------------------------------------------------------------------------------
                                              9.799796   data required time
                                             -2.925127   data arrival time
---------------------------------------------------------------------------------------------
                                              6.874669   slack (MET)


Startpoint: Om (input port clocked by clk)
Endpoint: BN[4]$_SDFFE_PP1P_ (rising edge-triggered flip-flop clocked by clk)
Path Group: clk
Path Type: max

Fanout         Cap        Slew       Delay        Time   Description
---------------------------------------------------------------------------------------------
                                  0.000000    0.000000   clock clk (rise edge)
                                  0.000000    0.000000   clock network delay (propagated)
                                  2.000000    2.000000 ^ input external delay
     1    0.004013    0.021168    0.003282    2.003282 ^ Om (in)
                                                         Om (net)
                      0.021168    0.000000    2.003282 ^ input1/A (sg13g2_buf_1)
     3    0.014690    0.067587    0.090822    2.094104 ^ input1/X (sg13g2_buf_1)
                                                         net17 (net)
                      0.067587    0.000164    2.094268 ^ _096_/B_N (sg13g2_nor2b_1)
     2    0.011818    0.119030    0.156446    2.250714 ^ _096_/Y (sg13g2_nor2b_1)
                                                         _050_ (net)
                      0.119030    0.000017    2.250731 ^ fanout8/A (sg13g2_buf_8)
     8    0.032542    0.033166    0.113389    2.364120 ^ fanout8/X (sg13g2_buf_8)
                                                         net8 (net)
                      0.033166    0.000207    2.364327 ^ _116_/A (sg13g2_nand3_1)
     1    0.004010    0.070926    0.067288    2.431615 v _116_/Y (sg13g2_nand3_1)
                                                         _064_ (net)
                      0.070926    0.000015    2.431630 v _117_/A2 (sg13g2_a21o_1)
     1    0.001631    0.024418    0.123348    2.554977 v _117_/X (sg13g2_a21o_1)
                                                         _006_ (net)
                      0.024418    0.000000    2.554978 v hold14/A (sg13g2_dlygate4sd3_1)
     1    0.001805    0.033754    0.364955    2.919932 v hold14/X (sg13g2_dlygate4sd3_1)
                                                         net97 (net)
                      0.033754    0.000002    2.919935 v BN[4]$_SDFFE_PP1P_/D (sg13g2_dfrbpq_1)
                                              2.919935   data arrival time

                                 10.000000   10.000000   clock clk (rise edge)
                                  0.000000   10.000000   clock source latency
     1    0.014354    0.030345    0.011855   10.011856 ^ clk (in)
                                                         clk (net)
                      0.030346    0.000000   10.011856 ^ clkbuf_0_clk/A (sg13g2_buf_8)
     4    0.045105    0.034859    0.078783   10.090639 ^ clkbuf_0_clk/X (sg13g2_buf_8)
                                                         clknet_0_clk (net)
                      0.034859    0.000147   10.090785 ^ clkbuf_2_0__f_clk/A (sg13g2_buf_8)
     8    0.028898    0.027788    0.074683   10.165469 ^ clkbuf_2_0__f_clk/X (sg13g2_buf_8)
                                                         clknet_2_0__leaf_clk (net)
                      0.027788    0.000065   10.165534 ^ BN[4]$_SDFFE_PP1P_/CLK (sg13g2_dfrbpq_1)
                                 -0.250000    9.915534   clock uncertainty
                                  0.000000    9.915534   clock reconvergence pessimism
                                 -0.115591    9.799942   library setup time
                                              9.799942   data required time
---------------------------------------------------------------------------------------------
                                              9.799942   data required time
                                             -2.919935   data arrival time
---------------------------------------------------------------------------------------------
                                              6.880008   slack (MET)


Startpoint: Om (input port clocked by clk)
Endpoint: BN[5]$_SDFFE_PP1P_ (rising edge-triggered flip-flop clocked by clk)
Path Group: clk
Path Type: max

Fanout         Cap        Slew       Delay        Time   Description
---------------------------------------------------------------------------------------------
                                  0.000000    0.000000   clock clk (rise edge)
                                  0.000000    0.000000   clock network delay (propagated)
                                  2.000000    2.000000 ^ input external delay
     1    0.004013    0.021168    0.003282    2.003282 ^ Om (in)
                                                         Om (net)
                      0.021168    0.000000    2.003282 ^ input1/A (sg13g2_buf_1)
     3    0.014690    0.067587    0.090822    2.094104 ^ input1/X (sg13g2_buf_1)
                                                         net17 (net)
                      0.067587    0.000164    2.094268 ^ _096_/B_N (sg13g2_nor2b_1)
     2    0.011818    0.119030    0.156446    2.250714 ^ _096_/Y (sg13g2_nor2b_1)
                                                         _050_ (net)
                      0.119030    0.000017    2.250731 ^ fanout8/A (sg13g2_buf_8)
     8    0.032542    0.033166    0.113389    2.364120 ^ fanout8/X (sg13g2_buf_8)
                                                         net8 (net)
                      0.033166    0.000226    2.364346 ^ _118_/A (sg13g2_nand3_1)
     1    0.003303    0.062729    0.062924    2.427271 v _118_/Y (sg13g2_nand3_1)
                                                         _065_ (net)
                      0.062729    0.000006    2.427277 v _119_/A2 (sg13g2_a21o_1)
     1    0.003073    0.028077    0.124232    2.551509 v _119_/X (sg13g2_a21o_1)
                                                         _007_ (net)
                      0.028077    0.000013    2.551522 v hold36/A (sg13g2_dlygate4sd3_1)
     1    0.001932    0.034144    0.367423    2.918945 v hold36/X (sg13g2_dlygate4sd3_1)
                                                         net119 (net)
                      0.034144    0.000003    2.918948 v BN[5]$_SDFFE_PP1P_/D (sg13g2_dfrbpq_1)
                                              2.918948   data arrival time

                                 10.000000   10.000000   clock clk (rise edge)
                                  0.000000   10.000000   clock source latency
     1    0.014354    0.030345    0.011855   10.011856 ^ clk (in)
                                                         clk (net)
                      0.030346    0.000000   10.011856 ^ clkbuf_0_clk/A (sg13g2_buf_8)
     4    0.045105    0.034859    0.078783   10.090639 ^ clkbuf_0_clk/X (sg13g2_buf_8)
                                                         clknet_0_clk (net)
                      0.034859    0.000195   10.090834 ^ clkbuf_2_2__f_clk/A (sg13g2_buf_8)
     8    0.029379    0.028000    0.074867   10.165701 ^ clkbuf_2_2__f_clk/X (sg13g2_buf_8)
                                                         clknet_2_2__leaf_clk (net)
                      0.028000    0.000044   10.165744 ^ BN[5]$_SDFFE_PP1P_/CLK (sg13g2_dfrbpq_1)
                                 -0.250000    9.915744   clock uncertainty
                                  0.000000    9.915744   clock reconvergence pessimism
                                 -0.115678    9.800067   library setup time
                                              9.800067   data required time
---------------------------------------------------------------------------------------------
                                              9.800067   data required time
                                             -2.918948   data arrival time
---------------------------------------------------------------------------------------------
                                              6.881119   slack (MET)


Startpoint: Om (input port clocked by clk)
Endpoint: BN[8]$_SDFFE_PP1P_ (rising edge-triggered flip-flop clocked by clk)
Path Group: clk
Path Type: max

Fanout         Cap        Slew       Delay        Time   Description
---------------------------------------------------------------------------------------------
                                  0.000000    0.000000   clock clk (rise edge)
                                  0.000000    0.000000   clock network delay (propagated)
                                  2.000000    2.000000 ^ input external delay
     1    0.004013    0.021168    0.003282    2.003282 ^ Om (in)
                                                         Om (net)
                      0.021168    0.000000    2.003282 ^ input1/A (sg13g2_buf_1)
     3    0.014690    0.067587    0.090822    2.094104 ^ input1/X (sg13g2_buf_1)
                                                         net17 (net)
                      0.067587    0.000164    2.094268 ^ _096_/B_N (sg13g2_nor2b_1)
     2    0.011818    0.119030    0.156446    2.250714 ^ _096_/Y (sg13g2_nor2b_1)
                                                         _050_ (net)
                      0.119030    0.000017    2.250731 ^ fanout8/A (sg13g2_buf_8)
     8    0.032542    0.033166    0.113389    2.364120 ^ fanout8/X (sg13g2_buf_8)
                                                         net8 (net)
                      0.033166    0.000218    2.364339 ^ _124_/A (sg13g2_nand3_1)
     1    0.003743    0.068925    0.065643    2.429982 v _124_/Y (sg13g2_nand3_1)
                                                         _028_ (net)
                      0.068925    0.000012    2.429994 v _125_/A2 (sg13g2_a21o_1)
     1    0.001983    0.025027    0.123563    2.553557 v _125_/X (sg13g2_a21o_1)
                                                         _010_ (net)
                      0.025027    0.000003    2.553560 v hold8/A (sg13g2_dlygate4sd3_1)
     1    0.001544    0.032956    0.364384    2.917943 v hold8/X (sg13g2_dlygate4sd3_1)
                                                         net91 (net)
                      0.032956    0.000000    2.917944 v BN[8]$_SDFFE_PP1P_/D (sg13g2_dfrbpq_1)
                                              2.917944   data arrival time

                                 10.000000   10.000000   clock clk (rise edge)
                                  0.000000   10.000000   clock source latency
     1    0.014354    0.030345    0.011855   10.011856 ^ clk (in)
                                                         clk (net)
                      0.030346    0.000000   10.011856 ^ clkbuf_0_clk/A (sg13g2_buf_8)
     4    0.045105    0.034859    0.078783   10.090639 ^ clkbuf_0_clk/X (sg13g2_buf_8)
                                                         clknet_0_clk (net)
                      0.034859    0.000147   10.090785 ^ clkbuf_2_0__f_clk/A (sg13g2_buf_8)
     8    0.028898    0.027788    0.074683   10.165469 ^ clkbuf_2_0__f_clk/X (sg13g2_buf_8)
                                                         clknet_2_0__leaf_clk (net)
                      0.027788    0.000057   10.165525 ^ BN[8]$_SDFFE_PP1P_/CLK (sg13g2_dfrbpq_1)
                                 -0.250000    9.915525   clock uncertainty
                                  0.000000    9.915525   clock reconvergence pessimism
                                 -0.115304    9.800222   library setup time
                                              9.800222   data required time
---------------------------------------------------------------------------------------------
                                              9.800222   data required time
                                             -2.917944   data arrival time
---------------------------------------------------------------------------------------------
                                              6.882278   slack (MET)


Startpoint: Op (input port clocked by clk)
Endpoint: dbit[2]$_SDFFE_PP0P_ (rising edge-triggered flip-flop clocked by clk)
Path Group: clk
Path Type: max

Fanout         Cap        Slew       Delay        Time   Description
---------------------------------------------------------------------------------------------
                                  0.000000    0.000000   clock clk (rise edge)
                                  0.000000    0.000000   clock network delay (propagated)
                                  2.000000    2.000000 v input external delay
     1    0.003954    0.017873    0.002749    2.002749 v Op (in)
                                                         Op (net)
                      0.017873    0.000000    2.002749 v input2/A (sg13g2_buf_1)
     3    0.014918    0.054363    0.086585    2.089334 v input2/X (sg13g2_buf_1)
                                                         net18 (net)
                      0.054363    0.000125    2.089459 v _165_/A (sg13g2_xnor2_1)
     6    0.019225    0.131111    0.166287    2.255746 v _165_/Y (sg13g2_xnor2_1)
                                                         _043_ (net)
                      0.131111    0.000044    2.255790 v _172_/A_N (sg13g2_nand3b_1)
     2    0.007632    0.096331    0.157217    2.413007 v _172_/Y (sg13g2_nand3b_1)
                                                         _048_ (net)
                      0.096331    0.000028    2.413034 v _174_/A1 (sg13g2_a21oi_1)
     1    0.002759    0.052441    0.083430    2.496464 ^ _174_/Y (sg13g2_a21oi_1)
                                                         _026_ (net)
                      0.052441    0.000010    2.496474 ^ hold40/A (sg13g2_dlygate4sd3_1)
     1    0.001903    0.030905    0.365815    2.862288 ^ hold40/X (sg13g2_dlygate4sd3_1)
                                                         net123 (net)
                      0.030905    0.000003    2.862291 ^ dbit[2]$_SDFFE_PP0P_/D (sg13g2_dfrbpq_2)
                                              2.862291   data arrival time

                                 10.000000   10.000000   clock clk (rise edge)
                                  0.000000   10.000000   clock source latency
     1    0.014354    0.030345    0.011855   10.011856 ^ clk (in)
                                                         clk (net)
                      0.030346    0.000000   10.011856 ^ clkbuf_0_clk/A (sg13g2_buf_8)
     4    0.045105    0.034859    0.078783   10.090639 ^ clkbuf_0_clk/X (sg13g2_buf_8)
                                                         clknet_0_clk (net)
                      0.034859    0.000161   10.090799 ^ clkbuf_2_1__f_clk/A (sg13g2_buf_8)
     7    0.026048    0.026520    0.073566   10.164366 ^ clkbuf_2_1__f_clk/X (sg13g2_buf_8)
                                                         clknet_2_1__leaf_clk (net)
                      0.026524    0.000079   10.164445 ^ dbit[2]$_SDFFE_PP0P_/CLK (sg13g2_dfrbpq_2)
                                 -0.250000    9.914445   clock uncertainty
                                  0.000000    9.914445   clock reconvergence pessimism
                                 -0.115261    9.799184   library setup time
                                              9.799184   data required time
---------------------------------------------------------------------------------------------
                                              9.799184   data required time
                                             -2.862291   data arrival time
---------------------------------------------------------------------------------------------
                                              6.936893   slack (MET)


Startpoint: B[11]$_SDFFE_PP1P_ (rising edge-triggered flip-flop clocked by clk)
Endpoint: D[11] (output port clocked by clk)
Path Group: clk
Path Type: max

Fanout         Cap        Slew       Delay        Time   Description
---------------------------------------------------------------------------------------------
                                  0.000000    0.000000   clock clk (rise edge)
                                  0.000000    0.000000   clock source latency
     1    0.014354    0.030345    0.011855    0.011855 ^ clk (in)
                                                         clk (net)
                      0.030346    0.000000    0.011855 ^ clkbuf_0_clk/A (sg13g2_buf_8)
     4    0.045105    0.034859    0.078783    0.090638 ^ clkbuf_0_clk/X (sg13g2_buf_8)
                                                         clknet_0_clk (net)
                      0.034859    0.000195    0.090834 ^ clkbuf_2_2__f_clk/A (sg13g2_buf_8)
     8    0.029379    0.028000    0.074867    0.165701 ^ clkbuf_2_2__f_clk/X (sg13g2_buf_8)
                                                         clknet_2_2__leaf_clk (net)
                      0.028000    0.000016    0.165717 ^ B[11]$_SDFFE_PP1P_/CLK (sg13g2_dfrbpq_2)
     2    0.011164    0.036716    0.187924    0.353641 ^ B[11]$_SDFFE_PP1P_/Q (sg13g2_dfrbpq_2)
                                                         net10 (net)
                      0.036716    0.000016    0.353657 ^ fanout11/A (sg13g2_buf_8)
     6    0.037000    0.031441    0.078698    0.432355 ^ fanout11/X (sg13g2_buf_8)
                                                         net11 (net)
                      0.031441    0.000104    0.432459 ^ _155_/S (sg13g2_mux2_1)
     1    0.004543    0.038867    0.154546    0.587006 v _155_/X (sg13g2_mux2_1)
                                                         net45 (net)
                      0.038867    0.000029    0.587035 v output29/A (sg13g2_buf_1)
     1    0.008767    0.036399    0.080448    0.667482 v output29/X (sg13g2_buf_1)
                                                         D[11] (net)
                      0.036399    0.000074    0.667556 v D[11] (out)
                                              0.667556   data arrival time

                                 10.000000   10.000000   clock clk (rise edge)
                                  0.000000   10.000000   clock network delay (propagated)
                                 -0.250000    9.750000   clock uncertainty
                                  0.000000    9.750000   clock reconvergence pessimism
                                 -2.000000    7.750000   output external delay
                                              7.750000   data required time
---------------------------------------------------------------------------------------------
                                              7.750000   data required time
                                             -0.667556   data arrival time
---------------------------------------------------------------------------------------------
                                              7.082444   slack (MET)


Startpoint: B[11]$_SDFFE_PP1P_ (rising edge-triggered flip-flop clocked by clk)
Endpoint: D[8] (output port clocked by clk)
Path Group: clk
Path Type: max

Fanout         Cap        Slew       Delay        Time   Description
---------------------------------------------------------------------------------------------
                                  0.000000    0.000000   clock clk (rise edge)
                                  0.000000    0.000000   clock source latency
     1    0.014354    0.030345    0.011855    0.011855 ^ clk (in)
                                                         clk (net)
                      0.030346    0.000000    0.011855 ^ clkbuf_0_clk/A (sg13g2_buf_8)
     4    0.045105    0.034859    0.078783    0.090638 ^ clkbuf_0_clk/X (sg13g2_buf_8)
                                                         clknet_0_clk (net)
                      0.034859    0.000195    0.090834 ^ clkbuf_2_2__f_clk/A (sg13g2_buf_8)
     8    0.029379    0.028000    0.074867    0.165701 ^ clkbuf_2_2__f_clk/X (sg13g2_buf_8)
                                                         clknet_2_2__leaf_clk (net)
                      0.028000    0.000016    0.165717 ^ B[11]$_SDFFE_PP1P_/CLK (sg13g2_dfrbpq_2)
     2    0.011164    0.036716    0.187924    0.353641 ^ B[11]$_SDFFE_PP1P_/Q (sg13g2_dfrbpq_2)
                                                         net10 (net)
                      0.036716    0.000016    0.353657 ^ fanout11/A (sg13g2_buf_8)
     6    0.037000    0.031441    0.078698    0.432355 ^ fanout11/X (sg13g2_buf_8)
                                                         net11 (net)
                      0.031442    0.000302    0.432657 ^ _163_/S (sg13g2_mux2_1)
     1    0.004444    0.038744    0.154255    0.586912 v _163_/X (sg13g2_mux2_1)
                                                         net53 (net)
                      0.038744    0.000026    0.586938 v output37/A (sg13g2_buf_1)
     1    0.008750    0.036349    0.080356    0.667294 v output37/X (sg13g2_buf_1)
                                                         D[8] (net)
                      0.036349    0.000073    0.667367 v D[8] (out)
                                              0.667367   data arrival time

                                 10.000000   10.000000   clock clk (rise edge)
                                  0.000000   10.000000   clock network delay (propagated)
                                 -0.250000    9.750000   clock uncertainty
                                  0.000000    9.750000   clock reconvergence pessimism
                                 -2.000000    7.750000   output external delay
                                              7.750000   data required time
---------------------------------------------------------------------------------------------
                                              7.750000   data required time
                                             -0.667367   data arrival time
---------------------------------------------------------------------------------------------
                                              7.082633   slack (MET)


Startpoint: B[11]$_SDFFE_PP1P_ (rising edge-triggered flip-flop clocked by clk)
Endpoint: D[4] (output port clocked by clk)
Path Group: clk
Path Type: max

Fanout         Cap        Slew       Delay        Time   Description
---------------------------------------------------------------------------------------------
                                  0.000000    0.000000   clock clk (rise edge)
                                  0.000000    0.000000   clock source latency
     1    0.014354    0.030345    0.011855    0.011855 ^ clk (in)
                                                         clk (net)
                      0.030346    0.000000    0.011855 ^ clkbuf_0_clk/A (sg13g2_buf_8)
     4    0.045105    0.034859    0.078783    0.090638 ^ clkbuf_0_clk/X (sg13g2_buf_8)
                                                         clknet_0_clk (net)
                      0.034859    0.000195    0.090834 ^ clkbuf_2_2__f_clk/A (sg13g2_buf_8)
     8    0.029379    0.028000    0.074867    0.165701 ^ clkbuf_2_2__f_clk/X (sg13g2_buf_8)
                                                         clknet_2_2__leaf_clk (net)
                      0.028000    0.000016    0.165717 ^ B[11]$_SDFFE_PP1P_/CLK (sg13g2_dfrbpq_2)
     2    0.011164    0.036716    0.187924    0.353641 ^ B[11]$_SDFFE_PP1P_/Q (sg13g2_dfrbpq_2)
                                                         net10 (net)
                      0.036716    0.000016    0.353657 ^ fanout11/A (sg13g2_buf_8)
     6    0.037000    0.031441    0.078698    0.432355 ^ fanout11/X (sg13g2_buf_8)
                                                         net11 (net)
                      0.031442    0.000314    0.432669 ^ _159_/S (sg13g2_mux2_1)
     1    0.004139    0.037981    0.153357    0.586026 v _159_/X (sg13g2_mux2_1)
                                                         net49 (net)
                      0.037981    0.000021    0.586047 v output33/A (sg13g2_buf_1)
     1    0.007750    0.033417    0.077563    0.663611 v output33/X (sg13g2_buf_1)
                                                         D[4] (net)
                      0.033417    0.000044    0.663655 v D[4] (out)
                                              0.663655   data arrival time

                                 10.000000   10.000000   clock clk (rise edge)
                                  0.000000   10.000000   clock network delay (propagated)
                                 -0.250000    9.750000   clock uncertainty
                                  0.000000    9.750000   clock reconvergence pessimism
                                 -2.000000    7.750000   output external delay
                                              7.750000   data required time
---------------------------------------------------------------------------------------------
                                              7.750000   data required time
                                             -0.663655   data arrival time
---------------------------------------------------------------------------------------------
                                              7.086345   slack (MET)


Startpoint: B[11]$_SDFFE_PP1P_ (rising edge-triggered flip-flop clocked by clk)
Endpoint: D[7] (output port clocked by clk)
Path Group: clk
Path Type: max

Fanout         Cap        Slew       Delay        Time   Description
---------------------------------------------------------------------------------------------
                                  0.000000    0.000000   clock clk (rise edge)
                                  0.000000    0.000000   clock source latency
     1    0.014354    0.030345    0.011855    0.011855 ^ clk (in)
                                                         clk (net)
                      0.030346    0.000000    0.011855 ^ clkbuf_0_clk/A (sg13g2_buf_8)
     4    0.045105    0.034859    0.078783    0.090638 ^ clkbuf_0_clk/X (sg13g2_buf_8)
                                                         clknet_0_clk (net)
                      0.034859    0.000195    0.090834 ^ clkbuf_2_2__f_clk/A (sg13g2_buf_8)
     8    0.029379    0.028000    0.074867    0.165701 ^ clkbuf_2_2__f_clk/X (sg13g2_buf_8)
                                                         clknet_2_2__leaf_clk (net)
                      0.028000    0.000016    0.165717 ^ B[11]$_SDFFE_PP1P_/CLK (sg13g2_dfrbpq_2)
     2    0.011164    0.036716    0.187924    0.353641 ^ B[11]$_SDFFE_PP1P_/Q (sg13g2_dfrbpq_2)
                                                         net10 (net)
                      0.036716    0.000016    0.353657 ^ fanout11/A (sg13g2_buf_8)
     6    0.037000    0.031441    0.078698    0.432355 ^ fanout11/X (sg13g2_buf_8)
                                                         net11 (net)
                      0.031441    0.000144    0.432499 ^ _162_/S (sg13g2_mux2_1)
     1    0.004038    0.037675    0.153057    0.585556 v _162_/X (sg13g2_mux2_1)
                                                         net52 (net)
                      0.037675    0.000021    0.585578 v output36/A (sg13g2_buf_1)
     1    0.006741    0.030511    0.074944    0.660522 v output36/X (sg13g2_buf_1)
                                                         D[7] (net)
                      0.030511    0.000018    0.660539 v D[7] (out)
                                              0.660539   data arrival time

                                 10.000000   10.000000   clock clk (rise edge)
                                  0.000000   10.000000   clock network delay (propagated)
                                 -0.250000    9.750000   clock uncertainty
                                  0.000000    9.750000   clock reconvergence pessimism
                                 -2.000000    7.750000   output external delay
                                              7.750000   data required time
---------------------------------------------------------------------------------------------
                                              7.750000   data required time
                                             -0.660539   data arrival time
---------------------------------------------------------------------------------------------
                                              7.089461   slack (MET)


Startpoint: B[11]$_SDFFE_PP1P_ (rising edge-triggered flip-flop clocked by clk)
Endpoint: D[3] (output port clocked by clk)
Path Group: clk
Path Type: max

Fanout         Cap        Slew       Delay        Time   Description
---------------------------------------------------------------------------------------------
                                  0.000000    0.000000   clock clk (rise edge)
                                  0.000000    0.000000   clock source latency
     1    0.014354    0.030345    0.011855    0.011855 ^ clk (in)
                                                         clk (net)
                      0.030346    0.000000    0.011855 ^ clkbuf_0_clk/A (sg13g2_buf_8)
     4    0.045105    0.034859    0.078783    0.090638 ^ clkbuf_0_clk/X (sg13g2_buf_8)
                                                         clknet_0_clk (net)
                      0.034859    0.000195    0.090834 ^ clkbuf_2_2__f_clk/A (sg13g2_buf_8)
     8    0.029379    0.028000    0.074867    0.165701 ^ clkbuf_2_2__f_clk/X (sg13g2_buf_8)
                                                         clknet_2_2__leaf_clk (net)
                      0.028000    0.000016    0.165717 ^ B[11]$_SDFFE_PP1P_/CLK (sg13g2_dfrbpq_2)
     2    0.011164    0.036716    0.187924    0.353641 ^ B[11]$_SDFFE_PP1P_/Q (sg13g2_dfrbpq_2)
                                                         net10 (net)
                      0.036716    0.000016    0.353657 ^ fanout11/A (sg13g2_buf_8)
     6    0.037000    0.031441    0.078698    0.432355 ^ fanout11/X (sg13g2_buf_8)
                                                         net11 (net)
                      0.031441    0.000232    0.432587 ^ _158_/S (sg13g2_mux2_1)
     1    0.003330    0.036068    0.150972    0.583559 v _158_/X (sg13g2_mux2_1)
                                                         net48 (net)
                      0.036068    0.000011    0.583570 v output32/A (sg13g2_buf_1)
     1    0.007447    0.032491    0.076001    0.659571 v output32/X (sg13g2_buf_1)
                                                         D[3] (net)
                      0.032491    0.000036    0.659607 v D[3] (out)
                                              0.659607   data arrival time

                                 10.000000   10.000000   clock clk (rise edge)
                                  0.000000   10.000000   clock network delay (propagated)
                                 -0.250000    9.750000   clock uncertainty
                                  0.000000    9.750000   clock reconvergence pessimism
                                 -2.000000    7.750000   output external delay
                                              7.750000   data required time
---------------------------------------------------------------------------------------------
                                              7.750000   data required time
                                             -0.659607   data arrival time
---------------------------------------------------------------------------------------------
                                              7.090394   slack (MET)


Startpoint: B[11]$_SDFFE_PP1P_ (rising edge-triggered flip-flop clocked by clk)
Endpoint: D[0] (output port clocked by clk)
Path Group: clk
Path Type: max

Fanout         Cap        Slew       Delay        Time   Description
---------------------------------------------------------------------------------------------
                                  0.000000    0.000000   clock clk (rise edge)
                                  0.000000    0.000000   clock source latency
     1    0.014354    0.030345    0.011855    0.011855 ^ clk (in)
                                                         clk (net)
                      0.030346    0.000000    0.011855 ^ clkbuf_0_clk/A (sg13g2_buf_8)
     4    0.045105    0.034859    0.078783    0.090638 ^ clkbuf_0_clk/X (sg13g2_buf_8)
                                                         clknet_0_clk (net)
                      0.034859    0.000195    0.090834 ^ clkbuf_2_2__f_clk/A (sg13g2_buf_8)
     8    0.029379    0.028000    0.074867    0.165701 ^ clkbuf_2_2__f_clk/X (sg13g2_buf_8)
                                                         clknet_2_2__leaf_clk (net)
                      0.028000    0.000016    0.165717 ^ B[11]$_SDFFE_PP1P_/CLK (sg13g2_dfrbpq_2)
     2    0.010915    0.030269    0.184819    0.350536 v B[11]$_SDFFE_PP1P_/Q (sg13g2_dfrbpq_2)
                                                         net10 (net)
                      0.030269    0.000016    0.350552 v fanout11/A (sg13g2_buf_8)
     6    0.036556    0.028597    0.081064    0.431616 v fanout11/X (sg13g2_buf_8)
                                                         net11 (net)
                      0.028598    0.000336    0.431952 v _153_/A (sg13g2_or2_1)
     1    0.002859    0.027555    0.101865    0.533817 v _153_/X (sg13g2_or2_1)
                                                         net43 (net)
                      0.027555    0.000006    0.533823 v output27/A (sg13g2_buf_1)
     1    0.008404    0.035062    0.074731    0.608554 v output27/X (sg13g2_buf_1)
                                                         D[0] (net)
                      0.035062    0.000063    0.608616 v D[0] (out)
                                              0.608616   data arrival time

                                 10.000000   10.000000   clock clk (rise edge)
                                  0.000000   10.000000   clock network delay (propagated)
                                 -0.250000    9.750000   clock uncertainty
                                  0.000000    9.750000   clock reconvergence pessimism
                                 -2.000000    7.750000   output external delay
                                              7.750000   data required time
---------------------------------------------------------------------------------------------
                                              7.750000   data required time
                                             -0.608616   data arrival time
---------------------------------------------------------------------------------------------
                                              7.141384   slack (MET)


Startpoint: Om (input port clocked by clk)
Endpoint: BN[2]$_SDFFE_PP1P_ (rising edge-triggered flip-flop clocked by clk)
Path Group: clk
Path Type: max

Fanout         Cap        Slew       Delay        Time   Description
---------------------------------------------------------------------------------------------
                                  0.000000    0.000000   clock clk (rise edge)
                                  0.000000    0.000000   clock network delay (propagated)
                                  2.000000    2.000000 ^ input external delay
     1    0.004013    0.021168    0.003282    2.003282 ^ Om (in)
                                                         Om (net)
                      0.021168    0.000000    2.003282 ^ input1/A (sg13g2_buf_1)
     3    0.014690    0.067587    0.090822    2.094104 ^ input1/X (sg13g2_buf_1)
                                                         net17 (net)
                      0.067587    0.000164    2.094268 ^ _096_/B_N (sg13g2_nor2b_1)
     2    0.011818    0.119030    0.156446    2.250714 ^ _096_/Y (sg13g2_nor2b_1)
                                                         _050_ (net)
                      0.119030    0.000020    2.250734 ^ fanout9/A (sg13g2_buf_1)
     4    0.016628    0.076813    0.135353    2.386086 ^ fanout9/X (sg13g2_buf_1)
                                                         net9 (net)
                      0.076813    0.000041    2.386127 ^ _111_/A (sg13g2_nand3_1)
     1    0.004533    0.069241    0.085786    2.471913 v _111_/Y (sg13g2_nand3_1)
                                                         _061_ (net)
                      0.069241    0.000023    2.471936 v _112_/A2 (sg13g2_a21o_1)
     1    0.002451    0.026079    0.125046    2.596982 v _112_/X (sg13g2_a21o_1)
                                                         _004_ (net)
                      0.026079    0.000007    2.596989 v BN[2]$_SDFFE_PP1P_/D (sg13g2_dfrbpq_1)
                                              2.596989   data arrival time

                                 10.000000   10.000000   clock clk (rise edge)
                                  0.000000   10.000000   clock source latency
     1    0.014354    0.030345    0.011855   10.011856 ^ clk (in)
                                                         clk (net)
                      0.030346    0.000000   10.011856 ^ clkbuf_0_clk/A (sg13g2_buf_8)
     4    0.045105    0.034859    0.078783   10.090639 ^ clkbuf_0_clk/X (sg13g2_buf_8)
                                                         clknet_0_clk (net)
                      0.034860    0.000222   10.090861 ^ clkbuf_2_3__f_clk/A (sg13g2_buf_8)
     8    0.028838    0.027761    0.074659   10.165521 ^ clkbuf_2_3__f_clk/X (sg13g2_buf_8)
                                                         clknet_2_3__leaf_clk (net)
                      0.027761    0.000061   10.165582 ^ BN[2]$_SDFFE_PP1P_/CLK (sg13g2_dfrbpq_1)
                                 -0.250000    9.915582   clock uncertainty
                                  0.000000    9.915582   clock reconvergence pessimism
                                 -0.112833    9.802749   library setup time
                                              9.802749   data required time
---------------------------------------------------------------------------------------------
                                              9.802749   data required time
                                             -2.596989   data arrival time
---------------------------------------------------------------------------------------------
                                              7.205760   slack (MET)


Startpoint: Op (input port clocked by clk)
Endpoint: B[8]$_SDFFE_PP1P_ (rising edge-triggered flip-flop clocked by clk)
Path Group: clk
Path Type: max

Fanout         Cap        Slew       Delay        Time   Description
---------------------------------------------------------------------------------------------
                                  0.000000    0.000000   clock clk (rise edge)
                                  0.000000    0.000000   clock network delay (propagated)
                                  2.000000    2.000000 ^ input external delay
     1    0.004013    0.021168    0.003282    2.003282 ^ Op (in)
                                                         Op (net)
                      0.021168    0.000000    2.003282 ^ input2/A (sg13g2_buf_1)
     3    0.015193    0.069580    0.092297    2.095579 ^ input2/X (sg13g2_buf_1)
                                                         net18 (net)
                      0.069580    0.000157    2.095736 ^ _128_/B_N (sg13g2_nor2b_1)
     2    0.013228    0.129788    0.165582    2.261318 ^ _128_/Y (sg13g2_nor2b_1)
                                                         _030_ (net)
                      0.129788    0.000026    2.261345 ^ fanout6/A (sg13g2_buf_8)
     8    0.034534    0.034513    0.117653    2.378999 ^ fanout6/X (sg13g2_buf_8)
                                                         net6 (net)
                      0.034513    0.000185    2.379183 ^ _149_/C (sg13g2_nand3_1)
     1    0.004088    0.077353    0.081216    2.460399 v _149_/Y (sg13g2_nand3_1)
                                                         _041_ (net)
                      0.077353    0.000016    2.460415 v _150_/A2 (sg13g2_a21o_1)
     1    0.002107    0.025248    0.127303    2.587718 v _150_/X (sg13g2_a21o_1)
                                                         _022_ (net)
                      0.025248    0.000004    2.587723 v B[8]$_SDFFE_PP1P_/D (sg13g2_dfrbpq_1)
                                              2.587723   data arrival time

                                 10.000000   10.000000   clock clk (rise edge)
                                  0.000000   10.000000   clock source latency
     1    0.014354    0.030345    0.011855   10.011856 ^ clk (in)
                                                         clk (net)
                      0.030346    0.000000   10.011856 ^ clkbuf_0_clk/A (sg13g2_buf_8)
     4    0.045105    0.034859    0.078783   10.090639 ^ clkbuf_0_clk/X (sg13g2_buf_8)
                                                         clknet_0_clk (net)
                      0.034859    0.000147   10.090785 ^ clkbuf_2_0__f_clk/A (sg13g2_buf_8)
     8    0.028898    0.027788    0.074683   10.165469 ^ clkbuf_2_0__f_clk/X (sg13g2_buf_8)
                                                         clknet_2_0__leaf_clk (net)
                      0.027788    0.000052   10.165522 ^ B[8]$_SDFFE_PP1P_/CLK (sg13g2_dfrbpq_1)
                                 -0.250000    9.915521   clock uncertainty
                                  0.000000    9.915521   clock reconvergence pessimism
                                 -0.112526    9.802995   library setup time
                                              9.802995   data required time
---------------------------------------------------------------------------------------------
                                              9.802995   data required time
                                             -2.587723   data arrival time
---------------------------------------------------------------------------------------------
                                              7.215272   slack (MET)


Startpoint: Op (input port clocked by clk)
Endpoint: B[0]$_SDFFE_PP1P_ (rising edge-triggered flip-flop clocked by clk)
Path Group: clk
Path Type: max

Fanout         Cap        Slew       Delay        Time   Description
---------------------------------------------------------------------------------------------
                                  0.000000    0.000000   clock clk (rise edge)
                                  0.000000    0.000000   clock network delay (propagated)
                                  2.000000    2.000000 ^ input external delay
     1    0.004013    0.021168    0.003282    2.003282 ^ Op (in)
                                                         Op (net)
                      0.021168    0.000000    2.003282 ^ input2/A (sg13g2_buf_1)
     3    0.015193    0.069580    0.092297    2.095579 ^ input2/X (sg13g2_buf_1)
                                                         net18 (net)
                      0.069580    0.000157    2.095736 ^ _128_/B_N (sg13g2_nor2b_1)
     2    0.013228    0.129788    0.165582    2.261318 ^ _128_/Y (sg13g2_nor2b_1)
                                                         _030_ (net)
                      0.129788    0.000026    2.261345 ^ fanout6/A (sg13g2_buf_8)
     8    0.034534    0.034513    0.117653    2.378999 ^ fanout6/X (sg13g2_buf_8)
                                                         net6 (net)
                      0.034513    0.000154    2.379153 ^ _129_/C (sg13g2_nand3_1)
     1    0.004227    0.076500    0.082058    2.461210 v _129_/Y (sg13g2_nand3_1)
                                                         _031_ (net)
                      0.076500    0.000018    2.461229 v _130_/A2 (sg13g2_a21o_1)
     1    0.001882    0.024802    0.126309    2.587537 v _130_/X (sg13g2_a21o_1)
                                                         _012_ (net)
                      0.024802    0.000003    2.587540 v B[0]$_SDFFE_PP1P_/D (sg13g2_dfrbpq_1)
                                              2.587540   data arrival time

                                 10.000000   10.000000   clock clk (rise edge)
                                  0.000000   10.000000   clock source latency
     1    0.014354    0.030345    0.011855   10.011856 ^ clk (in)
                                                         clk (net)
                      0.030346    0.000000   10.011856 ^ clkbuf_0_clk/A (sg13g2_buf_8)
     4    0.045105    0.034859    0.078783   10.090639 ^ clkbuf_0_clk/X (sg13g2_buf_8)
                                                         clknet_0_clk (net)
                      0.034859    0.000147   10.090785 ^ clkbuf_2_0__f_clk/A (sg13g2_buf_8)
     8    0.028898    0.027788    0.074683   10.165469 ^ clkbuf_2_0__f_clk/X (sg13g2_buf_8)
                                                         clknet_2_0__leaf_clk (net)
                      0.027788    0.000057   10.165525 ^ B[0]$_SDFFE_PP1P_/CLK (sg13g2_dfrbpq_1)
                                 -0.250000    9.915525   clock uncertainty
                                  0.000000    9.915525   clock reconvergence pessimism
                                 -0.112366    9.803160   library setup time
                                              9.803160   data required time
---------------------------------------------------------------------------------------------
                                              9.803160   data required time
                                             -2.587540   data arrival time
---------------------------------------------------------------------------------------------
                                              7.215620   slack (MET)


Startpoint: Op (input port clocked by clk)
Endpoint: B[10]$_SDFFE_PP1P_ (rising edge-triggered flip-flop clocked by clk)
Path Group: clk
Path Type: max

Fanout         Cap        Slew       Delay        Time   Description
---------------------------------------------------------------------------------------------
                                  0.000000    0.000000   clock clk (rise edge)
                                  0.000000    0.000000   clock network delay (propagated)
                                  2.000000    2.000000 ^ input external delay
     1    0.004013    0.021168    0.003282    2.003282 ^ Op (in)
                                                         Op (net)
                      0.021168    0.000000    2.003282 ^ input2/A (sg13g2_buf_1)
     3    0.015193    0.069580    0.092297    2.095579 ^ input2/X (sg13g2_buf_1)
                                                         net18 (net)
                      0.069580    0.000157    2.095736 ^ _128_/B_N (sg13g2_nor2b_1)
     2    0.013228    0.129788    0.165582    2.261318 ^ _128_/Y (sg13g2_nor2b_1)
                                                         _030_ (net)
                      0.129788    0.000026    2.261345 ^ fanout6/A (sg13g2_buf_8)
     8    0.034534    0.034513    0.117653    2.378999 ^ fanout6/X (sg13g2_buf_8)
                                                         net6 (net)
                      0.034513    0.000150    2.379148 ^ _131_/C (sg13g2_nand3_1)
     1    0.004248    0.072590    0.082187    2.461335 v _131_/Y (sg13g2_nand3_1)
                                                         _032_ (net)
                      0.072590    0.000019    2.461353 v _132_/A2 (sg13g2_a21o_1)
     1    0.002113    0.025474    0.125409    2.586763 v _132_/X (sg13g2_a21o_1)
                                                         _013_ (net)
                      0.025474    0.000004    2.586767 v B[10]$_SDFFE_PP1P_/D (sg13g2_dfrbpq_1)
                                              2.586767   data arrival time

                                 10.000000   10.000000   clock clk (rise edge)
                                  0.000000   10.000000   clock source latency
     1    0.014354    0.030345    0.011855   10.011856 ^ clk (in)
                                                         clk (net)
                      0.030346    0.000000   10.011856 ^ clkbuf_0_clk/A (sg13g2_buf_8)
     4    0.045105    0.034859    0.078783   10.090639 ^ clkbuf_0_clk/X (sg13g2_buf_8)
                                                         clknet_0_clk (net)
                      0.034859    0.000195   10.090834 ^ clkbuf_2_2__f_clk/A (sg13g2_buf_8)
     8    0.029379    0.028000    0.074867   10.165701 ^ clkbuf_2_2__f_clk/X (sg13g2_buf_8)
                                                         clknet_2_2__leaf_clk (net)
                      0.028000    0.000062   10.165763 ^ B[10]$_SDFFE_PP1P_/CLK (sg13g2_dfrbpq_1)
                                 -0.250000    9.915763   clock uncertainty
                                  0.000000    9.915763   clock reconvergence pessimism
                                 -0.112553    9.803209   library setup time
                                              9.803209   data required time
---------------------------------------------------------------------------------------------
                                              9.803209   data required time
                                             -2.586767   data arrival time
---------------------------------------------------------------------------------------------
                                              7.216442   slack (MET)


Startpoint: Op (input port clocked by clk)
Endpoint: B[1]$_SDFFE_PP1P_ (rising edge-triggered flip-flop clocked by clk)
Path Group: clk
Path Type: max

Fanout         Cap        Slew       Delay        Time   Description
---------------------------------------------------------------------------------------------
                                  0.000000    0.000000   clock clk (rise edge)
                                  0.000000    0.000000   clock network delay (propagated)
                                  2.000000    2.000000 ^ input external delay
     1    0.004013    0.021168    0.003282    2.003282 ^ Op (in)
                                                         Op (net)
                      0.021168    0.000000    2.003282 ^ input2/A (sg13g2_buf_1)
     3    0.015193    0.069580    0.092297    2.095579 ^ input2/X (sg13g2_buf_1)
                                                         net18 (net)
                      0.069580    0.000157    2.095736 ^ _128_/B_N (sg13g2_nor2b_1)
     2    0.013228    0.129788    0.165582    2.261318 ^ _128_/Y (sg13g2_nor2b_1)
                                                         _030_ (net)
                      0.129788    0.000026    2.261345 ^ fanout6/A (sg13g2_buf_8)
     8    0.034534    0.034513    0.117653    2.378999 ^ fanout6/X (sg13g2_buf_8)
                                                         net6 (net)
                      0.034513    0.000160    2.379158 ^ _135_/C (sg13g2_nand3_1)
     1    0.003000    0.059901    0.074589    2.453747 v _135_/Y (sg13g2_nand3_1)
                                                         _034_ (net)
                      0.059901    0.000002    2.453750 v _136_/A2 (sg13g2_a21o_1)
     1    0.001855    0.025056    0.119574    2.573324 v _136_/X (sg13g2_a21o_1)
                                                         _015_ (net)
                      0.025056    0.000003    2.573327 v B[1]$_SDFFE_PP1P_/D (sg13g2_dfrbpq_1)
                                              2.573327   data arrival time

                                 10.000000   10.000000   clock clk (rise edge)
                                  0.000000   10.000000   clock source latency
     1    0.014354    0.030345    0.011855   10.011856 ^ clk (in)
                                                         clk (net)
                      0.030346    0.000000   10.011856 ^ clkbuf_0_clk/A (sg13g2_buf_8)
     4    0.045105    0.034859    0.078783   10.090639 ^ clkbuf_0_clk/X (sg13g2_buf_8)
                                                         clknet_0_clk (net)
                      0.034859    0.000147   10.090785 ^ clkbuf_2_0__f_clk/A (sg13g2_buf_8)
     8    0.028898    0.027788    0.074683   10.165469 ^ clkbuf_2_0__f_clk/X (sg13g2_buf_8)
                                                         clknet_2_0__leaf_clk (net)
                      0.027788    0.000074   10.165543 ^ B[1]$_SDFFE_PP1P_/CLK (sg13g2_dfrbpq_1)
                                 -0.250000    9.915543   clock uncertainty
                                  0.000000    9.915543   clock reconvergence pessimism
                                 -0.112457    9.803085   library setup time
                                              9.803085   data required time
---------------------------------------------------------------------------------------------
                                              9.803085   data required time
                                             -2.573327   data arrival time
---------------------------------------------------------------------------------------------
                                              7.229759   slack (MET)


Startpoint: Om (input port clocked by clk)
Endpoint: BN[0]$_SDFFE_PP1P_ (rising edge-triggered flip-flop clocked by clk)
Path Group: clk
Path Type: max

Fanout         Cap        Slew       Delay        Time   Description
---------------------------------------------------------------------------------------------
                                  0.000000    0.000000   clock clk (rise edge)
                                  0.000000    0.000000   clock network delay (propagated)
                                  2.000000    2.000000 ^ input external delay
     1    0.004013    0.021168    0.003282    2.003282 ^ Om (in)
                                                         Om (net)
                      0.021168    0.000000    2.003282 ^ input1/A (sg13g2_buf_1)
     3    0.014690    0.067587    0.090822    2.094104 ^ input1/X (sg13g2_buf_1)
                                                         net17 (net)
                      0.067587    0.000164    2.094268 ^ _096_/B_N (sg13g2_nor2b_1)
     2    0.011818    0.119030    0.156446    2.250714 ^ _096_/Y (sg13g2_nor2b_1)
                                                         _050_ (net)
                      0.119030    0.000017    2.250731 ^ fanout8/A (sg13g2_buf_8)
     8    0.032542    0.033166    0.113389    2.364120 ^ fanout8/X (sg13g2_buf_8)
                                                         net8 (net)
                      0.033166    0.000182    2.364302 ^ _100_/A (sg13g2_nand3_1)
     1    0.005192    0.077310    0.074584    2.438885 v _100_/Y (sg13g2_nand3_1)
                                                         _054_ (net)
                      0.077310    0.000034    2.438920 v _101_/A2 (sg13g2_a21o_1)
     1    0.002069    0.025148    0.127176    2.566096 v _101_/X (sg13g2_a21o_1)
                                                         _000_ (net)
                      0.025148    0.000004    2.566100 v BN[0]$_SDFFE_PP1P_/D (sg13g2_dfrbpq_1)
                                              2.566100   data arrival time

                                 10.000000   10.000000   clock clk (rise edge)
                                  0.000000   10.000000   clock source latency
     1    0.014354    0.030345    0.011855   10.011856 ^ clk (in)
                                                         clk (net)
                      0.030346    0.000000   10.011856 ^ clkbuf_0_clk/A (sg13g2_buf_8)
     4    0.045105    0.034859    0.078783   10.090639 ^ clkbuf_0_clk/X (sg13g2_buf_8)
                                                         clknet_0_clk (net)
                      0.034859    0.000147   10.090785 ^ clkbuf_2_0__f_clk/A (sg13g2_buf_8)
     8    0.028898    0.027788    0.074683   10.165469 ^ clkbuf_2_0__f_clk/X (sg13g2_buf_8)
                                                         clknet_2_0__leaf_clk (net)
                      0.027788    0.000055   10.165524 ^ BN[0]$_SDFFE_PP1P_/CLK (sg13g2_dfrbpq_1)
                                 -0.250000    9.915524   clock uncertainty
                                  0.000000    9.915524   clock reconvergence pessimism
                                 -0.112490    9.803033   library setup time
                                              9.803033   data required time
---------------------------------------------------------------------------------------------
                                              9.803033   data required time
                                             -2.566100   data arrival time
---------------------------------------------------------------------------------------------
                                              7.236933   slack (MET)


Startpoint: Om (input port clocked by clk)
Endpoint: BN[10]$_SDFFE_PP1P_ (rising edge-triggered flip-flop clocked by clk)
Path Group: clk
Path Type: max

Fanout         Cap        Slew       Delay        Time   Description
---------------------------------------------------------------------------------------------
                                  0.000000    0.000000   clock clk (rise edge)
                                  0.000000    0.000000   clock network delay (propagated)
                                  2.000000    2.000000 ^ input external delay
     1    0.004013    0.021168    0.003282    2.003282 ^ Om (in)
                                                         Om (net)
                      0.021168    0.000000    2.003282 ^ input1/A (sg13g2_buf_1)
     3    0.014690    0.067587    0.090822    2.094104 ^ input1/X (sg13g2_buf_1)
                                                         net17 (net)
                      0.067587    0.000164    2.094268 ^ _096_/B_N (sg13g2_nor2b_1)
     2    0.011818    0.119030    0.156446    2.250714 ^ _096_/Y (sg13g2_nor2b_1)
                                                         _050_ (net)
                      0.119030    0.000017    2.250731 ^ fanout8/A (sg13g2_buf_8)
     8    0.032542    0.033166    0.113389    2.364120 ^ fanout8/X (sg13g2_buf_8)
                                                         net8 (net)
                      0.033166    0.000015    2.364135 ^ _104_/A (sg13g2_nand3_1)
     1    0.003766    0.065739    0.065782    2.429917 v _104_/Y (sg13g2_nand3_1)
                                                         _057_ (net)
                      0.065739    0.000012    2.429929 v _105_/A2 (sg13g2_a21o_1)
     1    0.002020    0.024920    0.122395    2.552324 v _105_/X (sg13g2_a21o_1)
                                                         _001_ (net)
                      0.024920    0.000004    2.552328 v BN[10]$_SDFFE_PP1P_/D (sg13g2_dfrbpq_1)
                                              2.552328   data arrival time

                                 10.000000   10.000000   clock clk (rise edge)
                                  0.000000   10.000000   clock source latency
     1    0.014354    0.030345    0.011855   10.011856 ^ clk (in)
                                                         clk (net)
                      0.030346    0.000000   10.011856 ^ clkbuf_0_clk/A (sg13g2_buf_8)
     4    0.045105    0.034859    0.078783   10.090639 ^ clkbuf_0_clk/X (sg13g2_buf_8)
                                                         clknet_0_clk (net)
                      0.034860    0.000222   10.090861 ^ clkbuf_2_3__f_clk/A (sg13g2_buf_8)
     8    0.028838    0.027761    0.074659   10.165521 ^ clkbuf_2_3__f_clk/X (sg13g2_buf_8)
                                                         clknet_2_3__leaf_clk (net)
                      0.027761    0.000068   10.165588 ^ BN[10]$_SDFFE_PP1P_/CLK (sg13g2_dfrbpq_1)
                                 -0.250000    9.915588   clock uncertainty
                                  0.000000    9.915588   clock reconvergence pessimism
                                 -0.112415    9.803174   library setup time
                                              9.803174   data required time
---------------------------------------------------------------------------------------------
                                              9.803174   data required time
                                             -2.552328   data arrival time
---------------------------------------------------------------------------------------------
                                              7.250846   slack (MET)


Startpoint: Op (input port clocked by clk)
Endpoint: dbit[3]$_SDFFE_PP1P_ (rising edge-triggered flip-flop clocked by clk)
Path Group: clk
Path Type: max

Fanout         Cap        Slew       Delay        Time   Description
---------------------------------------------------------------------------------------------
                                  0.000000    0.000000   clock clk (rise edge)
                                  0.000000    0.000000   clock network delay (propagated)
                                  2.000000    2.000000 v input external delay
     1    0.003954    0.017873    0.002749    2.002749 v Op (in)
                                                         Op (net)
                      0.017873    0.000000    2.002749 v input2/A (sg13g2_buf_1)
     3    0.014918    0.054363    0.086585    2.089334 v input2/X (sg13g2_buf_1)
                                                         net18 (net)
                      0.054363    0.000125    2.089459 v _165_/A (sg13g2_xnor2_1)
     6    0.019225    0.131111    0.166287    2.255746 v _165_/Y (sg13g2_xnor2_1)
                                                         _043_ (net)
                      0.131111    0.000044    2.255790 v _172_/A_N (sg13g2_nand3b_1)
     2    0.007632    0.096331    0.157217    2.413007 v _172_/Y (sg13g2_nand3b_1)
                                                         _048_ (net)
                      0.096331    0.000008    2.413014 v _175_/A2 (sg13g2_a21o_1)
     1    0.002364    0.026081    0.135662    2.548677 v _175_/X (sg13g2_a21o_1)
                                                         _027_ (net)
                      0.026081    0.000006    2.548683 v dbit[3]$_SDFFE_PP1P_/D (sg13g2_dfrbpq_2)
                                              2.548683   data arrival time

                                 10.000000   10.000000   clock clk (rise edge)
                                  0.000000   10.000000   clock source latency
     1    0.014354    0.030345    0.011855   10.011856 ^ clk (in)
                                                         clk (net)
                      0.030346    0.000000   10.011856 ^ clkbuf_0_clk/A (sg13g2_buf_8)
     4    0.045105    0.034859    0.078783   10.090639 ^ clkbuf_0_clk/X (sg13g2_buf_8)
                                                         clknet_0_clk (net)
                      0.034859    0.000161   10.090799 ^ clkbuf_2_1__f_clk/A (sg13g2_buf_8)
     7    0.026048    0.026520    0.073566   10.164366 ^ clkbuf_2_1__f_clk/X (sg13g2_buf_8)
                                                         clknet_2_1__leaf_clk (net)
                      0.026524    0.000085   10.164451 ^ dbit[3]$_SDFFE_PP1P_/CLK (sg13g2_dfrbpq_2)
                                 -0.250000    9.914451   clock uncertainty
                                  0.000000    9.914451   clock reconvergence pessimism
                                 -0.113149    9.801301   library setup time
                                              9.801301   data required time
---------------------------------------------------------------------------------------------
                                              9.801301   data required time
                                             -2.548683   data arrival time
---------------------------------------------------------------------------------------------
                                              7.252618   slack (MET)


Startpoint: Om (input port clocked by clk)
Endpoint: BN[1]$_SDFFE_PP1P_ (rising edge-triggered flip-flop clocked by clk)
Path Group: clk
Path Type: max

Fanout         Cap        Slew       Delay        Time   Description
---------------------------------------------------------------------------------------------
                                  0.000000    0.000000   clock clk (rise edge)
                                  0.000000    0.000000   clock network delay (propagated)
                                  2.000000    2.000000 ^ input external delay
     1    0.004013    0.021168    0.003282    2.003282 ^ Om (in)
                                                         Om (net)
                      0.021168    0.000000    2.003282 ^ input1/A (sg13g2_buf_1)
     3    0.014690    0.067587    0.090822    2.094104 ^ input1/X (sg13g2_buf_1)
                                                         net17 (net)
                      0.067587    0.000164    2.094268 ^ _096_/B_N (sg13g2_nor2b_1)
     2    0.011818    0.119030    0.156446    2.250714 ^ _096_/Y (sg13g2_nor2b_1)
                                                         _050_ (net)
                      0.119030    0.000017    2.250731 ^ fanout8/A (sg13g2_buf_8)
     8    0.032542    0.033166    0.113389    2.364120 ^ fanout8/X (sg13g2_buf_8)
                                                         net8 (net)
                      0.033166    0.000209    2.364329 ^ _109_/A (sg13g2_nand3_1)
     1    0.003482    0.059698    0.064027    2.428356 v _109_/Y (sg13g2_nand3_1)
                                                         _060_ (net)
                      0.059698    0.000008    2.428364 v _110_/A2 (sg13g2_a21o_1)
     1    0.001843    0.025022    0.119459    2.547823 v _110_/X (sg13g2_a21o_1)
                                                         _003_ (net)
                      0.025022    0.000002    2.547826 v BN[1]$_SDFFE_PP1P_/D (sg13g2_dfrbpq_1)
                                              2.547826   data arrival time

                                 10.000000   10.000000   clock clk (rise edge)
                                  0.000000   10.000000   clock source latency
     1    0.014354    0.030345    0.011855   10.011856 ^ clk (in)
                                                         clk (net)
                      0.030346    0.000000   10.011856 ^ clkbuf_0_clk/A (sg13g2_buf_8)
     4    0.045105    0.034859    0.078783   10.090639 ^ clkbuf_0_clk/X (sg13g2_buf_8)
                                                         clknet_0_clk (net)
                      0.034859    0.000195   10.090834 ^ clkbuf_2_2__f_clk/A (sg13g2_buf_8)
     8    0.029379    0.028000    0.074867   10.165701 ^ clkbuf_2_2__f_clk/X (sg13g2_buf_8)
                                                         clknet_2_2__leaf_clk (net)
                      0.028000    0.000125   10.165826 ^ BN[1]$_SDFFE_PP1P_/CLK (sg13g2_dfrbpq_1)
                                 -0.250000    9.915826   clock uncertainty
                                  0.000000    9.915826   clock reconvergence pessimism
                                 -0.112391    9.803434   library setup time
                                              9.803434   data required time
---------------------------------------------------------------------------------------------
                                              9.803434   data required time
                                             -2.547826   data arrival time
---------------------------------------------------------------------------------------------
                                              7.255609   slack (MET)


Startpoint: BN[11]$_SDFFE_PP1P_ (rising edge-triggered flip-flop clocked by clk)
Endpoint: BN[11] (output port clocked by clk)
Path Group: clk
Path Type: max

Fanout         Cap        Slew       Delay        Time   Description
---------------------------------------------------------------------------------------------
                                  0.000000    0.000000   clock clk (rise edge)
                                  0.000000    0.000000   clock source latency
     1    0.014354    0.030345    0.011855    0.011855 ^ clk (in)
                                                         clk (net)
                      0.030346    0.000000    0.011855 ^ clkbuf_0_clk/A (sg13g2_buf_8)
     4    0.045105    0.034859    0.078783    0.090638 ^ clkbuf_0_clk/X (sg13g2_buf_8)
                                                         clknet_0_clk (net)
                      0.034859    0.000161    0.090799 ^ clkbuf_2_1__f_clk/A (sg13g2_buf_8)
     7    0.026048    0.026520    0.073566    0.164366 ^ clkbuf_2_1__f_clk/X (sg13g2_buf_8)
                                                         clknet_2_1__leaf_clk (net)
                      0.026520    0.000020    0.164386 ^ BN[11]$_SDFFE_PP1P_/CLK (sg13g2_dfrbpq_1)
     4    0.010168    0.052345    0.186854    0.351239 ^ BN[11]$_SDFFE_PP1P_/Q (sg13g2_dfrbpq_1)
                                                         net55 (net)
                      0.052345    0.000013    0.351252 ^ _204_/A (sg13g2_buf_1)
     1    0.003085    0.023872    0.070228    0.421480 ^ _204_/X (sg13g2_buf_1)
                                                         net21 (net)
                      0.023872    0.000008    0.421488 ^ output5/A (sg13g2_buf_1)
     1    0.008096    0.041691    0.072724    0.494212 ^ output5/X (sg13g2_buf_1)
                                                         BN[11] (net)
                      0.041691    0.000054    0.494265 ^ BN[11] (out)
                                              0.494265   data arrival time

                                 10.000000   10.000000   clock clk (rise edge)
                                  0.000000   10.000000   clock network delay (propagated)
                                 -0.250000    9.750000   clock uncertainty
                                  0.000000    9.750000   clock reconvergence pessimism
                                 -2.000000    7.750000   output external delay
                                              7.750000   data required time
---------------------------------------------------------------------------------------------
                                              7.750000   data required time
                                             -0.494265   data arrival time
---------------------------------------------------------------------------------------------
                                              7.255735   slack (MET)


Startpoint: Op (input port clocked by clk)
Endpoint: dbit[1]$_SDFFE_PP1P_ (rising edge-triggered flip-flop clocked by clk)
Path Group: clk
Path Type: max

Fanout         Cap        Slew       Delay        Time   Description
---------------------------------------------------------------------------------------------
                                  0.000000    0.000000   clock clk (rise edge)
                                  0.000000    0.000000   clock network delay (propagated)
                                  2.000000    2.000000 ^ input external delay
     1    0.004013    0.021168    0.003282    2.003282 ^ Op (in)
                                                         Op (net)
                      0.021168    0.000000    2.003282 ^ input2/A (sg13g2_buf_1)
     3    0.015193    0.069580    0.092297    2.095579 ^ input2/X (sg13g2_buf_1)
                                                         net18 (net)
                      0.069580    0.000128    2.095706 ^ _165_/A (sg13g2_xnor2_1)
     6    0.020447    0.197911    0.189634    2.285341 ^ _165_/Y (sg13g2_xnor2_1)
                                                         _043_ (net)
                      0.197911    0.000036    2.285376 ^ _170_/C (sg13g2_or3_1)
     1    0.003298    0.031403    0.127405    2.412781 ^ _170_/X (sg13g2_or3_1)
                                                         _047_ (net)
                      0.031403    0.000002    2.412783 ^ _171_/C (sg13g2_nand3b_1)
     1    0.001992    0.052341    0.070404    2.483187 v _171_/Y (sg13g2_nand3b_1)
                                                         _025_ (net)
                      0.052341    0.000004    2.483191 v dbit[1]$_SDFFE_PP1P_/D (sg13g2_dfrbpq_2)
                                              2.483191   data arrival time

                                 10.000000   10.000000   clock clk (rise edge)
                                  0.000000   10.000000   clock source latency
     1    0.014354    0.030345    0.011855   10.011856 ^ clk (in)
                                                         clk (net)
                      0.030346    0.000000   10.011856 ^ clkbuf_0_clk/A (sg13g2_buf_8)
     4    0.045105    0.034859    0.078783   10.090639 ^ clkbuf_0_clk/X (sg13g2_buf_8)
                                                         clknet_0_clk (net)
                      0.034859    0.000161   10.090799 ^ clkbuf_2_1__f_clk/A (sg13g2_buf_8)
     7    0.026048    0.026520    0.073566   10.164366 ^ clkbuf_2_1__f_clk/X (sg13g2_buf_8)
                                                         clknet_2_1__leaf_clk (net)
                      0.026524    0.000051   10.164416 ^ dbit[1]$_SDFFE_PP1P_/CLK (sg13g2_dfrbpq_2)
                                 -0.250000    9.914416   clock uncertainty
                                  0.000000    9.914416   clock reconvergence pessimism
                                 -0.122611    9.791806   library setup time
                                              9.791806   data required time
---------------------------------------------------------------------------------------------
                                              9.791806   data required time
                                             -2.483191   data arrival time
---------------------------------------------------------------------------------------------
                                              7.308615   slack (MET)


Startpoint: B[2]$_SDFFE_PP1P_ (rising edge-triggered flip-flop clocked by clk)
Endpoint: B[2] (output port clocked by clk)
Path Group: clk
Path Type: max

Fanout         Cap        Slew       Delay        Time   Description
---------------------------------------------------------------------------------------------
                                  0.000000    0.000000   clock clk (rise edge)
                                  0.000000    0.000000   clock source latency
     1    0.014354    0.030345    0.011855    0.011855 ^ clk (in)
                                                         clk (net)
                      0.030346    0.000000    0.011855 ^ clkbuf_0_clk/A (sg13g2_buf_8)
     4    0.045105    0.034859    0.078783    0.090638 ^ clkbuf_0_clk/X (sg13g2_buf_8)
                                                         clknet_0_clk (net)
                      0.034860    0.000222    0.090861 ^ clkbuf_2_3__f_clk/A (sg13g2_buf_8)
     8    0.028838    0.027761    0.074660    0.165520 ^ clkbuf_2_3__f_clk/X (sg13g2_buf_8)
                                                         clknet_2_3__leaf_clk (net)
                      0.027761    0.000032    0.165553 ^ B[2]$_SDFFE_PP1P_/CLK (sg13g2_dfrbpq_1)
     3    0.010717    0.052767    0.189040    0.354592 ^ B[2]$_SDFFE_PP1P_/Q (sg13g2_dfrbpq_1)
                                                         net35 (net)
                      0.052767    0.000059    0.354651 ^ output19/A (sg13g2_buf_1)
     1    0.008585    0.044400    0.086557    0.441208 ^ output19/X (sg13g2_buf_1)
                                                         B[2] (net)
                      0.044400    0.000068    0.441276 ^ B[2] (out)
                                              0.441276   data arrival time

                                 10.000000   10.000000   clock clk (rise edge)
                                  0.000000   10.000000   clock network delay (propagated)
                                 -0.250000    9.750000   clock uncertainty
                                  0.000000    9.750000   clock reconvergence pessimism
                                 -2.000000    7.750000   output external delay
                                              7.750000   data required time
---------------------------------------------------------------------------------------------
                                              7.750000   data required time
                                             -0.441276   data arrival time
---------------------------------------------------------------------------------------------
                                              7.308724   slack (MET)


Startpoint: B[7]$_SDFFE_PP1P_ (rising edge-triggered flip-flop clocked by clk)
Endpoint: B[7] (output port clocked by clk)
Path Group: clk
Path Type: max

Fanout         Cap        Slew       Delay        Time   Description
---------------------------------------------------------------------------------------------
                                  0.000000    0.000000   clock clk (rise edge)
                                  0.000000    0.000000   clock source latency
     1    0.014354    0.030345    0.011855    0.011855 ^ clk (in)
                                                         clk (net)
                      0.030346    0.000000    0.011855 ^ clkbuf_0_clk/A (sg13g2_buf_8)
     4    0.045105    0.034859    0.078783    0.090638 ^ clkbuf_0_clk/X (sg13g2_buf_8)
                                                         clknet_0_clk (net)
                      0.034860    0.000222    0.090861 ^ clkbuf_2_3__f_clk/A (sg13g2_buf_8)
     8    0.028838    0.027761    0.074660    0.165520 ^ clkbuf_2_3__f_clk/X (sg13g2_buf_8)
                                                         clknet_2_3__leaf_clk (net)
                      0.027761    0.000074    0.165594 ^ B[7]$_SDFFE_PP1P_/CLK (sg13g2_dfrbpq_1)
     3    0.009915    0.049716    0.186711    0.352306 ^ B[7]$_SDFFE_PP1P_/Q (sg13g2_dfrbpq_1)
                                                         net40 (net)
                      0.049716    0.000025    0.352331 ^ output24/A (sg13g2_buf_1)
     1    0.008901    0.045534    0.086172    0.438503 ^ output24/X (sg13g2_buf_1)
                                                         B[7] (net)
                      0.045534    0.000078    0.438581 ^ B[7] (out)
                                              0.438581   data arrival time

                                 10.000000   10.000000   clock clk (rise edge)
                                  0.000000   10.000000   clock network delay (propagated)
                                 -0.250000    9.750000   clock uncertainty
                                  0.000000    9.750000   clock reconvergence pessimism
                                 -2.000000    7.750000   output external delay
                                              7.750000   data required time
---------------------------------------------------------------------------------------------
                                              7.750000   data required time
                                             -0.438581   data arrival time
---------------------------------------------------------------------------------------------
                                              7.311419   slack (MET)


Startpoint: Op (input port clocked by clk)
Endpoint: dbit[0]$_SDFFE_PP1P_ (rising edge-triggered flip-flop clocked by clk)
Path Group: clk
Path Type: max

Fanout         Cap        Slew       Delay        Time   Description
---------------------------------------------------------------------------------------------
                                  0.000000    0.000000   clock clk (rise edge)
                                  0.000000    0.000000   clock network delay (propagated)
                                  2.000000    2.000000 v input external delay
     1    0.003954    0.017873    0.002749    2.002749 v Op (in)
                                                         Op (net)
                      0.017873    0.000000    2.002749 v input2/A (sg13g2_buf_1)
     3    0.014918    0.054363    0.086585    2.089334 v input2/X (sg13g2_buf_1)
                                                         net18 (net)
                      0.054363    0.000125    2.089459 v _165_/A (sg13g2_xnor2_1)
     6    0.019225    0.131111    0.166287    2.255746 v _165_/Y (sg13g2_xnor2_1)
                                                         _043_ (net)
                      0.131111    0.000037    2.255783 v _166_/B1 (sg13g2_a21o_1)
     1    0.003887    0.031481    0.141538    2.397321 v _166_/X (sg13g2_a21o_1)
                                                         _044_ (net)
                      0.031481    0.000010    2.397330 v _168_/A2 (sg13g2_o21ai_1)
     1    0.002975    0.067005    0.077350    2.474680 ^ _168_/Y (sg13g2_o21ai_1)
                                                         _024_ (net)
                      0.067005    0.000013    2.474693 ^ dbit[0]$_SDFFE_PP1P_/D (sg13g2_dfrbpq_1)
                                              2.474693   data arrival time

                                 10.000000   10.000000   clock clk (rise edge)
                                  0.000000   10.000000   clock source latency
     1    0.014354    0.030345    0.011855   10.011856 ^ clk (in)
                                                         clk (net)
                      0.030346    0.000000   10.011856 ^ clkbuf_0_clk/A (sg13g2_buf_8)
     4    0.045105    0.034859    0.078783   10.090639 ^ clkbuf_0_clk/X (sg13g2_buf_8)
                                                         clknet_0_clk (net)
                      0.034859    0.000161   10.090799 ^ clkbuf_2_1__f_clk/A (sg13g2_buf_8)
     7    0.026048    0.026520    0.073566   10.164366 ^ clkbuf_2_1__f_clk/X (sg13g2_buf_8)
                                                         clknet_2_1__leaf_clk (net)
                      0.026524    0.000061   10.164427 ^ dbit[0]$_SDFFE_PP1P_/CLK (sg13g2_dfrbpq_1)
                                 -0.250000    9.914427   clock uncertainty
                                  0.000000    9.914427   clock reconvergence pessimism
                                 -0.127039    9.787388   library setup time
                                              9.787388   data required time
---------------------------------------------------------------------------------------------
                                              9.787388   data required time
                                             -2.474693   data arrival time
---------------------------------------------------------------------------------------------
                                              7.312695   slack (MET)


Startpoint: BN[11]$_SDFFE_PP1P_ (rising edge-triggered flip-flop clocked by clk)
Endpoint: sign (output port clocked by clk)
Path Group: clk
Path Type: max

Fanout         Cap        Slew       Delay        Time   Description
---------------------------------------------------------------------------------------------
                                  0.000000    0.000000   clock clk (rise edge)
                                  0.000000    0.000000   clock source latency
     1    0.014354    0.030345    0.011855    0.011855 ^ clk (in)
                                                         clk (net)
                      0.030346    0.000000    0.011855 ^ clkbuf_0_clk/A (sg13g2_buf_8)
     4    0.045105    0.034859    0.078783    0.090638 ^ clkbuf_0_clk/X (sg13g2_buf_8)
                                                         clknet_0_clk (net)
                      0.034859    0.000161    0.090799 ^ clkbuf_2_1__f_clk/A (sg13g2_buf_8)
     7    0.026048    0.026520    0.073566    0.164366 ^ clkbuf_2_1__f_clk/X (sg13g2_buf_8)
                                                         clknet_2_1__leaf_clk (net)
                      0.026520    0.000020    0.164386 ^ BN[11]$_SDFFE_PP1P_/CLK (sg13g2_dfrbpq_1)
     4    0.010168    0.052345    0.186854    0.351239 ^ BN[11]$_SDFFE_PP1P_/Q (sg13g2_dfrbpq_1)
                                                         net55 (net)
                      0.052345    0.000016    0.351255 ^ output39/A (sg13g2_buf_1)
     1    0.008397    0.043665    0.085825    0.437080 ^ output39/X (sg13g2_buf_1)
                                                         sign (net)
                      0.043665    0.000062    0.437142 ^ sign (out)
                                              0.437142   data arrival time

                                 10.000000   10.000000   clock clk (rise edge)
                                  0.000000   10.000000   clock network delay (propagated)
                                 -0.250000    9.750000   clock uncertainty
                                  0.000000    9.750000   clock reconvergence pessimism
                                 -2.000000    7.750000   output external delay
                                              7.750000   data required time
---------------------------------------------------------------------------------------------
                                              7.750000   data required time
                                             -0.437142   data arrival time
---------------------------------------------------------------------------------------------
                                              7.312858   slack (MET)


Startpoint: BN[10]$_SDFFE_PP1P_ (rising edge-triggered flip-flop clocked by clk)
Endpoint: BN[10] (output port clocked by clk)
Path Group: clk
Path Type: max

Fanout         Cap        Slew       Delay        Time   Description
---------------------------------------------------------------------------------------------
                                  0.000000    0.000000   clock clk (rise edge)
                                  0.000000    0.000000   clock source latency
     1    0.014354    0.030345    0.011855    0.011855 ^ clk (in)
                                                         clk (net)
                      0.030346    0.000000    0.011855 ^ clkbuf_0_clk/A (sg13g2_buf_8)
     4    0.045105    0.034859    0.078783    0.090638 ^ clkbuf_0_clk/X (sg13g2_buf_8)
                                                         clknet_0_clk (net)
                      0.034860    0.000222    0.090861 ^ clkbuf_2_3__f_clk/A (sg13g2_buf_8)
     8    0.028838    0.027761    0.074660    0.165520 ^ clkbuf_2_3__f_clk/X (sg13g2_buf_8)
                                                         clknet_2_3__leaf_clk (net)
                      0.027761    0.000068    0.165588 ^ BN[10]$_SDFFE_PP1P_/CLK (sg13g2_dfrbpq_1)
     3    0.009615    0.048578    0.185835    0.351423 ^ BN[10]$_SDFFE_PP1P_/Q (sg13g2_dfrbpq_1)
                                                         net20 (net)
                      0.048578    0.000031    0.351454 ^ output4/A (sg13g2_buf_1)
     1    0.008680    0.044649    0.085036    0.436490 ^ output4/X (sg13g2_buf_1)
                                                         BN[10] (net)
                      0.044649    0.000071    0.436561 ^ BN[10] (out)
                                              0.436561   data arrival time

                                 10.000000   10.000000   clock clk (rise edge)
                                  0.000000   10.000000   clock network delay (propagated)
                                 -0.250000    9.750000   clock uncertainty
                                  0.000000    9.750000   clock reconvergence pessimism
                                 -2.000000    7.750000   output external delay
                                              7.750000   data required time
---------------------------------------------------------------------------------------------
                                              7.750000   data required time
                                             -0.436561   data arrival time
---------------------------------------------------------------------------------------------
                                              7.313439   slack (MET)


Startpoint: BN[0]$_SDFFE_PP1P_ (rising edge-triggered flip-flop clocked by clk)
Endpoint: BN[0] (output port clocked by clk)
Path Group: clk
Path Type: max

Fanout         Cap        Slew       Delay        Time   Description
---------------------------------------------------------------------------------------------
                                  0.000000    0.000000   clock clk (rise edge)
                                  0.000000    0.000000   clock source latency
     1    0.014354    0.030345    0.011855    0.011855 ^ clk (in)
                                                         clk (net)
                      0.030346    0.000000    0.011855 ^ clkbuf_0_clk/A (sg13g2_buf_8)
     4    0.045105    0.034859    0.078783    0.090638 ^ clkbuf_0_clk/X (sg13g2_buf_8)
                                                         clknet_0_clk (net)
                      0.034859    0.000147    0.090786 ^ clkbuf_2_0__f_clk/A (sg13g2_buf_8)
     8    0.028898    0.027788    0.074683    0.165468 ^ clkbuf_2_0__f_clk/X (sg13g2_buf_8)
                                                         clknet_2_0__leaf_clk (net)
                      0.027788    0.000055    0.165523 ^ BN[0]$_SDFFE_PP1P_/CLK (sg13g2_dfrbpq_1)
     3    0.010038    0.050182    0.187079    0.352602 ^ BN[0]$_SDFFE_PP1P_/Q (sg13g2_dfrbpq_1)
                                                         net19 (net)
                      0.050182    0.000038    0.352640 ^ output3/A (sg13g2_buf_1)
     1    0.007506    0.040190    0.082288    0.434928 ^ output3/X (sg13g2_buf_1)
                                                         BN[0] (net)
                      0.040190    0.000037    0.434965 ^ BN[0] (out)
                                              0.434965   data arrival time

                                 10.000000   10.000000   clock clk (rise edge)
                                  0.000000   10.000000   clock network delay (propagated)
                                 -0.250000    9.750000   clock uncertainty
                                  0.000000    9.750000   clock reconvergence pessimism
                                 -2.000000    7.750000   output external delay
                                              7.750000   data required time
---------------------------------------------------------------------------------------------
                                              7.750000   data required time
                                             -0.434965   data arrival time
---------------------------------------------------------------------------------------------
                                              7.315034   slack (MET)


Startpoint: B[8]$_SDFFE_PP1P_ (rising edge-triggered flip-flop clocked by clk)
Endpoint: B[8] (output port clocked by clk)
Path Group: clk
Path Type: max

Fanout         Cap        Slew       Delay        Time   Description
---------------------------------------------------------------------------------------------
                                  0.000000    0.000000   clock clk (rise edge)
                                  0.000000    0.000000   clock source latency
     1    0.014354    0.030345    0.011855    0.011855 ^ clk (in)
                                                         clk (net)
                      0.030346    0.000000    0.011855 ^ clkbuf_0_clk/A (sg13g2_buf_8)
     4    0.045105    0.034859    0.078783    0.090638 ^ clkbuf_0_clk/X (sg13g2_buf_8)
                                                         clknet_0_clk (net)
                      0.034859    0.000147    0.090786 ^ clkbuf_2_0__f_clk/A (sg13g2_buf_8)
     8    0.028898    0.027788    0.074683    0.165468 ^ clkbuf_2_0__f_clk/X (sg13g2_buf_8)
                                                         clknet_2_0__leaf_clk (net)
                      0.027788    0.000053    0.165521 ^ B[8]$_SDFFE_PP1P_/CLK (sg13g2_dfrbpq_1)
     3    0.009621    0.048598    0.185866    0.351387 ^ B[8]$_SDFFE_PP1P_/Q (sg13g2_dfrbpq_1)
                                                         net41 (net)
                      0.048598    0.000021    0.351408 ^ output25/A (sg13g2_buf_1)
     1    0.008153    0.042623    0.083504    0.434912 ^ output25/X (sg13g2_buf_1)
                                                         B[8] (net)
                      0.042623    0.000055    0.434967 ^ B[8] (out)
                                              0.434967   data arrival time

                                 10.000000   10.000000   clock clk (rise edge)
                                  0.000000   10.000000   clock network delay (propagated)
                                 -0.250000    9.750000   clock uncertainty
                                  0.000000    9.750000   clock reconvergence pessimism
                                 -2.000000    7.750000   output external delay
                                              7.750000   data required time
---------------------------------------------------------------------------------------------
                                              7.750000   data required time
                                             -0.434967   data arrival time
---------------------------------------------------------------------------------------------
                                              7.315033   slack (MET)


Startpoint: BN[8]$_SDFFE_PP1P_ (rising edge-triggered flip-flop clocked by clk)
Endpoint: BN[8] (output port clocked by clk)
Path Group: clk
Path Type: max

Fanout         Cap        Slew       Delay        Time   Description
---------------------------------------------------------------------------------------------
                                  0.000000    0.000000   clock clk (rise edge)
                                  0.000000    0.000000   clock source latency
     1    0.014354    0.030345    0.011855    0.011855 ^ clk (in)
                                                         clk (net)
                      0.030346    0.000000    0.011855 ^ clkbuf_0_clk/A (sg13g2_buf_8)
     4    0.045105    0.034859    0.078783    0.090638 ^ clkbuf_0_clk/X (sg13g2_buf_8)
                                                         clknet_0_clk (net)
                      0.034859    0.000147    0.090786 ^ clkbuf_2_0__f_clk/A (sg13g2_buf_8)
     8    0.028898    0.027788    0.074683    0.165468 ^ clkbuf_2_0__f_clk/X (sg13g2_buf_8)
                                                         clknet_2_0__leaf_clk (net)
                      0.027788    0.000057    0.165525 ^ BN[8]$_SDFFE_PP1P_/CLK (sg13g2_dfrbpq_1)
     3    0.009525    0.048237    0.185587    0.351112 ^ BN[8]$_SDFFE_PP1P_/Q (sg13g2_dfrbpq_1)
                                                         net29 (net)
                      0.048237    0.000007    0.351119 ^ output13/A (sg13g2_buf_1)
     1    0.008063    0.042265    0.083084    0.434203 ^ output13/X (sg13g2_buf_1)
                                                         BN[8] (net)
                      0.042265    0.000052    0.434255 ^ BN[8] (out)
                                              0.434255   data arrival time

                                 10.000000   10.000000   clock clk (rise edge)
                                  0.000000   10.000000   clock network delay (propagated)
                                 -0.250000    9.750000   clock uncertainty
                                  0.000000    9.750000   clock reconvergence pessimism
                                 -2.000000    7.750000   output external delay
                                              7.750000   data required time
---------------------------------------------------------------------------------------------
                                              7.750000   data required time
                                             -0.434255   data arrival time
---------------------------------------------------------------------------------------------
                                              7.315745   slack (MET)


Startpoint: B[0]$_SDFFE_PP1P_ (rising edge-triggered flip-flop clocked by clk)
Endpoint: B[0] (output port clocked by clk)
Path Group: clk
Path Type: max

Fanout         Cap        Slew       Delay        Time   Description
---------------------------------------------------------------------------------------------
                                  0.000000    0.000000   clock clk (rise edge)
                                  0.000000    0.000000   clock source latency
     1    0.014354    0.030345    0.011855    0.011855 ^ clk (in)
                                                         clk (net)
                      0.030346    0.000000    0.011855 ^ clkbuf_0_clk/A (sg13g2_buf_8)
     4    0.045105    0.034859    0.078783    0.090638 ^ clkbuf_0_clk/X (sg13g2_buf_8)
                                                         clknet_0_clk (net)
                      0.034859    0.000147    0.090786 ^ clkbuf_2_0__f_clk/A (sg13g2_buf_8)
     8    0.028898    0.027788    0.074683    0.165468 ^ clkbuf_2_0__f_clk/X (sg13g2_buf_8)
                                                         clknet_2_0__leaf_clk (net)
                      0.027788    0.000057    0.165525 ^ B[0]$_SDFFE_PP1P_/CLK (sg13g2_dfrbpq_1)
     3    0.009200    0.048630    0.184646    0.350171 ^ B[0]$_SDFFE_PP1P_/Q (sg13g2_dfrbpq_1)
                                                         net31 (net)
                      0.048630    0.000017    0.350187 ^ output15/A (sg13g2_buf_1)
     1    0.008078    0.042335    0.083297    0.433484 ^ output15/X (sg13g2_buf_1)
                                                         B[0] (net)
                      0.042335    0.000053    0.433537 ^ B[0] (out)
                                              0.433537   data arrival time

                                 10.000000   10.000000   clock clk (rise edge)
                                  0.000000   10.000000   clock network delay (propagated)
                                 -0.250000    9.750000   clock uncertainty
                                  0.000000    9.750000   clock reconvergence pessimism
                                 -2.000000    7.750000   output external delay
                                              7.750000   data required time
---------------------------------------------------------------------------------------------
                                              7.750000   data required time
                                             -0.433537   data arrival time
---------------------------------------------------------------------------------------------
                                              7.316463   slack (MET)


Startpoint: B[4]$_SDFFE_PP1P_ (rising edge-triggered flip-flop clocked by clk)
Endpoint: B[4] (output port clocked by clk)
Path Group: clk
Path Type: max

Fanout         Cap        Slew       Delay        Time   Description
---------------------------------------------------------------------------------------------
                                  0.000000    0.000000   clock clk (rise edge)
                                  0.000000    0.000000   clock source latency
     1    0.014354    0.030345    0.011855    0.011855 ^ clk (in)
                                                         clk (net)
                      0.030346    0.000000    0.011855 ^ clkbuf_0_clk/A (sg13g2_buf_8)
     4    0.045105    0.034859    0.078783    0.090638 ^ clkbuf_0_clk/X (sg13g2_buf_8)
                                                         clknet_0_clk (net)
                      0.034859    0.000147    0.090786 ^ clkbuf_2_0__f_clk/A (sg13g2_buf_8)
     8    0.028898    0.027788    0.074683    0.165468 ^ clkbuf_2_0__f_clk/X (sg13g2_buf_8)
                                                         clknet_2_0__leaf_clk (net)
                      0.027788    0.000055    0.165524 ^ B[4]$_SDFFE_PP1P_/CLK (sg13g2_dfrbpq_1)
     3    0.009401    0.047769    0.185224    0.350748 ^ B[4]$_SDFFE_PP1P_/Q (sg13g2_dfrbpq_1)
                                                         net37 (net)
                      0.047769    0.000005    0.350753 ^ output21/A (sg13g2_buf_1)
     1    0.007920    0.041703    0.082465    0.433218 ^ output21/X (sg13g2_buf_1)
                                                         B[4] (net)
                      0.041703    0.000048    0.433266 ^ B[4] (out)
                                              0.433266   data arrival time

                                 10.000000   10.000000   clock clk (rise edge)
                                  0.000000   10.000000   clock network delay (propagated)
                                 -0.250000    9.750000   clock uncertainty
                                  0.000000    9.750000   clock reconvergence pessimism
                                 -2.000000    7.750000   output external delay
                                              7.750000   data required time
---------------------------------------------------------------------------------------------
                                              7.750000   data required time
                                             -0.433266   data arrival time
---------------------------------------------------------------------------------------------
                                              7.316734   slack (MET)


Startpoint: B[3]$_SDFFE_PP1P_ (rising edge-triggered flip-flop clocked by clk)
Endpoint: B[3] (output port clocked by clk)
Path Group: clk
Path Type: max

Fanout         Cap        Slew       Delay        Time   Description
---------------------------------------------------------------------------------------------
                                  0.000000    0.000000   clock clk (rise edge)
                                  0.000000    0.000000   clock source latency
     1    0.014354    0.030345    0.011855    0.011855 ^ clk (in)
                                                         clk (net)
                      0.030346    0.000000    0.011855 ^ clkbuf_0_clk/A (sg13g2_buf_8)
     4    0.045105    0.034859    0.078783    0.090638 ^ clkbuf_0_clk/X (sg13g2_buf_8)
                                                         clknet_0_clk (net)
                      0.034859    0.000161    0.090799 ^ clkbuf_2_1__f_clk/A (sg13g2_buf_8)
     7    0.026048    0.026520    0.073566    0.164366 ^ clkbuf_2_1__f_clk/X (sg13g2_buf_8)
                                                         clknet_2_1__leaf_clk (net)
                      0.026520    0.000043    0.164409 ^ B[3]$_SDFFE_PP1P_/CLK (sg13g2_dfrbpq_1)
     3    0.009648    0.048704    0.185324    0.349733 ^ B[3]$_SDFFE_PP1P_/Q (sg13g2_dfrbpq_1)
                                                         net36 (net)
                      0.048704    0.000039    0.349772 ^ output20/A (sg13g2_buf_1)
     1    0.007765    0.041136    0.082412    0.432184 ^ output20/X (sg13g2_buf_1)
                                                         B[3] (net)
                      0.041136    0.000044    0.432228 ^ B[3] (out)
                                              0.432228   data arrival time

                                 10.000000   10.000000   clock clk (rise edge)
                                  0.000000   10.000000   clock network delay (propagated)
                                 -0.250000    9.750000   clock uncertainty
                                  0.000000    9.750000   clock reconvergence pessimism
                                 -2.000000    7.750000   output external delay
                                              7.750000   data required time
---------------------------------------------------------------------------------------------
                                              7.750000   data required time
                                             -0.432228   data arrival time
---------------------------------------------------------------------------------------------
                                              7.317771   slack (MET)


Startpoint: BN[9]$_SDFFE_PP1P_ (rising edge-triggered flip-flop clocked by clk)
Endpoint: BN[9] (output port clocked by clk)
Path Group: clk
Path Type: max

Fanout         Cap        Slew       Delay        Time   Description
---------------------------------------------------------------------------------------------
                                  0.000000    0.000000   clock clk (rise edge)
                                  0.000000    0.000000   clock source latency
     1    0.014354    0.030345    0.011855    0.011855 ^ clk (in)
                                                         clk (net)
                      0.030346    0.000000    0.011855 ^ clkbuf_0_clk/A (sg13g2_buf_8)
     4    0.045105    0.034859    0.078783    0.090638 ^ clkbuf_0_clk/X (sg13g2_buf_8)
                                                         clknet_0_clk (net)
                      0.034859    0.000195    0.090834 ^ clkbuf_2_2__f_clk/A (sg13g2_buf_8)
     8    0.029379    0.028000    0.074867    0.165701 ^ clkbuf_2_2__f_clk/X (sg13g2_buf_8)
                                                         clknet_2_2__leaf_clk (net)
                      0.028000    0.000101    0.165802 ^ BN[9]$_SDFFE_PP1P_/CLK (sg13g2_dfrbpq_1)
     3    0.009788    0.049233    0.186452    0.352253 ^ BN[9]$_SDFFE_PP1P_/Q (sg13g2_dfrbpq_1)
                                                         net30 (net)
                      0.049233    0.000006    0.352259 ^ output14/A (sg13g2_buf_1)
     1    0.006738    0.037240    0.079633    0.431892 ^ output14/X (sg13g2_buf_1)
                                                         BN[9] (net)
                      0.037240    0.000018    0.431910 ^ BN[9] (out)
                                              0.431910   data arrival time

                                 10.000000   10.000000   clock clk (rise edge)
                                  0.000000   10.000000   clock network delay (propagated)
                                 -0.250000    9.750000   clock uncertainty
                                  0.000000    9.750000   clock reconvergence pessimism
                                 -2.000000    7.750000   output external delay
                                              7.750000   data required time
---------------------------------------------------------------------------------------------
                                              7.750000   data required time
                                             -0.431910   data arrival time
---------------------------------------------------------------------------------------------
                                              7.318090   slack (MET)


Startpoint: BN[3]$_SDFFE_PP1P_ (rising edge-triggered flip-flop clocked by clk)
Endpoint: BN[3] (output port clocked by clk)
Path Group: clk
Path Type: max

Fanout         Cap        Slew       Delay        Time   Description
---------------------------------------------------------------------------------------------
                                  0.000000    0.000000   clock clk (rise edge)
                                  0.000000    0.000000   clock source latency
     1    0.014354    0.030345    0.011855    0.011855 ^ clk (in)
                                                         clk (net)
                      0.030346    0.000000    0.011855 ^ clkbuf_0_clk/A (sg13g2_buf_8)
     4    0.045105    0.034859    0.078783    0.090638 ^ clkbuf_0_clk/X (sg13g2_buf_8)
                                                         clknet_0_clk (net)
                      0.034859    0.000161    0.090799 ^ clkbuf_2_1__f_clk/A (sg13g2_buf_8)
     7    0.026048    0.026520    0.073566    0.164366 ^ clkbuf_2_1__f_clk/X (sg13g2_buf_8)
                                                         clknet_2_1__leaf_clk (net)
                      0.026520    0.000038    0.164404 ^ BN[3]$_SDFFE_PP1P_/CLK (sg13g2_dfrbpq_1)
     3    0.009518    0.048211    0.184952    0.349355 ^ BN[3]$_SDFFE_PP1P_/Q (sg13g2_dfrbpq_1)
                                                         net24 (net)
                      0.048211    0.000018    0.349373 ^ output8/A (sg13g2_buf_1)
     1    0.007840    0.041409    0.082420    0.431793 ^ output8/X (sg13g2_buf_1)
                                                         BN[3] (net)
                      0.041409    0.000046    0.431839 ^ BN[3] (out)
                                              0.431839   data arrival time

                                 10.000000   10.000000   clock clk (rise edge)
                                  0.000000   10.000000   clock network delay (propagated)
                                 -0.250000    9.750000   clock uncertainty
                                  0.000000    9.750000   clock reconvergence pessimism
                                 -2.000000    7.750000   output external delay
                                              7.750000   data required time
---------------------------------------------------------------------------------------------
                                              7.750000   data required time
                                             -0.431839   data arrival time
---------------------------------------------------------------------------------------------
                                              7.318161   slack (MET)


Startpoint: BN[7]$_SDFFE_PP1P_ (rising edge-triggered flip-flop clocked by clk)
Endpoint: BN[7] (output port clocked by clk)
Path Group: clk
Path Type: max

Fanout         Cap        Slew       Delay        Time   Description
---------------------------------------------------------------------------------------------
                                  0.000000    0.000000   clock clk (rise edge)
                                  0.000000    0.000000   clock source latency
     1    0.014354    0.030345    0.011855    0.011855 ^ clk (in)
                                                         clk (net)
                      0.030346    0.000000    0.011855 ^ clkbuf_0_clk/A (sg13g2_buf_8)
     4    0.045105    0.034859    0.078783    0.090638 ^ clkbuf_0_clk/X (sg13g2_buf_8)
                                                         clknet_0_clk (net)
                      0.034860    0.000222    0.090861 ^ clkbuf_2_3__f_clk/A (sg13g2_buf_8)
     8    0.028838    0.027761    0.074660    0.165520 ^ clkbuf_2_3__f_clk/X (sg13g2_buf_8)
                                                         clknet_2_3__leaf_clk (net)
                      0.027761    0.000082    0.165603 ^ BN[7]$_SDFFE_PP1P_/CLK (sg13g2_dfrbpq_1)
     3    0.009010    0.046289    0.184068    0.349670 ^ BN[7]$_SDFFE_PP1P_/Q (sg13g2_dfrbpq_1)
                                                         net28 (net)
                      0.046289    0.000029    0.349700 ^ output12/A (sg13g2_buf_1)
     1    0.007943    0.041749    0.081898    0.431598 ^ output12/X (sg13g2_buf_1)
                                                         BN[7] (net)
                      0.041749    0.000049    0.431647 ^ BN[7] (out)
                                              0.431647   data arrival time

                                 10.000000   10.000000   clock clk (rise edge)
                                  0.000000   10.000000   clock network delay (propagated)
                                 -0.250000    9.750000   clock uncertainty
                                  0.000000    9.750000   clock reconvergence pessimism
                                 -2.000000    7.750000   output external delay
                                              7.750000   data required time
---------------------------------------------------------------------------------------------
                                              7.750000   data required time
                                             -0.431647   data arrival time
---------------------------------------------------------------------------------------------
                                              7.318353   slack (MET)


Startpoint: B[1]$_SDFFE_PP1P_ (rising edge-triggered flip-flop clocked by clk)
Endpoint: B[1] (output port clocked by clk)
Path Group: clk
Path Type: max

Fanout         Cap        Slew       Delay        Time   Description
---------------------------------------------------------------------------------------------
                                  0.000000    0.000000   clock clk (rise edge)
                                  0.000000    0.000000   clock source latency
     1    0.014354    0.030345    0.011855    0.011855 ^ clk (in)
                                                         clk (net)
                      0.030346    0.000000    0.011855 ^ clkbuf_0_clk/A (sg13g2_buf_8)
     4    0.045105    0.034859    0.078783    0.090638 ^ clkbuf_0_clk/X (sg13g2_buf_8)
                                                         clknet_0_clk (net)
                      0.034859    0.000147    0.090786 ^ clkbuf_2_0__f_clk/A (sg13g2_buf_8)
     8    0.028898    0.027788    0.074683    0.165468 ^ clkbuf_2_0__f_clk/X (sg13g2_buf_8)
                                                         clknet_2_0__leaf_clk (net)
                      0.027788    0.000074    0.165542 ^ B[1]$_SDFFE_PP1P_/CLK (sg13g2_dfrbpq_1)
     3    0.009350    0.047575    0.185072    0.350614 ^ B[1]$_SDFFE_PP1P_/Q (sg13g2_dfrbpq_1)
                                                         net34 (net)
                      0.047575    0.000005    0.350619 ^ output18/A (sg13g2_buf_1)
     1    0.007235    0.039077    0.080377    0.430996 ^ output18/X (sg13g2_buf_1)
                                                         B[1] (net)
                      0.039077    0.000030    0.431026 ^ B[1] (out)
                                              0.431026   data arrival time

                                 10.000000   10.000000   clock clk (rise edge)
                                  0.000000   10.000000   clock network delay (propagated)
                                 -0.250000    9.750000   clock uncertainty
                                  0.000000    9.750000   clock reconvergence pessimism
                                 -2.000000    7.750000   output external delay
                                              7.750000   data required time
---------------------------------------------------------------------------------------------
                                              7.750000   data required time
                                             -0.431026   data arrival time
---------------------------------------------------------------------------------------------
                                              7.318974   slack (MET)


Startpoint: B[9]$_SDFFE_PP1P_ (rising edge-triggered flip-flop clocked by clk)
Endpoint: B[9] (output port clocked by clk)
Path Group: clk
Path Type: max

Fanout         Cap        Slew       Delay        Time   Description
---------------------------------------------------------------------------------------------
                                  0.000000    0.000000   clock clk (rise edge)
                                  0.000000    0.000000   clock source latency
     1    0.014354    0.030345    0.011855    0.011855 ^ clk (in)
                                                         clk (net)
                      0.030346    0.000000    0.011855 ^ clkbuf_0_clk/A (sg13g2_buf_8)
     4    0.045105    0.034859    0.078783    0.090638 ^ clkbuf_0_clk/X (sg13g2_buf_8)
                                                         clknet_0_clk (net)
                      0.034859    0.000195    0.090834 ^ clkbuf_2_2__f_clk/A (sg13g2_buf_8)
     8    0.029379    0.028000    0.074867    0.165701 ^ clkbuf_2_2__f_clk/X (sg13g2_buf_8)
                                                         clknet_2_2__leaf_clk (net)
                      0.028000    0.000109    0.165810 ^ B[9]$_SDFFE_PP1P_/CLK (sg13g2_dfrbpq_1)
     3    0.009564    0.048385    0.185801    0.351611 ^ B[9]$_SDFFE_PP1P_/Q (sg13g2_dfrbpq_1)
                                                         net42 (net)
                      0.048385    0.000005    0.351616 ^ output26/A (sg13g2_buf_1)
     1    0.006656    0.036899    0.079027    0.430643 ^ output26/X (sg13g2_buf_1)
                                                         B[9] (net)
                      0.036899    0.000016    0.430659 ^ B[9] (out)
                                              0.430659   data arrival time

                                 10.000000   10.000000   clock clk (rise edge)
                                  0.000000   10.000000   clock network delay (propagated)
                                 -0.250000    9.750000   clock uncertainty
                                  0.000000    9.750000   clock reconvergence pessimism
                                 -2.000000    7.750000   output external delay
                                              7.750000   data required time
---------------------------------------------------------------------------------------------
                                              7.750000   data required time
                                             -0.430659   data arrival time
---------------------------------------------------------------------------------------------
                                              7.319341   slack (MET)


Startpoint: BN[4]$_SDFFE_PP1P_ (rising edge-triggered flip-flop clocked by clk)
Endpoint: BN[4] (output port clocked by clk)
Path Group: clk
Path Type: max

Fanout         Cap        Slew       Delay        Time   Description
---------------------------------------------------------------------------------------------
                                  0.000000    0.000000   clock clk (rise edge)
                                  0.000000    0.000000   clock source latency
     1    0.014354    0.030345    0.011855    0.011855 ^ clk (in)
                                                         clk (net)
                      0.030346    0.000000    0.011855 ^ clkbuf_0_clk/A (sg13g2_buf_8)
     4    0.045105    0.034859    0.078783    0.090638 ^ clkbuf_0_clk/X (sg13g2_buf_8)
                                                         clknet_0_clk (net)
                      0.034859    0.000147    0.090786 ^ clkbuf_2_0__f_clk/A (sg13g2_buf_8)
     8    0.028898    0.027788    0.074683    0.165468 ^ clkbuf_2_0__f_clk/X (sg13g2_buf_8)
                                                         clknet_2_0__leaf_clk (net)
                      0.027788    0.000065    0.165534 ^ BN[4]$_SDFFE_PP1P_/CLK (sg13g2_dfrbpq_1)
     3    0.008833    0.045622    0.183569    0.349103 ^ BN[4]$_SDFFE_PP1P_/Q (sg13g2_dfrbpq_1)
                                                         net25 (net)
                      0.045622    0.000005    0.349108 ^ output9/A (sg13g2_buf_1)
     1    0.007732    0.040918    0.080993    0.430101 ^ output9/X (sg13g2_buf_1)
                                                         BN[4] (net)
                      0.040918    0.000043    0.430144 ^ BN[4] (out)
                                              0.430144   data arrival time

                                 10.000000   10.000000   clock clk (rise edge)
                                  0.000000   10.000000   clock network delay (propagated)
                                 -0.250000    9.750000   clock uncertainty
                                  0.000000    9.750000   clock reconvergence pessimism
                                 -2.000000    7.750000   output external delay
                                              7.750000   data required time
---------------------------------------------------------------------------------------------
                                              7.750000   data required time
                                             -0.430144   data arrival time
---------------------------------------------------------------------------------------------
                                              7.319856   slack (MET)


Startpoint: BN[5]$_SDFFE_PP1P_ (rising edge-triggered flip-flop clocked by clk)
Endpoint: BN[5] (output port clocked by clk)
Path Group: clk
Path Type: max

Fanout         Cap        Slew       Delay        Time   Description
---------------------------------------------------------------------------------------------
                                  0.000000    0.000000   clock clk (rise edge)
                                  0.000000    0.000000   clock source latency
     1    0.014354    0.030345    0.011855    0.011855 ^ clk (in)
                                                         clk (net)
                      0.030346    0.000000    0.011855 ^ clkbuf_0_clk/A (sg13g2_buf_8)
     4    0.045105    0.034859    0.078783    0.090638 ^ clkbuf_0_clk/X (sg13g2_buf_8)
                                                         clknet_0_clk (net)
                      0.034859    0.000195    0.090834 ^ clkbuf_2_2__f_clk/A (sg13g2_buf_8)
     8    0.029379    0.028000    0.074867    0.165701 ^ clkbuf_2_2__f_clk/X (sg13g2_buf_8)
                                                         clknet_2_2__leaf_clk (net)
                      0.028000    0.000043    0.165744 ^ BN[5]$_SDFFE_PP1P_/CLK (sg13g2_dfrbpq_1)
     3    0.008477    0.044280    0.182634    0.348378 ^ BN[5]$_SDFFE_PP1P_/Q (sg13g2_dfrbpq_1)
                                                         net26 (net)
                      0.044280    0.000019    0.348397 ^ output10/A (sg13g2_buf_1)
     1    0.008117    0.042357    0.081543    0.429940 ^ output10/X (sg13g2_buf_1)
                                                         BN[5] (net)
                      0.042357    0.000053    0.429993 ^ BN[5] (out)
                                              0.429993   data arrival time

                                 10.000000   10.000000   clock clk (rise edge)
                                  0.000000   10.000000   clock network delay (propagated)
                                 -0.250000    9.750000   clock uncertainty
                                  0.000000    9.750000   clock reconvergence pessimism
                                 -2.000000    7.750000   output external delay
                                              7.750000   data required time
---------------------------------------------------------------------------------------------
                                              7.750000   data required time
                                             -0.429993   data arrival time
---------------------------------------------------------------------------------------------
                                              7.320006   slack (MET)


Startpoint: BN[2]$_SDFFE_PP1P_ (rising edge-triggered flip-flop clocked by clk)
Endpoint: BN[2] (output port clocked by clk)
Path Group: clk
Path Type: max

Fanout         Cap        Slew       Delay        Time   Description
---------------------------------------------------------------------------------------------
                                  0.000000    0.000000   clock clk (rise edge)
                                  0.000000    0.000000   clock source latency
     1    0.014354    0.030345    0.011855    0.011855 ^ clk (in)
                                                         clk (net)
                      0.030346    0.000000    0.011855 ^ clkbuf_0_clk/A (sg13g2_buf_8)
     4    0.045105    0.034859    0.078783    0.090638 ^ clkbuf_0_clk/X (sg13g2_buf_8)
                                                         clknet_0_clk (net)
                      0.034860    0.000222    0.090861 ^ clkbuf_2_3__f_clk/A (sg13g2_buf_8)
     8    0.028838    0.027761    0.074660    0.165520 ^ clkbuf_2_3__f_clk/X (sg13g2_buf_8)
                                                         clknet_2_3__leaf_clk (net)
                      0.027761    0.000061    0.165581 ^ BN[2]$_SDFFE_PP1P_/CLK (sg13g2_dfrbpq_1)
     3    0.008546    0.046122    0.182727    0.348309 ^ BN[2]$_SDFFE_PP1P_/Q (sg13g2_dfrbpq_1)
                                                         net23 (net)
                      0.046122    0.000013    0.348322 ^ output7/A (sg13g2_buf_1)
     1    0.007848    0.041377    0.081546    0.429868 ^ output7/X (sg13g2_buf_1)
                                                         BN[2] (net)
                      0.041377    0.000047    0.429915 ^ BN[2] (out)
                                              0.429915   data arrival time

                                 10.000000   10.000000   clock clk (rise edge)
                                  0.000000   10.000000   clock network delay (propagated)
                                 -0.250000    9.750000   clock uncertainty
                                  0.000000    9.750000   clock reconvergence pessimism
                                 -2.000000    7.750000   output external delay
                                              7.750000   data required time
---------------------------------------------------------------------------------------------
                                              7.750000   data required time
                                             -0.429915   data arrival time
---------------------------------------------------------------------------------------------
                                              7.320085   slack (MET)


Startpoint: B[5]$_SDFFE_PP1P_ (rising edge-triggered flip-flop clocked by clk)
Endpoint: B[5] (output port clocked by clk)
Path Group: clk
Path Type: max

Fanout         Cap        Slew       Delay        Time   Description
---------------------------------------------------------------------------------------------
                                  0.000000    0.000000   clock clk (rise edge)
                                  0.000000    0.000000   clock source latency
     1    0.014354    0.030345    0.011855    0.011855 ^ clk (in)
                                                         clk (net)
                      0.030346    0.000000    0.011855 ^ clkbuf_0_clk/A (sg13g2_buf_8)
     4    0.045105    0.034859    0.078783    0.090638 ^ clkbuf_0_clk/X (sg13g2_buf_8)
                                                         clknet_0_clk (net)
                      0.034859    0.000195    0.090834 ^ clkbuf_2_2__f_clk/A (sg13g2_buf_8)
     8    0.029379    0.028000    0.074867    0.165701 ^ clkbuf_2_2__f_clk/X (sg13g2_buf_8)
                                                         clknet_2_2__leaf_clk (net)
                      0.028000    0.000030    0.165731 ^ B[5]$_SDFFE_PP1P_/CLK (sg13g2_dfrbpq_1)
     3    0.008559    0.044589    0.182871    0.348602 ^ B[5]$_SDFFE_PP1P_/Q (sg13g2_dfrbpq_1)
                                                         net38 (net)
                      0.044589    0.000020    0.348623 ^ output22/A (sg13g2_buf_1)
     1    0.007949    0.041720    0.081185    0.429808 ^ output22/X (sg13g2_buf_1)
                                                         B[5] (net)
                      0.041720    0.000048    0.429855 ^ B[5] (out)
                                              0.429855   data arrival time

                                 10.000000   10.000000   clock clk (rise edge)
                                  0.000000   10.000000   clock network delay (propagated)
                                 -0.250000    9.750000   clock uncertainty
                                  0.000000    9.750000   clock reconvergence pessimism
                                 -2.000000    7.750000   output external delay
                                              7.750000   data required time
---------------------------------------------------------------------------------------------
                                              7.750000   data required time
                                             -0.429855   data arrival time
---------------------------------------------------------------------------------------------
                                              7.320145   slack (MET)


Startpoint: B[6]$_SDFFE_PP1P_ (rising edge-triggered flip-flop clocked by clk)
Endpoint: B[6] (output port clocked by clk)
Path Group: clk
Path Type: max

Fanout         Cap        Slew       Delay        Time   Description
---------------------------------------------------------------------------------------------
                                  0.000000    0.000000   clock clk (rise edge)
                                  0.000000    0.000000   clock source latency
     1    0.014354    0.030345    0.011855    0.011855 ^ clk (in)
                                                         clk (net)
                      0.030346    0.000000    0.011855 ^ clkbuf_0_clk/A (sg13g2_buf_8)
     4    0.045105    0.034859    0.078783    0.090638 ^ clkbuf_0_clk/X (sg13g2_buf_8)
                                                         clknet_0_clk (net)
                      0.034860    0.000222    0.090861 ^ clkbuf_2_3__f_clk/A (sg13g2_buf_8)
     8    0.028838    0.027761    0.074660    0.165520 ^ clkbuf_2_3__f_clk/X (sg13g2_buf_8)
                                                         clknet_2_3__leaf_clk (net)
                      0.027761    0.000058    0.165578 ^ B[6]$_SDFFE_PP1P_/CLK (sg13g2_dfrbpq_1)
     3    0.008352    0.045378    0.182162    0.347740 ^ B[6]$_SDFFE_PP1P_/Q (sg13g2_dfrbpq_1)
                                                         net39 (net)
                      0.045378    0.000015    0.347755 ^ output23/A (sg13g2_buf_1)
     1    0.007987    0.041889    0.081634    0.429389 ^ output23/X (sg13g2_buf_1)
                                                         B[6] (net)
                      0.041889    0.000049    0.429439 ^ B[6] (out)
                                              0.429439   data arrival time

                                 10.000000   10.000000   clock clk (rise edge)
                                  0.000000   10.000000   clock network delay (propagated)
                                 -0.250000    9.750000   clock uncertainty
                                  0.000000    9.750000   clock reconvergence pessimism
                                 -2.000000    7.750000   output external delay
                                              7.750000   data required time
---------------------------------------------------------------------------------------------
                                              7.750000   data required time
                                             -0.429439   data arrival time
---------------------------------------------------------------------------------------------
                                              7.320561   slack (MET)


Startpoint: BN[6]$_SDFFE_PP1P_ (rising edge-triggered flip-flop clocked by clk)
Endpoint: BN[6] (output port clocked by clk)
Path Group: clk
Path Type: max

Fanout         Cap        Slew       Delay        Time   Description
---------------------------------------------------------------------------------------------
                                  0.000000    0.000000   clock clk (rise edge)
                                  0.000000    0.000000   clock source latency
     1    0.014354    0.030345    0.011855    0.011855 ^ clk (in)
                                                         clk (net)
                      0.030346    0.000000    0.011855 ^ clkbuf_0_clk/A (sg13g2_buf_8)
     4    0.045105    0.034859    0.078783    0.090638 ^ clkbuf_0_clk/X (sg13g2_buf_8)
                                                         clknet_0_clk (net)
                      0.034860    0.000222    0.090861 ^ clkbuf_2_3__f_clk/A (sg13g2_buf_8)
     8    0.028838    0.027761    0.074660    0.165520 ^ clkbuf_2_3__f_clk/X (sg13g2_buf_8)
                                                         clknet_2_3__leaf_clk (net)
                      0.027761    0.000048    0.165569 ^ BN[6]$_SDFFE_PP1P_/CLK (sg13g2_dfrbpq_1)
     3    0.009194    0.046985    0.184603    0.350172 ^ BN[6]$_SDFFE_PP1P_/Q (sg13g2_dfrbpq_1)
                                                         net27 (net)
                      0.046985    0.000021    0.350192 ^ output11/A (sg13g2_buf_1)
     1    0.006598    0.036637    0.078259    0.428451 ^ output11/X (sg13g2_buf_1)
                                                         BN[6] (net)
                      0.036637    0.000014    0.428466 ^ BN[6] (out)
                                              0.428466   data arrival time

                                 10.000000   10.000000   clock clk (rise edge)
                                  0.000000   10.000000   clock network delay (propagated)
                                 -0.250000    9.750000   clock uncertainty
                                  0.000000    9.750000   clock reconvergence pessimism
                                 -2.000000    7.750000   output external delay
                                              7.750000   data required time
---------------------------------------------------------------------------------------------
                                              7.750000   data required time
                                             -0.428466   data arrival time
---------------------------------------------------------------------------------------------
                                              7.321534   slack (MET)


Startpoint: B[10]$_SDFFE_PP1P_ (rising edge-triggered flip-flop clocked by clk)
Endpoint: B[10] (output port clocked by clk)
Path Group: clk
Path Type: max

Fanout         Cap        Slew       Delay        Time   Description
---------------------------------------------------------------------------------------------
                                  0.000000    0.000000   clock clk (rise edge)
                                  0.000000    0.000000   clock source latency
     1    0.014354    0.030345    0.011855    0.011855 ^ clk (in)
                                                         clk (net)
                      0.030346    0.000000    0.011855 ^ clkbuf_0_clk/A (sg13g2_buf_8)
     4    0.045105    0.034859    0.078783    0.090638 ^ clkbuf_0_clk/X (sg13g2_buf_8)
                                                         clknet_0_clk (net)
                      0.034859    0.000195    0.090834 ^ clkbuf_2_2__f_clk/A (sg13g2_buf_8)
     8    0.029379    0.028000    0.074867    0.165701 ^ clkbuf_2_2__f_clk/X (sg13g2_buf_8)
                                                         clknet_2_2__leaf_clk (net)
                      0.028000    0.000061    0.165762 ^ B[10]$_SDFFE_PP1P_/CLK (sg13g2_dfrbpq_1)
     3    0.008002    0.044035    0.181257    0.347020 ^ B[10]$_SDFFE_PP1P_/Q (sg13g2_dfrbpq_1)
                                                         net32 (net)
                      0.044035    0.000005    0.347024 ^ output16/A (sg13g2_buf_1)
     1    0.008073    0.042183    0.081311    0.428335 ^ output16/X (sg13g2_buf_1)
                                                         B[10] (net)
                      0.042183    0.000052    0.428387 ^ B[10] (out)
                                              0.428387   data arrival time

                                 10.000000   10.000000   clock clk (rise edge)
                                  0.000000   10.000000   clock network delay (propagated)
                                 -0.250000    9.750000   clock uncertainty
                                  0.000000    9.750000   clock reconvergence pessimism
                                 -2.000000    7.750000   output external delay
                                              7.750000   data required time
---------------------------------------------------------------------------------------------
                                              7.750000   data required time
                                             -0.428387   data arrival time
---------------------------------------------------------------------------------------------
                                              7.321613   slack (MET)


Startpoint: BN[1]$_SDFFE_PP1P_ (rising edge-triggered flip-flop clocked by clk)
Endpoint: BN[1] (output port clocked by clk)
Path Group: clk
Path Type: max

Fanout         Cap        Slew       Delay        Time   Description
---------------------------------------------------------------------------------------------
                                  0.000000    0.000000   clock clk (rise edge)
                                  0.000000    0.000000   clock source latency
     1    0.014354    0.030345    0.011855    0.011855 ^ clk (in)
                                                         clk (net)
                      0.030346    0.000000    0.011855 ^ clkbuf_0_clk/A (sg13g2_buf_8)
     4    0.045105    0.034859    0.078783    0.090638 ^ clkbuf_0_clk/X (sg13g2_buf_8)
                                                         clknet_0_clk (net)
                      0.034859    0.000195    0.090834 ^ clkbuf_2_2__f_clk/A (sg13g2_buf_8)
     8    0.029379    0.028000    0.074867    0.165701 ^ clkbuf_2_2__f_clk/X (sg13g2_buf_8)
                                                         clknet_2_2__leaf_clk (net)
                      0.028000    0.000125    0.165825 ^ BN[1]$_SDFFE_PP1P_/CLK (sg13g2_dfrbpq_1)
     3    0.008562    0.044599    0.182882    0.348708 ^ BN[1]$_SDFFE_PP1P_/Q (sg13g2_dfrbpq_1)
                                                         net22 (net)
                      0.044599    0.000002    0.348709 ^ output6/A (sg13g2_buf_1)
     1    0.006656    0.036778    0.077404    0.426113 ^ output6/X (sg13g2_buf_1)
                                                         BN[1] (net)
                      0.036778    0.000016    0.426129 ^ BN[1] (out)
                                              0.426129   data arrival time

                                 10.000000   10.000000   clock clk (rise edge)
                                  0.000000   10.000000   clock network delay (propagated)
                                 -0.250000    9.750000   clock uncertainty
                                  0.000000    9.750000   clock reconvergence pessimism
                                 -2.000000    7.750000   output external delay
                                              7.750000   data required time
---------------------------------------------------------------------------------------------
                                              7.750000   data required time
                                             -0.426129   data arrival time
---------------------------------------------------------------------------------------------
                                              7.323871   slack (MET)



