
===========================================================================
report_checks -path_delay min (Hold)
============================================================================
======================= nom_typ_1p20V_25C Corner ===================================

Startpoint: B[10]$_SDFFE_PP1P_ (rising edge-triggered flip-flop clocked by clk)
Endpoint: B[10]$_SDFFE_PP1P_ (rising edge-triggered flip-flop clocked by clk)
Path Group: clk
Path Type: min

Fanout         Cap        Slew       Delay        Time   Description
---------------------------------------------------------------------------------------------
                                  0.000000    0.000000   clock clk (rise edge)
                                  0.000000    0.000000   clock source latency
     1    0.014354    0.030345    0.011855    0.011855 ^ clk (in)
                                                         clk (net)
                      0.030346    0.000000    0.011855 ^ clkbuf_0_clk/A (sg13g2_buf_8)
     4    0.045105    0.034859    0.078783    0.090638 ^ clkbuf_0_clk/X (sg13g2_buf_8)
                                                         clknet_0_clk (net)
                      0.034859    0.000195    0.090834 ^ clkbuf_2_2__f_clk/A (sg13g2_buf_8)
     8    0.029379    0.028000    0.074867    0.165701 ^ clkbuf_2_2__f_clk/X (sg13g2_buf_8)
                                                         clknet_2_2__leaf_clk (net)
                      0.028000    0.000061    0.165762 ^ B[10]$_SDFFE_PP1P_/CLK (sg13g2_dfrbpq_1)
     3    0.007896    0.033180    0.175698    0.341460 v B[10]$_SDFFE_PP1P_/Q (sg13g2_dfrbpq_1)
                                                         net32 (net)
                      0.033180    0.000010    0.341470 v hold19/A (sg13g2_dlygate4sd3_1)
     1    0.002860    0.036988    0.373482    0.714952 v hold19/X (sg13g2_dlygate4sd3_1)
                                                         net102 (net)
                      0.036988    0.000001    0.714953 v _132_/A1 (sg13g2_a21o_1)
     1    0.002113    0.021681    0.102244    0.817198 v _132_/X (sg13g2_a21o_1)
                                                         _013_ (net)
                      0.021681    0.000004    0.817202 v B[10]$_SDFFE_PP1P_/D (sg13g2_dfrbpq_1)
                                              0.817202   data arrival time

                                  0.000000    0.000000   clock clk (rise edge)
                                  0.000000    0.000000   clock source latency
     1    0.014354    0.030345    0.011855    0.011855 ^ clk (in)
                                                         clk (net)
                      0.030346    0.000000    0.011855 ^ clkbuf_0_clk/A (sg13g2_buf_8)
     4    0.045105    0.034859    0.078783    0.090638 ^ clkbuf_0_clk/X (sg13g2_buf_8)
                                                         clknet_0_clk (net)
                      0.034859    0.000195    0.090834 ^ clkbuf_2_2__f_clk/A (sg13g2_buf_8)
     8    0.029379    0.028000    0.074867    0.165701 ^ clkbuf_2_2__f_clk/X (sg13g2_buf_8)
                                                         clknet_2_2__leaf_clk (net)
                      0.028000    0.000061    0.165762 ^ B[10]$_SDFFE_PP1P_/CLK (sg13g2_dfrbpq_1)
                                  0.250000    0.415762   clock uncertainty
                                  0.000000    0.415762   clock reconvergence pessimism
                                 -0.033248    0.382514   library hold time
                                              0.382514   data required time
---------------------------------------------------------------------------------------------
                                              0.382514   data required time
                                             -0.817202   data arrival time
---------------------------------------------------------------------------------------------
                                              0.434688   slack (MET)


Startpoint: BN[2]$_SDFFE_PP1P_ (rising edge-triggered flip-flop clocked by clk)
Endpoint: BN[2]$_SDFFE_PP1P_ (rising edge-triggered flip-flop clocked by clk)
Path Group: clk
Path Type: min

Fanout         Cap        Slew       Delay        Time   Description
---------------------------------------------------------------------------------------------
                                  0.000000    0.000000   clock clk (rise edge)
                                  0.000000    0.000000   clock source latency
     1    0.014354    0.030345    0.011855    0.011855 ^ clk (in)
                                                         clk (net)
                      0.030346    0.000000    0.011855 ^ clkbuf_0_clk/A (sg13g2_buf_8)
     4    0.045105    0.034859    0.078783    0.090638 ^ clkbuf_0_clk/X (sg13g2_buf_8)
                                                         clknet_0_clk (net)
                      0.034860    0.000222    0.090861 ^ clkbuf_2_3__f_clk/A (sg13g2_buf_8)
     8    0.028838    0.027761    0.074660    0.165520 ^ clkbuf_2_3__f_clk/X (sg13g2_buf_8)
                                                         clknet_2_3__leaf_clk (net)
                      0.027761    0.000061    0.165581 ^ BN[2]$_SDFFE_PP1P_/CLK (sg13g2_dfrbpq_1)
     3    0.008440    0.034742    0.176911    0.342493 v BN[2]$_SDFFE_PP1P_/Q (sg13g2_dfrbpq_1)
                                                         net23 (net)
                      0.034742    0.000011    0.342503 v hold3/A (sg13g2_dlygate4sd3_1)
     1    0.003900    0.039404    0.377970    0.720473 v hold3/X (sg13g2_dlygate4sd3_1)
                                                         net86 (net)
                      0.039404    0.000015    0.720488 v _112_/A1 (sg13g2_a21o_1)
     1    0.002451    0.021300    0.104134    0.824623 v _112_/X (sg13g2_a21o_1)
                                                         _004_ (net)
                      0.021300    0.000007    0.824630 v BN[2]$_SDFFE_PP1P_/D (sg13g2_dfrbpq_1)
                                              0.824630   data arrival time

                                  0.000000    0.000000   clock clk (rise edge)
                                  0.000000    0.000000   clock source latency
     1    0.014354    0.030345    0.011855    0.011855 ^ clk (in)
                                                         clk (net)
                      0.030346    0.000000    0.011855 ^ clkbuf_0_clk/A (sg13g2_buf_8)
     4    0.045105    0.034859    0.078783    0.090638 ^ clkbuf_0_clk/X (sg13g2_buf_8)
                                                         clknet_0_clk (net)
                      0.034860    0.000222    0.090861 ^ clkbuf_2_3__f_clk/A (sg13g2_buf_8)
     8    0.028838    0.027761    0.074660    0.165520 ^ clkbuf_2_3__f_clk/X (sg13g2_buf_8)
                                                         clknet_2_3__leaf_clk (net)
                      0.027761    0.000061    0.165581 ^ BN[2]$_SDFFE_PP1P_/CLK (sg13g2_dfrbpq_1)
                                  0.250000    0.415581   clock uncertainty
                                  0.000000    0.415581   clock reconvergence pessimism
                                 -0.033177    0.382404   library hold time
                                              0.382404   data required time
---------------------------------------------------------------------------------------------
                                              0.382404   data required time
                                             -0.824630   data arrival time
---------------------------------------------------------------------------------------------
                                              0.442226   slack (MET)


Startpoint: BN[1]$_SDFFE_PP1P_ (rising edge-triggered flip-flop clocked by clk)
Endpoint: BN[1]$_SDFFE_PP1P_ (rising edge-triggered flip-flop clocked by clk)
Path Group: clk
Path Type: min

Fanout         Cap        Slew       Delay        Time   Description
---------------------------------------------------------------------------------------------
                                  0.000000    0.000000   clock clk (rise edge)
                                  0.000000    0.000000   clock source latency
     1    0.014354    0.030345    0.011855    0.011855 ^ clk (in)
                                                         clk (net)
                      0.030346    0.000000    0.011855 ^ clkbuf_0_clk/A (sg13g2_buf_8)
     4    0.045105    0.034859    0.078783    0.090638 ^ clkbuf_0_clk/X (sg13g2_buf_8)
                                                         clknet_0_clk (net)
                      0.034859    0.000195    0.090834 ^ clkbuf_2_2__f_clk/A (sg13g2_buf_8)
     8    0.029379    0.028000    0.074867    0.165701 ^ clkbuf_2_2__f_clk/X (sg13g2_buf_8)
                                                         clknet_2_2__leaf_clk (net)
                      0.028000    0.000125    0.165825 ^ BN[1]$_SDFFE_PP1P_/CLK (sg13g2_dfrbpq_1)
     3    0.008455    0.034785    0.177066    0.342891 v BN[1]$_SDFFE_PP1P_/Q (sg13g2_dfrbpq_1)
                                                         net22 (net)
                      0.034785    0.000008    0.342899 v hold18/A (sg13g2_dlygate4sd3_1)
     1    0.004286    0.040448    0.379337    0.722236 v hold18/X (sg13g2_dlygate4sd3_1)
                                                         net101 (net)
                      0.040448    0.000020    0.722256 v _110_/A1 (sg13g2_a21o_1)
     1    0.001843    0.021363    0.102804    0.825060 v _110_/X (sg13g2_a21o_1)
                                                         _003_ (net)
                      0.021363    0.000002    0.825063 v BN[1]$_SDFFE_PP1P_/D (sg13g2_dfrbpq_1)
                                              0.825063   data arrival time

                                  0.000000    0.000000   clock clk (rise edge)
                                  0.000000    0.000000   clock source latency
     1    0.014354    0.030345    0.011855    0.011855 ^ clk (in)
                                                         clk (net)
                      0.030346    0.000000    0.011855 ^ clkbuf_0_clk/A (sg13g2_buf_8)
     4    0.045105    0.034859    0.078783    0.090638 ^ clkbuf_0_clk/X (sg13g2_buf_8)
                                                         clknet_0_clk (net)
                      0.034859    0.000195    0.090834 ^ clkbuf_2_2__f_clk/A (sg13g2_buf_8)
     8    0.029379    0.028000    0.074867    0.165701 ^ clkbuf_2_2__f_clk/X (sg13g2_buf_8)
                                                         clknet_2_2__leaf_clk (net)
                      0.028000    0.000125    0.165825 ^ BN[1]$_SDFFE_PP1P_/CLK (sg13g2_dfrbpq_1)
                                  0.250000    0.415825   clock uncertainty
                                  0.000000    0.415825   clock reconvergence pessimism
                                 -0.033147    0.382678   library hold time
                                              0.382678   data required time
---------------------------------------------------------------------------------------------
                                              0.382678   data required time
                                             -0.825063   data arrival time
---------------------------------------------------------------------------------------------
                                              0.442385   slack (MET)


Startpoint: B[1]$_SDFFE_PP1P_ (rising edge-triggered flip-flop clocked by clk)
Endpoint: B[1]$_SDFFE_PP1P_ (rising edge-triggered flip-flop clocked by clk)
Path Group: clk
Path Type: min

Fanout         Cap        Slew       Delay        Time   Description
---------------------------------------------------------------------------------------------
                                  0.000000    0.000000   clock clk (rise edge)
                                  0.000000    0.000000   clock source latency
     1    0.014354    0.030345    0.011855    0.011855 ^ clk (in)
                                                         clk (net)
                      0.030346    0.000000    0.011855 ^ clkbuf_0_clk/A (sg13g2_buf_8)
     4    0.045105    0.034859    0.078783    0.090638 ^ clkbuf_0_clk/X (sg13g2_buf_8)
                                                         clknet_0_clk (net)
                      0.034859    0.000147    0.090786 ^ clkbuf_2_0__f_clk/A (sg13g2_buf_8)
     8    0.028898    0.027788    0.074683    0.165468 ^ clkbuf_2_0__f_clk/X (sg13g2_buf_8)
                                                         clknet_2_0__leaf_clk (net)
                      0.027788    0.000074    0.165542 ^ B[1]$_SDFFE_PP1P_/CLK (sg13g2_dfrbpq_1)
     3    0.009244    0.037069    0.178888    0.344430 v B[1]$_SDFFE_PP1P_/Q (sg13g2_dfrbpq_1)
                                                         net34 (net)
                      0.037069    0.000032    0.344462 v hold4/A (sg13g2_dlygate4sd3_1)
     1    0.003809    0.039157    0.378940    0.723402 v hold4/X (sg13g2_dlygate4sd3_1)
                                                         net87 (net)
                      0.039157    0.000013    0.723414 v _136_/A1 (sg13g2_a21o_1)
     1    0.001855    0.021396    0.102343    0.825757 v _136_/X (sg13g2_a21o_1)
                                                         _015_ (net)
                      0.021396    0.000003    0.825760 v B[1]$_SDFFE_PP1P_/D (sg13g2_dfrbpq_1)
                                              0.825760   data arrival time

                                  0.000000    0.000000   clock clk (rise edge)
                                  0.000000    0.000000   clock source latency
     1    0.014354    0.030345    0.011855    0.011855 ^ clk (in)
                                                         clk (net)
                      0.030346    0.000000    0.011855 ^ clkbuf_0_clk/A (sg13g2_buf_8)
     4    0.045105    0.034859    0.078783    0.090638 ^ clkbuf_0_clk/X (sg13g2_buf_8)
                                                         clknet_0_clk (net)
                      0.034859    0.000147    0.090786 ^ clkbuf_2_0__f_clk/A (sg13g2_buf_8)
     8    0.028898    0.027788    0.074683    0.165468 ^ clkbuf_2_0__f_clk/X (sg13g2_buf_8)
                                                         clknet_2_0__leaf_clk (net)
                      0.027788    0.000074    0.165542 ^ B[1]$_SDFFE_PP1P_/CLK (sg13g2_dfrbpq_1)
                                  0.250000    0.415542   clock uncertainty
                                  0.000000    0.415542   clock reconvergence pessimism
                                 -0.033202    0.382340   library hold time
                                              0.382340   data required time
---------------------------------------------------------------------------------------------
                                              0.382340   data required time
                                             -0.825760   data arrival time
---------------------------------------------------------------------------------------------
                                              0.443419   slack (MET)


Startpoint: B[0]$_SDFFE_PP1P_ (rising edge-triggered flip-flop clocked by clk)
Endpoint: B[0]$_SDFFE_PP1P_ (rising edge-triggered flip-flop clocked by clk)
Path Group: clk
Path Type: min

Fanout         Cap        Slew       Delay        Time   Description
---------------------------------------------------------------------------------------------
                                  0.000000    0.000000   clock clk (rise edge)
                                  0.000000    0.000000   clock source latency
     1    0.014354    0.030345    0.011855    0.011855 ^ clk (in)
                                                         clk (net)
                      0.030346    0.000000    0.011855 ^ clkbuf_0_clk/A (sg13g2_buf_8)
     4    0.045105    0.034859    0.078783    0.090638 ^ clkbuf_0_clk/X (sg13g2_buf_8)
                                                         clknet_0_clk (net)
                      0.034859    0.000147    0.090786 ^ clkbuf_2_0__f_clk/A (sg13g2_buf_8)
     8    0.028898    0.027788    0.074683    0.165468 ^ clkbuf_2_0__f_clk/X (sg13g2_buf_8)
                                                         clknet_2_0__leaf_clk (net)
                      0.027788    0.000057    0.165525 ^ B[0]$_SDFFE_PP1P_/CLK (sg13g2_dfrbpq_1)
     3    0.009094    0.036632    0.178524    0.344049 v B[0]$_SDFFE_PP1P_/Q (sg13g2_dfrbpq_1)
                                                         net31 (net)
                      0.036632    0.000019    0.344068 v hold24/A (sg13g2_dlygate4sd3_1)
     1    0.004157    0.040097    0.379908    0.723976 v hold24/X (sg13g2_dlygate4sd3_1)
                                                         net107 (net)
                      0.040097    0.000018    0.723994 v _130_/A1 (sg13g2_a21o_1)
     1    0.001882    0.019964    0.102780    0.826774 v _130_/X (sg13g2_a21o_1)
                                                         _012_ (net)
                      0.019964    0.000003    0.826776 v B[0]$_SDFFE_PP1P_/D (sg13g2_dfrbpq_1)
                                              0.826776   data arrival time

                                  0.000000    0.000000   clock clk (rise edge)
                                  0.000000    0.000000   clock source latency
     1    0.014354    0.030345    0.011855    0.011855 ^ clk (in)
                                                         clk (net)
                      0.030346    0.000000    0.011855 ^ clkbuf_0_clk/A (sg13g2_buf_8)
     4    0.045105    0.034859    0.078783    0.090638 ^ clkbuf_0_clk/X (sg13g2_buf_8)
                                                         clknet_0_clk (net)
                      0.034859    0.000147    0.090786 ^ clkbuf_2_0__f_clk/A (sg13g2_buf_8)
     8    0.028898    0.027788    0.074683    0.165468 ^ clkbuf_2_0__f_clk/X (sg13g2_buf_8)
                                                         clknet_2_0__leaf_clk (net)
                      0.027788    0.000057    0.165525 ^ B[0]$_SDFFE_PP1P_/CLK (sg13g2_dfrbpq_1)
                                  0.250000    0.415525   clock uncertainty
                                  0.000000    0.415525   clock reconvergence pessimism
                                 -0.032748    0.382777   library hold time
                                              0.382777   data required time
---------------------------------------------------------------------------------------------
                                              0.382777   data required time
                                             -0.826776   data arrival time
---------------------------------------------------------------------------------------------
                                              0.443999   slack (MET)


Startpoint: BN[0]$_SDFFE_PP1P_ (rising edge-triggered flip-flop clocked by clk)
Endpoint: BN[0]$_SDFFE_PP1P_ (rising edge-triggered flip-flop clocked by clk)
Path Group: clk
Path Type: min

Fanout         Cap        Slew       Delay        Time   Description
---------------------------------------------------------------------------------------------
                                  0.000000    0.000000   clock clk (rise edge)
                                  0.000000    0.000000   clock source latency
     1    0.014354    0.030345    0.011855    0.011855 ^ clk (in)
                                                         clk (net)
                      0.030346    0.000000    0.011855 ^ clkbuf_0_clk/A (sg13g2_buf_8)
     4    0.045105    0.034859    0.078783    0.090638 ^ clkbuf_0_clk/X (sg13g2_buf_8)
                                                         clknet_0_clk (net)
                      0.034859    0.000147    0.090786 ^ clkbuf_2_0__f_clk/A (sg13g2_buf_8)
     8    0.028898    0.027788    0.074683    0.165468 ^ clkbuf_2_0__f_clk/X (sg13g2_buf_8)
                                                         clknet_2_0__leaf_clk (net)
                      0.027788    0.000055    0.165523 ^ BN[0]$_SDFFE_PP1P_/CLK (sg13g2_dfrbpq_1)
     3    0.009931    0.039069    0.180573    0.346096 v BN[0]$_SDFFE_PP1P_/Q (sg13g2_dfrbpq_1)
                                                         net19 (net)
                      0.039069    0.000004    0.346100 v hold25/A (sg13g2_dlygate4sd3_1)
     1    0.003294    0.038316    0.378251    0.724351 v hold25/X (sg13g2_dlygate4sd3_1)
                                                         net108 (net)
                      0.038316    0.000007    0.724358 v _101_/A1 (sg13g2_a21o_1)
     1    0.002069    0.020281    0.102630    0.826988 v _101_/X (sg13g2_a21o_1)
                                                         _000_ (net)
                      0.020281    0.000004    0.826992 v BN[0]$_SDFFE_PP1P_/D (sg13g2_dfrbpq_1)
                                              0.826992   data arrival time

                                  0.000000    0.000000   clock clk (rise edge)
                                  0.000000    0.000000   clock source latency
     1    0.014354    0.030345    0.011855    0.011855 ^ clk (in)
                                                         clk (net)
                      0.030346    0.000000    0.011855 ^ clkbuf_0_clk/A (sg13g2_buf_8)
     4    0.045105    0.034859    0.078783    0.090638 ^ clkbuf_0_clk/X (sg13g2_buf_8)
                                                         clknet_0_clk (net)
                      0.034859    0.000147    0.090786 ^ clkbuf_2_0__f_clk/A (sg13g2_buf_8)
     8    0.028898    0.027788    0.074683    0.165468 ^ clkbuf_2_0__f_clk/X (sg13g2_buf_8)
                                                         clknet_2_0__leaf_clk (net)
                      0.027788    0.000055    0.165523 ^ BN[0]$_SDFFE_PP1P_/CLK (sg13g2_dfrbpq_1)
                                  0.250000    0.415523   clock uncertainty
                                  0.000000    0.415523   clock reconvergence pessimism
                                 -0.032848    0.382675   library hold time
                                              0.382675   data required time
---------------------------------------------------------------------------------------------
                                              0.382675   data required time
                                             -0.826992   data arrival time
---------------------------------------------------------------------------------------------
                                              0.444317   slack (MET)


Startpoint: B[8]$_SDFFE_PP1P_ (rising edge-triggered flip-flop clocked by clk)
Endpoint: B[8]$_SDFFE_PP1P_ (rising edge-triggered flip-flop clocked by clk)
Path Group: clk
Path Type: min

Fanout         Cap        Slew       Delay        Time   Description
---------------------------------------------------------------------------------------------
                                  0.000000    0.000000   clock clk (rise edge)
                                  0.000000    0.000000   clock source latency
     1    0.014354    0.030345    0.011855    0.011855 ^ clk (in)
                                                         clk (net)
                      0.030346    0.000000    0.011855 ^ clkbuf_0_clk/A (sg13g2_buf_8)
     4    0.045105    0.034859    0.078783    0.090638 ^ clkbuf_0_clk/X (sg13g2_buf_8)
                                                         clknet_0_clk (net)
                      0.034859    0.000147    0.090786 ^ clkbuf_2_0__f_clk/A (sg13g2_buf_8)
     8    0.028898    0.027788    0.074683    0.165468 ^ clkbuf_2_0__f_clk/X (sg13g2_buf_8)
                                                         clknet_2_0__leaf_clk (net)
                      0.027788    0.000053    0.165521 ^ B[8]$_SDFFE_PP1P_/CLK (sg13g2_dfrbpq_1)
     3    0.009515    0.037853    0.179556    0.345077 v B[8]$_SDFFE_PP1P_/Q (sg13g2_dfrbpq_1)
                                                         net41 (net)
                      0.037853    0.000012    0.345089 v hold15/A (sg13g2_dlygate4sd3_1)
     1    0.003814    0.039170    0.379389    0.724478 v hold15/X (sg13g2_dlygate4sd3_1)
                                                         net98 (net)
                      0.039170    0.000014    0.724492 v _150_/A1 (sg13g2_a21o_1)
     1    0.002107    0.020381    0.103065    0.827557 v _150_/X (sg13g2_a21o_1)
                                                         _022_ (net)
                      0.020381    0.000004    0.827561 v B[8]$_SDFFE_PP1P_/D (sg13g2_dfrbpq_1)
                                              0.827561   data arrival time

                                  0.000000    0.000000   clock clk (rise edge)
                                  0.000000    0.000000   clock source latency
     1    0.014354    0.030345    0.011855    0.011855 ^ clk (in)
                                                         clk (net)
                      0.030346    0.000000    0.011855 ^ clkbuf_0_clk/A (sg13g2_buf_8)
     4    0.045105    0.034859    0.078783    0.090638 ^ clkbuf_0_clk/X (sg13g2_buf_8)
                                                         clknet_0_clk (net)
                      0.034859    0.000147    0.090786 ^ clkbuf_2_0__f_clk/A (sg13g2_buf_8)
     8    0.028898    0.027788    0.074683    0.165468 ^ clkbuf_2_0__f_clk/X (sg13g2_buf_8)
                                                         clknet_2_0__leaf_clk (net)
                      0.027788    0.000053    0.165521 ^ B[8]$_SDFFE_PP1P_/CLK (sg13g2_dfrbpq_1)
                                  0.250000    0.415521   clock uncertainty
                                  0.000000    0.415521   clock reconvergence pessimism
                                 -0.032880    0.382641   library hold time
                                              0.382641   data required time
---------------------------------------------------------------------------------------------
                                              0.382641   data required time
                                             -0.827561   data arrival time
---------------------------------------------------------------------------------------------
                                              0.444920   slack (MET)


Startpoint: BN[10]$_SDFFE_PP1P_ (rising edge-triggered flip-flop clocked by clk)
Endpoint: BN[10]$_SDFFE_PP1P_ (rising edge-triggered flip-flop clocked by clk)
Path Group: clk
Path Type: min

Fanout         Cap        Slew       Delay        Time   Description
---------------------------------------------------------------------------------------------
                                  0.000000    0.000000   clock clk (rise edge)
                                  0.000000    0.000000   clock source latency
     1    0.014354    0.030345    0.011855    0.011855 ^ clk (in)
                                                         clk (net)
                      0.030346    0.000000    0.011855 ^ clkbuf_0_clk/A (sg13g2_buf_8)
     4    0.045105    0.034859    0.078783    0.090638 ^ clkbuf_0_clk/X (sg13g2_buf_8)
                                                         clknet_0_clk (net)
                      0.034860    0.000222    0.090861 ^ clkbuf_2_3__f_clk/A (sg13g2_buf_8)
     8    0.028838    0.027761    0.074660    0.165520 ^ clkbuf_2_3__f_clk/X (sg13g2_buf_8)
                                                         clknet_2_3__leaf_clk (net)
                      0.027761    0.000068    0.165588 ^ BN[10]$_SDFFE_PP1P_/CLK (sg13g2_dfrbpq_1)
     3    0.009509    0.037837    0.179526    0.345115 v BN[10]$_SDFFE_PP1P_/Q (sg13g2_dfrbpq_1)
                                                         net20 (net)
                      0.037837    0.000009    0.345123 v hold26/A (sg13g2_dlygate4sd3_1)
     1    0.003939    0.039509    0.379817    0.724940 v hold26/X (sg13g2_dlygate4sd3_1)
                                                         net109 (net)
                      0.039509    0.000015    0.724955 v _105_/A1 (sg13g2_a21o_1)
     1    0.002020    0.020161    0.102949    0.827904 v _105_/X (sg13g2_a21o_1)
                                                         _001_ (net)
                      0.020161    0.000004    0.827907 v BN[10]$_SDFFE_PP1P_/D (sg13g2_dfrbpq_1)
                                              0.827907   data arrival time

                                  0.000000    0.000000   clock clk (rise edge)
                                  0.000000    0.000000   clock source latency
     1    0.014354    0.030345    0.011855    0.011855 ^ clk (in)
                                                         clk (net)
                      0.030346    0.000000    0.011855 ^ clkbuf_0_clk/A (sg13g2_buf_8)
     4    0.045105    0.034859    0.078783    0.090638 ^ clkbuf_0_clk/X (sg13g2_buf_8)
                                                         clknet_0_clk (net)
                      0.034860    0.000222    0.090861 ^ clkbuf_2_3__f_clk/A (sg13g2_buf_8)
     8    0.028838    0.027761    0.074660    0.165520 ^ clkbuf_2_3__f_clk/X (sg13g2_buf_8)
                                                         clknet_2_3__leaf_clk (net)
                      0.027761    0.000068    0.165588 ^ BN[10]$_SDFFE_PP1P_/CLK (sg13g2_dfrbpq_1)
                                  0.250000    0.415588   clock uncertainty
                                  0.000000    0.415588   clock reconvergence pessimism
                                 -0.032816    0.382772   library hold time
                                              0.382772   data required time
---------------------------------------------------------------------------------------------
                                              0.382772   data required time
                                             -0.827907   data arrival time
---------------------------------------------------------------------------------------------
                                              0.445135   slack (MET)


Startpoint: dbit[3]$_SDFFE_PP1P_
            (rising edge-triggered flip-flop clocked by clk)
Endpoint: dbit[3]$_SDFFE_PP1P_ (rising edge-triggered flip-flop clocked by clk)
Path Group: clk
Path Type: min

Fanout         Cap        Slew       Delay        Time   Description
---------------------------------------------------------------------------------------------
                                  0.000000    0.000000   clock clk (rise edge)
                                  0.000000    0.000000   clock source latency
     1    0.014354    0.030345    0.011855    0.011855 ^ clk (in)
                                                         clk (net)
                      0.030346    0.000000    0.011855 ^ clkbuf_0_clk/A (sg13g2_buf_8)
     4    0.045105    0.034859    0.078783    0.090638 ^ clkbuf_0_clk/X (sg13g2_buf_8)
                                                         clknet_0_clk (net)
                      0.034859    0.000161    0.090799 ^ clkbuf_2_1__f_clk/A (sg13g2_buf_8)
     7    0.026048    0.026520    0.073566    0.164366 ^ clkbuf_2_1__f_clk/X (sg13g2_buf_8)
                                                         clknet_2_1__leaf_clk (net)
                      0.026524    0.000085    0.164450 ^ dbit[3]$_SDFFE_PP1P_/CLK (sg13g2_dfrbpq_2)
     3    0.015138    0.036131    0.189834    0.354284 v dbit[3]$_SDFFE_PP1P_/Q (sg13g2_dfrbpq_2)
                                                         dbit[3] (net)
                      0.036131    0.000005    0.354289 v hold41/A (sg13g2_dlygate4sd3_1)
     2    0.008134    0.051272    0.393481    0.747770 v hold41/X (sg13g2_dlygate4sd3_1)
                                                         net124 (net)
                      0.051272    0.000046    0.747816 v _175_/A1 (sg13g2_a21o_1)
     1    0.002364    0.021062    0.108440    0.856257 v _175_/X (sg13g2_a21o_1)
                                                         _027_ (net)
                      0.021062    0.000006    0.856263 v dbit[3]$_SDFFE_PP1P_/D (sg13g2_dfrbpq_2)
                                              0.856263   data arrival time

                                  0.000000    0.000000   clock clk (rise edge)
                                  0.000000    0.000000   clock source latency
     1    0.014354    0.030345    0.011855    0.011855 ^ clk (in)
                                                         clk (net)
                      0.030346    0.000000    0.011855 ^ clkbuf_0_clk/A (sg13g2_buf_8)
     4    0.045105    0.034859    0.078783    0.090638 ^ clkbuf_0_clk/X (sg13g2_buf_8)
                                                         clknet_0_clk (net)
                      0.034859    0.000161    0.090799 ^ clkbuf_2_1__f_clk/A (sg13g2_buf_8)
     7    0.026048    0.026520    0.073566    0.164366 ^ clkbuf_2_1__f_clk/X (sg13g2_buf_8)
                                                         clknet_2_1__leaf_clk (net)
                      0.026524    0.000085    0.164450 ^ dbit[3]$_SDFFE_PP1P_/CLK (sg13g2_dfrbpq_2)
                                  0.250000    0.414450   clock uncertainty
                                  0.000000    0.414450   clock reconvergence pessimism
                                 -0.033372    0.381078   library hold time
                                              0.381078   data required time
---------------------------------------------------------------------------------------------
                                              0.381078   data required time
                                             -0.856263   data arrival time
---------------------------------------------------------------------------------------------
                                              0.475185   slack (MET)


Startpoint: dbit[1]$_SDFFE_PP1P_
            (rising edge-triggered flip-flop clocked by clk)
Endpoint: B[7]$_SDFFE_PP1P_ (rising edge-triggered flip-flop clocked by clk)
Path Group: clk
Path Type: min

Fanout         Cap        Slew       Delay        Time   Description
---------------------------------------------------------------------------------------------
                                  0.000000    0.000000   clock clk (rise edge)
                                  0.000000    0.000000   clock source latency
     1    0.014354    0.030345    0.011855    0.011855 ^ clk (in)
                                                         clk (net)
                      0.030346    0.000000    0.011855 ^ clkbuf_0_clk/A (sg13g2_buf_8)
     4    0.045105    0.034859    0.078783    0.090638 ^ clkbuf_0_clk/X (sg13g2_buf_8)
                                                         clknet_0_clk (net)
                      0.034859    0.000161    0.090799 ^ clkbuf_2_1__f_clk/A (sg13g2_buf_8)
     7    0.026048    0.026520    0.073566    0.164366 ^ clkbuf_2_1__f_clk/X (sg13g2_buf_8)
                                                         clknet_2_1__leaf_clk (net)
                      0.026524    0.000050    0.164416 ^ dbit[1]$_SDFFE_PP1P_/CLK (sg13g2_dfrbpq_2)
     4    0.013062    0.033187    0.187017    0.351433 v dbit[1]$_SDFFE_PP1P_/Q (sg13g2_dfrbpq_2)
                                                         dbit[1] (net)
                      0.033187    0.000055    0.351488 v _147_/A (sg13g2_nand4_1)
     1    0.003672    0.032403    0.039954    0.391442 ^ _147_/Y (sg13g2_nand4_1)
                                                         _040_ (net)
                      0.032403    0.000010    0.391451 ^ _148_/A2 (sg13g2_a21o_1)
     1    0.002535    0.022852    0.095409    0.486860 ^ _148_/X (sg13g2_a21o_1)
                                                         _021_ (net)
                      0.022852    0.000008    0.486868 ^ hold12/A (sg13g2_dlygate4sd3_1)
     1    0.001876    0.030800    0.350311    0.837179 ^ hold12/X (sg13g2_dlygate4sd3_1)
                                                         net95 (net)
                      0.030800    0.000003    0.837181 ^ B[7]$_SDFFE_PP1P_/D (sg13g2_dfrbpq_1)
                                              0.837181   data arrival time

                                  0.000000    0.000000   clock clk (rise edge)
                                  0.000000    0.000000   clock source latency
     1    0.014354    0.030345    0.011855    0.011855 ^ clk (in)
                                                         clk (net)
                      0.030346    0.000000    0.011855 ^ clkbuf_0_clk/A (sg13g2_buf_8)
     4    0.045105    0.034859    0.078783    0.090638 ^ clkbuf_0_clk/X (sg13g2_buf_8)
                                                         clknet_0_clk (net)
                      0.034860    0.000222    0.090861 ^ clkbuf_2_3__f_clk/A (sg13g2_buf_8)
     8    0.028838    0.027761    0.074660    0.165520 ^ clkbuf_2_3__f_clk/X (sg13g2_buf_8)
                                                         clknet_2_3__leaf_clk (net)
                      0.027761    0.000074    0.165594 ^ B[7]$_SDFFE_PP1P_/CLK (sg13g2_dfrbpq_1)
                                  0.250000    0.415594   clock uncertainty
                                  0.000000    0.415594   clock reconvergence pessimism
                                 -0.061028    0.354567   library hold time
                                              0.354567   data required time
---------------------------------------------------------------------------------------------
                                              0.354567   data required time
                                             -0.837181   data arrival time
---------------------------------------------------------------------------------------------
                                              0.482614   slack (MET)


Startpoint: dbit[1]$_SDFFE_PP1P_
            (rising edge-triggered flip-flop clocked by clk)
Endpoint: BN[7]$_SDFFE_PP1P_ (rising edge-triggered flip-flop clocked by clk)
Path Group: clk
Path Type: min

Fanout         Cap        Slew       Delay        Time   Description
---------------------------------------------------------------------------------------------
                                  0.000000    0.000000   clock clk (rise edge)
                                  0.000000    0.000000   clock source latency
     1    0.014354    0.030345    0.011855    0.011855 ^ clk (in)
                                                         clk (net)
                      0.030346    0.000000    0.011855 ^ clkbuf_0_clk/A (sg13g2_buf_8)
     4    0.045105    0.034859    0.078783    0.090638 ^ clkbuf_0_clk/X (sg13g2_buf_8)
                                                         clknet_0_clk (net)
                      0.034859    0.000161    0.090799 ^ clkbuf_2_1__f_clk/A (sg13g2_buf_8)
     7    0.026048    0.026520    0.073566    0.164366 ^ clkbuf_2_1__f_clk/X (sg13g2_buf_8)
                                                         clknet_2_1__leaf_clk (net)
                      0.026524    0.000050    0.164416 ^ dbit[1]$_SDFFE_PP1P_/CLK (sg13g2_dfrbpq_2)
     4    0.013062    0.033187    0.187017    0.351433 v dbit[1]$_SDFFE_PP1P_/Q (sg13g2_dfrbpq_2)
                                                         dbit[1] (net)
                      0.033187    0.000052    0.351484 v _122_/A (sg13g2_nand4_1)
     1    0.003672    0.032403    0.039954    0.391438 ^ _122_/Y (sg13g2_nand4_1)
                                                         _067_ (net)
                      0.032403    0.000010    0.391448 ^ _123_/A2 (sg13g2_a21o_1)
     1    0.002870    0.021769    0.096467    0.487915 ^ _123_/X (sg13g2_a21o_1)
                                                         _009_ (net)
                      0.021769    0.000011    0.487926 ^ hold2/A (sg13g2_dlygate4sd3_1)
     1    0.001832    0.030636    0.349596    0.837523 ^ hold2/X (sg13g2_dlygate4sd3_1)
                                                         net85 (net)
                      0.030636    0.000002    0.837525 ^ BN[7]$_SDFFE_PP1P_/D (sg13g2_dfrbpq_1)
                                              0.837525   data arrival time

                                  0.000000    0.000000   clock clk (rise edge)
                                  0.000000    0.000000   clock source latency
     1    0.014354    0.030345    0.011855    0.011855 ^ clk (in)
                                                         clk (net)
                      0.030346    0.000000    0.011855 ^ clkbuf_0_clk/A (sg13g2_buf_8)
     4    0.045105    0.034859    0.078783    0.090638 ^ clkbuf_0_clk/X (sg13g2_buf_8)
                                                         clknet_0_clk (net)
                      0.034860    0.000222    0.090861 ^ clkbuf_2_3__f_clk/A (sg13g2_buf_8)
     8    0.028838    0.027761    0.074660    0.165520 ^ clkbuf_2_3__f_clk/X (sg13g2_buf_8)
                                                         clknet_2_3__leaf_clk (net)
                      0.027761    0.000082    0.165603 ^ BN[7]$_SDFFE_PP1P_/CLK (sg13g2_dfrbpq_1)
                                  0.250000    0.415603   clock uncertainty
                                  0.000000    0.415603   clock reconvergence pessimism
                                 -0.060983    0.354620   library hold time
                                              0.354620   data required time
---------------------------------------------------------------------------------------------
                                              0.354620   data required time
                                             -0.837525   data arrival time
---------------------------------------------------------------------------------------------
                                              0.482905   slack (MET)


Startpoint: dbit[1]$_SDFFE_PP1P_
            (rising edge-triggered flip-flop clocked by clk)
Endpoint: B[3]$_SDFFE_PP1P_ (rising edge-triggered flip-flop clocked by clk)
Path Group: clk
Path Type: min

Fanout         Cap        Slew       Delay        Time   Description
---------------------------------------------------------------------------------------------
                                  0.000000    0.000000   clock clk (rise edge)
                                  0.000000    0.000000   clock source latency
     1    0.014354    0.030345    0.011855    0.011855 ^ clk (in)
                                                         clk (net)
                      0.030346    0.000000    0.011855 ^ clkbuf_0_clk/A (sg13g2_buf_8)
     4    0.045105    0.034859    0.078783    0.090638 ^ clkbuf_0_clk/X (sg13g2_buf_8)
                                                         clknet_0_clk (net)
                      0.034859    0.000161    0.090799 ^ clkbuf_2_1__f_clk/A (sg13g2_buf_8)
     7    0.026048    0.026520    0.073566    0.164366 ^ clkbuf_2_1__f_clk/X (sg13g2_buf_8)
                                                         clknet_2_1__leaf_clk (net)
                      0.026524    0.000050    0.164416 ^ dbit[1]$_SDFFE_PP1P_/CLK (sg13g2_dfrbpq_2)
     4    0.013062    0.033187    0.187017    0.351433 v dbit[1]$_SDFFE_PP1P_/Q (sg13g2_dfrbpq_2)
                                                         dbit[1] (net)
                      0.033187    0.000038    0.351471 v _139_/A (sg13g2_nand4_1)
     1    0.005272    0.038207    0.044722    0.396193 ^ _139_/Y (sg13g2_nand4_1)
                                                         _036_ (net)
                      0.038207    0.000035    0.396227 ^ _140_/A2 (sg13g2_a21o_1)
     1    0.003034    0.022373    0.099460    0.495687 ^ _140_/X (sg13g2_a21o_1)
                                                         _017_ (net)
                      0.022373    0.000012    0.495699 ^ hold17/A (sg13g2_dlygate4sd3_1)
     1    0.001524    0.029464    0.348838    0.844538 ^ hold17/X (sg13g2_dlygate4sd3_1)
                                                         net100 (net)
                      0.029464    0.000000    0.844538 ^ B[3]$_SDFFE_PP1P_/D (sg13g2_dfrbpq_1)
                                              0.844538   data arrival time

                                  0.000000    0.000000   clock clk (rise edge)
                                  0.000000    0.000000   clock source latency
     1    0.014354    0.030345    0.011855    0.011855 ^ clk (in)
                                                         clk (net)
                      0.030346    0.000000    0.011855 ^ clkbuf_0_clk/A (sg13g2_buf_8)
     4    0.045105    0.034859    0.078783    0.090638 ^ clkbuf_0_clk/X (sg13g2_buf_8)
                                                         clknet_0_clk (net)
                      0.034859    0.000161    0.090799 ^ clkbuf_2_1__f_clk/A (sg13g2_buf_8)
     7    0.026048    0.026520    0.073566    0.164366 ^ clkbuf_2_1__f_clk/X (sg13g2_buf_8)
                                                         clknet_2_1__leaf_clk (net)
                      0.026520    0.000043    0.164409 ^ B[3]$_SDFFE_PP1P_/CLK (sg13g2_dfrbpq_1)
                                  0.250000    0.414409   clock uncertainty
                                  0.000000    0.414409   clock reconvergence pessimism
                                 -0.060797    0.353612   library hold time
                                              0.353612   data required time
---------------------------------------------------------------------------------------------
                                              0.353612   data required time
                                             -0.844538   data arrival time
---------------------------------------------------------------------------------------------
                                              0.490926   slack (MET)


Startpoint: dbit[0]$_SDFFE_PP1P_
            (rising edge-triggered flip-flop clocked by clk)
Endpoint: dbit[0]$_SDFFE_PP1P_ (rising edge-triggered flip-flop clocked by clk)
Path Group: clk
Path Type: min

Fanout         Cap        Slew       Delay        Time   Description
---------------------------------------------------------------------------------------------
                                  0.000000    0.000000   clock clk (rise edge)
                                  0.000000    0.000000   clock source latency
     1    0.014354    0.030345    0.011855    0.011855 ^ clk (in)
                                                         clk (net)
                      0.030346    0.000000    0.011855 ^ clkbuf_0_clk/A (sg13g2_buf_8)
     4    0.045105    0.034859    0.078783    0.090638 ^ clkbuf_0_clk/X (sg13g2_buf_8)
                                                         clknet_0_clk (net)
                      0.034859    0.000161    0.090799 ^ clkbuf_2_1__f_clk/A (sg13g2_buf_8)
     7    0.026048    0.026520    0.073566    0.164366 ^ clkbuf_2_1__f_clk/X (sg13g2_buf_8)
                                                         clknet_2_1__leaf_clk (net)
                      0.026524    0.000061    0.164426 ^ dbit[0]$_SDFFE_PP1P_/CLK (sg13g2_dfrbpq_1)
     2    0.006263    0.036021    0.175468    0.339894 ^ dbit[0]$_SDFFE_PP1P_/Q (sg13g2_dfrbpq_1)
                                                         dbit[0] (net)
                      0.036021    0.000005    0.339899 ^ hold42/A (sg13g2_dlygate4sd3_1)
     1    0.009446    0.057524    0.383487    0.723386 ^ hold42/X (sg13g2_dlygate4sd3_1)
                                                         net125 (net)
                      0.057524    0.000024    0.723410 ^ fanout4/A (sg13g2_buf_8)
     8    0.035715    0.031759    0.088302    0.811712 ^ fanout4/X (sg13g2_buf_8)
                                                         net4 (net)
                      0.031759    0.000256    0.811968 ^ _168_/A1 (sg13g2_o21ai_1)
     1    0.002995    0.030120    0.059463    0.871432 v _168_/Y (sg13g2_o21ai_1)
                                                         _024_ (net)
                      0.030120    0.000013    0.871445 v dbit[0]$_SDFFE_PP1P_/D (sg13g2_dfrbpq_1)
                                              0.871445   data arrival time

                                  0.000000    0.000000   clock clk (rise edge)
                                  0.000000    0.000000   clock source latency
     1    0.014354    0.030345    0.011855    0.011855 ^ clk (in)
                                                         clk (net)
                      0.030346    0.000000    0.011855 ^ clkbuf_0_clk/A (sg13g2_buf_8)
     4    0.045105    0.034859    0.078783    0.090638 ^ clkbuf_0_clk/X (sg13g2_buf_8)
                                                         clknet_0_clk (net)
                      0.034859    0.000161    0.090799 ^ clkbuf_2_1__f_clk/A (sg13g2_buf_8)
     7    0.026048    0.026520    0.073566    0.164366 ^ clkbuf_2_1__f_clk/X (sg13g2_buf_8)
                                                         clknet_2_1__leaf_clk (net)
                      0.026524    0.000061    0.164426 ^ dbit[0]$_SDFFE_PP1P_/CLK (sg13g2_dfrbpq_1)
                                  0.250000    0.414426   clock uncertainty
                                  0.000000    0.414426   clock reconvergence pessimism
                                 -0.036231    0.378195   library hold time
                                              0.378195   data required time
---------------------------------------------------------------------------------------------
                                              0.378195   data required time
                                             -0.871445   data arrival time
---------------------------------------------------------------------------------------------
                                              0.493249   slack (MET)


Startpoint: dbit[3]$_SDFFE_PP1P_
            (rising edge-triggered flip-flop clocked by clk)
Endpoint: B[2]$_SDFFE_PP1P_ (rising edge-triggered flip-flop clocked by clk)
Path Group: clk
Path Type: min

Fanout         Cap        Slew       Delay        Time   Description
---------------------------------------------------------------------------------------------
                                  0.000000    0.000000   clock clk (rise edge)
                                  0.000000    0.000000   clock source latency
     1    0.014354    0.030345    0.011855    0.011855 ^ clk (in)
                                                         clk (net)
                      0.030346    0.000000    0.011855 ^ clkbuf_0_clk/A (sg13g2_buf_8)
     4    0.045105    0.034859    0.078783    0.090638 ^ clkbuf_0_clk/X (sg13g2_buf_8)
                                                         clknet_0_clk (net)
                      0.034859    0.000161    0.090799 ^ clkbuf_2_1__f_clk/A (sg13g2_buf_8)
     7    0.026048    0.026520    0.073566    0.164366 ^ clkbuf_2_1__f_clk/X (sg13g2_buf_8)
                                                         clknet_2_1__leaf_clk (net)
                      0.026524    0.000085    0.164450 ^ dbit[3]$_SDFFE_PP1P_/CLK (sg13g2_dfrbpq_2)
     3    0.015322    0.044152    0.193705    0.358156 ^ dbit[3]$_SDFFE_PP1P_/Q (sg13g2_dfrbpq_2)
                                                         dbit[3] (net)
                      0.044152    0.000067    0.358223 ^ _099_/A (sg13g2_nor2_2)
     3    0.010943    0.028410    0.046265    0.404488 v _099_/Y (sg13g2_nor2_2)
                                                         _053_ (net)
                      0.028410    0.000068    0.404556 v _137_/A (sg13g2_nand3_1)
     1    0.003435    0.028583    0.035790    0.440345 ^ _137_/Y (sg13g2_nand3_1)
                                                         _035_ (net)
                      0.028583    0.000007    0.440352 ^ _138_/A2 (sg13g2_a21o_1)
     1    0.001876    0.020724    0.091705    0.532057 ^ _138_/X (sg13g2_a21o_1)
                                                         _016_ (net)
                      0.020724    0.000002    0.532060 ^ hold23/A (sg13g2_dlygate4sd3_1)
     1    0.001919    0.030965    0.349353    0.881413 ^ hold23/X (sg13g2_dlygate4sd3_1)
                                                         net106 (net)
                      0.030965    0.000003    0.881416 ^ B[2]$_SDFFE_PP1P_/D (sg13g2_dfrbpq_1)
                                              0.881416   data arrival time

                                  0.000000    0.000000   clock clk (rise edge)
                                  0.000000    0.000000   clock source latency
     1    0.014354    0.030345    0.011855    0.011855 ^ clk (in)
                                                         clk (net)
                      0.030346    0.000000    0.011855 ^ clkbuf_0_clk/A (sg13g2_buf_8)
     4    0.045105    0.034859    0.078783    0.090638 ^ clkbuf_0_clk/X (sg13g2_buf_8)
                                                         clknet_0_clk (net)
                      0.034860    0.000222    0.090861 ^ clkbuf_2_3__f_clk/A (sg13g2_buf_8)
     8    0.028838    0.027761    0.074660    0.165520 ^ clkbuf_2_3__f_clk/X (sg13g2_buf_8)
                                                         clknet_2_3__leaf_clk (net)
                      0.027761    0.000032    0.165553 ^ B[2]$_SDFFE_PP1P_/CLK (sg13g2_dfrbpq_1)
                                  0.250000    0.415553   clock uncertainty
                                  0.000000    0.415553   clock reconvergence pessimism
                                 -0.061073    0.354480   library hold time
                                              0.354480   data required time
---------------------------------------------------------------------------------------------
                                              0.354480   data required time
                                             -0.881416   data arrival time
---------------------------------------------------------------------------------------------
                                              0.526937   slack (MET)


Startpoint: dbit[0]$_SDFFE_PP1P_
            (rising edge-triggered flip-flop clocked by clk)
Endpoint: dbit[1]$_SDFFE_PP1P_ (rising edge-triggered flip-flop clocked by clk)
Path Group: clk
Path Type: min

Fanout         Cap        Slew       Delay        Time   Description
---------------------------------------------------------------------------------------------
                                  0.000000    0.000000   clock clk (rise edge)
                                  0.000000    0.000000   clock source latency
     1    0.014354    0.030345    0.011855    0.011855 ^ clk (in)
                                                         clk (net)
                      0.030346    0.000000    0.011855 ^ clkbuf_0_clk/A (sg13g2_buf_8)
     4    0.045105    0.034859    0.078783    0.090638 ^ clkbuf_0_clk/X (sg13g2_buf_8)
                                                         clknet_0_clk (net)
                      0.034859    0.000161    0.090799 ^ clkbuf_2_1__f_clk/A (sg13g2_buf_8)
     7    0.026048    0.026520    0.073566    0.164366 ^ clkbuf_2_1__f_clk/X (sg13g2_buf_8)
                                                         clknet_2_1__leaf_clk (net)
                      0.026524    0.000061    0.164426 ^ dbit[0]$_SDFFE_PP1P_/CLK (sg13g2_dfrbpq_1)
     2    0.006263    0.036021    0.175468    0.339894 ^ dbit[0]$_SDFFE_PP1P_/Q (sg13g2_dfrbpq_1)
                                                         dbit[0] (net)
                      0.036021    0.000005    0.339899 ^ hold42/A (sg13g2_dlygate4sd3_1)
     1    0.009446    0.057524    0.383487    0.723386 ^ hold42/X (sg13g2_dlygate4sd3_1)
                                                         net125 (net)
                      0.057524    0.000024    0.723410 ^ fanout4/A (sg13g2_buf_8)
     8    0.035715    0.031759    0.088302    0.811712 ^ fanout4/X (sg13g2_buf_8)
                                                         net4 (net)
                      0.031759    0.000312    0.812024 ^ _169_/A1 (sg13g2_o21ai_1)
     1    0.003978    0.036935    0.063695    0.875719 v _169_/Y (sg13g2_o21ai_1)
                                                         _046_ (net)
                      0.036935    0.000014    0.875733 v _171_/B (sg13g2_nand3b_1)
     1    0.001972    0.024073    0.038664    0.914397 ^ _171_/Y (sg13g2_nand3b_1)
                                                         _025_ (net)
                      0.024073    0.000003    0.914401 ^ dbit[1]$_SDFFE_PP1P_/D (sg13g2_dfrbpq_2)
                                              0.914401   data arrival time

                                  0.000000    0.000000   clock clk (rise edge)
                                  0.000000    0.000000   clock source latency
     1    0.014354    0.030345    0.011855    0.011855 ^ clk (in)
                                                         clk (net)
                      0.030346    0.000000    0.011855 ^ clkbuf_0_clk/A (sg13g2_buf_8)
     4    0.045105    0.034859    0.078783    0.090638 ^ clkbuf_0_clk/X (sg13g2_buf_8)
                                                         clknet_0_clk (net)
                      0.034859    0.000161    0.090799 ^ clkbuf_2_1__f_clk/A (sg13g2_buf_8)
     7    0.026048    0.026520    0.073566    0.164366 ^ clkbuf_2_1__f_clk/X (sg13g2_buf_8)
                                                         clknet_2_1__leaf_clk (net)
                      0.026524    0.000050    0.164416 ^ dbit[1]$_SDFFE_PP1P_/CLK (sg13g2_dfrbpq_2)
                                  0.250000    0.414416   clock uncertainty
                                  0.000000    0.414416   clock reconvergence pessimism
                                 -0.061773    0.352643   library hold time
                                              0.352643   data required time
---------------------------------------------------------------------------------------------
                                              0.352643   data required time
                                             -0.914401   data arrival time
---------------------------------------------------------------------------------------------
                                              0.561758   slack (MET)


Startpoint: dbit[3]$_SDFFE_PP1P_
            (rising edge-triggered flip-flop clocked by clk)
Endpoint: B[4]$_SDFFE_PP1P_ (rising edge-triggered flip-flop clocked by clk)
Path Group: clk
Path Type: min

Fanout         Cap        Slew       Delay        Time   Description
---------------------------------------------------------------------------------------------
                                  0.000000    0.000000   clock clk (rise edge)
                                  0.000000    0.000000   clock source latency
     1    0.014354    0.030345    0.011855    0.011855 ^ clk (in)
                                                         clk (net)
                      0.030346    0.000000    0.011855 ^ clkbuf_0_clk/A (sg13g2_buf_8)
     4    0.045105    0.034859    0.078783    0.090638 ^ clkbuf_0_clk/X (sg13g2_buf_8)
                                                         clknet_0_clk (net)
                      0.034859    0.000161    0.090799 ^ clkbuf_2_1__f_clk/A (sg13g2_buf_8)
     7    0.026048    0.026520    0.073566    0.164366 ^ clkbuf_2_1__f_clk/X (sg13g2_buf_8)
                                                         clknet_2_1__leaf_clk (net)
                      0.026524    0.000085    0.164450 ^ dbit[3]$_SDFFE_PP1P_/CLK (sg13g2_dfrbpq_2)
     3    0.015322    0.044152    0.193705    0.358156 ^ dbit[3]$_SDFFE_PP1P_/Q (sg13g2_dfrbpq_2)
                                                         dbit[3] (net)
                      0.044152    0.000071    0.358226 ^ _115_/A (sg13g2_nor2b_2)
     8    0.032484    0.062864    0.070936    0.429162 v _115_/Y (sg13g2_nor2b_2)
                                                         _063_ (net)
                      0.062864    0.000101    0.429263 v _141_/B (sg13g2_nand3_1)
     1    0.003088    0.032571    0.051910    0.481173 ^ _141_/Y (sg13g2_nand3_1)
                                                         _037_ (net)
                      0.032571    0.000003    0.481175 ^ _142_/A2 (sg13g2_a21o_1)
     1    0.001594    0.017273    0.092516    0.573691 ^ _142_/X (sg13g2_a21o_1)
                                                         _018_ (net)
                      0.017273    0.000000    0.573691 ^ hold6/A (sg13g2_dlygate4sd3_1)
     1    0.001524    0.029464    0.346182    0.919874 ^ hold6/X (sg13g2_dlygate4sd3_1)
                                                         net89 (net)
                      0.029464    0.000000    0.919874 ^ B[4]$_SDFFE_PP1P_/D (sg13g2_dfrbpq_1)
                                              0.919874   data arrival time

                                  0.000000    0.000000   clock clk (rise edge)
                                  0.000000    0.000000   clock source latency
     1    0.014354    0.030345    0.011855    0.011855 ^ clk (in)
                                                         clk (net)
                      0.030346    0.000000    0.011855 ^ clkbuf_0_clk/A (sg13g2_buf_8)
     4    0.045105    0.034859    0.078783    0.090638 ^ clkbuf_0_clk/X (sg13g2_buf_8)
                                                         clknet_0_clk (net)
                      0.034859    0.000147    0.090786 ^ clkbuf_2_0__f_clk/A (sg13g2_buf_8)
     8    0.028898    0.027788    0.074683    0.165468 ^ clkbuf_2_0__f_clk/X (sg13g2_buf_8)
                                                         clknet_2_0__leaf_clk (net)
                      0.027788    0.000055    0.165524 ^ B[4]$_SDFFE_PP1P_/CLK (sg13g2_dfrbpq_1)
                                  0.250000    0.415524   clock uncertainty
                                  0.000000    0.415524   clock reconvergence pessimism
                                 -0.060660    0.354863   library hold time
                                              0.354863   data required time
---------------------------------------------------------------------------------------------
                                              0.354863   data required time
                                             -0.919874   data arrival time
---------------------------------------------------------------------------------------------
                                              0.565011   slack (MET)


Startpoint: dbit[3]$_SDFFE_PP1P_
            (rising edge-triggered flip-flop clocked by clk)
Endpoint: B[5]$_SDFFE_PP1P_ (rising edge-triggered flip-flop clocked by clk)
Path Group: clk
Path Type: min

Fanout         Cap        Slew       Delay        Time   Description
---------------------------------------------------------------------------------------------
                                  0.000000    0.000000   clock clk (rise edge)
                                  0.000000    0.000000   clock source latency
     1    0.014354    0.030345    0.011855    0.011855 ^ clk (in)
                                                         clk (net)
                      0.030346    0.000000    0.011855 ^ clkbuf_0_clk/A (sg13g2_buf_8)
     4    0.045105    0.034859    0.078783    0.090638 ^ clkbuf_0_clk/X (sg13g2_buf_8)
                                                         clknet_0_clk (net)
                      0.034859    0.000161    0.090799 ^ clkbuf_2_1__f_clk/A (sg13g2_buf_8)
     7    0.026048    0.026520    0.073566    0.164366 ^ clkbuf_2_1__f_clk/X (sg13g2_buf_8)
                                                         clknet_2_1__leaf_clk (net)
                      0.026524    0.000085    0.164450 ^ dbit[3]$_SDFFE_PP1P_/CLK (sg13g2_dfrbpq_2)
     3    0.015322    0.044152    0.193705    0.358156 ^ dbit[3]$_SDFFE_PP1P_/Q (sg13g2_dfrbpq_2)
                                                         dbit[3] (net)
                      0.044152    0.000071    0.358226 ^ _115_/A (sg13g2_nor2b_2)
     8    0.032484    0.062864    0.070936    0.429162 v _115_/Y (sg13g2_nor2b_2)
                                                         _063_ (net)
                      0.062864    0.000155    0.429317 v _143_/B (sg13g2_nand3_1)
     1    0.003088    0.030979    0.051910    0.481227 ^ _143_/Y (sg13g2_nand3_1)
                                                         _038_ (net)
                      0.030979    0.000003    0.481230 ^ _144_/A2 (sg13g2_a21o_1)
     1    0.002134    0.021920    0.093540    0.574770 ^ _144_/X (sg13g2_a21o_1)
                                                         _019_ (net)
                      0.021920    0.000004    0.574774 ^ hold21/A (sg13g2_dlygate4sd3_1)
     1    0.002124    0.031508    0.350689    0.925463 ^ hold21/X (sg13g2_dlygate4sd3_1)
                                                         net104 (net)
                      0.031508    0.000004    0.925468 ^ B[5]$_SDFFE_PP1P_/D (sg13g2_dfrbpq_1)
                                              0.925468   data arrival time

                                  0.000000    0.000000   clock clk (rise edge)
                                  0.000000    0.000000   clock source latency
     1    0.014354    0.030345    0.011855    0.011855 ^ clk (in)
                                                         clk (net)
                      0.030346    0.000000    0.011855 ^ clkbuf_0_clk/A (sg13g2_buf_8)
     4    0.045105    0.034859    0.078783    0.090638 ^ clkbuf_0_clk/X (sg13g2_buf_8)
                                                         clknet_0_clk (net)
                      0.034859    0.000195    0.090834 ^ clkbuf_2_2__f_clk/A (sg13g2_buf_8)
     8    0.029379    0.028000    0.074867    0.165701 ^ clkbuf_2_2__f_clk/X (sg13g2_buf_8)
                                                         clknet_2_2__leaf_clk (net)
                      0.028000    0.000030    0.165731 ^ B[5]$_SDFFE_PP1P_/CLK (sg13g2_dfrbpq_1)
                                  0.250000    0.415731   clock uncertainty
                                  0.000000    0.415731   clock reconvergence pessimism
                                 -0.061195    0.354536   library hold time
                                              0.354536   data required time
---------------------------------------------------------------------------------------------
                                              0.354536   data required time
                                             -0.925468   data arrival time
---------------------------------------------------------------------------------------------
                                              0.570931   slack (MET)


Startpoint: dbit[3]$_SDFFE_PP1P_
            (rising edge-triggered flip-flop clocked by clk)
Endpoint: BN[4]$_SDFFE_PP1P_ (rising edge-triggered flip-flop clocked by clk)
Path Group: clk
Path Type: min

Fanout         Cap        Slew       Delay        Time   Description
---------------------------------------------------------------------------------------------
                                  0.000000    0.000000   clock clk (rise edge)
                                  0.000000    0.000000   clock source latency
     1    0.014354    0.030345    0.011855    0.011855 ^ clk (in)
                                                         clk (net)
                      0.030346    0.000000    0.011855 ^ clkbuf_0_clk/A (sg13g2_buf_8)
     4    0.045105    0.034859    0.078783    0.090638 ^ clkbuf_0_clk/X (sg13g2_buf_8)
                                                         clknet_0_clk (net)
                      0.034859    0.000161    0.090799 ^ clkbuf_2_1__f_clk/A (sg13g2_buf_8)
     7    0.026048    0.026520    0.073566    0.164366 ^ clkbuf_2_1__f_clk/X (sg13g2_buf_8)
                                                         clknet_2_1__leaf_clk (net)
                      0.026524    0.000085    0.164450 ^ dbit[3]$_SDFFE_PP1P_/CLK (sg13g2_dfrbpq_2)
     3    0.015322    0.044152    0.193705    0.358156 ^ dbit[3]$_SDFFE_PP1P_/Q (sg13g2_dfrbpq_2)
                                                         dbit[3] (net)
                      0.044152    0.000071    0.358226 ^ _115_/A (sg13g2_nor2b_2)
     8    0.032484    0.062864    0.070936    0.429162 v _115_/Y (sg13g2_nor2b_2)
                                                         _063_ (net)
                      0.062864    0.000085    0.429247 v _116_/C (sg13g2_nand3_1)
     1    0.004098    0.030846    0.058585    0.487832 ^ _116_/Y (sg13g2_nand3_1)
                                                         _064_ (net)
                      0.030846    0.000016    0.487848 ^ _117_/A2 (sg13g2_a21o_1)
     1    0.001594    0.020141    0.091781    0.579629 ^ _117_/X (sg13g2_a21o_1)
                                                         _006_ (net)
                      0.020141    0.000000    0.579629 ^ hold14/A (sg13g2_dlygate4sd3_1)
     1    0.001785    0.030454    0.348582    0.928211 ^ hold14/X (sg13g2_dlygate4sd3_1)
                                                         net97 (net)
                      0.030454    0.000002    0.928213 ^ BN[4]$_SDFFE_PP1P_/D (sg13g2_dfrbpq_1)
                                              0.928213   data arrival time

                                  0.000000    0.000000   clock clk (rise edge)
                                  0.000000    0.000000   clock source latency
     1    0.014354    0.030345    0.011855    0.011855 ^ clk (in)
                                                         clk (net)
                      0.030346    0.000000    0.011855 ^ clkbuf_0_clk/A (sg13g2_buf_8)
     4    0.045105    0.034859    0.078783    0.090638 ^ clkbuf_0_clk/X (sg13g2_buf_8)
                                                         clknet_0_clk (net)
                      0.034859    0.000147    0.090786 ^ clkbuf_2_0__f_clk/A (sg13g2_buf_8)
     8    0.028898    0.027788    0.074683    0.165468 ^ clkbuf_2_0__f_clk/X (sg13g2_buf_8)
                                                         clknet_2_0__leaf_clk (net)
                      0.027788    0.000065    0.165534 ^ BN[4]$_SDFFE_PP1P_/CLK (sg13g2_dfrbpq_1)
                                  0.250000    0.415534   clock uncertainty
                                  0.000000    0.415534   clock reconvergence pessimism
                                 -0.060930    0.354603   library hold time
                                              0.354603   data required time
---------------------------------------------------------------------------------------------
                                              0.354603   data required time
                                             -0.928213   data arrival time
---------------------------------------------------------------------------------------------
                                              0.573610   slack (MET)


Startpoint: dbit[3]$_SDFFE_PP1P_
            (rising edge-triggered flip-flop clocked by clk)
Endpoint: BN[5]$_SDFFE_PP1P_ (rising edge-triggered flip-flop clocked by clk)
Path Group: clk
Path Type: min

Fanout         Cap        Slew       Delay        Time   Description
---------------------------------------------------------------------------------------------
                                  0.000000    0.000000   clock clk (rise edge)
                                  0.000000    0.000000   clock source latency
     1    0.014354    0.030345    0.011855    0.011855 ^ clk (in)
                                                         clk (net)
                      0.030346    0.000000    0.011855 ^ clkbuf_0_clk/A (sg13g2_buf_8)
     4    0.045105    0.034859    0.078783    0.090638 ^ clkbuf_0_clk/X (sg13g2_buf_8)
                                                         clknet_0_clk (net)
                      0.034859    0.000161    0.090799 ^ clkbuf_2_1__f_clk/A (sg13g2_buf_8)
     7    0.026048    0.026520    0.073566    0.164366 ^ clkbuf_2_1__f_clk/X (sg13g2_buf_8)
                                                         clknet_2_1__leaf_clk (net)
                      0.026524    0.000085    0.164450 ^ dbit[3]$_SDFFE_PP1P_/CLK (sg13g2_dfrbpq_2)
     3    0.015322    0.044152    0.193705    0.358156 ^ dbit[3]$_SDFFE_PP1P_/Q (sg13g2_dfrbpq_2)
                                                         dbit[3] (net)
                      0.044152    0.000071    0.358226 ^ _115_/A (sg13g2_nor2b_2)
     8    0.032484    0.062864    0.070936    0.429162 v _115_/Y (sg13g2_nor2b_2)
                                                         _063_ (net)
                      0.062864    0.000164    0.429326 v _118_/C (sg13g2_nand3_1)
     1    0.003391    0.028843    0.056314    0.485640 ^ _118_/Y (sg13g2_nand3_1)
                                                         _065_ (net)
                      0.028843    0.000006    0.485646 ^ _119_/A2 (sg13g2_a21o_1)
     1    0.003036    0.025113    0.095470    0.581116 ^ _119_/X (sg13g2_a21o_1)
                                                         _007_ (net)
                      0.025113    0.000012    0.581129 ^ hold36/A (sg13g2_dlygate4sd3_1)
     1    0.001912    0.030938    0.351615    0.932743 ^ hold36/X (sg13g2_dlygate4sd3_1)
                                                         net119 (net)
                      0.030938    0.000003    0.932746 ^ BN[5]$_SDFFE_PP1P_/D (sg13g2_dfrbpq_1)
                                              0.932746   data arrival time

                                  0.000000    0.000000   clock clk (rise edge)
                                  0.000000    0.000000   clock source latency
     1    0.014354    0.030345    0.011855    0.011855 ^ clk (in)
                                                         clk (net)
                      0.030346    0.000000    0.011855 ^ clkbuf_0_clk/A (sg13g2_buf_8)
     4    0.045105    0.034859    0.078783    0.090638 ^ clkbuf_0_clk/X (sg13g2_buf_8)
                                                         clknet_0_clk (net)
                      0.034859    0.000195    0.090834 ^ clkbuf_2_2__f_clk/A (sg13g2_buf_8)
     8    0.029379    0.028000    0.074867    0.165701 ^ clkbuf_2_2__f_clk/X (sg13g2_buf_8)
                                                         clknet_2_2__leaf_clk (net)
                      0.028000    0.000043    0.165744 ^ BN[5]$_SDFFE_PP1P_/CLK (sg13g2_dfrbpq_1)
                                  0.250000    0.415744   clock uncertainty
                                  0.000000    0.415744   clock reconvergence pessimism
                                 -0.061040    0.354704   library hold time
                                              0.354704   data required time
---------------------------------------------------------------------------------------------
                                              0.354704   data required time
                                             -0.932746   data arrival time
---------------------------------------------------------------------------------------------
                                              0.578042   slack (MET)


Startpoint: dbit[3]$_SDFFE_PP1P_
            (rising edge-triggered flip-flop clocked by clk)
Endpoint: B[6]$_SDFFE_PP1P_ (rising edge-triggered flip-flop clocked by clk)
Path Group: clk
Path Type: min

Fanout         Cap        Slew       Delay        Time   Description
---------------------------------------------------------------------------------------------
                                  0.000000    0.000000   clock clk (rise edge)
                                  0.000000    0.000000   clock source latency
     1    0.014354    0.030345    0.011855    0.011855 ^ clk (in)
                                                         clk (net)
                      0.030346    0.000000    0.011855 ^ clkbuf_0_clk/A (sg13g2_buf_8)
     4    0.045105    0.034859    0.078783    0.090638 ^ clkbuf_0_clk/X (sg13g2_buf_8)
                                                         clknet_0_clk (net)
                      0.034859    0.000161    0.090799 ^ clkbuf_2_1__f_clk/A (sg13g2_buf_8)
     7    0.026048    0.026520    0.073566    0.164366 ^ clkbuf_2_1__f_clk/X (sg13g2_buf_8)
                                                         clknet_2_1__leaf_clk (net)
                      0.026524    0.000085    0.164450 ^ dbit[3]$_SDFFE_PP1P_/CLK (sg13g2_dfrbpq_2)
     3    0.015322    0.044152    0.193705    0.358156 ^ dbit[3]$_SDFFE_PP1P_/Q (sg13g2_dfrbpq_2)
                                                         dbit[3] (net)
                      0.044152    0.000071    0.358226 ^ _115_/A (sg13g2_nor2b_2)
     8    0.032484    0.062864    0.070936    0.429162 v _115_/Y (sg13g2_nor2b_2)
                                                         _063_ (net)
                      0.062864    0.000144    0.429306 v _145_/B (sg13g2_nand3_1)
     1    0.004090    0.034136    0.055151    0.484457 ^ _145_/Y (sg13g2_nand3_1)
                                                         _039_ (net)
                      0.034136    0.000016    0.484473 ^ _146_/A2 (sg13g2_a21o_1)
     1    0.003079    0.024790    0.097864    0.582337 ^ _146_/X (sg13g2_a21o_1)
                                                         _020_ (net)
                      0.024790    0.000013    0.582350 ^ hold34/A (sg13g2_dlygate4sd3_1)
     1    0.001955    0.031103    0.351597    0.933946 ^ hold34/X (sg13g2_dlygate4sd3_1)
                                                         net117 (net)
                      0.031103    0.000003    0.933950 ^ B[6]$_SDFFE_PP1P_/D (sg13g2_dfrbpq_1)
                                              0.933950   data arrival time

                                  0.000000    0.000000   clock clk (rise edge)
                                  0.000000    0.000000   clock source latency
     1    0.014354    0.030345    0.011855    0.011855 ^ clk (in)
                                                         clk (net)
                      0.030346    0.000000    0.011855 ^ clkbuf_0_clk/A (sg13g2_buf_8)
     4    0.045105    0.034859    0.078783    0.090638 ^ clkbuf_0_clk/X (sg13g2_buf_8)
                                                         clknet_0_clk (net)
                      0.034860    0.000222    0.090861 ^ clkbuf_2_3__f_clk/A (sg13g2_buf_8)
     8    0.028838    0.027761    0.074660    0.165520 ^ clkbuf_2_3__f_clk/X (sg13g2_buf_8)
                                                         clknet_2_3__leaf_clk (net)
                      0.027761    0.000058    0.165578 ^ B[6]$_SDFFE_PP1P_/CLK (sg13g2_dfrbpq_1)
                                  0.250000    0.415578   clock uncertainty
                                  0.000000    0.415578   clock reconvergence pessimism
                                 -0.061110    0.354468   library hold time
                                              0.354468   data required time
---------------------------------------------------------------------------------------------
                                              0.354468   data required time
                                             -0.933950   data arrival time
---------------------------------------------------------------------------------------------
                                              0.579482   slack (MET)


Startpoint: dbit[3]$_SDFFE_PP1P_
            (rising edge-triggered flip-flop clocked by clk)
Endpoint: BN[6]$_SDFFE_PP1P_ (rising edge-triggered flip-flop clocked by clk)
Path Group: clk
Path Type: min

Fanout         Cap        Slew       Delay        Time   Description
---------------------------------------------------------------------------------------------
                                  0.000000    0.000000   clock clk (rise edge)
                                  0.000000    0.000000   clock source latency
     1    0.014354    0.030345    0.011855    0.011855 ^ clk (in)
                                                         clk (net)
                      0.030346    0.000000    0.011855 ^ clkbuf_0_clk/A (sg13g2_buf_8)
     4    0.045105    0.034859    0.078783    0.090638 ^ clkbuf_0_clk/X (sg13g2_buf_8)
                                                         clknet_0_clk (net)
                      0.034859    0.000161    0.090799 ^ clkbuf_2_1__f_clk/A (sg13g2_buf_8)
     7    0.026048    0.026520    0.073566    0.164366 ^ clkbuf_2_1__f_clk/X (sg13g2_buf_8)
                                                         clknet_2_1__leaf_clk (net)
                      0.026524    0.000085    0.164450 ^ dbit[3]$_SDFFE_PP1P_/CLK (sg13g2_dfrbpq_2)
     3    0.015322    0.044152    0.193705    0.358156 ^ dbit[3]$_SDFFE_PP1P_/Q (sg13g2_dfrbpq_2)
                                                         dbit[3] (net)
                      0.044152    0.000071    0.358226 ^ _115_/A (sg13g2_nor2b_2)
     8    0.032484    0.062864    0.070936    0.429162 v _115_/Y (sg13g2_nor2b_2)
                                                         _063_ (net)
                      0.062864    0.000132    0.429294 v _120_/C (sg13g2_nand3_1)
     1    0.006285    0.044873    0.065611    0.494904 ^ _120_/Y (sg13g2_nand3_1)
                                                         _066_ (net)
                      0.044873    0.000056    0.494960 ^ _121_/A2 (sg13g2_a21o_1)
     1    0.001594    0.019644    0.097757    0.592717 ^ _121_/X (sg13g2_a21o_1)
                                                         _008_ (net)
                      0.019644    0.000000    0.592718 ^ hold28/A (sg13g2_dlygate4sd3_1)
     1    0.002751    0.033703    0.351682    0.944400 ^ hold28/X (sg13g2_dlygate4sd3_1)
                                                         net111 (net)
                      0.033703    0.000010    0.944410 ^ BN[6]$_SDFFE_PP1P_/D (sg13g2_dfrbpq_1)
                                              0.944410   data arrival time

                                  0.000000    0.000000   clock clk (rise edge)
                                  0.000000    0.000000   clock source latency
     1    0.014354    0.030345    0.011855    0.011855 ^ clk (in)
                                                         clk (net)
                      0.030346    0.000000    0.011855 ^ clkbuf_0_clk/A (sg13g2_buf_8)
     4    0.045105    0.034859    0.078783    0.090638 ^ clkbuf_0_clk/X (sg13g2_buf_8)
                                                         clknet_0_clk (net)
                      0.034860    0.000222    0.090861 ^ clkbuf_2_3__f_clk/A (sg13g2_buf_8)
     8    0.028838    0.027761    0.074660    0.165520 ^ clkbuf_2_3__f_clk/X (sg13g2_buf_8)
                                                         clknet_2_3__leaf_clk (net)
                      0.027761    0.000048    0.165569 ^ BN[6]$_SDFFE_PP1P_/CLK (sg13g2_dfrbpq_1)
                                  0.250000    0.415568   clock uncertainty
                                  0.000000    0.415568   clock reconvergence pessimism
                                 -0.061819    0.353749   library hold time
                                              0.353749   data required time
---------------------------------------------------------------------------------------------
                                              0.353749   data required time
                                             -0.944410   data arrival time
---------------------------------------------------------------------------------------------
                                              0.590661   slack (MET)


Startpoint: dbit[0]$_SDFFE_PP1P_
            (rising edge-triggered flip-flop clocked by clk)
Endpoint: BN[3]$_SDFFE_PP1P_ (rising edge-triggered flip-flop clocked by clk)
Path Group: clk
Path Type: min

Fanout         Cap        Slew       Delay        Time   Description
---------------------------------------------------------------------------------------------
                                  0.000000    0.000000   clock clk (rise edge)
                                  0.000000    0.000000   clock source latency
     1    0.014354    0.030345    0.011855    0.011855 ^ clk (in)
                                                         clk (net)
                      0.030346    0.000000    0.011855 ^ clkbuf_0_clk/A (sg13g2_buf_8)
     4    0.045105    0.034859    0.078783    0.090638 ^ clkbuf_0_clk/X (sg13g2_buf_8)
                                                         clknet_0_clk (net)
                      0.034859    0.000161    0.090799 ^ clkbuf_2_1__f_clk/A (sg13g2_buf_8)
     7    0.026048    0.026520    0.073566    0.164366 ^ clkbuf_2_1__f_clk/X (sg13g2_buf_8)
                                                         clknet_2_1__leaf_clk (net)
                      0.026524    0.000061    0.164426 ^ dbit[0]$_SDFFE_PP1P_/CLK (sg13g2_dfrbpq_1)
     2    0.006242    0.028476    0.170935    0.335361 v dbit[0]$_SDFFE_PP1P_/Q (sg13g2_dfrbpq_1)
                                                         dbit[0] (net)
                      0.028476    0.000020    0.335381 v fanout5/A (sg13g2_buf_1)
     5    0.020780    0.072325    0.105698    0.441078 v fanout5/X (sg13g2_buf_1)
                                                         net5 (net)
                      0.072325    0.000033    0.441111 v _113_/B (sg13g2_nand4_1)
     1    0.004941    0.036173    0.063924    0.505035 ^ _113_/Y (sg13g2_nand4_1)
                                                         _062_ (net)
                      0.036173    0.000029    0.505064 ^ _114_/A2 (sg13g2_a21o_1)
     1    0.003004    0.022261    0.098496    0.603560 ^ _114_/X (sg13g2_a21o_1)
                                                         _005_ (net)
                      0.022261    0.000013    0.603573 ^ hold10/A (sg13g2_dlygate4sd3_1)
     1    0.002167    0.031660    0.351017    0.954590 ^ hold10/X (sg13g2_dlygate4sd3_1)
                                                         net93 (net)
                      0.031660    0.000005    0.954595 ^ BN[3]$_SDFFE_PP1P_/D (sg13g2_dfrbpq_1)
                                              0.954595   data arrival time

                                  0.000000    0.000000   clock clk (rise edge)
                                  0.000000    0.000000   clock source latency
     1    0.014354    0.030345    0.011855    0.011855 ^ clk (in)
                                                         clk (net)
                      0.030346    0.000000    0.011855 ^ clkbuf_0_clk/A (sg13g2_buf_8)
     4    0.045105    0.034859    0.078783    0.090638 ^ clkbuf_0_clk/X (sg13g2_buf_8)
                                                         clknet_0_clk (net)
                      0.034859    0.000161    0.090799 ^ clkbuf_2_1__f_clk/A (sg13g2_buf_8)
     7    0.026048    0.026520    0.073566    0.164366 ^ clkbuf_2_1__f_clk/X (sg13g2_buf_8)
                                                         clknet_2_1__leaf_clk (net)
                      0.026520    0.000038    0.164404 ^ BN[3]$_SDFFE_PP1P_/CLK (sg13g2_dfrbpq_1)
                                  0.250000    0.414404   clock uncertainty
                                  0.000000    0.414404   clock reconvergence pessimism
                                 -0.061395    0.353008   library hold time
                                              0.353008   data required time
---------------------------------------------------------------------------------------------
                                              0.353008   data required time
                                             -0.954595   data arrival time
---------------------------------------------------------------------------------------------
                                              0.601587   slack (MET)


Startpoint: dbit[0]$_SDFFE_PP1P_
            (rising edge-triggered flip-flop clocked by clk)
Endpoint: BN[11]$_SDFFE_PP1P_ (rising edge-triggered flip-flop clocked by clk)
Path Group: clk
Path Type: min

Fanout         Cap        Slew       Delay        Time   Description
---------------------------------------------------------------------------------------------
                                  0.000000    0.000000   clock clk (rise edge)
                                  0.000000    0.000000   clock source latency
     1    0.014354    0.030345    0.011855    0.011855 ^ clk (in)
                                                         clk (net)
                      0.030346    0.000000    0.011855 ^ clkbuf_0_clk/A (sg13g2_buf_8)
     4    0.045105    0.034859    0.078783    0.090638 ^ clkbuf_0_clk/X (sg13g2_buf_8)
                                                         clknet_0_clk (net)
                      0.034859    0.000161    0.090799 ^ clkbuf_2_1__f_clk/A (sg13g2_buf_8)
     7    0.026048    0.026520    0.073566    0.164366 ^ clkbuf_2_1__f_clk/X (sg13g2_buf_8)
                                                         clknet_2_1__leaf_clk (net)
                      0.026524    0.000061    0.164426 ^ dbit[0]$_SDFFE_PP1P_/CLK (sg13g2_dfrbpq_1)
     2    0.006242    0.028476    0.170935    0.335361 v dbit[0]$_SDFFE_PP1P_/Q (sg13g2_dfrbpq_1)
                                                         dbit[0] (net)
                      0.028476    0.000020    0.335381 v fanout5/A (sg13g2_buf_1)
     5    0.020780    0.072325    0.105698    0.441078 v fanout5/X (sg13g2_buf_1)
                                                         net5 (net)
                      0.072325    0.000012    0.441090 v _106_/B (sg13g2_nand4_1)
     1    0.005217    0.037184    0.064832    0.505922 ^ _106_/Y (sg13g2_nand4_1)
                                                         _058_ (net)
                      0.037184    0.000035    0.505957 ^ _107_/A2 (sg13g2_a21o_1)
     1    0.003281    0.023273    0.099799    0.605757 ^ _107_/X (sg13g2_a21o_1)
                                                         _002_ (net)
                      0.023273    0.000015    0.605772 ^ hold38/A (sg13g2_dlygate4sd3_1)
     1    0.002167    0.031660    0.351544    0.957316 ^ hold38/X (sg13g2_dlygate4sd3_1)
                                                         net121 (net)
                      0.031660    0.000005    0.957321 ^ BN[11]$_SDFFE_PP1P_/D (sg13g2_dfrbpq_1)
                                              0.957321   data arrival time

                                  0.000000    0.000000   clock clk (rise edge)
                                  0.000000    0.000000   clock source latency
     1    0.014354    0.030345    0.011855    0.011855 ^ clk (in)
                                                         clk (net)
                      0.030346    0.000000    0.011855 ^ clkbuf_0_clk/A (sg13g2_buf_8)
     4    0.045105    0.034859    0.078783    0.090638 ^ clkbuf_0_clk/X (sg13g2_buf_8)
                                                         clknet_0_clk (net)
                      0.034859    0.000161    0.090799 ^ clkbuf_2_1__f_clk/A (sg13g2_buf_8)
     7    0.026048    0.026520    0.073566    0.164366 ^ clkbuf_2_1__f_clk/X (sg13g2_buf_8)
                                                         clknet_2_1__leaf_clk (net)
                      0.026520    0.000020    0.164386 ^ BN[11]$_SDFFE_PP1P_/CLK (sg13g2_dfrbpq_1)
                                  0.250000    0.414385   clock uncertainty
                                  0.000000    0.414385   clock reconvergence pessimism
                                 -0.061395    0.352990   library hold time
                                              0.352990   data required time
---------------------------------------------------------------------------------------------
                                              0.352990   data required time
                                             -0.957321   data arrival time
---------------------------------------------------------------------------------------------
                                              0.604331   slack (MET)


Startpoint: BN[8]$_SDFFE_PP1P_ (rising edge-triggered flip-flop clocked by clk)
Endpoint: BN[8]$_SDFFE_PP1P_ (rising edge-triggered flip-flop clocked by clk)
Path Group: clk
Path Type: min

Fanout         Cap        Slew       Delay        Time   Description
---------------------------------------------------------------------------------------------
                                  0.000000    0.000000   clock clk (rise edge)
                                  0.000000    0.000000   clock source latency
     1    0.014354    0.030345    0.011855    0.011855 ^ clk (in)
                                                         clk (net)
                      0.030346    0.000000    0.011855 ^ clkbuf_0_clk/A (sg13g2_buf_8)
     4    0.045105    0.034859    0.078783    0.090638 ^ clkbuf_0_clk/X (sg13g2_buf_8)
                                                         clknet_0_clk (net)
                      0.034859    0.000147    0.090786 ^ clkbuf_2_0__f_clk/A (sg13g2_buf_8)
     8    0.028898    0.027788    0.074683    0.165468 ^ clkbuf_2_0__f_clk/X (sg13g2_buf_8)
                                                         clknet_2_0__leaf_clk (net)
                      0.027788    0.000057    0.165525 ^ BN[8]$_SDFFE_PP1P_/CLK (sg13g2_dfrbpq_1)
     3    0.009525    0.048237    0.185587    0.351112 ^ BN[8]$_SDFFE_PP1P_/Q (sg13g2_dfrbpq_1)
                                                         net29 (net)
                      0.048237    0.000011    0.351123 ^ hold7/A (sg13g2_dlygate4sd3_1)
     1    0.002932    0.034813    0.367203    0.718327 ^ hold7/X (sg13g2_dlygate4sd3_1)
                                                         net90 (net)
                      0.034813    0.000002    0.718329 ^ _125_/A1 (sg13g2_a21o_1)
     1    0.001946    0.018652    0.091211    0.809540 ^ _125_/X (sg13g2_a21o_1)
                                                         _010_ (net)
                      0.018652    0.000003    0.809542 ^ hold8/A (sg13g2_dlygate4sd3_1)
     1    0.001524    0.029465    0.346901    1.156444 ^ hold8/X (sg13g2_dlygate4sd3_1)
                                                         net91 (net)
                      0.029465    0.000000    1.156444 ^ BN[8]$_SDFFE_PP1P_/D (sg13g2_dfrbpq_1)
                                              1.156444   data arrival time

                                  0.000000    0.000000   clock clk (rise edge)
                                  0.000000    0.000000   clock source latency
     1    0.014354    0.030345    0.011855    0.011855 ^ clk (in)
                                                         clk (net)
                      0.030346    0.000000    0.011855 ^ clkbuf_0_clk/A (sg13g2_buf_8)
     4    0.045105    0.034859    0.078783    0.090638 ^ clkbuf_0_clk/X (sg13g2_buf_8)
                                                         clknet_0_clk (net)
                      0.034859    0.000147    0.090786 ^ clkbuf_2_0__f_clk/A (sg13g2_buf_8)
     8    0.028898    0.027788    0.074683    0.165468 ^ clkbuf_2_0__f_clk/X (sg13g2_buf_8)
                                                         clknet_2_0__leaf_clk (net)
                      0.027788    0.000057    0.165525 ^ BN[8]$_SDFFE_PP1P_/CLK (sg13g2_dfrbpq_1)
                                  0.250000    0.415525   clock uncertainty
                                  0.000000    0.415525   clock reconvergence pessimism
                                 -0.060661    0.354864   library hold time
                                              0.354864   data required time
---------------------------------------------------------------------------------------------
                                              0.354864   data required time
                                             -1.156444   data arrival time
---------------------------------------------------------------------------------------------
                                              0.801580   slack (MET)


Startpoint: BN[9]$_SDFFE_PP1P_ (rising edge-triggered flip-flop clocked by clk)
Endpoint: BN[9]$_SDFFE_PP1P_ (rising edge-triggered flip-flop clocked by clk)
Path Group: clk
Path Type: min

Fanout         Cap        Slew       Delay        Time   Description
---------------------------------------------------------------------------------------------
                                  0.000000    0.000000   clock clk (rise edge)
                                  0.000000    0.000000   clock source latency
     1    0.014354    0.030345    0.011855    0.011855 ^ clk (in)
                                                         clk (net)
                      0.030346    0.000000    0.011855 ^ clkbuf_0_clk/A (sg13g2_buf_8)
     4    0.045105    0.034859    0.078783    0.090638 ^ clkbuf_0_clk/X (sg13g2_buf_8)
                                                         clknet_0_clk (net)
                      0.034859    0.000195    0.090834 ^ clkbuf_2_2__f_clk/A (sg13g2_buf_8)
     8    0.029379    0.028000    0.074867    0.165701 ^ clkbuf_2_2__f_clk/X (sg13g2_buf_8)
                                                         clknet_2_2__leaf_clk (net)
                      0.028000    0.000101    0.165802 ^ BN[9]$_SDFFE_PP1P_/CLK (sg13g2_dfrbpq_1)
     3    0.009788    0.049233    0.186452    0.352253 ^ BN[9]$_SDFFE_PP1P_/Q (sg13g2_dfrbpq_1)
                                                         net30 (net)
                      0.049233    0.000029    0.352283 ^ hold29/A (sg13g2_dlygate4sd3_1)
     1    0.003192    0.035804    0.368629    0.720912 ^ hold29/X (sg13g2_dlygate4sd3_1)
                                                         net112 (net)
                      0.035804    0.000005    0.720917 ^ _127_/A1 (sg13g2_a21o_1)
     1    0.002202    0.022160    0.092475    0.813392 ^ _127_/X (sg13g2_a21o_1)
                                                         _011_ (net)
                      0.022160    0.000005    0.813398 ^ hold30/A (sg13g2_dlygate4sd3_1)
     1    0.002291    0.032094    0.351393    1.164791 ^ hold30/X (sg13g2_dlygate4sd3_1)
                                                         net113 (net)
                      0.032094    0.000006    1.164797 ^ BN[9]$_SDFFE_PP1P_/D (sg13g2_dfrbpq_1)
                                              1.164797   data arrival time

                                  0.000000    0.000000   clock clk (rise edge)
                                  0.000000    0.000000   clock source latency
     1    0.014354    0.030345    0.011855    0.011855 ^ clk (in)
                                                         clk (net)
                      0.030346    0.000000    0.011855 ^ clkbuf_0_clk/A (sg13g2_buf_8)
     4    0.045105    0.034859    0.078783    0.090638 ^ clkbuf_0_clk/X (sg13g2_buf_8)
                                                         clknet_0_clk (net)
                      0.034859    0.000195    0.090834 ^ clkbuf_2_2__f_clk/A (sg13g2_buf_8)
     8    0.029379    0.028000    0.074867    0.165701 ^ clkbuf_2_2__f_clk/X (sg13g2_buf_8)
                                                         clknet_2_2__leaf_clk (net)
                      0.028000    0.000101    0.165802 ^ BN[9]$_SDFFE_PP1P_/CLK (sg13g2_dfrbpq_1)
                                  0.250000    0.415802   clock uncertainty
                                  0.000000    0.415802   clock reconvergence pessimism
                                 -0.061355    0.354447   library hold time
                                              0.354447   data required time
---------------------------------------------------------------------------------------------
                                              0.354447   data required time
                                             -1.164797   data arrival time
---------------------------------------------------------------------------------------------
                                              0.810350   slack (MET)


Startpoint: B[9]$_SDFFE_PP1P_ (rising edge-triggered flip-flop clocked by clk)
Endpoint: B[9]$_SDFFE_PP1P_ (rising edge-triggered flip-flop clocked by clk)
Path Group: clk
Path Type: min

Fanout         Cap        Slew       Delay        Time   Description
---------------------------------------------------------------------------------------------
                                  0.000000    0.000000   clock clk (rise edge)
                                  0.000000    0.000000   clock source latency
     1    0.014354    0.030345    0.011855    0.011855 ^ clk (in)
                                                         clk (net)
                      0.030346    0.000000    0.011855 ^ clkbuf_0_clk/A (sg13g2_buf_8)
     4    0.045105    0.034859    0.078783    0.090638 ^ clkbuf_0_clk/X (sg13g2_buf_8)
                                                         clknet_0_clk (net)
                      0.034859    0.000195    0.090834 ^ clkbuf_2_2__f_clk/A (sg13g2_buf_8)
     8    0.029379    0.028000    0.074867    0.165701 ^ clkbuf_2_2__f_clk/X (sg13g2_buf_8)
                                                         clknet_2_2__leaf_clk (net)
                      0.028000    0.000109    0.165810 ^ B[9]$_SDFFE_PP1P_/CLK (sg13g2_dfrbpq_1)
     3    0.009564    0.048385    0.185801    0.351611 ^ B[9]$_SDFFE_PP1P_/Q (sg13g2_dfrbpq_1)
                                                         net42 (net)
                      0.048385    0.000017    0.351627 ^ hold31/A (sg13g2_dlygate4sd3_1)
     1    0.003928    0.037786    0.370744    0.722372 ^ hold31/X (sg13g2_dlygate4sd3_1)
                                                         net114 (net)
                      0.037786    0.000015    0.722387 ^ _152_/A1 (sg13g2_a21o_1)
     1    0.002618    0.023637    0.094700    0.817087 ^ _152_/X (sg13g2_a21o_1)
                                                         _023_ (net)
                      0.023637    0.000009    0.817096 ^ hold32/A (sg13g2_dlygate4sd3_1)
     1    0.001568    0.029629    0.349647    1.166744 ^ hold32/X (sg13g2_dlygate4sd3_1)
                                                         net115 (net)
                      0.029629    0.000000    1.166744 ^ B[9]$_SDFFE_PP1P_/D (sg13g2_dfrbpq_1)
                                              1.166744   data arrival time

                                  0.000000    0.000000   clock clk (rise edge)
                                  0.000000    0.000000   clock source latency
     1    0.014354    0.030345    0.011855    0.011855 ^ clk (in)
                                                         clk (net)
                      0.030346    0.000000    0.011855 ^ clkbuf_0_clk/A (sg13g2_buf_8)
     4    0.045105    0.034859    0.078783    0.090638 ^ clkbuf_0_clk/X (sg13g2_buf_8)
                                                         clknet_0_clk (net)
                      0.034859    0.000195    0.090834 ^ clkbuf_2_2__f_clk/A (sg13g2_buf_8)
     8    0.029379    0.028000    0.074867    0.165701 ^ clkbuf_2_2__f_clk/X (sg13g2_buf_8)
                                                         clknet_2_2__leaf_clk (net)
                      0.028000    0.000109    0.165810 ^ B[9]$_SDFFE_PP1P_/CLK (sg13g2_dfrbpq_1)
                                  0.250000    0.415810   clock uncertainty
                                  0.000000    0.415810   clock reconvergence pessimism
                                 -0.060683    0.355127   library hold time
                                              0.355127   data required time
---------------------------------------------------------------------------------------------
                                              0.355127   data required time
                                             -1.166744   data arrival time
---------------------------------------------------------------------------------------------
                                              0.811617   slack (MET)


Startpoint: dbit[2]$_SDFFE_PP0P_
            (rising edge-triggered flip-flop clocked by clk)
Endpoint: dbit[2]$_SDFFE_PP0P_ (rising edge-triggered flip-flop clocked by clk)
Path Group: clk
Path Type: min

Fanout         Cap        Slew       Delay        Time   Description
---------------------------------------------------------------------------------------------
                                  0.000000    0.000000   clock clk (rise edge)
                                  0.000000    0.000000   clock source latency
     1    0.014354    0.030345    0.011855    0.011855 ^ clk (in)
                                                         clk (net)
                      0.030346    0.000000    0.011855 ^ clkbuf_0_clk/A (sg13g2_buf_8)
     4    0.045105    0.034859    0.078783    0.090638 ^ clkbuf_0_clk/X (sg13g2_buf_8)
                                                         clknet_0_clk (net)
                      0.034859    0.000161    0.090799 ^ clkbuf_2_1__f_clk/A (sg13g2_buf_8)
     7    0.026048    0.026520    0.073566    0.164366 ^ clkbuf_2_1__f_clk/X (sg13g2_buf_8)
                                                         clknet_2_1__leaf_clk (net)
                      0.026524    0.000079    0.164444 ^ dbit[2]$_SDFFE_PP0P_/CLK (sg13g2_dfrbpq_2)
     3    0.007938    0.026316    0.180051    0.344495 v dbit[2]$_SDFFE_PP0P_/Q (sg13g2_dfrbpq_2)
                                                         dbit[2] (net)
                      0.026316    0.000024    0.344519 v hold39/A (sg13g2_dlygate4sd3_1)
     2    0.010004    0.057144    0.394581    0.739100 v hold39/X (sg13g2_dlygate4sd3_1)
                                                         net122 (net)
                      0.057144    0.000015    0.739115 v _173_/B1 (sg13g2_o21ai_1)
     1    0.004715    0.040483    0.052440    0.791555 ^ _173_/Y (sg13g2_o21ai_1)
                                                         _049_ (net)
                      0.040483    0.000022    0.791577 ^ _174_/A2 (sg13g2_a21oi_1)
     1    0.002796    0.018353    0.059573    0.851151 v _174_/Y (sg13g2_a21oi_1)
                                                         _026_ (net)
                      0.018353    0.000010    0.851161 v hold40/A (sg13g2_dlygate4sd3_1)
     1    0.001923    0.034116    0.362012    1.213173 v hold40/X (sg13g2_dlygate4sd3_1)
                                                         net123 (net)
                      0.034116    0.000003    1.213176 v dbit[2]$_SDFFE_PP0P_/D (sg13g2_dfrbpq_2)
                                              1.213176   data arrival time

                                  0.000000    0.000000   clock clk (rise edge)
                                  0.000000    0.000000   clock source latency
     1    0.014354    0.030345    0.011855    0.011855 ^ clk (in)
                                                         clk (net)
                      0.030346    0.000000    0.011855 ^ clkbuf_0_clk/A (sg13g2_buf_8)
     4    0.045105    0.034859    0.078783    0.090638 ^ clkbuf_0_clk/X (sg13g2_buf_8)
                                                         clknet_0_clk (net)
                      0.034859    0.000161    0.090799 ^ clkbuf_2_1__f_clk/A (sg13g2_buf_8)
     7    0.026048    0.026520    0.073566    0.164366 ^ clkbuf_2_1__f_clk/X (sg13g2_buf_8)
                                                         clknet_2_1__leaf_clk (net)
                      0.026524    0.000079    0.164444 ^ dbit[2]$_SDFFE_PP0P_/CLK (sg13g2_dfrbpq_2)
                                  0.250000    0.414444   clock uncertainty
                                  0.000000    0.414444   clock reconvergence pessimism
                                 -0.037575    0.376870   library hold time
                                              0.376870   data required time
---------------------------------------------------------------------------------------------
                                              0.376870   data required time
                                             -1.213176   data arrival time
---------------------------------------------------------------------------------------------
                                              0.836306   slack (MET)


Startpoint: dbit[2]$_SDFFE_PP0P_
            (rising edge-triggered flip-flop clocked by clk)
Endpoint: B[11]$_SDFFE_PP1P_ (rising edge-triggered flip-flop clocked by clk)
Path Group: clk
Path Type: min

Fanout         Cap        Slew       Delay        Time   Description
---------------------------------------------------------------------------------------------
                                  0.000000    0.000000   clock clk (rise edge)
                                  0.000000    0.000000   clock source latency
     1    0.014354    0.030345    0.011855    0.011855 ^ clk (in)
                                                         clk (net)
                      0.030346    0.000000    0.011855 ^ clkbuf_0_clk/A (sg13g2_buf_8)
     4    0.045105    0.034859    0.078783    0.090638 ^ clkbuf_0_clk/X (sg13g2_buf_8)
                                                         clknet_0_clk (net)
                      0.034859    0.000161    0.090799 ^ clkbuf_2_1__f_clk/A (sg13g2_buf_8)
     7    0.026048    0.026520    0.073566    0.164366 ^ clkbuf_2_1__f_clk/X (sg13g2_buf_8)
                                                         clknet_2_1__leaf_clk (net)
                      0.026524    0.000079    0.164444 ^ dbit[2]$_SDFFE_PP0P_/CLK (sg13g2_dfrbpq_2)
     3    0.007953    0.031149    0.182178    0.346623 ^ dbit[2]$_SDFFE_PP0P_/Q (sg13g2_dfrbpq_2)
                                                         dbit[2] (net)
                      0.031149    0.000024    0.346647 ^ hold39/A (sg13g2_dlygate4sd3_1)
     2    0.010496    0.061527    0.384598    0.731245 ^ hold39/X (sg13g2_dlygate4sd3_1)
                                                         net122 (net)
                      0.061527    0.000038    0.731282 ^ _103_/A (sg13g2_nor2b_2)
     2    0.012757    0.034254    0.048847    0.780130 v _103_/Y (sg13g2_nor2b_2)
                                                         _056_ (net)
                      0.034254    0.000040    0.780169 v _133_/C (sg13g2_nand4_1)
     1    0.003215    0.030350    0.046314    0.826484 ^ _133_/Y (sg13g2_nand4_1)
                                                         _033_ (net)
                      0.030350    0.000004    0.826488 ^ _134_/A2 (sg13g2_a21o_1)
     1    0.001594    0.017288    0.091569    0.918057 ^ _134_/X (sg13g2_a21o_1)
                                                         _014_ (net)
                      0.017288    0.000000    0.918058 ^ hold44/A (sg13g2_dlygate4sd3_1)
     1    0.001996    0.031257    0.347831    1.265889 ^ hold44/X (sg13g2_dlygate4sd3_1)
                                                         net127 (net)
                      0.031257    0.000004    1.265892 ^ B[11]$_SDFFE_PP1P_/D (sg13g2_dfrbpq_2)
                                              1.265892   data arrival time

                                  0.000000    0.000000   clock clk (rise edge)
                                  0.000000    0.000000   clock source latency
     1    0.014354    0.030345    0.011855    0.011855 ^ clk (in)
                                                         clk (net)
                      0.030346    0.000000    0.011855 ^ clkbuf_0_clk/A (sg13g2_buf_8)
     4    0.045105    0.034859    0.078783    0.090638 ^ clkbuf_0_clk/X (sg13g2_buf_8)
                                                         clknet_0_clk (net)
                      0.034859    0.000195    0.090834 ^ clkbuf_2_2__f_clk/A (sg13g2_buf_8)
     8    0.029379    0.028000    0.074867    0.165701 ^ clkbuf_2_2__f_clk/X (sg13g2_buf_8)
                                                         clknet_2_2__leaf_clk (net)
                      0.028000    0.000016    0.165717 ^ B[11]$_SDFFE_PP1P_/CLK (sg13g2_dfrbpq_2)
                                  0.250000    0.415717   clock uncertainty
                                  0.000000    0.415717   clock reconvergence pessimism
                                 -0.063574    0.352143   library hold time
                                              0.352143   data required time
---------------------------------------------------------------------------------------------
                                              0.352143   data required time
                                             -1.265892   data arrival time
---------------------------------------------------------------------------------------------
                                              0.913749   slack (MET)


Startpoint: BN[1]$_SDFFE_PP1P_ (rising edge-triggered flip-flop clocked by clk)
Endpoint: BN[1] (output port clocked by clk)
Path Group: clk
Path Type: min

Fanout         Cap        Slew       Delay        Time   Description
---------------------------------------------------------------------------------------------
                                  0.000000    0.000000   clock clk (rise edge)
                                  0.000000    0.000000   clock source latency
     1    0.014354    0.030345    0.011855    0.011855 ^ clk (in)
                                                         clk (net)
                      0.030346    0.000000    0.011855 ^ clkbuf_0_clk/A (sg13g2_buf_8)
     4    0.045105    0.034859    0.078783    0.090638 ^ clkbuf_0_clk/X (sg13g2_buf_8)
                                                         clknet_0_clk (net)
                      0.034859    0.000195    0.090834 ^ clkbuf_2_2__f_clk/A (sg13g2_buf_8)
     8    0.029379    0.028000    0.074867    0.165701 ^ clkbuf_2_2__f_clk/X (sg13g2_buf_8)
                                                         clknet_2_2__leaf_clk (net)
                      0.028000    0.000125    0.165825 ^ BN[1]$_SDFFE_PP1P_/CLK (sg13g2_dfrbpq_1)
     3    0.008455    0.034785    0.177066    0.342891 v BN[1]$_SDFFE_PP1P_/Q (sg13g2_dfrbpq_1)
                                                         net22 (net)
                      0.034785    0.000002    0.342893 v output6/A (sg13g2_buf_1)
     1    0.006656    0.030188    0.073505    0.416398 v output6/X (sg13g2_buf_1)
                                                         BN[1] (net)
                      0.030188    0.000016    0.416414 v BN[1] (out)
                                              0.416414   data arrival time

                                  0.000000    0.000000   clock clk (rise edge)
                                  0.000000    0.000000   clock network delay (propagated)
                                  0.250000    0.250000   clock uncertainty
                                  0.000000    0.250000   clock reconvergence pessimism
                                 -2.000000   -1.750000   output external delay
                                             -1.750000   data required time
---------------------------------------------------------------------------------------------
                                             -1.750000   data required time
                                             -0.416414   data arrival time
---------------------------------------------------------------------------------------------
                                              2.166414   slack (MET)


Startpoint: B[10]$_SDFFE_PP1P_ (rising edge-triggered flip-flop clocked by clk)
Endpoint: B[10] (output port clocked by clk)
Path Group: clk
Path Type: min

Fanout         Cap        Slew       Delay        Time   Description
---------------------------------------------------------------------------------------------
                                  0.000000    0.000000   clock clk (rise edge)
                                  0.000000    0.000000   clock source latency
     1    0.014354    0.030345    0.011855    0.011855 ^ clk (in)
                                                         clk (net)
                      0.030346    0.000000    0.011855 ^ clkbuf_0_clk/A (sg13g2_buf_8)
     4    0.045105    0.034859    0.078783    0.090638 ^ clkbuf_0_clk/X (sg13g2_buf_8)
                                                         clknet_0_clk (net)
                      0.034859    0.000195    0.090834 ^ clkbuf_2_2__f_clk/A (sg13g2_buf_8)
     8    0.029379    0.028000    0.074867    0.165701 ^ clkbuf_2_2__f_clk/X (sg13g2_buf_8)
                                                         clknet_2_2__leaf_clk (net)
                      0.028000    0.000061    0.165762 ^ B[10]$_SDFFE_PP1P_/CLK (sg13g2_dfrbpq_1)
     3    0.007896    0.033180    0.175698    0.341460 v B[10]$_SDFFE_PP1P_/Q (sg13g2_dfrbpq_1)
                                                         net32 (net)
                      0.033180    0.000005    0.341465 v output16/A (sg13g2_buf_1)
     1    0.008073    0.034233    0.076315    0.417780 v output16/X (sg13g2_buf_1)
                                                         B[10] (net)
                      0.034233    0.000052    0.417831 v B[10] (out)
                                              0.417831   data arrival time

                                  0.000000    0.000000   clock clk (rise edge)
                                  0.000000    0.000000   clock network delay (propagated)
                                  0.250000    0.250000   clock uncertainty
                                  0.000000    0.250000   clock reconvergence pessimism
                                 -2.000000   -1.750000   output external delay
                                             -1.750000   data required time
---------------------------------------------------------------------------------------------
                                             -1.750000   data required time
                                             -0.417831   data arrival time
---------------------------------------------------------------------------------------------
                                              2.167831   slack (MET)


Startpoint: BN[6]$_SDFFE_PP1P_ (rising edge-triggered flip-flop clocked by clk)
Endpoint: BN[6] (output port clocked by clk)
Path Group: clk
Path Type: min

Fanout         Cap        Slew       Delay        Time   Description
---------------------------------------------------------------------------------------------
                                  0.000000    0.000000   clock clk (rise edge)
                                  0.000000    0.000000   clock source latency
     1    0.014354    0.030345    0.011855    0.011855 ^ clk (in)
                                                         clk (net)
                      0.030346    0.000000    0.011855 ^ clkbuf_0_clk/A (sg13g2_buf_8)
     4    0.045105    0.034859    0.078783    0.090638 ^ clkbuf_0_clk/X (sg13g2_buf_8)
                                                         clknet_0_clk (net)
                      0.034860    0.000222    0.090861 ^ clkbuf_2_3__f_clk/A (sg13g2_buf_8)
     8    0.028838    0.027761    0.074660    0.165520 ^ clkbuf_2_3__f_clk/X (sg13g2_buf_8)
                                                         clknet_2_3__leaf_clk (net)
                      0.027761    0.000048    0.165569 ^ BN[6]$_SDFFE_PP1P_/CLK (sg13g2_dfrbpq_1)
     3    0.009087    0.036616    0.178491    0.344060 v BN[6]$_SDFFE_PP1P_/Q (sg13g2_dfrbpq_1)
                                                         net27 (net)
                      0.036616    0.000020    0.344080 v output11/A (sg13g2_buf_1)
     1    0.006598    0.030075    0.074141    0.418221 v output11/X (sg13g2_buf_1)
                                                         BN[6] (net)
                      0.030075    0.000014    0.418236 v BN[6] (out)
                                              0.418236   data arrival time

                                  0.000000    0.000000   clock clk (rise edge)
                                  0.000000    0.000000   clock network delay (propagated)
                                  0.250000    0.250000   clock uncertainty
                                  0.000000    0.250000   clock reconvergence pessimism
                                 -2.000000   -1.750000   output external delay
                                             -1.750000   data required time
---------------------------------------------------------------------------------------------
                                             -1.750000   data required time
                                             -0.418236   data arrival time
---------------------------------------------------------------------------------------------
                                              2.168236   slack (MET)


Startpoint: BN[2]$_SDFFE_PP1P_ (rising edge-triggered flip-flop clocked by clk)
Endpoint: BN[2] (output port clocked by clk)
Path Group: clk
Path Type: min

Fanout         Cap        Slew       Delay        Time   Description
---------------------------------------------------------------------------------------------
                                  0.000000    0.000000   clock clk (rise edge)
                                  0.000000    0.000000   clock source latency
     1    0.014354    0.030345    0.011855    0.011855 ^ clk (in)
                                                         clk (net)
                      0.030346    0.000000    0.011855 ^ clkbuf_0_clk/A (sg13g2_buf_8)
     4    0.045105    0.034859    0.078783    0.090638 ^ clkbuf_0_clk/X (sg13g2_buf_8)
                                                         clknet_0_clk (net)
                      0.034860    0.000222    0.090861 ^ clkbuf_2_3__f_clk/A (sg13g2_buf_8)
     8    0.028838    0.027761    0.074660    0.165520 ^ clkbuf_2_3__f_clk/X (sg13g2_buf_8)
                                                         clknet_2_3__leaf_clk (net)
                      0.027761    0.000061    0.165581 ^ BN[2]$_SDFFE_PP1P_/CLK (sg13g2_dfrbpq_1)
     3    0.008440    0.034742    0.176911    0.342493 v BN[2]$_SDFFE_PP1P_/Q (sg13g2_dfrbpq_1)
                                                         net23 (net)
                      0.034742    0.000013    0.342506 v output7/A (sg13g2_buf_1)
     1    0.007848    0.033617    0.076424    0.418930 v output7/X (sg13g2_buf_1)
                                                         BN[2] (net)
                      0.033617    0.000047    0.418977 v BN[2] (out)
                                              0.418977   data arrival time

                                  0.000000    0.000000   clock clk (rise edge)
                                  0.000000    0.000000   clock network delay (propagated)
                                  0.250000    0.250000   clock uncertainty
                                  0.000000    0.250000   clock reconvergence pessimism
                                 -2.000000   -1.750000   output external delay
                                             -1.750000   data required time
---------------------------------------------------------------------------------------------
                                             -1.750000   data required time
                                             -0.418977   data arrival time
---------------------------------------------------------------------------------------------
                                              2.168977   slack (MET)


Startpoint: B[6]$_SDFFE_PP1P_ (rising edge-triggered flip-flop clocked by clk)
Endpoint: B[6] (output port clocked by clk)
Path Group: clk
Path Type: min

Fanout         Cap        Slew       Delay        Time   Description
---------------------------------------------------------------------------------------------
                                  0.000000    0.000000   clock clk (rise edge)
                                  0.000000    0.000000   clock source latency
     1    0.014354    0.030345    0.011855    0.011855 ^ clk (in)
                                                         clk (net)
                      0.030346    0.000000    0.011855 ^ clkbuf_0_clk/A (sg13g2_buf_8)
     4    0.045105    0.034859    0.078783    0.090638 ^ clkbuf_0_clk/X (sg13g2_buf_8)
                                                         clknet_0_clk (net)
                      0.034860    0.000222    0.090861 ^ clkbuf_2_3__f_clk/A (sg13g2_buf_8)
     8    0.028838    0.027761    0.074660    0.165520 ^ clkbuf_2_3__f_clk/X (sg13g2_buf_8)
                                                         clknet_2_3__leaf_clk (net)
                      0.027761    0.000058    0.165578 ^ B[6]$_SDFFE_PP1P_/CLK (sg13g2_dfrbpq_1)
     3    0.008246    0.035284    0.176445    0.342024 v B[6]$_SDFFE_PP1P_/Q (sg13g2_dfrbpq_1)
                                                         net39 (net)
                      0.035284    0.000015    0.342038 v output23/A (sg13g2_buf_1)
     1    0.007987    0.034034    0.076998    0.419036 v output23/X (sg13g2_buf_1)
                                                         B[6] (net)
                      0.034034    0.000049    0.419086 v B[6] (out)
                                              0.419086   data arrival time

                                  0.000000    0.000000   clock clk (rise edge)
                                  0.000000    0.000000   clock network delay (propagated)
                                  0.250000    0.250000   clock uncertainty
                                  0.000000    0.250000   clock reconvergence pessimism
                                 -2.000000   -1.750000   output external delay
                                             -1.750000   data required time
---------------------------------------------------------------------------------------------
                                             -1.750000   data required time
                                             -0.419086   data arrival time
---------------------------------------------------------------------------------------------
                                              2.169086   slack (MET)


Startpoint: B[5]$_SDFFE_PP1P_ (rising edge-triggered flip-flop clocked by clk)
Endpoint: B[5] (output port clocked by clk)
Path Group: clk
Path Type: min

Fanout         Cap        Slew       Delay        Time   Description
---------------------------------------------------------------------------------------------
                                  0.000000    0.000000   clock clk (rise edge)
                                  0.000000    0.000000   clock source latency
     1    0.014354    0.030345    0.011855    0.011855 ^ clk (in)
                                                         clk (net)
                      0.030346    0.000000    0.011855 ^ clkbuf_0_clk/A (sg13g2_buf_8)
     4    0.045105    0.034859    0.078783    0.090638 ^ clkbuf_0_clk/X (sg13g2_buf_8)
                                                         clknet_0_clk (net)
                      0.034859    0.000195    0.090834 ^ clkbuf_2_2__f_clk/A (sg13g2_buf_8)
     8    0.029379    0.028000    0.074867    0.165701 ^ clkbuf_2_2__f_clk/X (sg13g2_buf_8)
                                                         clknet_2_2__leaf_clk (net)
                      0.028000    0.000030    0.165731 ^ B[5]$_SDFFE_PP1P_/CLK (sg13g2_dfrbpq_1)
     3    0.008453    0.034779    0.177057    0.342788 v B[5]$_SDFFE_PP1P_/Q (sg13g2_dfrbpq_1)
                                                         net38 (net)
                      0.034779    0.000020    0.342808 v output22/A (sg13g2_buf_1)
     1    0.007949    0.033911    0.076690    0.419498 v output22/X (sg13g2_buf_1)
                                                         B[5] (net)
                      0.033911    0.000048    0.419546 v B[5] (out)
                                              0.419546   data arrival time

                                  0.000000    0.000000   clock clk (rise edge)
                                  0.000000    0.000000   clock network delay (propagated)
                                  0.250000    0.250000   clock uncertainty
                                  0.000000    0.250000   clock reconvergence pessimism
                                 -2.000000   -1.750000   output external delay
                                             -1.750000   data required time
---------------------------------------------------------------------------------------------
                                             -1.750000   data required time
                                             -0.419546   data arrival time
---------------------------------------------------------------------------------------------
                                              2.169546   slack (MET)


Startpoint: BN[5]$_SDFFE_PP1P_ (rising edge-triggered flip-flop clocked by clk)
Endpoint: BN[5] (output port clocked by clk)
Path Group: clk
Path Type: min

Fanout         Cap        Slew       Delay        Time   Description
---------------------------------------------------------------------------------------------
                                  0.000000    0.000000   clock clk (rise edge)
                                  0.000000    0.000000   clock source latency
     1    0.014354    0.030345    0.011855    0.011855 ^ clk (in)
                                                         clk (net)
                      0.030346    0.000000    0.011855 ^ clkbuf_0_clk/A (sg13g2_buf_8)
     4    0.045105    0.034859    0.078783    0.090638 ^ clkbuf_0_clk/X (sg13g2_buf_8)
                                                         clknet_0_clk (net)
                      0.034859    0.000195    0.090834 ^ clkbuf_2_2__f_clk/A (sg13g2_buf_8)
     8    0.029379    0.028000    0.074867    0.165701 ^ clkbuf_2_2__f_clk/X (sg13g2_buf_8)
                                                         clknet_2_2__leaf_clk (net)
                      0.028000    0.000043    0.165744 ^ BN[5]$_SDFFE_PP1P_/CLK (sg13g2_dfrbpq_1)
     3    0.008371    0.034542    0.176857    0.342601 v BN[5]$_SDFFE_PP1P_/Q (sg13g2_dfrbpq_1)
                                                         net26 (net)
                      0.034542    0.000018    0.342620 v output10/A (sg13g2_buf_1)
     1    0.008117    0.034394    0.077002    0.419622 v output10/X (sg13g2_buf_1)
                                                         BN[5] (net)
                      0.034394    0.000053    0.419675 v BN[5] (out)
                                              0.419675   data arrival time

                                  0.000000    0.000000   clock clk (rise edge)
                                  0.000000    0.000000   clock network delay (propagated)
                                  0.250000    0.250000   clock uncertainty
                                  0.000000    0.250000   clock reconvergence pessimism
                                 -2.000000   -1.750000   output external delay
                                             -1.750000   data required time
---------------------------------------------------------------------------------------------
                                             -1.750000   data required time
                                             -0.419675   data arrival time
---------------------------------------------------------------------------------------------
                                              2.169675   slack (MET)


Startpoint: BN[4]$_SDFFE_PP1P_ (rising edge-triggered flip-flop clocked by clk)
Endpoint: BN[4] (output port clocked by clk)
Path Group: clk
Path Type: min

Fanout         Cap        Slew       Delay        Time   Description
---------------------------------------------------------------------------------------------
                                  0.000000    0.000000   clock clk (rise edge)
                                  0.000000    0.000000   clock source latency
     1    0.014354    0.030345    0.011855    0.011855 ^ clk (in)
                                                         clk (net)
                      0.030346    0.000000    0.011855 ^ clkbuf_0_clk/A (sg13g2_buf_8)
     4    0.045105    0.034859    0.078783    0.090638 ^ clkbuf_0_clk/X (sg13g2_buf_8)
                                                         clknet_0_clk (net)
                      0.034859    0.000147    0.090786 ^ clkbuf_2_0__f_clk/A (sg13g2_buf_8)
     8    0.028898    0.027788    0.074683    0.165468 ^ clkbuf_2_0__f_clk/X (sg13g2_buf_8)
                                                         clknet_2_0__leaf_clk (net)
                      0.027788    0.000065    0.165534 ^ BN[4]$_SDFFE_PP1P_/CLK (sg13g2_dfrbpq_1)
     3    0.008727    0.035570    0.177626    0.343160 v BN[4]$_SDFFE_PP1P_/Q (sg13g2_dfrbpq_1)
                                                         net25 (net)
                      0.035570    0.000005    0.343165 v output9/A (sg13g2_buf_1)
     1    0.007732    0.033302    0.076491    0.419656 v output9/X (sg13g2_buf_1)
                                                         BN[4] (net)
                      0.033302    0.000043    0.419699 v BN[4] (out)
                                              0.419699   data arrival time

                                  0.000000    0.000000   clock clk (rise edge)
                                  0.000000    0.000000   clock network delay (propagated)
                                  0.250000    0.250000   clock uncertainty
                                  0.000000    0.250000   clock reconvergence pessimism
                                 -2.000000   -1.750000   output external delay
                                             -1.750000   data required time
---------------------------------------------------------------------------------------------
                                             -1.750000   data required time
                                             -0.419699   data arrival time
---------------------------------------------------------------------------------------------
                                              2.169699   slack (MET)


Startpoint: B[9]$_SDFFE_PP1P_ (rising edge-triggered flip-flop clocked by clk)
Endpoint: B[9] (output port clocked by clk)
Path Group: clk
Path Type: min

Fanout         Cap        Slew       Delay        Time   Description
---------------------------------------------------------------------------------------------
                                  0.000000    0.000000   clock clk (rise edge)
                                  0.000000    0.000000   clock source latency
     1    0.014354    0.030345    0.011855    0.011855 ^ clk (in)
                                                         clk (net)
                      0.030346    0.000000    0.011855 ^ clkbuf_0_clk/A (sg13g2_buf_8)
     4    0.045105    0.034859    0.078783    0.090638 ^ clkbuf_0_clk/X (sg13g2_buf_8)
                                                         clknet_0_clk (net)
                      0.034859    0.000195    0.090834 ^ clkbuf_2_2__f_clk/A (sg13g2_buf_8)
     8    0.029379    0.028000    0.074867    0.165701 ^ clkbuf_2_2__f_clk/X (sg13g2_buf_8)
                                                         clknet_2_2__leaf_clk (net)
                      0.028000    0.000109    0.165810 ^ B[9]$_SDFFE_PP1P_/CLK (sg13g2_dfrbpq_1)
     3    0.009458    0.037690    0.179517    0.345327 v B[9]$_SDFFE_PP1P_/Q (sg13g2_dfrbpq_1)
                                                         net42 (net)
                      0.037690    0.000005    0.345332 v output26/A (sg13g2_buf_1)
     1    0.006656    0.030268    0.074739    0.420071 v output26/X (sg13g2_buf_1)
                                                         B[9] (net)
                      0.030268    0.000016    0.420087 v B[9] (out)
                                              0.420087   data arrival time

                                  0.000000    0.000000   clock clk (rise edge)
                                  0.000000    0.000000   clock network delay (propagated)
                                  0.250000    0.250000   clock uncertainty
                                  0.000000    0.250000   clock reconvergence pessimism
                                 -2.000000   -1.750000   output external delay
                                             -1.750000   data required time
---------------------------------------------------------------------------------------------
                                             -1.750000   data required time
                                             -0.420087   data arrival time
---------------------------------------------------------------------------------------------
                                              2.170087   slack (MET)


Startpoint: B[1]$_SDFFE_PP1P_ (rising edge-triggered flip-flop clocked by clk)
Endpoint: B[1] (output port clocked by clk)
Path Group: clk
Path Type: min

Fanout         Cap        Slew       Delay        Time   Description
---------------------------------------------------------------------------------------------
                                  0.000000    0.000000   clock clk (rise edge)
                                  0.000000    0.000000   clock source latency
     1    0.014354    0.030345    0.011855    0.011855 ^ clk (in)
                                                         clk (net)
                      0.030346    0.000000    0.011855 ^ clkbuf_0_clk/A (sg13g2_buf_8)
     4    0.045105    0.034859    0.078783    0.090638 ^ clkbuf_0_clk/X (sg13g2_buf_8)
                                                         clknet_0_clk (net)
                      0.034859    0.000147    0.090786 ^ clkbuf_2_0__f_clk/A (sg13g2_buf_8)
     8    0.028898    0.027788    0.074683    0.165468 ^ clkbuf_2_0__f_clk/X (sg13g2_buf_8)
                                                         clknet_2_0__leaf_clk (net)
                      0.027788    0.000074    0.165542 ^ B[1]$_SDFFE_PP1P_/CLK (sg13g2_dfrbpq_1)
     3    0.009244    0.037069    0.178888    0.344430 v B[1]$_SDFFE_PP1P_/Q (sg13g2_dfrbpq_1)
                                                         net34 (net)
                      0.037069    0.000005    0.344435 v output18/A (sg13g2_buf_1)
     1    0.007235    0.031908    0.075905    0.420340 v output18/X (sg13g2_buf_1)
                                                         B[1] (net)
                      0.031908    0.000030    0.420370 v B[1] (out)
                                              0.420370   data arrival time

                                  0.000000    0.000000   clock clk (rise edge)
                                  0.000000    0.000000   clock network delay (propagated)
                                  0.250000    0.250000   clock uncertainty
                                  0.000000    0.250000   clock reconvergence pessimism
                                 -2.000000   -1.750000   output external delay
                                             -1.750000   data required time
---------------------------------------------------------------------------------------------
                                             -1.750000   data required time
                                             -0.420370   data arrival time
---------------------------------------------------------------------------------------------
                                              2.170370   slack (MET)


Startpoint: BN[3]$_SDFFE_PP1P_ (rising edge-triggered flip-flop clocked by clk)
Endpoint: BN[3] (output port clocked by clk)
Path Group: clk
Path Type: min

Fanout         Cap        Slew       Delay        Time   Description
---------------------------------------------------------------------------------------------
                                  0.000000    0.000000   clock clk (rise edge)
                                  0.000000    0.000000   clock source latency
     1    0.014354    0.030345    0.011855    0.011855 ^ clk (in)
                                                         clk (net)
                      0.030346    0.000000    0.011855 ^ clkbuf_0_clk/A (sg13g2_buf_8)
     4    0.045105    0.034859    0.078783    0.090638 ^ clkbuf_0_clk/X (sg13g2_buf_8)
                                                         clknet_0_clk (net)
                      0.034859    0.000161    0.090799 ^ clkbuf_2_1__f_clk/A (sg13g2_buf_8)
     7    0.026048    0.026520    0.073566    0.164366 ^ clkbuf_2_1__f_clk/X (sg13g2_buf_8)
                                                         clknet_2_1__leaf_clk (net)
                      0.026520    0.000038    0.164404 ^ BN[3]$_SDFFE_PP1P_/CLK (sg13g2_dfrbpq_1)
     3    0.009412    0.037555    0.178691    0.343095 v BN[3]$_SDFFE_PP1P_/Q (sg13g2_dfrbpq_1)
                                                         net24 (net)
                      0.037555    0.000017    0.343112 v output8/A (sg13g2_buf_1)
     1    0.007840    0.033666    0.077604    0.420715 v output8/X (sg13g2_buf_1)
                                                         BN[3] (net)
                      0.033666    0.000046    0.420761 v BN[3] (out)
                                              0.420761   data arrival time

                                  0.000000    0.000000   clock clk (rise edge)
                                  0.000000    0.000000   clock network delay (propagated)
                                  0.250000    0.250000   clock uncertainty
                                  0.000000    0.250000   clock reconvergence pessimism
                                 -2.000000   -1.750000   output external delay
                                             -1.750000   data required time
---------------------------------------------------------------------------------------------
                                             -1.750000   data required time
                                             -0.420761   data arrival time
---------------------------------------------------------------------------------------------
                                              2.170761   slack (MET)


Startpoint: BN[7]$_SDFFE_PP1P_ (rising edge-triggered flip-flop clocked by clk)
Endpoint: BN[7] (output port clocked by clk)
Path Group: clk
Path Type: min

Fanout         Cap        Slew       Delay        Time   Description
---------------------------------------------------------------------------------------------
                                  0.000000    0.000000   clock clk (rise edge)
                                  0.000000    0.000000   clock source latency
     1    0.014354    0.030345    0.011855    0.011855 ^ clk (in)
                                                         clk (net)
                      0.030346    0.000000    0.011855 ^ clkbuf_0_clk/A (sg13g2_buf_8)
     4    0.045105    0.034859    0.078783    0.090638 ^ clkbuf_0_clk/X (sg13g2_buf_8)
                                                         clknet_0_clk (net)
                      0.034860    0.000222    0.090861 ^ clkbuf_2_3__f_clk/A (sg13g2_buf_8)
     8    0.028838    0.027761    0.074660    0.165520 ^ clkbuf_2_3__f_clk/X (sg13g2_buf_8)
                                                         clknet_2_3__leaf_clk (net)
                      0.027761    0.000082    0.165603 ^ BN[7]$_SDFFE_PP1P_/CLK (sg13g2_dfrbpq_1)
     3    0.008903    0.036082    0.178042    0.343645 v BN[7]$_SDFFE_PP1P_/Q (sg13g2_dfrbpq_1)
                                                         net28 (net)
                      0.036082    0.000029    0.343674 v output12/A (sg13g2_buf_1)
     1    0.007943    0.033929    0.077231    0.420905 v output12/X (sg13g2_buf_1)
                                                         BN[7] (net)
                      0.033929    0.000049    0.420954 v BN[7] (out)
                                              0.420954   data arrival time

                                  0.000000    0.000000   clock clk (rise edge)
                                  0.000000    0.000000   clock network delay (propagated)
                                  0.250000    0.250000   clock uncertainty
                                  0.000000    0.250000   clock reconvergence pessimism
                                 -2.000000   -1.750000   output external delay
                                             -1.750000   data required time
---------------------------------------------------------------------------------------------
                                             -1.750000   data required time
                                             -0.420954   data arrival time
---------------------------------------------------------------------------------------------
                                              2.170954   slack (MET)


Startpoint: B[3]$_SDFFE_PP1P_ (rising edge-triggered flip-flop clocked by clk)
Endpoint: B[3] (output port clocked by clk)
Path Group: clk
Path Type: min

Fanout         Cap        Slew       Delay        Time   Description
---------------------------------------------------------------------------------------------
                                  0.000000    0.000000   clock clk (rise edge)
                                  0.000000    0.000000   clock source latency
     1    0.014354    0.030345    0.011855    0.011855 ^ clk (in)
                                                         clk (net)
                      0.030346    0.000000    0.011855 ^ clkbuf_0_clk/A (sg13g2_buf_8)
     4    0.045105    0.034859    0.078783    0.090638 ^ clkbuf_0_clk/X (sg13g2_buf_8)
                                                         clknet_0_clk (net)
                      0.034859    0.000161    0.090799 ^ clkbuf_2_1__f_clk/A (sg13g2_buf_8)
     7    0.026048    0.026520    0.073566    0.164366 ^ clkbuf_2_1__f_clk/X (sg13g2_buf_8)
                                                         clknet_2_1__leaf_clk (net)
                      0.026520    0.000043    0.164409 ^ B[3]$_SDFFE_PP1P_/CLK (sg13g2_dfrbpq_1)
     3    0.009542    0.037936    0.179003    0.343412 v B[3]$_SDFFE_PP1P_/Q (sg13g2_dfrbpq_1)
                                                         net36 (net)
                      0.037936    0.000039    0.343450 v output20/A (sg13g2_buf_1)
     1    0.007765    0.033459    0.077581    0.421031 v output20/X (sg13g2_buf_1)
                                                         B[3] (net)
                      0.033459    0.000044    0.421076 v B[3] (out)
                                              0.421076   data arrival time

                                  0.000000    0.000000   clock clk (rise edge)
                                  0.000000    0.000000   clock network delay (propagated)
                                  0.250000    0.250000   clock uncertainty
                                  0.000000    0.250000   clock reconvergence pessimism
                                 -2.000000   -1.750000   output external delay
                                             -1.750000   data required time
---------------------------------------------------------------------------------------------
                                             -1.750000   data required time
                                             -0.421076   data arrival time
---------------------------------------------------------------------------------------------
                                              2.171076   slack (MET)


Startpoint: BN[9]$_SDFFE_PP1P_ (rising edge-triggered flip-flop clocked by clk)
Endpoint: BN[9] (output port clocked by clk)
Path Group: clk
Path Type: min

Fanout         Cap        Slew       Delay        Time   Description
---------------------------------------------------------------------------------------------
                                  0.000000    0.000000   clock clk (rise edge)
                                  0.000000    0.000000   clock source latency
     1    0.014354    0.030345    0.011855    0.011855 ^ clk (in)
                                                         clk (net)
                      0.030346    0.000000    0.011855 ^ clkbuf_0_clk/A (sg13g2_buf_8)
     4    0.045105    0.034859    0.078783    0.090638 ^ clkbuf_0_clk/X (sg13g2_buf_8)
                                                         clknet_0_clk (net)
                      0.034859    0.000195    0.090834 ^ clkbuf_2_2__f_clk/A (sg13g2_buf_8)
     8    0.029379    0.028000    0.074867    0.165701 ^ clkbuf_2_2__f_clk/X (sg13g2_buf_8)
                                                         clknet_2_2__leaf_clk (net)
                      0.028000    0.000101    0.165802 ^ BN[9]$_SDFFE_PP1P_/CLK (sg13g2_dfrbpq_1)
     3    0.009681    0.038341    0.180062    0.345864 v BN[9]$_SDFFE_PP1P_/Q (sg13g2_dfrbpq_1)
                                                         net30 (net)
                      0.038341    0.000005    0.345869 v output14/A (sg13g2_buf_1)
     1    0.006738    0.030521    0.075220    0.421090 v output14/X (sg13g2_buf_1)
                                                         BN[9] (net)
                      0.030521    0.000018    0.421107 v BN[9] (out)
                                              0.421107   data arrival time

                                  0.000000    0.000000   clock clk (rise edge)
                                  0.000000    0.000000   clock network delay (propagated)
                                  0.250000    0.250000   clock uncertainty
                                  0.000000    0.250000   clock reconvergence pessimism
                                 -2.000000   -1.750000   output external delay
                                             -1.750000   data required time
---------------------------------------------------------------------------------------------
                                             -1.750000   data required time
                                             -0.421107   data arrival time
---------------------------------------------------------------------------------------------
                                              2.171107   slack (MET)


Startpoint: B[0]$_SDFFE_PP1P_ (rising edge-triggered flip-flop clocked by clk)
Endpoint: B[0] (output port clocked by clk)
Path Group: clk
Path Type: min

Fanout         Cap        Slew       Delay        Time   Description
---------------------------------------------------------------------------------------------
                                  0.000000    0.000000   clock clk (rise edge)
                                  0.000000    0.000000   clock source latency
     1    0.014354    0.030345    0.011855    0.011855 ^ clk (in)
                                                         clk (net)
                      0.030346    0.000000    0.011855 ^ clkbuf_0_clk/A (sg13g2_buf_8)
     4    0.045105    0.034859    0.078783    0.090638 ^ clkbuf_0_clk/X (sg13g2_buf_8)
                                                         clknet_0_clk (net)
                      0.034859    0.000147    0.090786 ^ clkbuf_2_0__f_clk/A (sg13g2_buf_8)
     8    0.028898    0.027788    0.074683    0.165468 ^ clkbuf_2_0__f_clk/X (sg13g2_buf_8)
                                                         clknet_2_0__leaf_clk (net)
                      0.027788    0.000057    0.165525 ^ B[0]$_SDFFE_PP1P_/CLK (sg13g2_dfrbpq_1)
     3    0.009094    0.036632    0.178524    0.344049 v B[0]$_SDFFE_PP1P_/Q (sg13g2_dfrbpq_1)
                                                         net31 (net)
                      0.036632    0.000016    0.344065 v output15/A (sg13g2_buf_1)
     1    0.008078    0.034334    0.077798    0.421863 v output15/X (sg13g2_buf_1)
                                                         B[0] (net)
                      0.034334    0.000053    0.421915 v B[0] (out)
                                              0.421915   data arrival time

                                  0.000000    0.000000   clock clk (rise edge)
                                  0.000000    0.000000   clock network delay (propagated)
                                  0.250000    0.250000   clock uncertainty
                                  0.000000    0.250000   clock reconvergence pessimism
                                 -2.000000   -1.750000   output external delay
                                             -1.750000   data required time
---------------------------------------------------------------------------------------------
                                             -1.750000   data required time
                                             -0.421915   data arrival time
---------------------------------------------------------------------------------------------
                                              2.171915   slack (MET)


Startpoint: B[4]$_SDFFE_PP1P_ (rising edge-triggered flip-flop clocked by clk)
Endpoint: B[4] (output port clocked by clk)
Path Group: clk
Path Type: min

Fanout         Cap        Slew       Delay        Time   Description
---------------------------------------------------------------------------------------------
                                  0.000000    0.000000   clock clk (rise edge)
                                  0.000000    0.000000   clock source latency
     1    0.014354    0.030345    0.011855    0.011855 ^ clk (in)
                                                         clk (net)
                      0.030346    0.000000    0.011855 ^ clkbuf_0_clk/A (sg13g2_buf_8)
     4    0.045105    0.034859    0.078783    0.090638 ^ clkbuf_0_clk/X (sg13g2_buf_8)
                                                         clknet_0_clk (net)
                      0.034859    0.000147    0.090786 ^ clkbuf_2_0__f_clk/A (sg13g2_buf_8)
     8    0.028898    0.027788    0.074683    0.165468 ^ clkbuf_2_0__f_clk/X (sg13g2_buf_8)
                                                         clknet_2_0__leaf_clk (net)
                      0.027788    0.000055    0.165524 ^ B[4]$_SDFFE_PP1P_/CLK (sg13g2_dfrbpq_1)
     3    0.009295    0.037217    0.179017    0.344540 v B[4]$_SDFFE_PP1P_/Q (sg13g2_dfrbpq_1)
                                                         net37 (net)
                      0.037217    0.000005    0.344545 v output21/A (sg13g2_buf_1)
     1    0.007920    0.033890    0.077657    0.422203 v output21/X (sg13g2_buf_1)
                                                         B[4] (net)
                      0.033890    0.000048    0.422251 v B[4] (out)
                                              0.422251   data arrival time

                                  0.000000    0.000000   clock clk (rise edge)
                                  0.000000    0.000000   clock network delay (propagated)
                                  0.250000    0.250000   clock uncertainty
                                  0.000000    0.250000   clock reconvergence pessimism
                                 -2.000000   -1.750000   output external delay
                                             -1.750000   data required time
---------------------------------------------------------------------------------------------
                                             -1.750000   data required time
                                             -0.422251   data arrival time
---------------------------------------------------------------------------------------------
                                              2.172251   slack (MET)


Startpoint: BN[8]$_SDFFE_PP1P_ (rising edge-triggered flip-flop clocked by clk)
Endpoint: BN[8] (output port clocked by clk)
Path Group: clk
Path Type: min

Fanout         Cap        Slew       Delay        Time   Description
---------------------------------------------------------------------------------------------
                                  0.000000    0.000000   clock clk (rise edge)
                                  0.000000    0.000000   clock source latency
     1    0.014354    0.030345    0.011855    0.011855 ^ clk (in)
                                                         clk (net)
                      0.030346    0.000000    0.011855 ^ clkbuf_0_clk/A (sg13g2_buf_8)
     4    0.045105    0.034859    0.078783    0.090638 ^ clkbuf_0_clk/X (sg13g2_buf_8)
                                                         clknet_0_clk (net)
                      0.034859    0.000147    0.090786 ^ clkbuf_2_0__f_clk/A (sg13g2_buf_8)
     8    0.028898    0.027788    0.074683    0.165468 ^ clkbuf_2_0__f_clk/X (sg13g2_buf_8)
                                                         clknet_2_0__leaf_clk (net)
                      0.027788    0.000057    0.165525 ^ BN[8]$_SDFFE_PP1P_/CLK (sg13g2_dfrbpq_1)
     3    0.009419    0.037575    0.179321    0.344846 v BN[8]$_SDFFE_PP1P_/Q (sg13g2_dfrbpq_1)
                                                         net29 (net)
                      0.037575    0.000007    0.344853 v output13/A (sg13g2_buf_1)
     1    0.008063    0.034314    0.078162    0.423015 v output13/X (sg13g2_buf_1)
                                                         BN[8] (net)
                      0.034314    0.000052    0.423067 v BN[8] (out)
                                              0.423067   data arrival time

                                  0.000000    0.000000   clock clk (rise edge)
                                  0.000000    0.000000   clock network delay (propagated)
                                  0.250000    0.250000   clock uncertainty
                                  0.000000    0.250000   clock reconvergence pessimism
                                 -2.000000   -1.750000   output external delay
                                             -1.750000   data required time
---------------------------------------------------------------------------------------------
                                             -1.750000   data required time
                                             -0.423067   data arrival time
---------------------------------------------------------------------------------------------
                                              2.173067   slack (MET)


Startpoint: BN[0]$_SDFFE_PP1P_ (rising edge-triggered flip-flop clocked by clk)
Endpoint: BN[0] (output port clocked by clk)
Path Group: clk
Path Type: min

Fanout         Cap        Slew       Delay        Time   Description
---------------------------------------------------------------------------------------------
                                  0.000000    0.000000   clock clk (rise edge)
                                  0.000000    0.000000   clock source latency
     1    0.014354    0.030345    0.011855    0.011855 ^ clk (in)
                                                         clk (net)
                      0.030346    0.000000    0.011855 ^ clkbuf_0_clk/A (sg13g2_buf_8)
     4    0.045105    0.034859    0.078783    0.090638 ^ clkbuf_0_clk/X (sg13g2_buf_8)
                                                         clknet_0_clk (net)
                      0.034859    0.000147    0.090786 ^ clkbuf_2_0__f_clk/A (sg13g2_buf_8)
     8    0.028898    0.027788    0.074683    0.165468 ^ clkbuf_2_0__f_clk/X (sg13g2_buf_8)
                                                         clknet_2_0__leaf_clk (net)
                      0.027788    0.000055    0.165523 ^ BN[0]$_SDFFE_PP1P_/CLK (sg13g2_dfrbpq_1)
     3    0.009931    0.039069    0.180573    0.346096 v BN[0]$_SDFFE_PP1P_/Q (sg13g2_dfrbpq_1)
                                                         net19 (net)
                      0.039069    0.000037    0.346133 v output3/A (sg13g2_buf_1)
     1    0.007506    0.032740    0.077425    0.423559 v output3/X (sg13g2_buf_1)
                                                         BN[0] (net)
                      0.032740    0.000037    0.423596 v BN[0] (out)
                                              0.423596   data arrival time

                                  0.000000    0.000000   clock clk (rise edge)
                                  0.000000    0.000000   clock network delay (propagated)
                                  0.250000    0.250000   clock uncertainty
                                  0.000000    0.250000   clock reconvergence pessimism
                                 -2.000000   -1.750000   output external delay
                                             -1.750000   data required time
---------------------------------------------------------------------------------------------
                                             -1.750000   data required time
                                             -0.423596   data arrival time
---------------------------------------------------------------------------------------------
                                              2.173596   slack (MET)


Startpoint: B[8]$_SDFFE_PP1P_ (rising edge-triggered flip-flop clocked by clk)
Endpoint: B[8] (output port clocked by clk)
Path Group: clk
Path Type: min

Fanout         Cap        Slew       Delay        Time   Description
---------------------------------------------------------------------------------------------
                                  0.000000    0.000000   clock clk (rise edge)
                                  0.000000    0.000000   clock source latency
     1    0.014354    0.030345    0.011855    0.011855 ^ clk (in)
                                                         clk (net)
                      0.030346    0.000000    0.011855 ^ clkbuf_0_clk/A (sg13g2_buf_8)
     4    0.045105    0.034859    0.078783    0.090638 ^ clkbuf_0_clk/X (sg13g2_buf_8)
                                                         clknet_0_clk (net)
                      0.034859    0.000147    0.090786 ^ clkbuf_2_0__f_clk/A (sg13g2_buf_8)
     8    0.028898    0.027788    0.074683    0.165468 ^ clkbuf_2_0__f_clk/X (sg13g2_buf_8)
                                                         clknet_2_0__leaf_clk (net)
                      0.027788    0.000053    0.165521 ^ B[8]$_SDFFE_PP1P_/CLK (sg13g2_dfrbpq_1)
     3    0.009515    0.037853    0.179556    0.345077 v B[8]$_SDFFE_PP1P_/Q (sg13g2_dfrbpq_1)
                                                         net41 (net)
                      0.037853    0.000020    0.345098 v output25/A (sg13g2_buf_1)
     1    0.008153    0.034584    0.078504    0.423601 v output25/X (sg13g2_buf_1)
                                                         B[8] (net)
                      0.034584    0.000055    0.423657 v B[8] (out)
                                              0.423657   data arrival time

                                  0.000000    0.000000   clock clk (rise edge)
                                  0.000000    0.000000   clock network delay (propagated)
                                  0.250000    0.250000   clock uncertainty
                                  0.000000    0.250000   clock reconvergence pessimism
                                 -2.000000   -1.750000   output external delay
                                             -1.750000   data required time
---------------------------------------------------------------------------------------------
                                             -1.750000   data required time
                                             -0.423657   data arrival time
---------------------------------------------------------------------------------------------
                                              2.173657   slack (MET)


Startpoint: BN[11]$_SDFFE_PP1P_ (rising edge-triggered flip-flop clocked by clk)
Endpoint: sign (output port clocked by clk)
Path Group: clk
Path Type: min

Fanout         Cap        Slew       Delay        Time   Description
---------------------------------------------------------------------------------------------
                                  0.000000    0.000000   clock clk (rise edge)
                                  0.000000    0.000000   clock source latency
     1    0.014354    0.030345    0.011855    0.011855 ^ clk (in)
                                                         clk (net)
                      0.030346    0.000000    0.011855 ^ clkbuf_0_clk/A (sg13g2_buf_8)
     4    0.045105    0.034859    0.078783    0.090638 ^ clkbuf_0_clk/X (sg13g2_buf_8)
                                                         clknet_0_clk (net)
                      0.034859    0.000161    0.090799 ^ clkbuf_2_1__f_clk/A (sg13g2_buf_8)
     7    0.026048    0.026520    0.073566    0.164366 ^ clkbuf_2_1__f_clk/X (sg13g2_buf_8)
                                                         clknet_2_1__leaf_clk (net)
                      0.026520    0.000020    0.164386 ^ BN[11]$_SDFFE_PP1P_/CLK (sg13g2_dfrbpq_1)
     4    0.009984    0.040262    0.180101    0.344486 v BN[11]$_SDFFE_PP1P_/Q (sg13g2_dfrbpq_1)
                                                         net55 (net)
                      0.040262    0.000015    0.344502 v output39/A (sg13g2_buf_1)
     1    0.008397    0.035352    0.080131    0.424633 v output39/X (sg13g2_buf_1)
                                                         sign (net)
                      0.035352    0.000062    0.424695 v sign (out)
                                              0.424695   data arrival time

                                  0.000000    0.000000   clock clk (rise edge)
                                  0.000000    0.000000   clock network delay (propagated)
                                  0.250000    0.250000   clock uncertainty
                                  0.000000    0.250000   clock reconvergence pessimism
                                 -2.000000   -1.750000   output external delay
                                             -1.750000   data required time
---------------------------------------------------------------------------------------------
                                             -1.750000   data required time
                                             -0.424695   data arrival time
---------------------------------------------------------------------------------------------
                                              2.174695   slack (MET)


Startpoint: BN[10]$_SDFFE_PP1P_ (rising edge-triggered flip-flop clocked by clk)
Endpoint: BN[10] (output port clocked by clk)
Path Group: clk
Path Type: min

Fanout         Cap        Slew       Delay        Time   Description
---------------------------------------------------------------------------------------------
                                  0.000000    0.000000   clock clk (rise edge)
                                  0.000000    0.000000   clock source latency
     1    0.014354    0.030345    0.011855    0.011855 ^ clk (in)
                                                         clk (net)
                      0.030346    0.000000    0.011855 ^ clkbuf_0_clk/A (sg13g2_buf_8)
     4    0.045105    0.034859    0.078783    0.090638 ^ clkbuf_0_clk/X (sg13g2_buf_8)
                                                         clknet_0_clk (net)
                      0.034860    0.000222    0.090861 ^ clkbuf_2_3__f_clk/A (sg13g2_buf_8)
     8    0.028838    0.027761    0.074660    0.165520 ^ clkbuf_2_3__f_clk/X (sg13g2_buf_8)
                                                         clknet_2_3__leaf_clk (net)
                      0.027761    0.000068    0.165588 ^ BN[10]$_SDFFE_PP1P_/CLK (sg13g2_dfrbpq_1)
     3    0.009509    0.037837    0.179526    0.345115 v BN[10]$_SDFFE_PP1P_/Q (sg13g2_dfrbpq_1)
                                                         net20 (net)
                      0.037837    0.000030    0.345145 v output4/A (sg13g2_buf_1)
     1    0.008680    0.036121    0.079795    0.424940 v output4/X (sg13g2_buf_1)
                                                         BN[10] (net)
                      0.036121    0.000071    0.425011 v BN[10] (out)
                                              0.425011   data arrival time

                                  0.000000    0.000000   clock clk (rise edge)
                                  0.000000    0.000000   clock network delay (propagated)
                                  0.250000    0.250000   clock uncertainty
                                  0.000000    0.250000   clock reconvergence pessimism
                                 -2.000000   -1.750000   output external delay
                                             -1.750000   data required time
---------------------------------------------------------------------------------------------
                                             -1.750000   data required time
                                             -0.425011   data arrival time
---------------------------------------------------------------------------------------------
                                              2.175011   slack (MET)


Startpoint: B[7]$_SDFFE_PP1P_ (rising edge-triggered flip-flop clocked by clk)
Endpoint: B[7] (output port clocked by clk)
Path Group: clk
Path Type: min

Fanout         Cap        Slew       Delay        Time   Description
---------------------------------------------------------------------------------------------
                                  0.000000    0.000000   clock clk (rise edge)
                                  0.000000    0.000000   clock source latency
     1    0.014354    0.030345    0.011855    0.011855 ^ clk (in)
                                                         clk (net)
                      0.030346    0.000000    0.011855 ^ clkbuf_0_clk/A (sg13g2_buf_8)
     4    0.045105    0.034859    0.078783    0.090638 ^ clkbuf_0_clk/X (sg13g2_buf_8)
                                                         clknet_0_clk (net)
                      0.034860    0.000222    0.090861 ^ clkbuf_2_3__f_clk/A (sg13g2_buf_8)
     8    0.028838    0.027761    0.074660    0.165520 ^ clkbuf_2_3__f_clk/X (sg13g2_buf_8)
                                                         clknet_2_3__leaf_clk (net)
                      0.027761    0.000074    0.165594 ^ B[7]$_SDFFE_PP1P_/CLK (sg13g2_dfrbpq_1)
     3    0.009809    0.038712    0.180264    0.345858 v B[7]$_SDFFE_PP1P_/Q (sg13g2_dfrbpq_1)
                                                         net40 (net)
                      0.038712    0.000024    0.345883 v output24/A (sg13g2_buf_1)
     1    0.008901    0.036790    0.080713    0.426596 v output24/X (sg13g2_buf_1)
                                                         B[7] (net)
                      0.036790    0.000078    0.426674 v B[7] (out)
                                              0.426674   data arrival time

                                  0.000000    0.000000   clock clk (rise edge)
                                  0.000000    0.000000   clock network delay (propagated)
                                  0.250000    0.250000   clock uncertainty
                                  0.000000    0.250000   clock reconvergence pessimism
                                 -2.000000   -1.750000   output external delay
                                             -1.750000   data required time
---------------------------------------------------------------------------------------------
                                             -1.750000   data required time
                                             -0.426674   data arrival time
---------------------------------------------------------------------------------------------
                                              2.176674   slack (MET)


Startpoint: B[2]$_SDFFE_PP1P_ (rising edge-triggered flip-flop clocked by clk)
Endpoint: B[2] (output port clocked by clk)
Path Group: clk
Path Type: min

Fanout         Cap        Slew       Delay        Time   Description
---------------------------------------------------------------------------------------------
                                  0.000000    0.000000   clock clk (rise edge)
                                  0.000000    0.000000   clock source latency
     1    0.014354    0.030345    0.011855    0.011855 ^ clk (in)
                                                         clk (net)
                      0.030346    0.000000    0.011855 ^ clkbuf_0_clk/A (sg13g2_buf_8)
     4    0.045105    0.034859    0.078783    0.090638 ^ clkbuf_0_clk/X (sg13g2_buf_8)
                                                         clknet_0_clk (net)
                      0.034860    0.000222    0.090861 ^ clkbuf_2_3__f_clk/A (sg13g2_buf_8)
     8    0.028838    0.027761    0.074660    0.165520 ^ clkbuf_2_3__f_clk/X (sg13g2_buf_8)
                                                         clknet_2_3__leaf_clk (net)
                      0.027761    0.000032    0.165553 ^ B[2]$_SDFFE_PP1P_/CLK (sg13g2_dfrbpq_1)
     3    0.010611    0.041060    0.182217    0.347769 v B[2]$_SDFFE_PP1P_/Q (sg13g2_dfrbpq_1)
                                                         net35 (net)
                      0.041060    0.000058    0.347827 v output19/A (sg13g2_buf_1)
     1    0.008585    0.035921    0.080936    0.428763 v output19/X (sg13g2_buf_1)
                                                         B[2] (net)
                      0.035921    0.000068    0.428831 v B[2] (out)
                                              0.428831   data arrival time

                                  0.000000    0.000000   clock clk (rise edge)
                                  0.000000    0.000000   clock network delay (propagated)
                                  0.250000    0.250000   clock uncertainty
                                  0.000000    0.250000   clock reconvergence pessimism
                                 -2.000000   -1.750000   output external delay
                                             -1.750000   data required time
---------------------------------------------------------------------------------------------
                                             -1.750000   data required time
                                             -0.428831   data arrival time
---------------------------------------------------------------------------------------------
                                              2.178831   slack (MET)


Startpoint: BN[11]$_SDFFE_PP1P_ (rising edge-triggered flip-flop clocked by clk)
Endpoint: BN[11] (output port clocked by clk)
Path Group: clk
Path Type: min

Fanout         Cap        Slew       Delay        Time   Description
---------------------------------------------------------------------------------------------
                                  0.000000    0.000000   clock clk (rise edge)
                                  0.000000    0.000000   clock source latency
     1    0.014354    0.030345    0.011855    0.011855 ^ clk (in)
                                                         clk (net)
                      0.030346    0.000000    0.011855 ^ clkbuf_0_clk/A (sg13g2_buf_8)
     4    0.045105    0.034859    0.078783    0.090638 ^ clkbuf_0_clk/X (sg13g2_buf_8)
                                                         clknet_0_clk (net)
                      0.034859    0.000161    0.090799 ^ clkbuf_2_1__f_clk/A (sg13g2_buf_8)
     7    0.026048    0.026520    0.073566    0.164366 ^ clkbuf_2_1__f_clk/X (sg13g2_buf_8)
                                                         clknet_2_1__leaf_clk (net)
                      0.026520    0.000020    0.164386 ^ BN[11]$_SDFFE_PP1P_/CLK (sg13g2_dfrbpq_1)
     4    0.009984    0.040262    0.180101    0.344486 v BN[11]$_SDFFE_PP1P_/Q (sg13g2_dfrbpq_1)
                                                         net55 (net)
                      0.040262    0.000012    0.344499 v _204_/A (sg13g2_buf_1)
     1    0.003027    0.020466    0.066831    0.411330 v _204_/X (sg13g2_buf_1)
                                                         net21 (net)
                      0.020466    0.000008    0.411338 v output5/A (sg13g2_buf_1)
     1    0.008096    0.033981    0.070951    0.482289 v output5/X (sg13g2_buf_1)
                                                         BN[11] (net)
                      0.033981    0.000054    0.482342 v BN[11] (out)
                                              0.482342   data arrival time

                                  0.000000    0.000000   clock clk (rise edge)
                                  0.000000    0.000000   clock network delay (propagated)
                                  0.250000    0.250000   clock uncertainty
                                  0.000000    0.250000   clock reconvergence pessimism
                                 -2.000000   -1.750000   output external delay
                                             -1.750000   data required time
---------------------------------------------------------------------------------------------
                                             -1.750000   data required time
                                             -0.482342   data arrival time
---------------------------------------------------------------------------------------------
                                              2.232342   slack (MET)


Startpoint: BN[11]$_SDFFE_PP1P_ (rising edge-triggered flip-flop clocked by clk)
Endpoint: D[0] (output port clocked by clk)
Path Group: clk
Path Type: min

Fanout         Cap        Slew       Delay        Time   Description
---------------------------------------------------------------------------------------------
                                  0.000000    0.000000   clock clk (rise edge)
                                  0.000000    0.000000   clock source latency
     1    0.014354    0.030345    0.011855    0.011855 ^ clk (in)
                                                         clk (net)
                      0.030346    0.000000    0.011855 ^ clkbuf_0_clk/A (sg13g2_buf_8)
     4    0.045105    0.034859    0.078783    0.090638 ^ clkbuf_0_clk/X (sg13g2_buf_8)
                                                         clknet_0_clk (net)
                      0.034859    0.000161    0.090799 ^ clkbuf_2_1__f_clk/A (sg13g2_buf_8)
     7    0.026048    0.026520    0.073566    0.164366 ^ clkbuf_2_1__f_clk/X (sg13g2_buf_8)
                                                         clknet_2_1__leaf_clk (net)
                      0.026520    0.000020    0.164386 ^ BN[11]$_SDFFE_PP1P_/CLK (sg13g2_dfrbpq_1)
     4    0.010168    0.052345    0.186854    0.351239 ^ BN[11]$_SDFFE_PP1P_/Q (sg13g2_dfrbpq_1)
                                                         net55 (net)
                      0.052345    0.000015    0.351254 ^ _153_/B (sg13g2_or2_1)
     1    0.002918    0.022979    0.072618    0.423872 ^ _153_/X (sg13g2_or2_1)
                                                         net43 (net)
                      0.022979    0.000006    0.423878 ^ output27/A (sg13g2_buf_1)
     1    0.008404    0.042866    0.073240    0.497118 ^ output27/X (sg13g2_buf_1)
                                                         D[0] (net)
                      0.042866    0.000063    0.497181 ^ D[0] (out)
                                              0.497181   data arrival time

                                  0.000000    0.000000   clock clk (rise edge)
                                  0.000000    0.000000   clock network delay (propagated)
                                  0.250000    0.250000   clock uncertainty
                                  0.000000    0.250000   clock reconvergence pessimism
                                 -2.000000   -1.750000   output external delay
                                             -1.750000   data required time
---------------------------------------------------------------------------------------------
                                             -1.750000   data required time
                                             -0.497181   data arrival time
---------------------------------------------------------------------------------------------
                                              2.247181   slack (MET)


Startpoint: B[5]$_SDFFE_PP1P_ (rising edge-triggered flip-flop clocked by clk)
Endpoint: D[6] (output port clocked by clk)
Path Group: clk
Path Type: min

Fanout         Cap        Slew       Delay        Time   Description
---------------------------------------------------------------------------------------------
                                  0.000000    0.000000   clock clk (rise edge)
                                  0.000000    0.000000   clock source latency
     1    0.014354    0.030345    0.011855    0.011855 ^ clk (in)
                                                         clk (net)
                      0.030346    0.000000    0.011855 ^ clkbuf_0_clk/A (sg13g2_buf_8)
     4    0.045105    0.034859    0.078783    0.090638 ^ clkbuf_0_clk/X (sg13g2_buf_8)
                                                         clknet_0_clk (net)
                      0.034859    0.000195    0.090834 ^ clkbuf_2_2__f_clk/A (sg13g2_buf_8)
     8    0.029379    0.028000    0.074867    0.165701 ^ clkbuf_2_2__f_clk/X (sg13g2_buf_8)
                                                         clknet_2_2__leaf_clk (net)
                      0.028000    0.000030    0.165731 ^ B[5]$_SDFFE_PP1P_/CLK (sg13g2_dfrbpq_1)
     3    0.008559    0.044589    0.182871    0.348602 ^ B[5]$_SDFFE_PP1P_/Q (sg13g2_dfrbpq_1)
                                                         net38 (net)
                      0.044589    0.000021    0.348623 ^ _161_/A1 (sg13g2_mux2_1)
     1    0.002708    0.027178    0.090563    0.439186 ^ _161_/X (sg13g2_mux2_1)
                                                         net51 (net)
                      0.027178    0.000004    0.439190 ^ output35/A (sg13g2_buf_1)
     1    0.008030    0.041529    0.073950    0.513139 ^ output35/X (sg13g2_buf_1)
                                                         D[6] (net)
                      0.041529    0.000050    0.513190 ^ D[6] (out)
                                              0.513190   data arrival time

                                  0.000000    0.000000   clock clk (rise edge)
                                  0.000000    0.000000   clock network delay (propagated)
                                  0.250000    0.250000   clock uncertainty
                                  0.000000    0.250000   clock reconvergence pessimism
                                 -2.000000   -1.750000   output external delay
                                             -1.750000   data required time
---------------------------------------------------------------------------------------------
                                             -1.750000   data required time
                                             -0.513190   data arrival time
---------------------------------------------------------------------------------------------
                                              2.263190   slack (MET)


Startpoint: B[6]$_SDFFE_PP1P_ (rising edge-triggered flip-flop clocked by clk)
Endpoint: D[7] (output port clocked by clk)
Path Group: clk
Path Type: min

Fanout         Cap        Slew       Delay        Time   Description
---------------------------------------------------------------------------------------------
                                  0.000000    0.000000   clock clk (rise edge)
                                  0.000000    0.000000   clock source latency
     1    0.014354    0.030345    0.011855    0.011855 ^ clk (in)
                                                         clk (net)
                      0.030346    0.000000    0.011855 ^ clkbuf_0_clk/A (sg13g2_buf_8)
     4    0.045105    0.034859    0.078783    0.090638 ^ clkbuf_0_clk/X (sg13g2_buf_8)
                                                         clknet_0_clk (net)
                      0.034860    0.000222    0.090861 ^ clkbuf_2_3__f_clk/A (sg13g2_buf_8)
     8    0.028838    0.027761    0.074660    0.165520 ^ clkbuf_2_3__f_clk/X (sg13g2_buf_8)
                                                         clknet_2_3__leaf_clk (net)
                      0.027761    0.000058    0.165578 ^ B[6]$_SDFFE_PP1P_/CLK (sg13g2_dfrbpq_1)
     3    0.008352    0.045378    0.182162    0.347740 ^ B[6]$_SDFFE_PP1P_/Q (sg13g2_dfrbpq_1)
                                                         net39 (net)
                      0.045378    0.000005    0.347746 ^ _162_/A1 (sg13g2_mux2_1)
     1    0.004096    0.031585    0.095465    0.443210 ^ _162_/X (sg13g2_mux2_1)
                                                         net52 (net)
                      0.031585    0.000022    0.443232 ^ output36/A (sg13g2_buf_1)
     1    0.006741    0.036691    0.072076    0.515308 ^ output36/X (sg13g2_buf_1)
                                                         D[7] (net)
                      0.036691    0.000018    0.515325 ^ D[7] (out)
                                              0.515325   data arrival time

                                  0.000000    0.000000   clock clk (rise edge)
                                  0.000000    0.000000   clock network delay (propagated)
                                  0.250000    0.250000   clock uncertainty
                                  0.000000    0.250000   clock reconvergence pessimism
                                 -2.000000   -1.750000   output external delay
                                             -1.750000   data required time
---------------------------------------------------------------------------------------------
                                             -1.750000   data required time
                                             -0.515325   data arrival time
---------------------------------------------------------------------------------------------
                                              2.265325   slack (MET)


Startpoint: B[4]$_SDFFE_PP1P_ (rising edge-triggered flip-flop clocked by clk)
Endpoint: D[5] (output port clocked by clk)
Path Group: clk
Path Type: min

Fanout         Cap        Slew       Delay        Time   Description
---------------------------------------------------------------------------------------------
                                  0.000000    0.000000   clock clk (rise edge)
                                  0.000000    0.000000   clock source latency
     1    0.014354    0.030345    0.011855    0.011855 ^ clk (in)
                                                         clk (net)
                      0.030346    0.000000    0.011855 ^ clkbuf_0_clk/A (sg13g2_buf_8)
     4    0.045105    0.034859    0.078783    0.090638 ^ clkbuf_0_clk/X (sg13g2_buf_8)
                                                         clknet_0_clk (net)
                      0.034859    0.000147    0.090786 ^ clkbuf_2_0__f_clk/A (sg13g2_buf_8)
     8    0.028898    0.027788    0.074683    0.165468 ^ clkbuf_2_0__f_clk/X (sg13g2_buf_8)
                                                         clknet_2_0__leaf_clk (net)
                      0.027788    0.000055    0.165524 ^ B[4]$_SDFFE_PP1P_/CLK (sg13g2_dfrbpq_1)
     3    0.009401    0.047769    0.185224    0.350748 ^ B[4]$_SDFFE_PP1P_/Q (sg13g2_dfrbpq_1)
                                                         net37 (net)
                      0.047769    0.000030    0.350778 ^ _160_/A1 (sg13g2_mux2_1)
     1    0.003569    0.029790    0.094743    0.445520 ^ _160_/X (sg13g2_mux2_1)
                                                         net50 (net)
                      0.029790    0.000014    0.445534 ^ output34/A (sg13g2_buf_1)
     1    0.007344    0.038954    0.073069    0.518603 ^ output34/X (sg13g2_buf_1)
                                                         D[5] (net)
                      0.038954    0.000033    0.518636 ^ D[5] (out)
                                              0.518636   data arrival time

                                  0.000000    0.000000   clock clk (rise edge)
                                  0.000000    0.000000   clock network delay (propagated)
                                  0.250000    0.250000   clock uncertainty
                                  0.000000    0.250000   clock reconvergence pessimism
                                 -2.000000   -1.750000   output external delay
                                             -1.750000   data required time
---------------------------------------------------------------------------------------------
                                             -1.750000   data required time
                                             -0.518636   data arrival time
---------------------------------------------------------------------------------------------
                                              2.268636   slack (MET)


Startpoint: B[0]$_SDFFE_PP1P_ (rising edge-triggered flip-flop clocked by clk)
Endpoint: D[1] (output port clocked by clk)
Path Group: clk
Path Type: min

Fanout         Cap        Slew       Delay        Time   Description
---------------------------------------------------------------------------------------------
                                  0.000000    0.000000   clock clk (rise edge)
                                  0.000000    0.000000   clock source latency
     1    0.014354    0.030345    0.011855    0.011855 ^ clk (in)
                                                         clk (net)
                      0.030346    0.000000    0.011855 ^ clkbuf_0_clk/A (sg13g2_buf_8)
     4    0.045105    0.034859    0.078783    0.090638 ^ clkbuf_0_clk/X (sg13g2_buf_8)
                                                         clknet_0_clk (net)
                      0.034859    0.000147    0.090786 ^ clkbuf_2_0__f_clk/A (sg13g2_buf_8)
     8    0.028898    0.027788    0.074683    0.165468 ^ clkbuf_2_0__f_clk/X (sg13g2_buf_8)
                                                         clknet_2_0__leaf_clk (net)
                      0.027788    0.000057    0.165525 ^ B[0]$_SDFFE_PP1P_/CLK (sg13g2_dfrbpq_1)
     3    0.009200    0.048630    0.184646    0.350171 ^ B[0]$_SDFFE_PP1P_/Q (sg13g2_dfrbpq_1)
                                                         net31 (net)
                      0.048630    0.000016    0.350187 ^ _156_/A1 (sg13g2_mux2_1)
     1    0.003041    0.027930    0.093371    0.443558 ^ _156_/X (sg13g2_mux2_1)
                                                         net46 (net)
                      0.027930    0.000007    0.443565 ^ output30/A (sg13g2_buf_1)
     1    0.008295    0.042579    0.075045    0.518610 ^ output30/X (sg13g2_buf_1)
                                                         D[1] (net)
                      0.042579    0.000059    0.518669 ^ D[1] (out)
                                              0.518669   data arrival time

                                  0.000000    0.000000   clock clk (rise edge)
                                  0.000000    0.000000   clock network delay (propagated)
                                  0.250000    0.250000   clock uncertainty
                                  0.000000    0.250000   clock reconvergence pessimism
                                 -2.000000   -1.750000   output external delay
                                             -1.750000   data required time
---------------------------------------------------------------------------------------------
                                             -1.750000   data required time
                                             -0.518669   data arrival time
---------------------------------------------------------------------------------------------
                                              2.268669   slack (MET)


Startpoint: BN[2]$_SDFFE_PP1P_ (rising edge-triggered flip-flop clocked by clk)
Endpoint: D[3] (output port clocked by clk)
Path Group: clk
Path Type: min

Fanout         Cap        Slew       Delay        Time   Description
---------------------------------------------------------------------------------------------
                                  0.000000    0.000000   clock clk (rise edge)
                                  0.000000    0.000000   clock source latency
     1    0.014354    0.030345    0.011855    0.011855 ^ clk (in)
                                                         clk (net)
                      0.030346    0.000000    0.011855 ^ clkbuf_0_clk/A (sg13g2_buf_8)
     4    0.045105    0.034859    0.078783    0.090638 ^ clkbuf_0_clk/X (sg13g2_buf_8)
                                                         clknet_0_clk (net)
                      0.034860    0.000222    0.090861 ^ clkbuf_2_3__f_clk/A (sg13g2_buf_8)
     8    0.028838    0.027761    0.074660    0.165520 ^ clkbuf_2_3__f_clk/X (sg13g2_buf_8)
                                                         clknet_2_3__leaf_clk (net)
                      0.027761    0.000061    0.165581 ^ BN[2]$_SDFFE_PP1P_/CLK (sg13g2_dfrbpq_1)
     3    0.008546    0.046122    0.182727    0.348309 ^ BN[2]$_SDFFE_PP1P_/Q (sg13g2_dfrbpq_1)
                                                         net23 (net)
                      0.046122    0.000017    0.348326 ^ _158_/A0 (sg13g2_mux2_1)
     1    0.003388    0.029082    0.097517    0.445843 ^ _158_/X (sg13g2_mux2_1)
                                                         net48 (net)
                      0.029082    0.000011    0.445855 ^ output32/A (sg13g2_buf_1)
     1    0.007447    0.039327    0.073064    0.518918 ^ output32/X (sg13g2_buf_1)
                                                         D[3] (net)
                      0.039327    0.000036    0.518954 ^ D[3] (out)
                                              0.518954   data arrival time

                                  0.000000    0.000000   clock clk (rise edge)
                                  0.000000    0.000000   clock network delay (propagated)
                                  0.250000    0.250000   clock uncertainty
                                  0.000000    0.250000   clock reconvergence pessimism
                                 -2.000000   -1.750000   output external delay
                                             -1.750000   data required time
---------------------------------------------------------------------------------------------
                                             -1.750000   data required time
                                             -0.518954   data arrival time
---------------------------------------------------------------------------------------------
                                              2.268954   slack (MET)


Startpoint: B[1]$_SDFFE_PP1P_ (rising edge-triggered flip-flop clocked by clk)
Endpoint: D[2] (output port clocked by clk)
Path Group: clk
Path Type: min

Fanout         Cap        Slew       Delay        Time   Description
---------------------------------------------------------------------------------------------
                                  0.000000    0.000000   clock clk (rise edge)
                                  0.000000    0.000000   clock source latency
     1    0.014354    0.030345    0.011855    0.011855 ^ clk (in)
                                                         clk (net)
                      0.030346    0.000000    0.011855 ^ clkbuf_0_clk/A (sg13g2_buf_8)
     4    0.045105    0.034859    0.078783    0.090638 ^ clkbuf_0_clk/X (sg13g2_buf_8)
                                                         clknet_0_clk (net)
                      0.034859    0.000147    0.090786 ^ clkbuf_2_0__f_clk/A (sg13g2_buf_8)
     8    0.028898    0.027788    0.074683    0.165468 ^ clkbuf_2_0__f_clk/X (sg13g2_buf_8)
                                                         clknet_2_0__leaf_clk (net)
                      0.027788    0.000074    0.165542 ^ B[1]$_SDFFE_PP1P_/CLK (sg13g2_dfrbpq_1)
     3    0.009350    0.047575    0.185072    0.350614 ^ B[1]$_SDFFE_PP1P_/Q (sg13g2_dfrbpq_1)
                                                         net34 (net)
                      0.047575    0.000033    0.350647 ^ _157_/A1 (sg13g2_mux2_1)
     1    0.004010    0.031345    0.096112    0.446760 ^ _157_/X (sg13g2_mux2_1)
                                                         net47 (net)
                      0.031345    0.000020    0.446780 ^ output31/A (sg13g2_buf_1)
     1    0.006927    0.037395    0.072515    0.519295 ^ output31/X (sg13g2_buf_1)
                                                         D[2] (net)
                      0.037395    0.000022    0.519317 ^ D[2] (out)
                                              0.519317   data arrival time

                                  0.000000    0.000000   clock clk (rise edge)
                                  0.000000    0.000000   clock network delay (propagated)
                                  0.250000    0.250000   clock uncertainty
                                  0.000000    0.250000   clock reconvergence pessimism
                                 -2.000000   -1.750000   output external delay
                                             -1.750000   data required time
---------------------------------------------------------------------------------------------
                                             -1.750000   data required time
                                             -0.519317   data arrival time
---------------------------------------------------------------------------------------------
                                              2.269317   slack (MET)


Startpoint: B[3]$_SDFFE_PP1P_ (rising edge-triggered flip-flop clocked by clk)
Endpoint: D[4] (output port clocked by clk)
Path Group: clk
Path Type: min

Fanout         Cap        Slew       Delay        Time   Description
---------------------------------------------------------------------------------------------
                                  0.000000    0.000000   clock clk (rise edge)
                                  0.000000    0.000000   clock source latency
     1    0.014354    0.030345    0.011855    0.011855 ^ clk (in)
                                                         clk (net)
                      0.030346    0.000000    0.011855 ^ clkbuf_0_clk/A (sg13g2_buf_8)
     4    0.045105    0.034859    0.078783    0.090638 ^ clkbuf_0_clk/X (sg13g2_buf_8)
                                                         clknet_0_clk (net)
                      0.034859    0.000161    0.090799 ^ clkbuf_2_1__f_clk/A (sg13g2_buf_8)
     7    0.026048    0.026520    0.073566    0.164366 ^ clkbuf_2_1__f_clk/X (sg13g2_buf_8)
                                                         clknet_2_1__leaf_clk (net)
                      0.026520    0.000043    0.164409 ^ B[3]$_SDFFE_PP1P_/CLK (sg13g2_dfrbpq_1)
     3    0.009648    0.048704    0.185324    0.349733 ^ B[3]$_SDFFE_PP1P_/Q (sg13g2_dfrbpq_1)
                                                         net36 (net)
                      0.048704    0.000019    0.349752 ^ _159_/A1 (sg13g2_mux2_1)
     1    0.004198    0.031944    0.097211    0.446963 ^ _159_/X (sg13g2_mux2_1)
                                                         net49 (net)
                      0.031944    0.000022    0.446985 ^ output33/A (sg13g2_buf_1)
     1    0.007750    0.040584    0.075177    0.522162 ^ output33/X (sg13g2_buf_1)
                                                         D[4] (net)
                      0.040584    0.000044    0.522206 ^ D[4] (out)
                                              0.522206   data arrival time

                                  0.000000    0.000000   clock clk (rise edge)
                                  0.000000    0.000000   clock network delay (propagated)
                                  0.250000    0.250000   clock uncertainty
                                  0.000000    0.250000   clock reconvergence pessimism
                                 -2.000000   -1.750000   output external delay
                                             -1.750000   data required time
---------------------------------------------------------------------------------------------
                                             -1.750000   data required time
                                             -0.522206   data arrival time
---------------------------------------------------------------------------------------------
                                              2.272206   slack (MET)


Startpoint: B[10]$_SDFFE_PP1P_ (rising edge-triggered flip-flop clocked by clk)
Endpoint: D[11] (output port clocked by clk)
Path Group: clk
Path Type: min

Fanout         Cap        Slew       Delay        Time   Description
---------------------------------------------------------------------------------------------
                                  0.000000    0.000000   clock clk (rise edge)
                                  0.000000    0.000000   clock source latency
     1    0.014354    0.030345    0.011855    0.011855 ^ clk (in)
                                                         clk (net)
                      0.030346    0.000000    0.011855 ^ clkbuf_0_clk/A (sg13g2_buf_8)
     4    0.045105    0.034859    0.078783    0.090638 ^ clkbuf_0_clk/X (sg13g2_buf_8)
                                                         clknet_0_clk (net)
                      0.034859    0.000195    0.090834 ^ clkbuf_2_2__f_clk/A (sg13g2_buf_8)
     8    0.029379    0.028000    0.074867    0.165701 ^ clkbuf_2_2__f_clk/X (sg13g2_buf_8)
                                                         clknet_2_2__leaf_clk (net)
                      0.028000    0.000061    0.165762 ^ B[10]$_SDFFE_PP1P_/CLK (sg13g2_dfrbpq_1)
     3    0.008002    0.044035    0.181257    0.347020 ^ B[10]$_SDFFE_PP1P_/Q (sg13g2_dfrbpq_1)
                                                         net32 (net)
                      0.044035    0.000015    0.347034 ^ _155_/A1 (sg13g2_mux2_1)
     1    0.004602    0.033372    0.096556    0.443590 ^ _155_/X (sg13g2_mux2_1)
                                                         net45 (net)
                      0.033372    0.000029    0.443620 ^ output29/A (sg13g2_buf_1)
     1    0.008767    0.044565    0.078759    0.522379 ^ output29/X (sg13g2_buf_1)
                                                         D[11] (net)
                      0.044565    0.000074    0.522453 ^ D[11] (out)
                                              0.522453   data arrival time

                                  0.000000    0.000000   clock clk (rise edge)
                                  0.000000    0.000000   clock network delay (propagated)
                                  0.250000    0.250000   clock uncertainty
                                  0.000000    0.250000   clock reconvergence pessimism
                                 -2.000000   -1.750000   output external delay
                                             -1.750000   data required time
---------------------------------------------------------------------------------------------
                                             -1.750000   data required time
                                             -0.522453   data arrival time
---------------------------------------------------------------------------------------------
                                              2.272453   slack (MET)


Startpoint: B[9]$_SDFFE_PP1P_ (rising edge-triggered flip-flop clocked by clk)
Endpoint: D[10] (output port clocked by clk)
Path Group: clk
Path Type: min

Fanout         Cap        Slew       Delay        Time   Description
---------------------------------------------------------------------------------------------
                                  0.000000    0.000000   clock clk (rise edge)
                                  0.000000    0.000000   clock source latency
     1    0.014354    0.030345    0.011855    0.011855 ^ clk (in)
                                                         clk (net)
                      0.030346    0.000000    0.011855 ^ clkbuf_0_clk/A (sg13g2_buf_8)
     4    0.045105    0.034859    0.078783    0.090638 ^ clkbuf_0_clk/X (sg13g2_buf_8)
                                                         clknet_0_clk (net)
                      0.034859    0.000195    0.090834 ^ clkbuf_2_2__f_clk/A (sg13g2_buf_8)
     8    0.029379    0.028000    0.074867    0.165701 ^ clkbuf_2_2__f_clk/X (sg13g2_buf_8)
                                                         clknet_2_2__leaf_clk (net)
                      0.028000    0.000109    0.165810 ^ B[9]$_SDFFE_PP1P_/CLK (sg13g2_dfrbpq_1)
     3    0.009564    0.048385    0.185801    0.351611 ^ B[9]$_SDFFE_PP1P_/Q (sg13g2_dfrbpq_1)
                                                         net42 (net)
                      0.048385    0.000031    0.351642 ^ _154_/A1 (sg13g2_mux2_1)
     1    0.004342    0.032524    0.097551    0.449194 ^ _154_/X (sg13g2_mux2_1)
                                                         net44 (net)
                      0.032524    0.000025    0.449219 ^ output28/A (sg13g2_buf_1)
     1    0.006994    0.037692    0.073219    0.522437 ^ output28/X (sg13g2_buf_1)
                                                         D[10] (net)
                      0.037692    0.000024    0.522461 ^ D[10] (out)
                                              0.522461   data arrival time

                                  0.000000    0.000000   clock clk (rise edge)
                                  0.000000    0.000000   clock network delay (propagated)
                                  0.250000    0.250000   clock uncertainty
                                  0.000000    0.250000   clock reconvergence pessimism
                                 -2.000000   -1.750000   output external delay
                                             -1.750000   data required time
---------------------------------------------------------------------------------------------
                                             -1.750000   data required time
                                             -0.522461   data arrival time
---------------------------------------------------------------------------------------------
                                              2.272461   slack (MET)


Startpoint: B[8]$_SDFFE_PP1P_ (rising edge-triggered flip-flop clocked by clk)
Endpoint: D[9] (output port clocked by clk)
Path Group: clk
Path Type: min

Fanout         Cap        Slew       Delay        Time   Description
---------------------------------------------------------------------------------------------
                                  0.000000    0.000000   clock clk (rise edge)
                                  0.000000    0.000000   clock source latency
     1    0.014354    0.030345    0.011855    0.011855 ^ clk (in)
                                                         clk (net)
                      0.030346    0.000000    0.011855 ^ clkbuf_0_clk/A (sg13g2_buf_8)
     4    0.045105    0.034859    0.078783    0.090638 ^ clkbuf_0_clk/X (sg13g2_buf_8)
                                                         clknet_0_clk (net)
                      0.034859    0.000147    0.090786 ^ clkbuf_2_0__f_clk/A (sg13g2_buf_8)
     8    0.028898    0.027788    0.074683    0.165468 ^ clkbuf_2_0__f_clk/X (sg13g2_buf_8)
                                                         clknet_2_0__leaf_clk (net)
                      0.027788    0.000053    0.165521 ^ B[8]$_SDFFE_PP1P_/CLK (sg13g2_dfrbpq_1)
     3    0.009621    0.048598    0.185866    0.351387 ^ B[8]$_SDFFE_PP1P_/Q (sg13g2_dfrbpq_1)
                                                         net41 (net)
                      0.048598    0.000006    0.351393 ^ _164_/A1 (sg13g2_mux2_1)
     1    0.003966    0.031193    0.096404    0.447798 ^ _164_/X (sg13g2_mux2_1)
                                                         net54 (net)
                      0.031193    0.000020    0.447817 ^ output38/A (sg13g2_buf_1)
     1    0.007754    0.040579    0.074868    0.522685 ^ output38/X (sg13g2_buf_1)
                                                         D[9] (net)
                      0.040579    0.000044    0.522729 ^ D[9] (out)
                                              0.522729   data arrival time

                                  0.000000    0.000000   clock clk (rise edge)
                                  0.000000    0.000000   clock network delay (propagated)
                                  0.250000    0.250000   clock uncertainty
                                  0.000000    0.250000   clock reconvergence pessimism
                                 -2.000000   -1.750000   output external delay
                                             -1.750000   data required time
---------------------------------------------------------------------------------------------
                                             -1.750000   data required time
                                             -0.522729   data arrival time
---------------------------------------------------------------------------------------------
                                              2.272729   slack (MET)


Startpoint: BN[7]$_SDFFE_PP1P_ (rising edge-triggered flip-flop clocked by clk)
Endpoint: D[8] (output port clocked by clk)
Path Group: clk
Path Type: min

Fanout         Cap        Slew       Delay        Time   Description
---------------------------------------------------------------------------------------------
                                  0.000000    0.000000   clock clk (rise edge)
                                  0.000000    0.000000   clock source latency
     1    0.014354    0.030345    0.011855    0.011855 ^ clk (in)
                                                         clk (net)
                      0.030346    0.000000    0.011855 ^ clkbuf_0_clk/A (sg13g2_buf_8)
     4    0.045105    0.034859    0.078783    0.090638 ^ clkbuf_0_clk/X (sg13g2_buf_8)
                                                         clknet_0_clk (net)
                      0.034860    0.000222    0.090861 ^ clkbuf_2_3__f_clk/A (sg13g2_buf_8)
     8    0.028838    0.027761    0.074660    0.165520 ^ clkbuf_2_3__f_clk/X (sg13g2_buf_8)
                                                         clknet_2_3__leaf_clk (net)
                      0.027761    0.000082    0.165603 ^ BN[7]$_SDFFE_PP1P_/CLK (sg13g2_dfrbpq_1)
     3    0.009010    0.046289    0.184068    0.349670 ^ BN[7]$_SDFFE_PP1P_/Q (sg13g2_dfrbpq_1)
                                                         net28 (net)
                      0.046289    0.000020    0.349690 ^ _163_/A0 (sg13g2_mux2_1)
     1    0.004503    0.033022    0.101053    0.450742 ^ _163_/X (sg13g2_mux2_1)
                                                         net53 (net)
                      0.033022    0.000027    0.450769 ^ output37/A (sg13g2_buf_1)
     1    0.008750    0.044492    0.078562    0.529331 ^ output37/X (sg13g2_buf_1)
                                                         D[8] (net)
                      0.044492    0.000073    0.529404 ^ D[8] (out)
                                              0.529404   data arrival time

                                  0.000000    0.000000   clock clk (rise edge)
                                  0.000000    0.000000   clock network delay (propagated)
                                  0.250000    0.250000   clock uncertainty
                                  0.000000    0.250000   clock reconvergence pessimism
                                 -2.000000   -1.750000   output external delay
                                             -1.750000   data required time
---------------------------------------------------------------------------------------------
                                             -1.750000   data required time
                                             -0.529404   data arrival time
---------------------------------------------------------------------------------------------
                                              2.279404   slack (MET)


Startpoint: B[11]$_SDFFE_PP1P_ (rising edge-triggered flip-flop clocked by clk)
Endpoint: B[11] (output port clocked by clk)
Path Group: clk
Path Type: min

Fanout         Cap        Slew       Delay        Time   Description
---------------------------------------------------------------------------------------------
                                  0.000000    0.000000   clock clk (rise edge)
                                  0.000000    0.000000   clock source latency
     1    0.014354    0.030345    0.011855    0.011855 ^ clk (in)
                                                         clk (net)
                      0.030346    0.000000    0.011855 ^ clkbuf_0_clk/A (sg13g2_buf_8)
     4    0.045105    0.034859    0.078783    0.090638 ^ clkbuf_0_clk/X (sg13g2_buf_8)
                                                         clknet_0_clk (net)
                      0.034859    0.000195    0.090834 ^ clkbuf_2_2__f_clk/A (sg13g2_buf_8)
     8    0.029379    0.028000    0.074867    0.165701 ^ clkbuf_2_2__f_clk/X (sg13g2_buf_8)
                                                         clknet_2_2__leaf_clk (net)
                      0.028000    0.000016    0.165717 ^ B[11]$_SDFFE_PP1P_/CLK (sg13g2_dfrbpq_2)
     2    0.011164    0.036716    0.187924    0.353641 ^ B[11]$_SDFFE_PP1P_/Q (sg13g2_dfrbpq_2)
                                                         net10 (net)
                      0.036716    0.000003    0.353644 ^ hold43/A (sg13g2_dlygate4sd3_1)
     1    0.009176    0.058538    0.382923    0.736567 ^ hold43/X (sg13g2_dlygate4sd3_1)
                                                         net126 (net)
                      0.058538    0.000015    0.736582 ^ fanout10/A (sg13g2_buf_8)
     8    0.049100    0.037767    0.094037    0.830619 ^ fanout10/X (sg13g2_buf_8)
                                                         net33 (net)
                      0.037767    0.000155    0.830774 ^ output17/A (sg13g2_buf_1)
     1    0.007028    0.037982    0.075564    0.906338 ^ output17/X (sg13g2_buf_1)
                                                         B[11] (net)
                      0.037982    0.000025    0.906363 ^ B[11] (out)
                                              0.906363   data arrival time

                                  0.000000    0.000000   clock clk (rise edge)
                                  0.000000    0.000000   clock network delay (propagated)
                                  0.250000    0.250000   clock uncertainty
                                  0.000000    0.250000   clock reconvergence pessimism
                                 -2.000000   -1.750000   output external delay
                                             -1.750000   data required time
---------------------------------------------------------------------------------------------
                                             -1.750000   data required time
                                             -0.906363   data arrival time
---------------------------------------------------------------------------------------------
                                              2.656363   slack (MET)



