
===========================================================================
report_checks -path_delay max (Setup)
============================================================================
======================= nom_fast_1p32V_m40C Corner ===================================

Startpoint: Op (input port clocked by clk)
Endpoint: B[11]$_SDFFE_PP1P_ (rising edge-triggered flip-flop clocked by clk)
Path Group: clk
Path Type: max

Fanout         Cap        Slew       Delay        Time   Description
---------------------------------------------------------------------------------------------
                      0.150000    0.000000    0.000000   clock clk (rise edge)
                                  0.000000    0.000000   clock network delay (ideal)
                                  2.000000    2.000000 ^ input external delay
     3    0.011802    0.019142    0.006338    2.006338 ^ Op (in)
                                                         Op (net)
                      0.019142    0.000000    2.006338 ^ _128_/B_N (sg13g2_nor2b_1)
    12    0.040302    0.219215    0.194492    2.200829 ^ _128_/Y (sg13g2_nor2b_1)
                                                         _030_ (net)
                      0.219215    0.000000    2.200829 ^ _133_/D (sg13g2_nand4_1)
     1    0.003015    0.065041    0.104454    2.305284 v _133_/Y (sg13g2_nand4_1)
                                                         _033_ (net)
                      0.065041    0.000000    2.305284 v _134_/A2 (sg13g2_a21o_1)
     1    0.001523    0.018001    0.082074    2.387358 v _134_/X (sg13g2_a21o_1)
                                                         _014_ (net)
                      0.018001    0.000000    2.387358 v B[11]$_SDFFE_PP1P_/D (sg13g2_dfrbpq_1)
                                              2.387358   data arrival time

                      0.150000   10.000000   10.000000   clock clk (rise edge)
                                  0.000000   10.000000   clock network delay (ideal)
                                 -0.250000    9.750000   clock uncertainty
                                  0.000000    9.750000   clock reconvergence pessimism
                                              9.750000 ^ B[11]$_SDFFE_PP1P_/CLK (sg13g2_dfrbpq_1)
                                 -0.043707    9.706293   library setup time
                                              9.706293   data required time
---------------------------------------------------------------------------------------------
                                              9.706293   data required time
                                             -2.387358   data arrival time
---------------------------------------------------------------------------------------------
                                              7.318935   slack (MET)


Startpoint: Op (input port clocked by clk)
Endpoint: B[3]$_SDFFE_PP1P_ (rising edge-triggered flip-flop clocked by clk)
Path Group: clk
Path Type: max

Fanout         Cap        Slew       Delay        Time   Description
---------------------------------------------------------------------------------------------
                      0.150000    0.000000    0.000000   clock clk (rise edge)
                                  0.000000    0.000000   clock network delay (ideal)
                                  2.000000    2.000000 ^ input external delay
     3    0.011802    0.019142    0.006338    2.006338 ^ Op (in)
                                                         Op (net)
                      0.019142    0.000000    2.006338 ^ _128_/B_N (sg13g2_nor2b_1)
    12    0.040302    0.219215    0.194492    2.200829 ^ _128_/Y (sg13g2_nor2b_1)
                                                         _030_ (net)
                      0.219215    0.000000    2.200829 ^ _139_/D (sg13g2_nand4_1)
     1    0.003015    0.066173    0.104454    2.305284 v _139_/Y (sg13g2_nand4_1)
                                                         _036_ (net)
                      0.066173    0.000000    2.305284 v _140_/A2 (sg13g2_a21o_1)
     1    0.001523    0.016346    0.082410    2.387694 v _140_/X (sg13g2_a21o_1)
                                                         _017_ (net)
                      0.016346    0.000000    2.387694 v B[3]$_SDFFE_PP1P_/D (sg13g2_dfrbpq_1)
                                              2.387694   data arrival time

                      0.150000   10.000000   10.000000   clock clk (rise edge)
                                  0.000000   10.000000   clock network delay (ideal)
                                 -0.250000    9.750000   clock uncertainty
                                  0.000000    9.750000   clock reconvergence pessimism
                                              9.750000 ^ B[3]$_SDFFE_PP1P_/CLK (sg13g2_dfrbpq_1)
                                 -0.043263    9.706737   library setup time
                                              9.706737   data required time
---------------------------------------------------------------------------------------------
                                              9.706737   data required time
                                             -2.387694   data arrival time
---------------------------------------------------------------------------------------------
                                              7.319043   slack (MET)


Startpoint: Op (input port clocked by clk)
Endpoint: B[7]$_SDFFE_PP1P_ (rising edge-triggered flip-flop clocked by clk)
Path Group: clk
Path Type: max

Fanout         Cap        Slew       Delay        Time   Description
---------------------------------------------------------------------------------------------
                      0.150000    0.000000    0.000000   clock clk (rise edge)
                                  0.000000    0.000000   clock network delay (ideal)
                                  2.000000    2.000000 ^ input external delay
     3    0.011802    0.019142    0.006338    2.006338 ^ Op (in)
                                                         Op (net)
                      0.019142    0.000000    2.006338 ^ _128_/B_N (sg13g2_nor2b_1)
    12    0.040302    0.219215    0.194492    2.200829 ^ _128_/Y (sg13g2_nor2b_1)
                                                         _030_ (net)
                      0.219215    0.000000    2.200829 ^ _147_/D (sg13g2_nand4_1)
     1    0.003015    0.065041    0.104454    2.305284 v _147_/Y (sg13g2_nand4_1)
                                                         _040_ (net)
                      0.065041    0.000000    2.305284 v _148_/A2 (sg13g2_a21o_1)
     1    0.001523    0.016327    0.082074    2.387358 v _148_/X (sg13g2_a21o_1)
                                                         _021_ (net)
                      0.016327    0.000000    2.387358 v B[7]$_SDFFE_PP1P_/D (sg13g2_dfrbpq_1)
                                              2.387358   data arrival time

                      0.150000   10.000000   10.000000   clock clk (rise edge)
                                  0.000000   10.000000   clock network delay (ideal)
                                 -0.250000    9.750000   clock uncertainty
                                  0.000000    9.750000   clock reconvergence pessimism
                                              9.750000 ^ B[7]$_SDFFE_PP1P_/CLK (sg13g2_dfrbpq_1)
                                 -0.043258    9.706742   library setup time
                                              9.706742   data required time
---------------------------------------------------------------------------------------------
                                              9.706742   data required time
                                             -2.387358   data arrival time
---------------------------------------------------------------------------------------------
                                              7.319385   slack (MET)


Startpoint: B[11]$_SDFFE_PP1P_ (rising edge-triggered flip-flop clocked by clk)
Endpoint: D[10] (output port clocked by clk)
Path Group: clk
Path Type: max

Fanout         Cap        Slew       Delay        Time   Description
---------------------------------------------------------------------------------------------
                      0.150000    0.000000    0.000000   clock clk (rise edge)
                                  0.000000    0.000000   clock network delay (ideal)
                      0.150000    0.000000    0.000000 ^ B[11]$_SDFFE_PP1P_/CLK (sg13g2_dfrbpq_1)
    14    0.072582    0.193087    0.278066    0.278066 ^ B[11]$_SDFFE_PP1P_/Q (sg13g2_dfrbpq_1)
                                                         B[11] (net)
                      0.193087    0.000000    0.278066 ^ _154_/S (sg13g2_mux2_1)
     1    0.006000    0.029293    0.145671    0.423737 v _154_/X (sg13g2_mux2_1)
                                                         D[10] (net)
                      0.029293    0.000000    0.423737 v D[10] (out)
                                              0.423737   data arrival time

                      0.150000   10.000000   10.000000   clock clk (rise edge)
                                  0.000000   10.000000   clock network delay (ideal)
                                 -0.250000    9.750000   clock uncertainty
                                  0.000000    9.750000   clock reconvergence pessimism
                                 -2.000000    7.750000   output external delay
                                              7.750000   data required time
---------------------------------------------------------------------------------------------
                                              7.750000   data required time
                                             -0.423737   data arrival time
---------------------------------------------------------------------------------------------
                                              7.326263   slack (MET)


Startpoint: B[11]$_SDFFE_PP1P_ (rising edge-triggered flip-flop clocked by clk)
Endpoint: D[11] (output port clocked by clk)
Path Group: clk
Path Type: max

Fanout         Cap        Slew       Delay        Time   Description
---------------------------------------------------------------------------------------------
                      0.150000    0.000000    0.000000   clock clk (rise edge)
                                  0.000000    0.000000   clock network delay (ideal)
                      0.150000    0.000000    0.000000 ^ B[11]$_SDFFE_PP1P_/CLK (sg13g2_dfrbpq_1)
    14    0.072582    0.193087    0.278066    0.278066 ^ B[11]$_SDFFE_PP1P_/Q (sg13g2_dfrbpq_1)
                                                         B[11] (net)
                      0.193087    0.000000    0.278066 ^ _155_/S (sg13g2_mux2_1)
     1    0.006000    0.029293    0.145671    0.423737 v _155_/X (sg13g2_mux2_1)
                                                         D[11] (net)
                      0.029293    0.000000    0.423737 v D[11] (out)
                                              0.423737   data arrival time

                      0.150000   10.000000   10.000000   clock clk (rise edge)
                                  0.000000   10.000000   clock network delay (ideal)
                                 -0.250000    9.750000   clock uncertainty
                                  0.000000    9.750000   clock reconvergence pessimism
                                 -2.000000    7.750000   output external delay
                                              7.750000   data required time
---------------------------------------------------------------------------------------------
                                              7.750000   data required time
                                             -0.423737   data arrival time
---------------------------------------------------------------------------------------------
                                              7.326263   slack (MET)


Startpoint: B[11]$_SDFFE_PP1P_ (rising edge-triggered flip-flop clocked by clk)
Endpoint: D[1] (output port clocked by clk)
Path Group: clk
Path Type: max

Fanout         Cap        Slew       Delay        Time   Description
---------------------------------------------------------------------------------------------
                      0.150000    0.000000    0.000000   clock clk (rise edge)
                                  0.000000    0.000000   clock network delay (ideal)
                      0.150000    0.000000    0.000000 ^ B[11]$_SDFFE_PP1P_/CLK (sg13g2_dfrbpq_1)
    14    0.072582    0.193087    0.278066    0.278066 ^ B[11]$_SDFFE_PP1P_/Q (sg13g2_dfrbpq_1)
                                                         B[11] (net)
                      0.193087    0.000000    0.278066 ^ _156_/S (sg13g2_mux2_1)
     1    0.006000    0.029293    0.145671    0.423737 v _156_/X (sg13g2_mux2_1)
                                                         D[1] (net)
                      0.029293    0.000000    0.423737 v D[1] (out)
                                              0.423737   data arrival time

                      0.150000   10.000000   10.000000   clock clk (rise edge)
                                  0.000000   10.000000   clock network delay (ideal)
                                 -0.250000    9.750000   clock uncertainty
                                  0.000000    9.750000   clock reconvergence pessimism
                                 -2.000000    7.750000   output external delay
                                              7.750000   data required time
---------------------------------------------------------------------------------------------
                                              7.750000   data required time
                                             -0.423737   data arrival time
---------------------------------------------------------------------------------------------
                                              7.326263   slack (MET)


Startpoint: B[11]$_SDFFE_PP1P_ (rising edge-triggered flip-flop clocked by clk)
Endpoint: D[2] (output port clocked by clk)
Path Group: clk
Path Type: max

Fanout         Cap        Slew       Delay        Time   Description
---------------------------------------------------------------------------------------------
                      0.150000    0.000000    0.000000   clock clk (rise edge)
                                  0.000000    0.000000   clock network delay (ideal)
                      0.150000    0.000000    0.000000 ^ B[11]$_SDFFE_PP1P_/CLK (sg13g2_dfrbpq_1)
    14    0.072582    0.193087    0.278066    0.278066 ^ B[11]$_SDFFE_PP1P_/Q (sg13g2_dfrbpq_1)
                                                         B[11] (net)
                      0.193087    0.000000    0.278066 ^ _157_/S (sg13g2_mux2_1)
     1    0.006000    0.029293    0.145671    0.423737 v _157_/X (sg13g2_mux2_1)
                                                         D[2] (net)
                      0.029293    0.000000    0.423737 v D[2] (out)
                                              0.423737   data arrival time

                      0.150000   10.000000   10.000000   clock clk (rise edge)
                                  0.000000   10.000000   clock network delay (ideal)
                                 -0.250000    9.750000   clock uncertainty
                                  0.000000    9.750000   clock reconvergence pessimism
                                 -2.000000    7.750000   output external delay
                                              7.750000   data required time
---------------------------------------------------------------------------------------------
                                              7.750000   data required time
                                             -0.423737   data arrival time
---------------------------------------------------------------------------------------------
                                              7.326263   slack (MET)


Startpoint: B[11]$_SDFFE_PP1P_ (rising edge-triggered flip-flop clocked by clk)
Endpoint: D[3] (output port clocked by clk)
Path Group: clk
Path Type: max

Fanout         Cap        Slew       Delay        Time   Description
---------------------------------------------------------------------------------------------
                      0.150000    0.000000    0.000000   clock clk (rise edge)
                                  0.000000    0.000000   clock network delay (ideal)
                      0.150000    0.000000    0.000000 ^ B[11]$_SDFFE_PP1P_/CLK (sg13g2_dfrbpq_1)
    14    0.072582    0.193087    0.278066    0.278066 ^ B[11]$_SDFFE_PP1P_/Q (sg13g2_dfrbpq_1)
                                                         B[11] (net)
                      0.193087    0.000000    0.278066 ^ _158_/S (sg13g2_mux2_1)
     1    0.006000    0.029293    0.145671    0.423737 v _158_/X (sg13g2_mux2_1)
                                                         D[3] (net)
                      0.029293    0.000000    0.423737 v D[3] (out)
                                              0.423737   data arrival time

                      0.150000   10.000000   10.000000   clock clk (rise edge)
                                  0.000000   10.000000   clock network delay (ideal)
                                 -0.250000    9.750000   clock uncertainty
                                  0.000000    9.750000   clock reconvergence pessimism
                                 -2.000000    7.750000   output external delay
                                              7.750000   data required time
---------------------------------------------------------------------------------------------
                                              7.750000   data required time
                                             -0.423737   data arrival time
---------------------------------------------------------------------------------------------
                                              7.326263   slack (MET)


Startpoint: B[11]$_SDFFE_PP1P_ (rising edge-triggered flip-flop clocked by clk)
Endpoint: D[4] (output port clocked by clk)
Path Group: clk
Path Type: max

Fanout         Cap        Slew       Delay        Time   Description
---------------------------------------------------------------------------------------------
                      0.150000    0.000000    0.000000   clock clk (rise edge)
                                  0.000000    0.000000   clock network delay (ideal)
                      0.150000    0.000000    0.000000 ^ B[11]$_SDFFE_PP1P_/CLK (sg13g2_dfrbpq_1)
    14    0.072582    0.193087    0.278066    0.278066 ^ B[11]$_SDFFE_PP1P_/Q (sg13g2_dfrbpq_1)
                                                         B[11] (net)
                      0.193087    0.000000    0.278066 ^ _159_/S (sg13g2_mux2_1)
     1    0.006000    0.029293    0.145671    0.423737 v _159_/X (sg13g2_mux2_1)
                                                         D[4] (net)
                      0.029293    0.000000    0.423737 v D[4] (out)
                                              0.423737   data arrival time

                      0.150000   10.000000   10.000000   clock clk (rise edge)
                                  0.000000   10.000000   clock network delay (ideal)
                                 -0.250000    9.750000   clock uncertainty
                                  0.000000    9.750000   clock reconvergence pessimism
                                 -2.000000    7.750000   output external delay
                                              7.750000   data required time
---------------------------------------------------------------------------------------------
                                              7.750000   data required time
                                             -0.423737   data arrival time
---------------------------------------------------------------------------------------------
                                              7.326263   slack (MET)


Startpoint: B[11]$_SDFFE_PP1P_ (rising edge-triggered flip-flop clocked by clk)
Endpoint: D[5] (output port clocked by clk)
Path Group: clk
Path Type: max

Fanout         Cap        Slew       Delay        Time   Description
---------------------------------------------------------------------------------------------
                      0.150000    0.000000    0.000000   clock clk (rise edge)
                                  0.000000    0.000000   clock network delay (ideal)
                      0.150000    0.000000    0.000000 ^ B[11]$_SDFFE_PP1P_/CLK (sg13g2_dfrbpq_1)
    14    0.072582    0.193087    0.278066    0.278066 ^ B[11]$_SDFFE_PP1P_/Q (sg13g2_dfrbpq_1)
                                                         B[11] (net)
                      0.193087    0.000000    0.278066 ^ _160_/S (sg13g2_mux2_1)
     1    0.006000    0.029293    0.145671    0.423737 v _160_/X (sg13g2_mux2_1)
                                                         D[5] (net)
                      0.029293    0.000000    0.423737 v D[5] (out)
                                              0.423737   data arrival time

                      0.150000   10.000000   10.000000   clock clk (rise edge)
                                  0.000000   10.000000   clock network delay (ideal)
                                 -0.250000    9.750000   clock uncertainty
                                  0.000000    9.750000   clock reconvergence pessimism
                                 -2.000000    7.750000   output external delay
                                              7.750000   data required time
---------------------------------------------------------------------------------------------
                                              7.750000   data required time
                                             -0.423737   data arrival time
---------------------------------------------------------------------------------------------
                                              7.326263   slack (MET)


Startpoint: B[11]$_SDFFE_PP1P_ (rising edge-triggered flip-flop clocked by clk)
Endpoint: D[6] (output port clocked by clk)
Path Group: clk
Path Type: max

Fanout         Cap        Slew       Delay        Time   Description
---------------------------------------------------------------------------------------------
                      0.150000    0.000000    0.000000   clock clk (rise edge)
                                  0.000000    0.000000   clock network delay (ideal)
                      0.150000    0.000000    0.000000 ^ B[11]$_SDFFE_PP1P_/CLK (sg13g2_dfrbpq_1)
    14    0.072582    0.193087    0.278066    0.278066 ^ B[11]$_SDFFE_PP1P_/Q (sg13g2_dfrbpq_1)
                                                         B[11] (net)
                      0.193087    0.000000    0.278066 ^ _161_/S (sg13g2_mux2_1)
     1    0.006000    0.029293    0.145671    0.423737 v _161_/X (sg13g2_mux2_1)
                                                         D[6] (net)
                      0.029293    0.000000    0.423737 v D[6] (out)
                                              0.423737   data arrival time

                      0.150000   10.000000   10.000000   clock clk (rise edge)
                                  0.000000   10.000000   clock network delay (ideal)
                                 -0.250000    9.750000   clock uncertainty
                                  0.000000    9.750000   clock reconvergence pessimism
                                 -2.000000    7.750000   output external delay
                                              7.750000   data required time
---------------------------------------------------------------------------------------------
                                              7.750000   data required time
                                             -0.423737   data arrival time
---------------------------------------------------------------------------------------------
                                              7.326263   slack (MET)


Startpoint: B[11]$_SDFFE_PP1P_ (rising edge-triggered flip-flop clocked by clk)
Endpoint: D[7] (output port clocked by clk)
Path Group: clk
Path Type: max

Fanout         Cap        Slew       Delay        Time   Description
---------------------------------------------------------------------------------------------
                      0.150000    0.000000    0.000000   clock clk (rise edge)
                                  0.000000    0.000000   clock network delay (ideal)
                      0.150000    0.000000    0.000000 ^ B[11]$_SDFFE_PP1P_/CLK (sg13g2_dfrbpq_1)
    14    0.072582    0.193087    0.278066    0.278066 ^ B[11]$_SDFFE_PP1P_/Q (sg13g2_dfrbpq_1)
                                                         B[11] (net)
                      0.193087    0.000000    0.278066 ^ _162_/S (sg13g2_mux2_1)
     1    0.006000    0.029293    0.145671    0.423737 v _162_/X (sg13g2_mux2_1)
                                                         D[7] (net)
                      0.029293    0.000000    0.423737 v D[7] (out)
                                              0.423737   data arrival time

                      0.150000   10.000000   10.000000   clock clk (rise edge)
                                  0.000000   10.000000   clock network delay (ideal)
                                 -0.250000    9.750000   clock uncertainty
                                  0.000000    9.750000   clock reconvergence pessimism
                                 -2.000000    7.750000   output external delay
                                              7.750000   data required time
---------------------------------------------------------------------------------------------
                                              7.750000   data required time
                                             -0.423737   data arrival time
---------------------------------------------------------------------------------------------
                                              7.326263   slack (MET)


Startpoint: B[11]$_SDFFE_PP1P_ (rising edge-triggered flip-flop clocked by clk)
Endpoint: D[8] (output port clocked by clk)
Path Group: clk
Path Type: max

Fanout         Cap        Slew       Delay        Time   Description
---------------------------------------------------------------------------------------------
                      0.150000    0.000000    0.000000   clock clk (rise edge)
                                  0.000000    0.000000   clock network delay (ideal)
                      0.150000    0.000000    0.000000 ^ B[11]$_SDFFE_PP1P_/CLK (sg13g2_dfrbpq_1)
    14    0.072582    0.193087    0.278066    0.278066 ^ B[11]$_SDFFE_PP1P_/Q (sg13g2_dfrbpq_1)
                                                         B[11] (net)
                      0.193087    0.000000    0.278066 ^ _163_/S (sg13g2_mux2_1)
     1    0.006000    0.029293    0.145671    0.423737 v _163_/X (sg13g2_mux2_1)
                                                         D[8] (net)
                      0.029293    0.000000    0.423737 v D[8] (out)
                                              0.423737   data arrival time

                      0.150000   10.000000   10.000000   clock clk (rise edge)
                                  0.000000   10.000000   clock network delay (ideal)
                                 -0.250000    9.750000   clock uncertainty
                                  0.000000    9.750000   clock reconvergence pessimism
                                 -2.000000    7.750000   output external delay
                                              7.750000   data required time
---------------------------------------------------------------------------------------------
                                              7.750000   data required time
                                             -0.423737   data arrival time
---------------------------------------------------------------------------------------------
                                              7.326263   slack (MET)


Startpoint: B[11]$_SDFFE_PP1P_ (rising edge-triggered flip-flop clocked by clk)
Endpoint: D[9] (output port clocked by clk)
Path Group: clk
Path Type: max

Fanout         Cap        Slew       Delay        Time   Description
---------------------------------------------------------------------------------------------
                      0.150000    0.000000    0.000000   clock clk (rise edge)
                                  0.000000    0.000000   clock network delay (ideal)
                      0.150000    0.000000    0.000000 ^ B[11]$_SDFFE_PP1P_/CLK (sg13g2_dfrbpq_1)
    14    0.072582    0.193087    0.278066    0.278066 ^ B[11]$_SDFFE_PP1P_/Q (sg13g2_dfrbpq_1)
                                                         B[11] (net)
                      0.193087    0.000000    0.278066 ^ _164_/S (sg13g2_mux2_1)
     1    0.006000    0.029293    0.145671    0.423737 v _164_/X (sg13g2_mux2_1)
                                                         D[9] (net)
                      0.029293    0.000000    0.423737 v D[9] (out)
                                              0.423737   data arrival time

                      0.150000   10.000000   10.000000   clock clk (rise edge)
                                  0.000000   10.000000   clock network delay (ideal)
                                 -0.250000    9.750000   clock uncertainty
                                  0.000000    9.750000   clock reconvergence pessimism
                                 -2.000000    7.750000   output external delay
                                              7.750000   data required time
---------------------------------------------------------------------------------------------
                                              7.750000   data required time
                                             -0.423737   data arrival time
---------------------------------------------------------------------------------------------
                                              7.326263   slack (MET)


Startpoint: Om (input port clocked by clk)
Endpoint: BN[11]$_SDFFE_PP1P_ (rising edge-triggered flip-flop clocked by clk)
Path Group: clk
Path Type: max

Fanout         Cap        Slew       Delay        Time   Description
---------------------------------------------------------------------------------------------
                      0.150000    0.000000    0.000000   clock clk (rise edge)
                                  0.000000    0.000000   clock network delay (ideal)
                                  2.000000    2.000000 ^ input external delay
     3    0.011123    0.018723    0.005973    2.005973 ^ Om (in)
                                                         Om (net)
                      0.018723    0.000000    2.005973 ^ _096_/B_N (sg13g2_nor2b_1)
    12    0.037720    0.205977    0.185009    2.190982 ^ _096_/Y (sg13g2_nor2b_1)
                                                         _050_ (net)
                      0.205977    0.000000    2.190982 ^ _106_/C (sg13g2_nand4_1)
     1    0.003015    0.069355    0.102844    2.293826 v _106_/Y (sg13g2_nand4_1)
                                                         _058_ (net)
                      0.069355    0.000000    2.293826 v _107_/A2 (sg13g2_a21o_1)
     1    0.001523    0.016400    0.083355    2.377181 v _107_/X (sg13g2_a21o_1)
                                                         _002_ (net)
                      0.016400    0.000000    2.377181 v BN[11]$_SDFFE_PP1P_/D (sg13g2_dfrbpq_1)
                                              2.377181   data arrival time

                      0.150000   10.000000   10.000000   clock clk (rise edge)
                                  0.000000   10.000000   clock network delay (ideal)
                                 -0.250000    9.750000   clock uncertainty
                                  0.000000    9.750000   clock reconvergence pessimism
                                              9.750000 ^ BN[11]$_SDFFE_PP1P_/CLK (sg13g2_dfrbpq_1)
                                 -0.043277    9.706723   library setup time
                                              9.706723   data required time
---------------------------------------------------------------------------------------------
                                              9.706723   data required time
                                             -2.377181   data arrival time
---------------------------------------------------------------------------------------------
                                              7.329542   slack (MET)


Startpoint: Om (input port clocked by clk)
Endpoint: BN[3]$_SDFFE_PP1P_ (rising edge-triggered flip-flop clocked by clk)
Path Group: clk
Path Type: max

Fanout         Cap        Slew       Delay        Time   Description
---------------------------------------------------------------------------------------------
                      0.150000    0.000000    0.000000   clock clk (rise edge)
                                  0.000000    0.000000   clock network delay (ideal)
                                  2.000000    2.000000 ^ input external delay
     3    0.011123    0.018723    0.005973    2.005973 ^ Om (in)
                                                         Om (net)
                      0.018723    0.000000    2.005973 ^ _096_/B_N (sg13g2_nor2b_1)
    12    0.037720    0.205977    0.185009    2.190982 ^ _096_/Y (sg13g2_nor2b_1)
                                                         _050_ (net)
                      0.205977    0.000000    2.190982 ^ _113_/C (sg13g2_nand4_1)
     1    0.003015    0.069355    0.102844    2.293826 v _113_/Y (sg13g2_nand4_1)
                                                         _062_ (net)
                      0.069355    0.000000    2.293826 v _114_/A2 (sg13g2_a21o_1)
     1    0.001523    0.016400    0.083355    2.377181 v _114_/X (sg13g2_a21o_1)
                                                         _005_ (net)
                      0.016400    0.000000    2.377181 v BN[3]$_SDFFE_PP1P_/D (sg13g2_dfrbpq_1)
                                              2.377181   data arrival time

                      0.150000   10.000000   10.000000   clock clk (rise edge)
                                  0.000000   10.000000   clock network delay (ideal)
                                 -0.250000    9.750000   clock uncertainty
                                  0.000000    9.750000   clock reconvergence pessimism
                                              9.750000 ^ BN[3]$_SDFFE_PP1P_/CLK (sg13g2_dfrbpq_1)
                                 -0.043277    9.706723   library setup time
                                              9.706723   data required time
---------------------------------------------------------------------------------------------
                                              9.706723   data required time
                                             -2.377181   data arrival time
---------------------------------------------------------------------------------------------
                                              7.329542   slack (MET)


Startpoint: Om (input port clocked by clk)
Endpoint: BN[7]$_SDFFE_PP1P_ (rising edge-triggered flip-flop clocked by clk)
Path Group: clk
Path Type: max

Fanout         Cap        Slew       Delay        Time   Description
---------------------------------------------------------------------------------------------
                      0.150000    0.000000    0.000000   clock clk (rise edge)
                                  0.000000    0.000000   clock network delay (ideal)
                                  2.000000    2.000000 ^ input external delay
     3    0.011123    0.018723    0.005973    2.005973 ^ Om (in)
                                                         Om (net)
                      0.018723    0.000000    2.005973 ^ _096_/B_N (sg13g2_nor2b_1)
    12    0.037720    0.205977    0.185009    2.190982 ^ _096_/Y (sg13g2_nor2b_1)
                                                         _050_ (net)
                      0.205977    0.000000    2.190982 ^ _122_/C (sg13g2_nand4_1)
     1    0.003015    0.069355    0.102844    2.293826 v _122_/Y (sg13g2_nand4_1)
                                                         _067_ (net)
                      0.069355    0.000000    2.293826 v _123_/A2 (sg13g2_a21o_1)
     1    0.001523    0.016400    0.083355    2.377181 v _123_/X (sg13g2_a21o_1)
                                                         _009_ (net)
                      0.016400    0.000000    2.377181 v BN[7]$_SDFFE_PP1P_/D (sg13g2_dfrbpq_1)
                                              2.377181   data arrival time

                      0.150000   10.000000   10.000000   clock clk (rise edge)
                                  0.000000   10.000000   clock network delay (ideal)
                                 -0.250000    9.750000   clock uncertainty
                                  0.000000    9.750000   clock reconvergence pessimism
                                              9.750000 ^ BN[7]$_SDFFE_PP1P_/CLK (sg13g2_dfrbpq_1)
                                 -0.043277    9.706723   library setup time
                                              9.706723   data required time
---------------------------------------------------------------------------------------------
                                              9.706723   data required time
                                             -2.377181   data arrival time
---------------------------------------------------------------------------------------------
                                              7.329542   slack (MET)


Startpoint: Op (input port clocked by clk)
Endpoint: B[1]$_SDFFE_PP1P_ (rising edge-triggered flip-flop clocked by clk)
Path Group: clk
Path Type: max

Fanout         Cap        Slew       Delay        Time   Description
---------------------------------------------------------------------------------------------
                      0.150000    0.000000    0.000000   clock clk (rise edge)
                                  0.000000    0.000000   clock network delay (ideal)
                                  2.000000    2.000000 ^ input external delay
     3    0.011802    0.019142    0.006338    2.006338 ^ Op (in)
                                                         Op (net)
                      0.019142    0.000000    2.006338 ^ _128_/B_N (sg13g2_nor2b_1)
    12    0.040302    0.219215    0.194492    2.200829 ^ _128_/Y (sg13g2_nor2b_1)
                                                         _030_ (net)
                      0.219215    0.000000    2.200829 ^ _135_/C (sg13g2_nand3_1)
     1    0.003015    0.060554    0.083493    2.284323 v _135_/Y (sg13g2_nand3_1)
                                                         _034_ (net)
                      0.060554    0.000000    2.284323 v _136_/A2 (sg13g2_a21o_1)
     1    0.001523    0.016321    0.080742    2.365065 v _136_/X (sg13g2_a21o_1)
                                                         _015_ (net)
                      0.016321    0.000000    2.365065 v B[1]$_SDFFE_PP1P_/D (sg13g2_dfrbpq_1)
                                              2.365065   data arrival time

                      0.150000   10.000000   10.000000   clock clk (rise edge)
                                  0.000000   10.000000   clock network delay (ideal)
                                 -0.250000    9.750000   clock uncertainty
                                  0.000000    9.750000   clock reconvergence pessimism
                                              9.750000 ^ B[1]$_SDFFE_PP1P_/CLK (sg13g2_dfrbpq_1)
                                 -0.043256    9.706744   library setup time
                                              9.706744   data required time
---------------------------------------------------------------------------------------------
                                              9.706744   data required time
                                             -2.365065   data arrival time
---------------------------------------------------------------------------------------------
                                              7.341680   slack (MET)


Startpoint: Op (input port clocked by clk)
Endpoint: B[2]$_SDFFE_PP1P_ (rising edge-triggered flip-flop clocked by clk)
Path Group: clk
Path Type: max

Fanout         Cap        Slew       Delay        Time   Description
---------------------------------------------------------------------------------------------
                      0.150000    0.000000    0.000000   clock clk (rise edge)
                                  0.000000    0.000000   clock network delay (ideal)
                                  2.000000    2.000000 ^ input external delay
     3    0.011802    0.019142    0.006338    2.006338 ^ Op (in)
                                                         Op (net)
                      0.019142    0.000000    2.006338 ^ _128_/B_N (sg13g2_nor2b_1)
    12    0.040302    0.219215    0.194492    2.200829 ^ _128_/Y (sg13g2_nor2b_1)
                                                         _030_ (net)
                      0.219215    0.000000    2.200829 ^ _137_/C (sg13g2_nand3_1)
     1    0.003015    0.060554    0.083493    2.284323 v _137_/Y (sg13g2_nand3_1)
                                                         _035_ (net)
                      0.060554    0.000000    2.284323 v _138_/A2 (sg13g2_a21o_1)
     1    0.001523    0.016321    0.080742    2.365065 v _138_/X (sg13g2_a21o_1)
                                                         _016_ (net)
                      0.016321    0.000000    2.365065 v B[2]$_SDFFE_PP1P_/D (sg13g2_dfrbpq_1)
                                              2.365065   data arrival time

                      0.150000   10.000000   10.000000   clock clk (rise edge)
                                  0.000000   10.000000   clock network delay (ideal)
                                 -0.250000    9.750000   clock uncertainty
                                  0.000000    9.750000   clock reconvergence pessimism
                                              9.750000 ^ B[2]$_SDFFE_PP1P_/CLK (sg13g2_dfrbpq_1)
                                 -0.043256    9.706744   library setup time
                                              9.706744   data required time
---------------------------------------------------------------------------------------------
                                              9.706744   data required time
                                             -2.365065   data arrival time
---------------------------------------------------------------------------------------------
                                              7.341680   slack (MET)


Startpoint: Op (input port clocked by clk)
Endpoint: B[9]$_SDFFE_PP1P_ (rising edge-triggered flip-flop clocked by clk)
Path Group: clk
Path Type: max

Fanout         Cap        Slew       Delay        Time   Description
---------------------------------------------------------------------------------------------
                      0.150000    0.000000    0.000000   clock clk (rise edge)
                                  0.000000    0.000000   clock network delay (ideal)
                                  2.000000    2.000000 ^ input external delay
     3    0.011802    0.019142    0.006338    2.006338 ^ Op (in)
                                                         Op (net)
                      0.019142    0.000000    2.006338 ^ _128_/B_N (sg13g2_nor2b_1)
    12    0.040302    0.219215    0.194492    2.200829 ^ _128_/Y (sg13g2_nor2b_1)
                                                         _030_ (net)
                      0.219215    0.000000    2.200829 ^ _151_/C (sg13g2_nand3_1)
     1    0.003015    0.059044    0.083493    2.284323 v _151_/Y (sg13g2_nand3_1)
                                                         _042_ (net)
                      0.059044    0.000000    2.284323 v _152_/A2 (sg13g2_a21o_1)
     1    0.001523    0.016321    0.080294    2.364616 v _152_/X (sg13g2_a21o_1)
                                                         _023_ (net)
                      0.016321    0.000000    2.364616 v B[9]$_SDFFE_PP1P_/D (sg13g2_dfrbpq_1)
                                              2.364616   data arrival time

                      0.150000   10.000000   10.000000   clock clk (rise edge)
                                  0.000000   10.000000   clock network delay (ideal)
                                 -0.250000    9.750000   clock uncertainty
                                  0.000000    9.750000   clock reconvergence pessimism
                                              9.750000 ^ B[9]$_SDFFE_PP1P_/CLK (sg13g2_dfrbpq_1)
                                 -0.043256    9.706744   library setup time
                                              9.706744   data required time
---------------------------------------------------------------------------------------------
                                              9.706744   data required time
                                             -2.364616   data arrival time
---------------------------------------------------------------------------------------------
                                              7.342128   slack (MET)


Startpoint: Op (input port clocked by clk)
Endpoint: B[0]$_SDFFE_PP1P_ (rising edge-triggered flip-flop clocked by clk)
Path Group: clk
Path Type: max

Fanout         Cap        Slew       Delay        Time   Description
---------------------------------------------------------------------------------------------
                      0.150000    0.000000    0.000000   clock clk (rise edge)
                                  0.000000    0.000000   clock network delay (ideal)
                                  2.000000    2.000000 ^ input external delay
     3    0.011802    0.019142    0.006338    2.006338 ^ Op (in)
                                                         Op (net)
                      0.019142    0.000000    2.006338 ^ _128_/B_N (sg13g2_nor2b_1)
    12    0.040302    0.219215    0.194492    2.200829 ^ _128_/Y (sg13g2_nor2b_1)
                                                         _030_ (net)
                      0.219215    0.000000    2.200829 ^ _129_/C (sg13g2_nand3_1)
     1    0.003015    0.056507    0.083493    2.284323 v _129_/Y (sg13g2_nand3_1)
                                                         _031_ (net)
                      0.056507    0.000000    2.284323 v _130_/A2 (sg13g2_a21o_1)
     1    0.001523    0.016321    0.079541    2.363863 v _130_/X (sg13g2_a21o_1)
                                                         _012_ (net)
                      0.016321    0.000000    2.363863 v B[0]$_SDFFE_PP1P_/D (sg13g2_dfrbpq_1)
                                              2.363863   data arrival time

                      0.150000   10.000000   10.000000   clock clk (rise edge)
                                  0.000000   10.000000   clock network delay (ideal)
                                 -0.250000    9.750000   clock uncertainty
                                  0.000000    9.750000   clock reconvergence pessimism
                                              9.750000 ^ B[0]$_SDFFE_PP1P_/CLK (sg13g2_dfrbpq_1)
                                 -0.043256    9.706744   library setup time
                                              9.706744   data required time
---------------------------------------------------------------------------------------------
                                              9.706744   data required time
                                             -2.363863   data arrival time
---------------------------------------------------------------------------------------------
                                              7.342881   slack (MET)


Startpoint: Op (input port clocked by clk)
Endpoint: B[4]$_SDFFE_PP1P_ (rising edge-triggered flip-flop clocked by clk)
Path Group: clk
Path Type: max

Fanout         Cap        Slew       Delay        Time   Description
---------------------------------------------------------------------------------------------
                      0.150000    0.000000    0.000000   clock clk (rise edge)
                                  0.000000    0.000000   clock network delay (ideal)
                                  2.000000    2.000000 ^ input external delay
     3    0.011802    0.019142    0.006338    2.006338 ^ Op (in)
                                                         Op (net)
                      0.019142    0.000000    2.006338 ^ _128_/B_N (sg13g2_nor2b_1)
    12    0.040302    0.219215    0.194492    2.200829 ^ _128_/Y (sg13g2_nor2b_1)
                                                         _030_ (net)
                      0.219215    0.000000    2.200829 ^ _141_/C (sg13g2_nand3_1)
     1    0.003015    0.056507    0.083493    2.284323 v _141_/Y (sg13g2_nand3_1)
                                                         _037_ (net)
                      0.056507    0.000000    2.284323 v _142_/A2 (sg13g2_a21o_1)
     1    0.001523    0.016321    0.079541    2.363863 v _142_/X (sg13g2_a21o_1)
                                                         _018_ (net)
                      0.016321    0.000000    2.363863 v B[4]$_SDFFE_PP1P_/D (sg13g2_dfrbpq_1)
                                              2.363863   data arrival time

                      0.150000   10.000000   10.000000   clock clk (rise edge)
                                  0.000000   10.000000   clock network delay (ideal)
                                 -0.250000    9.750000   clock uncertainty
                                  0.000000    9.750000   clock reconvergence pessimism
                                              9.750000 ^ B[4]$_SDFFE_PP1P_/CLK (sg13g2_dfrbpq_1)
                                 -0.043256    9.706744   library setup time
                                              9.706744   data required time
---------------------------------------------------------------------------------------------
                                              9.706744   data required time
                                             -2.363863   data arrival time
---------------------------------------------------------------------------------------------
                                              7.342881   slack (MET)


Startpoint: Op (input port clocked by clk)
Endpoint: B[8]$_SDFFE_PP1P_ (rising edge-triggered flip-flop clocked by clk)
Path Group: clk
Path Type: max

Fanout         Cap        Slew       Delay        Time   Description
---------------------------------------------------------------------------------------------
                      0.150000    0.000000    0.000000   clock clk (rise edge)
                                  0.000000    0.000000   clock network delay (ideal)
                                  2.000000    2.000000 ^ input external delay
     3    0.011802    0.019142    0.006338    2.006338 ^ Op (in)
                                                         Op (net)
                      0.019142    0.000000    2.006338 ^ _128_/B_N (sg13g2_nor2b_1)
    12    0.040302    0.219215    0.194492    2.200829 ^ _128_/Y (sg13g2_nor2b_1)
                                                         _030_ (net)
                      0.219215    0.000000    2.200829 ^ _149_/C (sg13g2_nand3_1)
     1    0.003015    0.056507    0.083493    2.284323 v _149_/Y (sg13g2_nand3_1)
                                                         _041_ (net)
                      0.056507    0.000000    2.284323 v _150_/A2 (sg13g2_a21o_1)
     1    0.001523    0.016321    0.079541    2.363863 v _150_/X (sg13g2_a21o_1)
                                                         _022_ (net)
                      0.016321    0.000000    2.363863 v B[8]$_SDFFE_PP1P_/D (sg13g2_dfrbpq_1)
                                              2.363863   data arrival time

                      0.150000   10.000000   10.000000   clock clk (rise edge)
                                  0.000000   10.000000   clock network delay (ideal)
                                 -0.250000    9.750000   clock uncertainty
                                  0.000000    9.750000   clock reconvergence pessimism
                                              9.750000 ^ B[8]$_SDFFE_PP1P_/CLK (sg13g2_dfrbpq_1)
                                 -0.043256    9.706744   library setup time
                                              9.706744   data required time
---------------------------------------------------------------------------------------------
                                              9.706744   data required time
                                             -2.363863   data arrival time
---------------------------------------------------------------------------------------------
                                              7.342881   slack (MET)


Startpoint: Op (input port clocked by clk)
Endpoint: B[10]$_SDFFE_PP1P_ (rising edge-triggered flip-flop clocked by clk)
Path Group: clk
Path Type: max

Fanout         Cap        Slew       Delay        Time   Description
---------------------------------------------------------------------------------------------
                      0.150000    0.000000    0.000000   clock clk (rise edge)
                                  0.000000    0.000000   clock network delay (ideal)
                                  2.000000    2.000000 ^ input external delay
     3    0.011802    0.019142    0.006338    2.006338 ^ Op (in)
                                                         Op (net)
                      0.019142    0.000000    2.006338 ^ _128_/B_N (sg13g2_nor2b_1)
    12    0.040302    0.219215    0.194492    2.200829 ^ _128_/Y (sg13g2_nor2b_1)
                                                         _030_ (net)
                      0.219215    0.000000    2.200829 ^ _131_/C (sg13g2_nand3_1)
     1    0.003015    0.054770    0.083493    2.284323 v _131_/Y (sg13g2_nand3_1)
                                                         _032_ (net)
                      0.054770    0.000000    2.284323 v _132_/A2 (sg13g2_a21o_1)
     1    0.001523    0.016321    0.079025    2.363348 v _132_/X (sg13g2_a21o_1)
                                                         _013_ (net)
                      0.016321    0.000000    2.363348 v B[10]$_SDFFE_PP1P_/D (sg13g2_dfrbpq_1)
                                              2.363348   data arrival time

                      0.150000   10.000000   10.000000   clock clk (rise edge)
                                  0.000000   10.000000   clock network delay (ideal)
                                 -0.250000    9.750000   clock uncertainty
                                  0.000000    9.750000   clock reconvergence pessimism
                                              9.750000 ^ B[10]$_SDFFE_PP1P_/CLK (sg13g2_dfrbpq_1)
                                 -0.043256    9.706744   library setup time
                                              9.706744   data required time
---------------------------------------------------------------------------------------------
                                              9.706744   data required time
                                             -2.363348   data arrival time
---------------------------------------------------------------------------------------------
                                              7.343396   slack (MET)


Startpoint: Op (input port clocked by clk)
Endpoint: B[5]$_SDFFE_PP1P_ (rising edge-triggered flip-flop clocked by clk)
Path Group: clk
Path Type: max

Fanout         Cap        Slew       Delay        Time   Description
---------------------------------------------------------------------------------------------
                      0.150000    0.000000    0.000000   clock clk (rise edge)
                                  0.000000    0.000000   clock network delay (ideal)
                                  2.000000    2.000000 ^ input external delay
     3    0.011802    0.019142    0.006338    2.006338 ^ Op (in)
                                                         Op (net)
                      0.019142    0.000000    2.006338 ^ _128_/B_N (sg13g2_nor2b_1)
    12    0.040302    0.219215    0.194492    2.200829 ^ _128_/Y (sg13g2_nor2b_1)
                                                         _030_ (net)
                      0.219215    0.000000    2.200829 ^ _143_/C (sg13g2_nand3_1)
     1    0.003015    0.054024    0.083493    2.284323 v _143_/Y (sg13g2_nand3_1)
                                                         _038_ (net)
                      0.054024    0.000000    2.284323 v _144_/A2 (sg13g2_a21o_1)
     1    0.001523    0.016321    0.078803    2.363126 v _144_/X (sg13g2_a21o_1)
                                                         _019_ (net)
                      0.016321    0.000000    2.363126 v B[5]$_SDFFE_PP1P_/D (sg13g2_dfrbpq_1)
                                              2.363126   data arrival time

                      0.150000   10.000000   10.000000   clock clk (rise edge)
                                  0.000000   10.000000   clock network delay (ideal)
                                 -0.250000    9.750000   clock uncertainty
                                  0.000000    9.750000   clock reconvergence pessimism
                                              9.750000 ^ B[5]$_SDFFE_PP1P_/CLK (sg13g2_dfrbpq_1)
                                 -0.043256    9.706744   library setup time
                                              9.706744   data required time
---------------------------------------------------------------------------------------------
                                              9.706744   data required time
                                             -2.363126   data arrival time
---------------------------------------------------------------------------------------------
                                              7.343618   slack (MET)


Startpoint: Op (input port clocked by clk)
Endpoint: B[6]$_SDFFE_PP1P_ (rising edge-triggered flip-flop clocked by clk)
Path Group: clk
Path Type: max

Fanout         Cap        Slew       Delay        Time   Description
---------------------------------------------------------------------------------------------
                      0.150000    0.000000    0.000000   clock clk (rise edge)
                                  0.000000    0.000000   clock network delay (ideal)
                                  2.000000    2.000000 ^ input external delay
     3    0.011802    0.019142    0.006338    2.006338 ^ Op (in)
                                                         Op (net)
                      0.019142    0.000000    2.006338 ^ _128_/B_N (sg13g2_nor2b_1)
    12    0.040302    0.219215    0.194492    2.200829 ^ _128_/Y (sg13g2_nor2b_1)
                                                         _030_ (net)
                      0.219215    0.000000    2.200829 ^ _145_/C (sg13g2_nand3_1)
     1    0.003015    0.054024    0.083493    2.284323 v _145_/Y (sg13g2_nand3_1)
                                                         _039_ (net)
                      0.054024    0.000000    2.284323 v _146_/A2 (sg13g2_a21o_1)
     1    0.001523    0.016321    0.078803    2.363126 v _146_/X (sg13g2_a21o_1)
                                                         _020_ (net)
                      0.016321    0.000000    2.363126 v B[6]$_SDFFE_PP1P_/D (sg13g2_dfrbpq_1)
                                              2.363126   data arrival time

                      0.150000   10.000000   10.000000   clock clk (rise edge)
                                  0.000000   10.000000   clock network delay (ideal)
                                 -0.250000    9.750000   clock uncertainty
                                  0.000000    9.750000   clock reconvergence pessimism
                                              9.750000 ^ B[6]$_SDFFE_PP1P_/CLK (sg13g2_dfrbpq_1)
                                 -0.043256    9.706744   library setup time
                                              9.706744   data required time
---------------------------------------------------------------------------------------------
                                              9.706744   data required time
                                             -2.363126   data arrival time
---------------------------------------------------------------------------------------------
                                              7.343618   slack (MET)


Startpoint: Om (input port clocked by clk)
Endpoint: BN[0]$_SDFFE_PP1P_ (rising edge-triggered flip-flop clocked by clk)
Path Group: clk
Path Type: max

Fanout         Cap        Slew       Delay        Time   Description
---------------------------------------------------------------------------------------------
                      0.150000    0.000000    0.000000   clock clk (rise edge)
                                  0.000000    0.000000   clock network delay (ideal)
                                  2.000000    2.000000 ^ input external delay
     3    0.011123    0.018723    0.005973    2.005973 ^ Om (in)
                                                         Om (net)
                      0.018723    0.000000    2.005973 ^ _096_/B_N (sg13g2_nor2b_1)
    12    0.037720    0.205977    0.185009    2.190982 ^ _096_/Y (sg13g2_nor2b_1)
                                                         _050_ (net)
                      0.205977    0.000000    2.190982 ^ _100_/A (sg13g2_nand3_1)
     1    0.003015    0.063969    0.080450    2.271431 v _100_/Y (sg13g2_nand3_1)
                                                         _054_ (net)
                      0.063969    0.000000    2.271431 v _101_/A2 (sg13g2_a21o_1)
     1    0.001523    0.016321    0.081756    2.353187 v _101_/X (sg13g2_a21o_1)
                                                         _000_ (net)
                      0.016321    0.000000    2.353187 v BN[0]$_SDFFE_PP1P_/D (sg13g2_dfrbpq_1)
                                              2.353187   data arrival time

                      0.150000   10.000000   10.000000   clock clk (rise edge)
                                  0.000000   10.000000   clock network delay (ideal)
                                 -0.250000    9.750000   clock uncertainty
                                  0.000000    9.750000   clock reconvergence pessimism
                                              9.750000 ^ BN[0]$_SDFFE_PP1P_/CLK (sg13g2_dfrbpq_1)
                                 -0.043256    9.706744   library setup time
                                              9.706744   data required time
---------------------------------------------------------------------------------------------
                                              9.706744   data required time
                                             -2.353187   data arrival time
---------------------------------------------------------------------------------------------
                                              7.353557   slack (MET)


Startpoint: Om (input port clocked by clk)
Endpoint: BN[10]$_SDFFE_PP1P_ (rising edge-triggered flip-flop clocked by clk)
Path Group: clk
Path Type: max

Fanout         Cap        Slew       Delay        Time   Description
---------------------------------------------------------------------------------------------
                      0.150000    0.000000    0.000000   clock clk (rise edge)
                                  0.000000    0.000000   clock network delay (ideal)
                                  2.000000    2.000000 ^ input external delay
     3    0.011123    0.018723    0.005973    2.005973 ^ Om (in)
                                                         Om (net)
                      0.018723    0.000000    2.005973 ^ _096_/B_N (sg13g2_nor2b_1)
    12    0.037720    0.205977    0.185009    2.190982 ^ _096_/Y (sg13g2_nor2b_1)
                                                         _050_ (net)
                      0.205977    0.000000    2.190982 ^ _104_/A (sg13g2_nand3_1)
     1    0.003015    0.063969    0.080450    2.271431 v _104_/Y (sg13g2_nand3_1)
                                                         _057_ (net)
                      0.063969    0.000000    2.271431 v _105_/A2 (sg13g2_a21o_1)
     1    0.001523    0.016321    0.081756    2.353187 v _105_/X (sg13g2_a21o_1)
                                                         _001_ (net)
                      0.016321    0.000000    2.353187 v BN[10]$_SDFFE_PP1P_/D (sg13g2_dfrbpq_1)
                                              2.353187   data arrival time

                      0.150000   10.000000   10.000000   clock clk (rise edge)
                                  0.000000   10.000000   clock network delay (ideal)
                                 -0.250000    9.750000   clock uncertainty
                                  0.000000    9.750000   clock reconvergence pessimism
                                              9.750000 ^ BN[10]$_SDFFE_PP1P_/CLK (sg13g2_dfrbpq_1)
                                 -0.043256    9.706744   library setup time
                                              9.706744   data required time
---------------------------------------------------------------------------------------------
                                              9.706744   data required time
                                             -2.353187   data arrival time
---------------------------------------------------------------------------------------------
                                              7.353557   slack (MET)


Startpoint: Om (input port clocked by clk)
Endpoint: BN[1]$_SDFFE_PP1P_ (rising edge-triggered flip-flop clocked by clk)
Path Group: clk
Path Type: max

Fanout         Cap        Slew       Delay        Time   Description
---------------------------------------------------------------------------------------------
                      0.150000    0.000000    0.000000   clock clk (rise edge)
                                  0.000000    0.000000   clock network delay (ideal)
                                  2.000000    2.000000 ^ input external delay
     3    0.011123    0.018723    0.005973    2.005973 ^ Om (in)
                                                         Om (net)
                      0.018723    0.000000    2.005973 ^ _096_/B_N (sg13g2_nor2b_1)
    12    0.037720    0.205977    0.185009    2.190982 ^ _096_/Y (sg13g2_nor2b_1)
                                                         _050_ (net)
                      0.205977    0.000000    2.190982 ^ _109_/A (sg13g2_nand3_1)
     1    0.003015    0.063969    0.080450    2.271431 v _109_/Y (sg13g2_nand3_1)
                                                         _060_ (net)
                      0.063969    0.000000    2.271431 v _110_/A2 (sg13g2_a21o_1)
     1    0.001523    0.016321    0.081756    2.353187 v _110_/X (sg13g2_a21o_1)
                                                         _003_ (net)
                      0.016321    0.000000    2.353187 v BN[1]$_SDFFE_PP1P_/D (sg13g2_dfrbpq_1)
                                              2.353187   data arrival time

                      0.150000   10.000000   10.000000   clock clk (rise edge)
                                  0.000000   10.000000   clock network delay (ideal)
                                 -0.250000    9.750000   clock uncertainty
                                  0.000000    9.750000   clock reconvergence pessimism
                                              9.750000 ^ BN[1]$_SDFFE_PP1P_/CLK (sg13g2_dfrbpq_1)
                                 -0.043256    9.706744   library setup time
                                              9.706744   data required time
---------------------------------------------------------------------------------------------
                                              9.706744   data required time
                                             -2.353187   data arrival time
---------------------------------------------------------------------------------------------
                                              7.353557   slack (MET)


Startpoint: Om (input port clocked by clk)
Endpoint: BN[2]$_SDFFE_PP1P_ (rising edge-triggered flip-flop clocked by clk)
Path Group: clk
Path Type: max

Fanout         Cap        Slew       Delay        Time   Description
---------------------------------------------------------------------------------------------
                      0.150000    0.000000    0.000000   clock clk (rise edge)
                                  0.000000    0.000000   clock network delay (ideal)
                                  2.000000    2.000000 ^ input external delay
     3    0.011123    0.018723    0.005973    2.005973 ^ Om (in)
                                                         Om (net)
                      0.018723    0.000000    2.005973 ^ _096_/B_N (sg13g2_nor2b_1)
    12    0.037720    0.205977    0.185009    2.190982 ^ _096_/Y (sg13g2_nor2b_1)
                                                         _050_ (net)
                      0.205977    0.000000    2.190982 ^ _111_/A (sg13g2_nand3_1)
     1    0.003015    0.063969    0.080450    2.271431 v _111_/Y (sg13g2_nand3_1)
                                                         _061_ (net)
                      0.063969    0.000000    2.271431 v _112_/A2 (sg13g2_a21o_1)
     1    0.001523    0.016321    0.081756    2.353187 v _112_/X (sg13g2_a21o_1)
                                                         _004_ (net)
                      0.016321    0.000000    2.353187 v BN[2]$_SDFFE_PP1P_/D (sg13g2_dfrbpq_1)
                                              2.353187   data arrival time

                      0.150000   10.000000   10.000000   clock clk (rise edge)
                                  0.000000   10.000000   clock network delay (ideal)
                                 -0.250000    9.750000   clock uncertainty
                                  0.000000    9.750000   clock reconvergence pessimism
                                              9.750000 ^ BN[2]$_SDFFE_PP1P_/CLK (sg13g2_dfrbpq_1)
                                 -0.043256    9.706744   library setup time
                                              9.706744   data required time
---------------------------------------------------------------------------------------------
                                              9.706744   data required time
                                             -2.353187   data arrival time
---------------------------------------------------------------------------------------------
                                              7.353557   slack (MET)


Startpoint: Om (input port clocked by clk)
Endpoint: BN[4]$_SDFFE_PP1P_ (rising edge-triggered flip-flop clocked by clk)
Path Group: clk
Path Type: max

Fanout         Cap        Slew       Delay        Time   Description
---------------------------------------------------------------------------------------------
                      0.150000    0.000000    0.000000   clock clk (rise edge)
                                  0.000000    0.000000   clock network delay (ideal)
                                  2.000000    2.000000 ^ input external delay
     3    0.011123    0.018723    0.005973    2.005973 ^ Om (in)
                                                         Om (net)
                      0.018723    0.000000    2.005973 ^ _096_/B_N (sg13g2_nor2b_1)
    12    0.037720    0.205977    0.185009    2.190982 ^ _096_/Y (sg13g2_nor2b_1)
                                                         _050_ (net)
                      0.205977    0.000000    2.190982 ^ _116_/A (sg13g2_nand3_1)
     1    0.003015    0.063969    0.080450    2.271431 v _116_/Y (sg13g2_nand3_1)
                                                         _064_ (net)
                      0.063969    0.000000    2.271431 v _117_/A2 (sg13g2_a21o_1)
     1    0.001523    0.016321    0.081756    2.353187 v _117_/X (sg13g2_a21o_1)
                                                         _006_ (net)
                      0.016321    0.000000    2.353187 v BN[4]$_SDFFE_PP1P_/D (sg13g2_dfrbpq_1)
                                              2.353187   data arrival time

                      0.150000   10.000000   10.000000   clock clk (rise edge)
                                  0.000000   10.000000   clock network delay (ideal)
                                 -0.250000    9.750000   clock uncertainty
                                  0.000000    9.750000   clock reconvergence pessimism
                                              9.750000 ^ BN[4]$_SDFFE_PP1P_/CLK (sg13g2_dfrbpq_1)
                                 -0.043256    9.706744   library setup time
                                              9.706744   data required time
---------------------------------------------------------------------------------------------
                                              9.706744   data required time
                                             -2.353187   data arrival time
---------------------------------------------------------------------------------------------
                                              7.353557   slack (MET)


Startpoint: Om (input port clocked by clk)
Endpoint: BN[5]$_SDFFE_PP1P_ (rising edge-triggered flip-flop clocked by clk)
Path Group: clk
Path Type: max

Fanout         Cap        Slew       Delay        Time   Description
---------------------------------------------------------------------------------------------
                      0.150000    0.000000    0.000000   clock clk (rise edge)
                                  0.000000    0.000000   clock network delay (ideal)
                                  2.000000    2.000000 ^ input external delay
     3    0.011123    0.018723    0.005973    2.005973 ^ Om (in)
                                                         Om (net)
                      0.018723    0.000000    2.005973 ^ _096_/B_N (sg13g2_nor2b_1)
    12    0.037720    0.205977    0.185009    2.190982 ^ _096_/Y (sg13g2_nor2b_1)
                                                         _050_ (net)
                      0.205977    0.000000    2.190982 ^ _118_/A (sg13g2_nand3_1)
     1    0.003015    0.063969    0.080450    2.271431 v _118_/Y (sg13g2_nand3_1)
                                                         _065_ (net)
                      0.063969    0.000000    2.271431 v _119_/A2 (sg13g2_a21o_1)
     1    0.001523    0.016321    0.081756    2.353187 v _119_/X (sg13g2_a21o_1)
                                                         _007_ (net)
                      0.016321    0.000000    2.353187 v BN[5]$_SDFFE_PP1P_/D (sg13g2_dfrbpq_1)
                                              2.353187   data arrival time

                      0.150000   10.000000   10.000000   clock clk (rise edge)
                                  0.000000   10.000000   clock network delay (ideal)
                                 -0.250000    9.750000   clock uncertainty
                                  0.000000    9.750000   clock reconvergence pessimism
                                              9.750000 ^ BN[5]$_SDFFE_PP1P_/CLK (sg13g2_dfrbpq_1)
                                 -0.043256    9.706744   library setup time
                                              9.706744   data required time
---------------------------------------------------------------------------------------------
                                              9.706744   data required time
                                             -2.353187   data arrival time
---------------------------------------------------------------------------------------------
                                              7.353557   slack (MET)


Startpoint: Om (input port clocked by clk)
Endpoint: BN[6]$_SDFFE_PP1P_ (rising edge-triggered flip-flop clocked by clk)
Path Group: clk
Path Type: max

Fanout         Cap        Slew       Delay        Time   Description
---------------------------------------------------------------------------------------------
                      0.150000    0.000000    0.000000   clock clk (rise edge)
                                  0.000000    0.000000   clock network delay (ideal)
                                  2.000000    2.000000 ^ input external delay
     3    0.011123    0.018723    0.005973    2.005973 ^ Om (in)
                                                         Om (net)
                      0.018723    0.000000    2.005973 ^ _096_/B_N (sg13g2_nor2b_1)
    12    0.037720    0.205977    0.185009    2.190982 ^ _096_/Y (sg13g2_nor2b_1)
                                                         _050_ (net)
                      0.205977    0.000000    2.190982 ^ _120_/A (sg13g2_nand3_1)
     1    0.003015    0.063969    0.080450    2.271431 v _120_/Y (sg13g2_nand3_1)
                                                         _066_ (net)
                      0.063969    0.000000    2.271431 v _121_/A2 (sg13g2_a21o_1)
     1    0.001523    0.016321    0.081756    2.353187 v _121_/X (sg13g2_a21o_1)
                                                         _008_ (net)
                      0.016321    0.000000    2.353187 v BN[6]$_SDFFE_PP1P_/D (sg13g2_dfrbpq_1)
                                              2.353187   data arrival time

                      0.150000   10.000000   10.000000   clock clk (rise edge)
                                  0.000000   10.000000   clock network delay (ideal)
                                 -0.250000    9.750000   clock uncertainty
                                  0.000000    9.750000   clock reconvergence pessimism
                                              9.750000 ^ BN[6]$_SDFFE_PP1P_/CLK (sg13g2_dfrbpq_1)
                                 -0.043256    9.706744   library setup time
                                              9.706744   data required time
---------------------------------------------------------------------------------------------
                                              9.706744   data required time
                                             -2.353187   data arrival time
---------------------------------------------------------------------------------------------
                                              7.353557   slack (MET)


Startpoint: Om (input port clocked by clk)
Endpoint: BN[8]$_SDFFE_PP1P_ (rising edge-triggered flip-flop clocked by clk)
Path Group: clk
Path Type: max

Fanout         Cap        Slew       Delay        Time   Description
---------------------------------------------------------------------------------------------
                      0.150000    0.000000    0.000000   clock clk (rise edge)
                                  0.000000    0.000000   clock network delay (ideal)
                                  2.000000    2.000000 ^ input external delay
     3    0.011123    0.018723    0.005973    2.005973 ^ Om (in)
                                                         Om (net)
                      0.018723    0.000000    2.005973 ^ _096_/B_N (sg13g2_nor2b_1)
    12    0.037720    0.205977    0.185009    2.190982 ^ _096_/Y (sg13g2_nor2b_1)
                                                         _050_ (net)
                      0.205977    0.000000    2.190982 ^ _124_/A (sg13g2_nand3_1)
     1    0.003015    0.063969    0.080450    2.271431 v _124_/Y (sg13g2_nand3_1)
                                                         _028_ (net)
                      0.063969    0.000000    2.271431 v _125_/A2 (sg13g2_a21o_1)
     1    0.001523    0.016321    0.081756    2.353187 v _125_/X (sg13g2_a21o_1)
                                                         _010_ (net)
                      0.016321    0.000000    2.353187 v BN[8]$_SDFFE_PP1P_/D (sg13g2_dfrbpq_1)
                                              2.353187   data arrival time

                      0.150000   10.000000   10.000000   clock clk (rise edge)
                                  0.000000   10.000000   clock network delay (ideal)
                                 -0.250000    9.750000   clock uncertainty
                                  0.000000    9.750000   clock reconvergence pessimism
                                              9.750000 ^ BN[8]$_SDFFE_PP1P_/CLK (sg13g2_dfrbpq_1)
                                 -0.043256    9.706744   library setup time
                                              9.706744   data required time
---------------------------------------------------------------------------------------------
                                              9.706744   data required time
                                             -2.353187   data arrival time
---------------------------------------------------------------------------------------------
                                              7.353557   slack (MET)


Startpoint: Om (input port clocked by clk)
Endpoint: BN[9]$_SDFFE_PP1P_ (rising edge-triggered flip-flop clocked by clk)
Path Group: clk
Path Type: max

Fanout         Cap        Slew       Delay        Time   Description
---------------------------------------------------------------------------------------------
                      0.150000    0.000000    0.000000   clock clk (rise edge)
                                  0.000000    0.000000   clock network delay (ideal)
                                  2.000000    2.000000 ^ input external delay
     3    0.011123    0.018723    0.005973    2.005973 ^ Om (in)
                                                         Om (net)
                      0.018723    0.000000    2.005973 ^ _096_/B_N (sg13g2_nor2b_1)
    12    0.037720    0.205977    0.185009    2.190982 ^ _096_/Y (sg13g2_nor2b_1)
                                                         _050_ (net)
                      0.205977    0.000000    2.190982 ^ _126_/A (sg13g2_nand3_1)
     1    0.003015    0.063969    0.080450    2.271431 v _126_/Y (sg13g2_nand3_1)
                                                         _029_ (net)
                      0.063969    0.000000    2.271431 v _127_/A2 (sg13g2_a21o_1)
     1    0.001523    0.016321    0.081756    2.353187 v _127_/X (sg13g2_a21o_1)
                                                         _011_ (net)
                      0.016321    0.000000    2.353187 v BN[9]$_SDFFE_PP1P_/D (sg13g2_dfrbpq_1)
                                              2.353187   data arrival time

                      0.150000   10.000000   10.000000   clock clk (rise edge)
                                  0.000000   10.000000   clock network delay (ideal)
                                 -0.250000    9.750000   clock uncertainty
                                  0.000000    9.750000   clock reconvergence pessimism
                                              9.750000 ^ BN[9]$_SDFFE_PP1P_/CLK (sg13g2_dfrbpq_1)
                                 -0.043256    9.706744   library setup time
                                              9.706744   data required time
---------------------------------------------------------------------------------------------
                                              9.706744   data required time
                                             -2.353187   data arrival time
---------------------------------------------------------------------------------------------
                                              7.353557   slack (MET)


Startpoint: B[11]$_SDFFE_PP1P_ (rising edge-triggered flip-flop clocked by clk)
Endpoint: D[0] (output port clocked by clk)
Path Group: clk
Path Type: max

Fanout         Cap        Slew       Delay        Time   Description
---------------------------------------------------------------------------------------------
                      0.150000    0.000000    0.000000   clock clk (rise edge)
                                  0.000000    0.000000   clock network delay (ideal)
                      0.150000    0.000000    0.000000 ^ B[11]$_SDFFE_PP1P_/CLK (sg13g2_dfrbpq_1)
    14    0.072582    0.193087    0.278066    0.278066 ^ B[11]$_SDFFE_PP1P_/Q (sg13g2_dfrbpq_1)
                                                         B[11] (net)
                      0.193087    0.000000    0.278066 ^ _153_/A (sg13g2_or2_1)
     1    0.006000    0.028646    0.098980    0.377046 ^ _153_/X (sg13g2_or2_1)
                                                         D[0] (net)
                      0.028646    0.000000    0.377046 ^ D[0] (out)
                                              0.377046   data arrival time

                      0.150000   10.000000   10.000000   clock clk (rise edge)
                                  0.000000   10.000000   clock network delay (ideal)
                                 -0.250000    9.750000   clock uncertainty
                                  0.000000    9.750000   clock reconvergence pessimism
                                 -2.000000    7.750000   output external delay
                                              7.750000   data required time
---------------------------------------------------------------------------------------------
                                              7.750000   data required time
                                             -0.377046   data arrival time
---------------------------------------------------------------------------------------------
                                              7.372954   slack (MET)


Startpoint: Op (input port clocked by clk)
Endpoint: dbit[3]$_SDFFE_PP1P_ (rising edge-triggered flip-flop clocked by clk)
Path Group: clk
Path Type: max

Fanout         Cap        Slew       Delay        Time   Description
---------------------------------------------------------------------------------------------
                      0.150000    0.000000    0.000000   clock clk (rise edge)
                                  0.000000    0.000000   clock network delay (ideal)
                                  2.000000    2.000000 v input external delay
     3    0.011561    0.015453    0.005355    2.005355 v Op (in)
                                                         Op (net)
                      0.015453    0.000000    2.005355 v _165_/A (sg13g2_xnor2_1)
     6    0.017536    0.084959    0.098298    2.103653 v _165_/Y (sg13g2_xnor2_1)
                                                         _043_ (net)
                      0.084959    0.000000    2.103653 v _172_/A_N (sg13g2_nand3b_1)
     2    0.006328    0.073258    0.095669    2.199322 v _172_/Y (sg13g2_nand3b_1)
                                                         _048_ (net)
                      0.073258    0.000000    2.199322 v _175_/A2 (sg13g2_a21o_1)
     1    0.001523    0.016465    0.084514    2.283836 v _175_/X (sg13g2_a21o_1)
                                                         _027_ (net)
                      0.016465    0.000000    2.283836 v dbit[3]$_SDFFE_PP1P_/D (sg13g2_dfrbpq_1)
                                              2.283836   data arrival time

                      0.150000   10.000000   10.000000   clock clk (rise edge)
                                  0.000000   10.000000   clock network delay (ideal)
                                 -0.250000    9.750000   clock uncertainty
                                  0.000000    9.750000   clock reconvergence pessimism
                                              9.750000 ^ dbit[3]$_SDFFE_PP1P_/CLK (sg13g2_dfrbpq_1)
                                 -0.043295    9.706705   library setup time
                                              9.706705   data required time
---------------------------------------------------------------------------------------------
                                              9.706705   data required time
                                             -2.283836   data arrival time
---------------------------------------------------------------------------------------------
                                              7.422870   slack (MET)


Startpoint: Op (input port clocked by clk)
Endpoint: dbit[2]$_SDFFE_PP0P_ (rising edge-triggered flip-flop clocked by clk)
Path Group: clk
Path Type: max

Fanout         Cap        Slew       Delay        Time   Description
---------------------------------------------------------------------------------------------
                      0.150000    0.000000    0.000000   clock clk (rise edge)
                                  0.000000    0.000000   clock network delay (ideal)
                                  2.000000    2.000000 v input external delay
     3    0.011561    0.015453    0.005355    2.005355 v Op (in)
                                                         Op (net)
                      0.015453    0.000000    2.005355 v _165_/A (sg13g2_xnor2_1)
     6    0.017536    0.084959    0.098298    2.103653 v _165_/Y (sg13g2_xnor2_1)
                                                         _043_ (net)
                      0.084959    0.000000    2.103653 v _172_/A_N (sg13g2_nand3b_1)
     2    0.006328    0.073258    0.095669    2.199322 v _172_/Y (sg13g2_nand3b_1)
                                                         _048_ (net)
                      0.073258    0.000000    2.199322 v _174_/A1 (sg13g2_a21oi_1)
     1    0.001496    0.032341    0.045506    2.244828 ^ _174_/Y (sg13g2_a21oi_1)
                                                         _026_ (net)
                      0.032341    0.000000    2.244828 ^ dbit[2]$_SDFFE_PP0P_/D (sg13g2_dfrbpq_1)
                                              2.244828   data arrival time

                      0.150000   10.000000   10.000000   clock clk (rise edge)
                                  0.000000   10.000000   clock network delay (ideal)
                                 -0.250000    9.750000   clock uncertainty
                                  0.000000    9.750000   clock reconvergence pessimism
                                              9.750000 ^ dbit[2]$_SDFFE_PP0P_/CLK (sg13g2_dfrbpq_1)
                                 -0.064387    9.685614   library setup time
                                              9.685614   data required time
---------------------------------------------------------------------------------------------
                                              9.685614   data required time
                                             -2.244828   data arrival time
---------------------------------------------------------------------------------------------
                                              7.440786   slack (MET)


Startpoint: Op (input port clocked by clk)
Endpoint: dbit[0]$_SDFFE_PP1P_ (rising edge-triggered flip-flop clocked by clk)
Path Group: clk
Path Type: max

Fanout         Cap        Slew       Delay        Time   Description
---------------------------------------------------------------------------------------------
                      0.150000    0.000000    0.000000   clock clk (rise edge)
                                  0.000000    0.000000   clock network delay (ideal)
                                  2.000000    2.000000 v input external delay
     3    0.011561    0.015453    0.005355    2.005355 v Op (in)
                                                         Op (net)
                      0.015453    0.000000    2.005355 v _165_/A (sg13g2_xnor2_1)
     6    0.017536    0.084959    0.098298    2.103653 v _165_/Y (sg13g2_xnor2_1)
                                                         _043_ (net)
                      0.084959    0.000000    2.103653 v _166_/B1 (sg13g2_a21o_1)
     1    0.003338    0.020799    0.087829    2.191482 v _166_/X (sg13g2_a21o_1)
                                                         _044_ (net)
                      0.020799    0.000000    2.191482 v _168_/A2 (sg13g2_o21ai_1)
     1    0.001496    0.043298    0.043485    2.234967 ^ _168_/Y (sg13g2_o21ai_1)
                                                         _024_ (net)
                      0.043298    0.000000    2.234967 ^ dbit[0]$_SDFFE_PP1P_/D (sg13g2_dfrbpq_1)
                                              2.234967   data arrival time

                      0.150000   10.000000   10.000000   clock clk (rise edge)
                                  0.000000   10.000000   clock network delay (ideal)
                                 -0.250000    9.750000   clock uncertainty
                                  0.000000    9.750000   clock reconvergence pessimism
                                              9.750000 ^ dbit[0]$_SDFFE_PP1P_/CLK (sg13g2_dfrbpq_1)
                                 -0.066986    9.683014   library setup time
                                              9.683014   data required time
---------------------------------------------------------------------------------------------
                                              9.683014   data required time
                                             -2.234967   data arrival time
---------------------------------------------------------------------------------------------
                                              7.448047   slack (MET)


Startpoint: Op (input port clocked by clk)
Endpoint: dbit[1]$_SDFFE_PP1P_ (rising edge-triggered flip-flop clocked by clk)
Path Group: clk
Path Type: max

Fanout         Cap        Slew       Delay        Time   Description
---------------------------------------------------------------------------------------------
                      0.150000    0.000000    0.000000   clock clk (rise edge)
                                  0.000000    0.000000   clock network delay (ideal)
                                  2.000000    2.000000 v input external delay
     3    0.011561    0.015453    0.005355    2.005355 v Op (in)
                                                         Op (net)
                      0.015453    0.000000    2.005355 v _165_/A (sg13g2_xnor2_1)
     6    0.017536    0.084959    0.098298    2.103653 v _165_/Y (sg13g2_xnor2_1)
                                                         _043_ (net)
                      0.084959    0.000000    2.103653 v _170_/C (sg13g2_or3_1)
     1    0.003061    0.024027    0.098838    2.202491 v _170_/X (sg13g2_or3_1)
                                                         _047_ (net)
                      0.024027    0.000000    2.202491 v _171_/C (sg13g2_nand3b_1)
     1    0.001496    0.021183    0.025431    2.227921 ^ _171_/Y (sg13g2_nand3b_1)
                                                         _025_ (net)
                      0.021183    0.000000    2.227921 ^ dbit[1]$_SDFFE_PP1P_/D (sg13g2_dfrbpq_1)
                                              2.227921   data arrival time

                      0.150000   10.000000   10.000000   clock clk (rise edge)
                                  0.000000   10.000000   clock network delay (ideal)
                                 -0.250000    9.750000   clock uncertainty
                                  0.000000    9.750000   clock reconvergence pessimism
                                              9.750000 ^ dbit[1]$_SDFFE_PP1P_/CLK (sg13g2_dfrbpq_1)
                                 -0.061740    9.688260   library setup time
                                              9.688260   data required time
---------------------------------------------------------------------------------------------
                                              9.688260   data required time
                                             -2.227921   data arrival time
---------------------------------------------------------------------------------------------
                                              7.460339   slack (MET)


Startpoint: B[11]$_SDFFE_PP1P_ (rising edge-triggered flip-flop clocked by clk)
Endpoint: B[11] (output port clocked by clk)
Path Group: clk
Path Type: max

Fanout         Cap        Slew       Delay        Time   Description
---------------------------------------------------------------------------------------------
                      0.150000    0.000000    0.000000   clock clk (rise edge)
                                  0.000000    0.000000   clock network delay (ideal)
                      0.150000    0.000000    0.000000 ^ B[11]$_SDFFE_PP1P_/CLK (sg13g2_dfrbpq_1)
    14    0.072582    0.193087    0.278066    0.278066 ^ B[11]$_SDFFE_PP1P_/Q (sg13g2_dfrbpq_1)
                                                         B[11] (net)
                      0.193087    0.000000    0.278066 ^ B[11] (out)
                                              0.278066   data arrival time

                      0.150000   10.000000   10.000000   clock clk (rise edge)
                                  0.000000   10.000000   clock network delay (ideal)
                                 -0.250000    9.750000   clock uncertainty
                                  0.000000    9.750000   clock reconvergence pessimism
                                 -2.000000    7.750000   output external delay
                                              7.750000   data required time
---------------------------------------------------------------------------------------------
                                              7.750000   data required time
                                             -0.278066   data arrival time
---------------------------------------------------------------------------------------------
                                              7.471934   slack (MET)


Startpoint: BN[11]$_SDFFE_PP1P_ (rising edge-triggered flip-flop clocked by clk)
Endpoint: BN[11] (output port clocked by clk)
Path Group: clk
Path Type: max

Fanout         Cap        Slew       Delay        Time   Description
---------------------------------------------------------------------------------------------
                      0.150000    0.000000    0.000000   clock clk (rise edge)
                                  0.000000    0.000000   clock network delay (ideal)
                      0.150000    0.000000    0.000000 ^ BN[11]$_SDFFE_PP1P_/CLK (sg13g2_dfrbpq_1)
     4    0.013898    0.043195    0.173224    0.173224 ^ BN[11]$_SDFFE_PP1P_/Q (sg13g2_dfrbpq_1)
                                                         sign (net)
                      0.043195    0.000000    0.173224 ^ _204_/A (sg13g2_buf_1)
     1    0.006000    0.023796    0.052953    0.226178 ^ _204_/X (sg13g2_buf_1)
                                                         BN[11] (net)
                      0.023796    0.000000    0.226178 ^ BN[11] (out)
                                              0.226178   data arrival time

                      0.150000   10.000000   10.000000   clock clk (rise edge)
                                  0.000000   10.000000   clock network delay (ideal)
                                 -0.250000    9.750000   clock uncertainty
                                  0.000000    9.750000   clock reconvergence pessimism
                                 -2.000000    7.750000   output external delay
                                              7.750000   data required time
---------------------------------------------------------------------------------------------
                                              7.750000   data required time
                                             -0.226178   data arrival time
---------------------------------------------------------------------------------------------
                                              7.523822   slack (MET)


Startpoint: BN[11]$_SDFFE_PP1P_ (rising edge-triggered flip-flop clocked by clk)
Endpoint: sign (output port clocked by clk)
Path Group: clk
Path Type: max

Fanout         Cap        Slew       Delay        Time   Description
---------------------------------------------------------------------------------------------
                      0.150000    0.000000    0.000000   clock clk (rise edge)
                                  0.000000    0.000000   clock network delay (ideal)
                      0.150000    0.000000    0.000000 ^ BN[11]$_SDFFE_PP1P_/CLK (sg13g2_dfrbpq_1)
     4    0.013898    0.043195    0.173224    0.173224 ^ BN[11]$_SDFFE_PP1P_/Q (sg13g2_dfrbpq_1)
                                                         sign (net)
                      0.043195    0.000000    0.173224 ^ sign (out)
                                              0.173224   data arrival time

                      0.150000   10.000000   10.000000   clock clk (rise edge)
                                  0.000000   10.000000   clock network delay (ideal)
                                 -0.250000    9.750000   clock uncertainty
                                  0.000000    9.750000   clock reconvergence pessimism
                                 -2.000000    7.750000   output external delay
                                              7.750000   data required time
---------------------------------------------------------------------------------------------
                                              7.750000   data required time
                                             -0.173224   data arrival time
---------------------------------------------------------------------------------------------
                                              7.576776   slack (MET)


Startpoint: B[0]$_SDFFE_PP1P_ (rising edge-triggered flip-flop clocked by clk)
Endpoint: B[0] (output port clocked by clk)
Path Group: clk
Path Type: max

Fanout         Cap        Slew       Delay        Time   Description
---------------------------------------------------------------------------------------------
                      0.150000    0.000000    0.000000   clock clk (rise edge)
                                  0.000000    0.000000   clock network delay (ideal)
                      0.150000    0.000000    0.000000 ^ B[0]$_SDFFE_PP1P_/CLK (sg13g2_dfrbpq_1)
     3    0.012024    0.038610    0.169684    0.169684 ^ B[0]$_SDFFE_PP1P_/Q (sg13g2_dfrbpq_1)
                                                         B[0] (net)
                      0.038610    0.000000    0.169684 ^ B[0] (out)
                                              0.169684   data arrival time

                      0.150000   10.000000   10.000000   clock clk (rise edge)
                                  0.000000   10.000000   clock network delay (ideal)
                                 -0.250000    9.750000   clock uncertainty
                                  0.000000    9.750000   clock reconvergence pessimism
                                 -2.000000    7.750000   output external delay
                                              7.750000   data required time
---------------------------------------------------------------------------------------------
                                              7.750000   data required time
                                             -0.169684   data arrival time
---------------------------------------------------------------------------------------------
                                              7.580316   slack (MET)


Startpoint: B[10]$_SDFFE_PP1P_ (rising edge-triggered flip-flop clocked by clk)
Endpoint: B[10] (output port clocked by clk)
Path Group: clk
Path Type: max

Fanout         Cap        Slew       Delay        Time   Description
---------------------------------------------------------------------------------------------
                      0.150000    0.000000    0.000000   clock clk (rise edge)
                                  0.000000    0.000000   clock network delay (ideal)
                      0.150000    0.000000    0.000000 ^ B[10]$_SDFFE_PP1P_/CLK (sg13g2_dfrbpq_1)
     3    0.012024    0.038610    0.169684    0.169684 ^ B[10]$_SDFFE_PP1P_/Q (sg13g2_dfrbpq_1)
                                                         B[10] (net)
                      0.038610    0.000000    0.169684 ^ B[10] (out)
                                              0.169684   data arrival time

                      0.150000   10.000000   10.000000   clock clk (rise edge)
                                  0.000000   10.000000   clock network delay (ideal)
                                 -0.250000    9.750000   clock uncertainty
                                  0.000000    9.750000   clock reconvergence pessimism
                                 -2.000000    7.750000   output external delay
                                              7.750000   data required time
---------------------------------------------------------------------------------------------
                                              7.750000   data required time
                                             -0.169684   data arrival time
---------------------------------------------------------------------------------------------
                                              7.580316   slack (MET)


Startpoint: B[1]$_SDFFE_PP1P_ (rising edge-triggered flip-flop clocked by clk)
Endpoint: B[1] (output port clocked by clk)
Path Group: clk
Path Type: max

Fanout         Cap        Slew       Delay        Time   Description
---------------------------------------------------------------------------------------------
                      0.150000    0.000000    0.000000   clock clk (rise edge)
                                  0.000000    0.000000   clock network delay (ideal)
                      0.150000    0.000000    0.000000 ^ B[1]$_SDFFE_PP1P_/CLK (sg13g2_dfrbpq_1)
     3    0.012024    0.038610    0.169684    0.169684 ^ B[1]$_SDFFE_PP1P_/Q (sg13g2_dfrbpq_1)
                                                         B[1] (net)
                      0.038610    0.000000    0.169684 ^ B[1] (out)
                                              0.169684   data arrival time

                      0.150000   10.000000   10.000000   clock clk (rise edge)
                                  0.000000   10.000000   clock network delay (ideal)
                                 -0.250000    9.750000   clock uncertainty
                                  0.000000    9.750000   clock reconvergence pessimism
                                 -2.000000    7.750000   output external delay
                                              7.750000   data required time
---------------------------------------------------------------------------------------------
                                              7.750000   data required time
                                             -0.169684   data arrival time
---------------------------------------------------------------------------------------------
                                              7.580316   slack (MET)


Startpoint: B[2]$_SDFFE_PP1P_ (rising edge-triggered flip-flop clocked by clk)
Endpoint: B[2] (output port clocked by clk)
Path Group: clk
Path Type: max

Fanout         Cap        Slew       Delay        Time   Description
---------------------------------------------------------------------------------------------
                      0.150000    0.000000    0.000000   clock clk (rise edge)
                                  0.000000    0.000000   clock network delay (ideal)
                      0.150000    0.000000    0.000000 ^ B[2]$_SDFFE_PP1P_/CLK (sg13g2_dfrbpq_1)
     3    0.012024    0.038610    0.169684    0.169684 ^ B[2]$_SDFFE_PP1P_/Q (sg13g2_dfrbpq_1)
                                                         B[2] (net)
                      0.038610    0.000000    0.169684 ^ B[2] (out)
                                              0.169684   data arrival time

                      0.150000   10.000000   10.000000   clock clk (rise edge)
                                  0.000000   10.000000   clock network delay (ideal)
                                 -0.250000    9.750000   clock uncertainty
                                  0.000000    9.750000   clock reconvergence pessimism
                                 -2.000000    7.750000   output external delay
                                              7.750000   data required time
---------------------------------------------------------------------------------------------
                                              7.750000   data required time
                                             -0.169684   data arrival time
---------------------------------------------------------------------------------------------
                                              7.580316   slack (MET)


Startpoint: B[3]$_SDFFE_PP1P_ (rising edge-triggered flip-flop clocked by clk)
Endpoint: B[3] (output port clocked by clk)
Path Group: clk
Path Type: max

Fanout         Cap        Slew       Delay        Time   Description
---------------------------------------------------------------------------------------------
                      0.150000    0.000000    0.000000   clock clk (rise edge)
                                  0.000000    0.000000   clock network delay (ideal)
                      0.150000    0.000000    0.000000 ^ B[3]$_SDFFE_PP1P_/CLK (sg13g2_dfrbpq_1)
     3    0.012024    0.038610    0.169684    0.169684 ^ B[3]$_SDFFE_PP1P_/Q (sg13g2_dfrbpq_1)
                                                         B[3] (net)
                      0.038610    0.000000    0.169684 ^ B[3] (out)
                                              0.169684   data arrival time

                      0.150000   10.000000   10.000000   clock clk (rise edge)
                                  0.000000   10.000000   clock network delay (ideal)
                                 -0.250000    9.750000   clock uncertainty
                                  0.000000    9.750000   clock reconvergence pessimism
                                 -2.000000    7.750000   output external delay
                                              7.750000   data required time
---------------------------------------------------------------------------------------------
                                              7.750000   data required time
                                             -0.169684   data arrival time
---------------------------------------------------------------------------------------------
                                              7.580316   slack (MET)


Startpoint: B[4]$_SDFFE_PP1P_ (rising edge-triggered flip-flop clocked by clk)
Endpoint: B[4] (output port clocked by clk)
Path Group: clk
Path Type: max

Fanout         Cap        Slew       Delay        Time   Description
---------------------------------------------------------------------------------------------
                      0.150000    0.000000    0.000000   clock clk (rise edge)
                                  0.000000    0.000000   clock network delay (ideal)
                      0.150000    0.000000    0.000000 ^ B[4]$_SDFFE_PP1P_/CLK (sg13g2_dfrbpq_1)
     3    0.012024    0.038610    0.169684    0.169684 ^ B[4]$_SDFFE_PP1P_/Q (sg13g2_dfrbpq_1)
                                                         B[4] (net)
                      0.038610    0.000000    0.169684 ^ B[4] (out)
                                              0.169684   data arrival time

                      0.150000   10.000000   10.000000   clock clk (rise edge)
                                  0.000000   10.000000   clock network delay (ideal)
                                 -0.250000    9.750000   clock uncertainty
                                  0.000000    9.750000   clock reconvergence pessimism
                                 -2.000000    7.750000   output external delay
                                              7.750000   data required time
---------------------------------------------------------------------------------------------
                                              7.750000   data required time
                                             -0.169684   data arrival time
---------------------------------------------------------------------------------------------
                                              7.580316   slack (MET)


Startpoint: B[5]$_SDFFE_PP1P_ (rising edge-triggered flip-flop clocked by clk)
Endpoint: B[5] (output port clocked by clk)
Path Group: clk
Path Type: max

Fanout         Cap        Slew       Delay        Time   Description
---------------------------------------------------------------------------------------------
                      0.150000    0.000000    0.000000   clock clk (rise edge)
                                  0.000000    0.000000   clock network delay (ideal)
                      0.150000    0.000000    0.000000 ^ B[5]$_SDFFE_PP1P_/CLK (sg13g2_dfrbpq_1)
     3    0.012024    0.038610    0.169684    0.169684 ^ B[5]$_SDFFE_PP1P_/Q (sg13g2_dfrbpq_1)
                                                         B[5] (net)
                      0.038610    0.000000    0.169684 ^ B[5] (out)
                                              0.169684   data arrival time

                      0.150000   10.000000   10.000000   clock clk (rise edge)
                                  0.000000   10.000000   clock network delay (ideal)
                                 -0.250000    9.750000   clock uncertainty
                                  0.000000    9.750000   clock reconvergence pessimism
                                 -2.000000    7.750000   output external delay
                                              7.750000   data required time
---------------------------------------------------------------------------------------------
                                              7.750000   data required time
                                             -0.169684   data arrival time
---------------------------------------------------------------------------------------------
                                              7.580316   slack (MET)


Startpoint: B[6]$_SDFFE_PP1P_ (rising edge-triggered flip-flop clocked by clk)
Endpoint: B[6] (output port clocked by clk)
Path Group: clk
Path Type: max

Fanout         Cap        Slew       Delay        Time   Description
---------------------------------------------------------------------------------------------
                      0.150000    0.000000    0.000000   clock clk (rise edge)
                                  0.000000    0.000000   clock network delay (ideal)
                      0.150000    0.000000    0.000000 ^ B[6]$_SDFFE_PP1P_/CLK (sg13g2_dfrbpq_1)
     3    0.012024    0.038610    0.169684    0.169684 ^ B[6]$_SDFFE_PP1P_/Q (sg13g2_dfrbpq_1)
                                                         B[6] (net)
                      0.038610    0.000000    0.169684 ^ B[6] (out)
                                              0.169684   data arrival time

                      0.150000   10.000000   10.000000   clock clk (rise edge)
                                  0.000000   10.000000   clock network delay (ideal)
                                 -0.250000    9.750000   clock uncertainty
                                  0.000000    9.750000   clock reconvergence pessimism
                                 -2.000000    7.750000   output external delay
                                              7.750000   data required time
---------------------------------------------------------------------------------------------
                                              7.750000   data required time
                                             -0.169684   data arrival time
---------------------------------------------------------------------------------------------
                                              7.580316   slack (MET)


Startpoint: B[7]$_SDFFE_PP1P_ (rising edge-triggered flip-flop clocked by clk)
Endpoint: B[7] (output port clocked by clk)
Path Group: clk
Path Type: max

Fanout         Cap        Slew       Delay        Time   Description
---------------------------------------------------------------------------------------------
                      0.150000    0.000000    0.000000   clock clk (rise edge)
                                  0.000000    0.000000   clock network delay (ideal)
                      0.150000    0.000000    0.000000 ^ B[7]$_SDFFE_PP1P_/CLK (sg13g2_dfrbpq_1)
     3    0.012024    0.038610    0.169684    0.169684 ^ B[7]$_SDFFE_PP1P_/Q (sg13g2_dfrbpq_1)
                                                         B[7] (net)
                      0.038610    0.000000    0.169684 ^ B[7] (out)
                                              0.169684   data arrival time

                      0.150000   10.000000   10.000000   clock clk (rise edge)
                                  0.000000   10.000000   clock network delay (ideal)
                                 -0.250000    9.750000   clock uncertainty
                                  0.000000    9.750000   clock reconvergence pessimism
                                 -2.000000    7.750000   output external delay
                                              7.750000   data required time
---------------------------------------------------------------------------------------------
                                              7.750000   data required time
                                             -0.169684   data arrival time
---------------------------------------------------------------------------------------------
                                              7.580316   slack (MET)


Startpoint: B[8]$_SDFFE_PP1P_ (rising edge-triggered flip-flop clocked by clk)
Endpoint: B[8] (output port clocked by clk)
Path Group: clk
Path Type: max

Fanout         Cap        Slew       Delay        Time   Description
---------------------------------------------------------------------------------------------
                      0.150000    0.000000    0.000000   clock clk (rise edge)
                                  0.000000    0.000000   clock network delay (ideal)
                      0.150000    0.000000    0.000000 ^ B[8]$_SDFFE_PP1P_/CLK (sg13g2_dfrbpq_1)
     3    0.012024    0.038610    0.169684    0.169684 ^ B[8]$_SDFFE_PP1P_/Q (sg13g2_dfrbpq_1)
                                                         B[8] (net)
                      0.038610    0.000000    0.169684 ^ B[8] (out)
                                              0.169684   data arrival time

                      0.150000   10.000000   10.000000   clock clk (rise edge)
                                  0.000000   10.000000   clock network delay (ideal)
                                 -0.250000    9.750000   clock uncertainty
                                  0.000000    9.750000   clock reconvergence pessimism
                                 -2.000000    7.750000   output external delay
                                              7.750000   data required time
---------------------------------------------------------------------------------------------
                                              7.750000   data required time
                                             -0.169684   data arrival time
---------------------------------------------------------------------------------------------
                                              7.580316   slack (MET)


Startpoint: B[9]$_SDFFE_PP1P_ (rising edge-triggered flip-flop clocked by clk)
Endpoint: B[9] (output port clocked by clk)
Path Group: clk
Path Type: max

Fanout         Cap        Slew       Delay        Time   Description
---------------------------------------------------------------------------------------------
                      0.150000    0.000000    0.000000   clock clk (rise edge)
                                  0.000000    0.000000   clock network delay (ideal)
                      0.150000    0.000000    0.000000 ^ B[9]$_SDFFE_PP1P_/CLK (sg13g2_dfrbpq_1)
     3    0.012024    0.038610    0.169684    0.169684 ^ B[9]$_SDFFE_PP1P_/Q (sg13g2_dfrbpq_1)
                                                         B[9] (net)
                      0.038610    0.000000    0.169684 ^ B[9] (out)
                                              0.169684   data arrival time

                      0.150000   10.000000   10.000000   clock clk (rise edge)
                                  0.000000   10.000000   clock network delay (ideal)
                                 -0.250000    9.750000   clock uncertainty
                                  0.000000    9.750000   clock reconvergence pessimism
                                 -2.000000    7.750000   output external delay
                                              7.750000   data required time
---------------------------------------------------------------------------------------------
                                              7.750000   data required time
                                             -0.169684   data arrival time
---------------------------------------------------------------------------------------------
                                              7.580316   slack (MET)


Startpoint: BN[0]$_SDFFE_PP1P_ (rising edge-triggered flip-flop clocked by clk)
Endpoint: BN[0] (output port clocked by clk)
Path Group: clk
Path Type: max

Fanout         Cap        Slew       Delay        Time   Description
---------------------------------------------------------------------------------------------
                      0.150000    0.000000    0.000000   clock clk (rise edge)
                                  0.000000    0.000000   clock network delay (ideal)
                      0.150000    0.000000    0.000000 ^ BN[0]$_SDFFE_PP1P_/CLK (sg13g2_dfrbpq_1)
     3    0.011920    0.038356    0.169487    0.169487 ^ BN[0]$_SDFFE_PP1P_/Q (sg13g2_dfrbpq_1)
                                                         BN[0] (net)
                      0.038356    0.000000    0.169487 ^ BN[0] (out)
                                              0.169487   data arrival time

                      0.150000   10.000000   10.000000   clock clk (rise edge)
                                  0.000000   10.000000   clock network delay (ideal)
                                 -0.250000    9.750000   clock uncertainty
                                  0.000000    9.750000   clock reconvergence pessimism
                                 -2.000000    7.750000   output external delay
                                              7.750000   data required time
---------------------------------------------------------------------------------------------
                                              7.750000   data required time
                                             -0.169487   data arrival time
---------------------------------------------------------------------------------------------
                                              7.580513   slack (MET)


Startpoint: BN[10]$_SDFFE_PP1P_ (rising edge-triggered flip-flop clocked by clk)
Endpoint: BN[10] (output port clocked by clk)
Path Group: clk
Path Type: max

Fanout         Cap        Slew       Delay        Time   Description
---------------------------------------------------------------------------------------------
                      0.150000    0.000000    0.000000   clock clk (rise edge)
                                  0.000000    0.000000   clock network delay (ideal)
                      0.150000    0.000000    0.000000 ^ BN[10]$_SDFFE_PP1P_/CLK (sg13g2_dfrbpq_1)
     3    0.011920    0.038356    0.169487    0.169487 ^ BN[10]$_SDFFE_PP1P_/Q (sg13g2_dfrbpq_1)
                                                         BN[10] (net)
                      0.038356    0.000000    0.169487 ^ BN[10] (out)
                                              0.169487   data arrival time

                      0.150000   10.000000   10.000000   clock clk (rise edge)
                                  0.000000   10.000000   clock network delay (ideal)
                                 -0.250000    9.750000   clock uncertainty
                                  0.000000    9.750000   clock reconvergence pessimism
                                 -2.000000    7.750000   output external delay
                                              7.750000   data required time
---------------------------------------------------------------------------------------------
                                              7.750000   data required time
                                             -0.169487   data arrival time
---------------------------------------------------------------------------------------------
                                              7.580513   slack (MET)


Startpoint: BN[1]$_SDFFE_PP1P_ (rising edge-triggered flip-flop clocked by clk)
Endpoint: BN[1] (output port clocked by clk)
Path Group: clk
Path Type: max

Fanout         Cap        Slew       Delay        Time   Description
---------------------------------------------------------------------------------------------
                      0.150000    0.000000    0.000000   clock clk (rise edge)
                                  0.000000    0.000000   clock network delay (ideal)
                      0.150000    0.000000    0.000000 ^ BN[1]$_SDFFE_PP1P_/CLK (sg13g2_dfrbpq_1)
     3    0.011920    0.038356    0.169487    0.169487 ^ BN[1]$_SDFFE_PP1P_/Q (sg13g2_dfrbpq_1)
                                                         BN[1] (net)
                      0.038356    0.000000    0.169487 ^ BN[1] (out)
                                              0.169487   data arrival time

                      0.150000   10.000000   10.000000   clock clk (rise edge)
                                  0.000000   10.000000   clock network delay (ideal)
                                 -0.250000    9.750000   clock uncertainty
                                  0.000000    9.750000   clock reconvergence pessimism
                                 -2.000000    7.750000   output external delay
                                              7.750000   data required time
---------------------------------------------------------------------------------------------
                                              7.750000   data required time
                                             -0.169487   data arrival time
---------------------------------------------------------------------------------------------
                                              7.580513   slack (MET)


Startpoint: BN[2]$_SDFFE_PP1P_ (rising edge-triggered flip-flop clocked by clk)
Endpoint: BN[2] (output port clocked by clk)
Path Group: clk
Path Type: max

Fanout         Cap        Slew       Delay        Time   Description
---------------------------------------------------------------------------------------------
                      0.150000    0.000000    0.000000   clock clk (rise edge)
                                  0.000000    0.000000   clock network delay (ideal)
                      0.150000    0.000000    0.000000 ^ BN[2]$_SDFFE_PP1P_/CLK (sg13g2_dfrbpq_1)
     3    0.011920    0.038356    0.169487    0.169487 ^ BN[2]$_SDFFE_PP1P_/Q (sg13g2_dfrbpq_1)
                                                         BN[2] (net)
                      0.038356    0.000000    0.169487 ^ BN[2] (out)
                                              0.169487   data arrival time

                      0.150000   10.000000   10.000000   clock clk (rise edge)
                                  0.000000   10.000000   clock network delay (ideal)
                                 -0.250000    9.750000   clock uncertainty
                                  0.000000    9.750000   clock reconvergence pessimism
                                 -2.000000    7.750000   output external delay
                                              7.750000   data required time
---------------------------------------------------------------------------------------------
                                              7.750000   data required time
                                             -0.169487   data arrival time
---------------------------------------------------------------------------------------------
                                              7.580513   slack (MET)


Startpoint: BN[3]$_SDFFE_PP1P_ (rising edge-triggered flip-flop clocked by clk)
Endpoint: BN[3] (output port clocked by clk)
Path Group: clk
Path Type: max

Fanout         Cap        Slew       Delay        Time   Description
---------------------------------------------------------------------------------------------
                      0.150000    0.000000    0.000000   clock clk (rise edge)
                                  0.000000    0.000000   clock network delay (ideal)
                      0.150000    0.000000    0.000000 ^ BN[3]$_SDFFE_PP1P_/CLK (sg13g2_dfrbpq_1)
     3    0.011920    0.038356    0.169487    0.169487 ^ BN[3]$_SDFFE_PP1P_/Q (sg13g2_dfrbpq_1)
                                                         BN[3] (net)
                      0.038356    0.000000    0.169487 ^ BN[3] (out)
                                              0.169487   data arrival time

                      0.150000   10.000000   10.000000   clock clk (rise edge)
                                  0.000000   10.000000   clock network delay (ideal)
                                 -0.250000    9.750000   clock uncertainty
                                  0.000000    9.750000   clock reconvergence pessimism
                                 -2.000000    7.750000   output external delay
                                              7.750000   data required time
---------------------------------------------------------------------------------------------
                                              7.750000   data required time
                                             -0.169487   data arrival time
---------------------------------------------------------------------------------------------
                                              7.580513   slack (MET)


Startpoint: BN[4]$_SDFFE_PP1P_ (rising edge-triggered flip-flop clocked by clk)
Endpoint: BN[4] (output port clocked by clk)
Path Group: clk
Path Type: max

Fanout         Cap        Slew       Delay        Time   Description
---------------------------------------------------------------------------------------------
                      0.150000    0.000000    0.000000   clock clk (rise edge)
                                  0.000000    0.000000   clock network delay (ideal)
                      0.150000    0.000000    0.000000 ^ BN[4]$_SDFFE_PP1P_/CLK (sg13g2_dfrbpq_1)
     3    0.011920    0.038356    0.169487    0.169487 ^ BN[4]$_SDFFE_PP1P_/Q (sg13g2_dfrbpq_1)
                                                         BN[4] (net)
                      0.038356    0.000000    0.169487 ^ BN[4] (out)
                                              0.169487   data arrival time

                      0.150000   10.000000   10.000000   clock clk (rise edge)
                                  0.000000   10.000000   clock network delay (ideal)
                                 -0.250000    9.750000   clock uncertainty
                                  0.000000    9.750000   clock reconvergence pessimism
                                 -2.000000    7.750000   output external delay
                                              7.750000   data required time
---------------------------------------------------------------------------------------------
                                              7.750000   data required time
                                             -0.169487   data arrival time
---------------------------------------------------------------------------------------------
                                              7.580513   slack (MET)


Startpoint: BN[5]$_SDFFE_PP1P_ (rising edge-triggered flip-flop clocked by clk)
Endpoint: BN[5] (output port clocked by clk)
Path Group: clk
Path Type: max

Fanout         Cap        Slew       Delay        Time   Description
---------------------------------------------------------------------------------------------
                      0.150000    0.000000    0.000000   clock clk (rise edge)
                                  0.000000    0.000000   clock network delay (ideal)
                      0.150000    0.000000    0.000000 ^ BN[5]$_SDFFE_PP1P_/CLK (sg13g2_dfrbpq_1)
     3    0.011920    0.038356    0.169487    0.169487 ^ BN[5]$_SDFFE_PP1P_/Q (sg13g2_dfrbpq_1)
                                                         BN[5] (net)
                      0.038356    0.000000    0.169487 ^ BN[5] (out)
                                              0.169487   data arrival time

                      0.150000   10.000000   10.000000   clock clk (rise edge)
                                  0.000000   10.000000   clock network delay (ideal)
                                 -0.250000    9.750000   clock uncertainty
                                  0.000000    9.750000   clock reconvergence pessimism
                                 -2.000000    7.750000   output external delay
                                              7.750000   data required time
---------------------------------------------------------------------------------------------
                                              7.750000   data required time
                                             -0.169487   data arrival time
---------------------------------------------------------------------------------------------
                                              7.580513   slack (MET)


Startpoint: BN[6]$_SDFFE_PP1P_ (rising edge-triggered flip-flop clocked by clk)
Endpoint: BN[6] (output port clocked by clk)
Path Group: clk
Path Type: max

Fanout         Cap        Slew       Delay        Time   Description
---------------------------------------------------------------------------------------------
                      0.150000    0.000000    0.000000   clock clk (rise edge)
                                  0.000000    0.000000   clock network delay (ideal)
                      0.150000    0.000000    0.000000 ^ BN[6]$_SDFFE_PP1P_/CLK (sg13g2_dfrbpq_1)
     3    0.011920    0.038356    0.169487    0.169487 ^ BN[6]$_SDFFE_PP1P_/Q (sg13g2_dfrbpq_1)
                                                         BN[6] (net)
                      0.038356    0.000000    0.169487 ^ BN[6] (out)
                                              0.169487   data arrival time

                      0.150000   10.000000   10.000000   clock clk (rise edge)
                                  0.000000   10.000000   clock network delay (ideal)
                                 -0.250000    9.750000   clock uncertainty
                                  0.000000    9.750000   clock reconvergence pessimism
                                 -2.000000    7.750000   output external delay
                                              7.750000   data required time
---------------------------------------------------------------------------------------------
                                              7.750000   data required time
                                             -0.169487   data arrival time
---------------------------------------------------------------------------------------------
                                              7.580513   slack (MET)


Startpoint: BN[7]$_SDFFE_PP1P_ (rising edge-triggered flip-flop clocked by clk)
Endpoint: BN[7] (output port clocked by clk)
Path Group: clk
Path Type: max

Fanout         Cap        Slew       Delay        Time   Description
---------------------------------------------------------------------------------------------
                      0.150000    0.000000    0.000000   clock clk (rise edge)
                                  0.000000    0.000000   clock network delay (ideal)
                      0.150000    0.000000    0.000000 ^ BN[7]$_SDFFE_PP1P_/CLK (sg13g2_dfrbpq_1)
     3    0.011920    0.038356    0.169487    0.169487 ^ BN[7]$_SDFFE_PP1P_/Q (sg13g2_dfrbpq_1)
                                                         BN[7] (net)
                      0.038356    0.000000    0.169487 ^ BN[7] (out)
                                              0.169487   data arrival time

                      0.150000   10.000000   10.000000   clock clk (rise edge)
                                  0.000000   10.000000   clock network delay (ideal)
                                 -0.250000    9.750000   clock uncertainty
                                  0.000000    9.750000   clock reconvergence pessimism
                                 -2.000000    7.750000   output external delay
                                              7.750000   data required time
---------------------------------------------------------------------------------------------
                                              7.750000   data required time
                                             -0.169487   data arrival time
---------------------------------------------------------------------------------------------
                                              7.580513   slack (MET)


Startpoint: BN[8]$_SDFFE_PP1P_ (rising edge-triggered flip-flop clocked by clk)
Endpoint: BN[8] (output port clocked by clk)
Path Group: clk
Path Type: max

Fanout         Cap        Slew       Delay        Time   Description
---------------------------------------------------------------------------------------------
                      0.150000    0.000000    0.000000   clock clk (rise edge)
                                  0.000000    0.000000   clock network delay (ideal)
                      0.150000    0.000000    0.000000 ^ BN[8]$_SDFFE_PP1P_/CLK (sg13g2_dfrbpq_1)
     3    0.011920    0.038356    0.169487    0.169487 ^ BN[8]$_SDFFE_PP1P_/Q (sg13g2_dfrbpq_1)
                                                         BN[8] (net)
                      0.038356    0.000000    0.169487 ^ BN[8] (out)
                                              0.169487   data arrival time

                      0.150000   10.000000   10.000000   clock clk (rise edge)
                                  0.000000   10.000000   clock network delay (ideal)
                                 -0.250000    9.750000   clock uncertainty
                                  0.000000    9.750000   clock reconvergence pessimism
                                 -2.000000    7.750000   output external delay
                                              7.750000   data required time
---------------------------------------------------------------------------------------------
                                              7.750000   data required time
                                             -0.169487   data arrival time
---------------------------------------------------------------------------------------------
                                              7.580513   slack (MET)


Startpoint: BN[9]$_SDFFE_PP1P_ (rising edge-triggered flip-flop clocked by clk)
Endpoint: BN[9] (output port clocked by clk)
Path Group: clk
Path Type: max

Fanout         Cap        Slew       Delay        Time   Description
---------------------------------------------------------------------------------------------
                      0.150000    0.000000    0.000000   clock clk (rise edge)
                                  0.000000    0.000000   clock network delay (ideal)
                      0.150000    0.000000    0.000000 ^ BN[9]$_SDFFE_PP1P_/CLK (sg13g2_dfrbpq_1)
     3    0.011920    0.038356    0.169487    0.169487 ^ BN[9]$_SDFFE_PP1P_/Q (sg13g2_dfrbpq_1)
                                                         BN[9] (net)
                      0.038356    0.000000    0.169487 ^ BN[9] (out)
                                              0.169487   data arrival time

                      0.150000   10.000000   10.000000   clock clk (rise edge)
                                  0.000000   10.000000   clock network delay (ideal)
                                 -0.250000    9.750000   clock uncertainty
                                  0.000000    9.750000   clock reconvergence pessimism
                                 -2.000000    7.750000   output external delay
                                              7.750000   data required time
---------------------------------------------------------------------------------------------
                                              7.750000   data required time
                                             -0.169487   data arrival time
---------------------------------------------------------------------------------------------
                                              7.580513   slack (MET)



