
===========================================================================
report_checks -path_delay min (Hold)
============================================================================
======================= nom_fast_1p32V_m40C Corner ===================================

Startpoint: dbit[2]$_SDFFE_PP0P_
            (rising edge-triggered flip-flop clocked by clk)
Endpoint: dbit[2]$_SDFFE_PP0P_ (rising edge-triggered flip-flop clocked by clk)
Path Group: clk
Path Type: min

Fanout         Cap        Slew       Delay        Time   Description
---------------------------------------------------------------------------------------------
                      0.150000    0.000000    0.000000   clock clk (rise edge)
                                  0.000000    0.000000   clock network delay (ideal)
                      0.150000    0.000000    0.000000 ^ dbit[2]$_SDFFE_PP0P_/CLK (sg13g2_dfrbpq_1)
     4    0.011799    0.031228    0.166026    0.166026 v dbit[2]$_SDFFE_PP0P_/Q (sg13g2_dfrbpq_1)
                                                         dbit[2] (net)
                      0.031228    0.000000    0.166026 v _173_/B1 (sg13g2_o21ai_1)
     1    0.003337    0.021873    0.027860    0.193886 ^ _173_/Y (sg13g2_o21ai_1)
                                                         _049_ (net)
                      0.021873    0.000000    0.193886 ^ _174_/A2 (sg13g2_a21oi_1)
     1    0.001523    0.017802    0.034642    0.228528 v _174_/Y (sg13g2_a21oi_1)
                                                         _026_ (net)
                      0.017802    0.000000    0.228528 v dbit[2]$_SDFFE_PP0P_/D (sg13g2_dfrbpq_1)
                                              0.228528   data arrival time

                      0.150000    0.000000    0.000000   clock clk (rise edge)
                                  0.000000    0.000000   clock network delay (ideal)
                                  0.250000    0.250000   clock uncertainty
                                  0.000000    0.250000   clock reconvergence pessimism
                                              0.250000 ^ dbit[2]$_SDFFE_PP0P_/CLK (sg13g2_dfrbpq_1)
                                 -0.000922    0.249078   library hold time
                                              0.249078   data required time
---------------------------------------------------------------------------------------------
                                              0.249078   data required time
                                             -0.228528   data arrival time
---------------------------------------------------------------------------------------------
                                             -0.020551   slack (VIOLATED)


Startpoint: dbit[3]$_SDFFE_PP1P_
            (rising edge-triggered flip-flop clocked by clk)
Endpoint: dbit[3]$_SDFFE_PP1P_ (rising edge-triggered flip-flop clocked by clk)
Path Group: clk
Path Type: min

Fanout         Cap        Slew       Delay        Time   Description
---------------------------------------------------------------------------------------------
                      0.150000    0.000000    0.000000   clock clk (rise edge)
                                  0.000000    0.000000   clock network delay (ideal)
                      0.150000    0.000000    0.000000 ^ dbit[3]$_SDFFE_PP1P_/CLK (sg13g2_dfrbpq_1)
     4    0.011784    0.031198    0.166001    0.166001 v dbit[3]$_SDFFE_PP1P_/Q (sg13g2_dfrbpq_1)
                                                         dbit[3] (net)
                      0.031198    0.000000    0.166001 v _175_/A1 (sg13g2_a21o_1)
     1    0.001523    0.013641    0.065841    0.231842 v _175_/X (sg13g2_a21o_1)
                                                         _027_ (net)
                      0.013641    0.000000    0.231842 v dbit[3]$_SDFFE_PP1P_/D (sg13g2_dfrbpq_1)
                                              0.231842   data arrival time

                      0.150000    0.000000    0.000000   clock clk (rise edge)
                                  0.000000    0.000000   clock network delay (ideal)
                                  0.250000    0.250000   clock uncertainty
                                  0.000000    0.250000   clock reconvergence pessimism
                                              0.250000 ^ dbit[3]$_SDFFE_PP1P_/CLK (sg13g2_dfrbpq_1)
                                  0.000052    0.250052   library hold time
                                              0.250052   data required time
---------------------------------------------------------------------------------------------
                                              0.250052   data required time
                                             -0.231842   data arrival time
---------------------------------------------------------------------------------------------
                                             -0.018211   slack (VIOLATED)


Startpoint: BN[0]$_SDFFE_PP1P_ (rising edge-triggered flip-flop clocked by clk)
Endpoint: BN[0]$_SDFFE_PP1P_ (rising edge-triggered flip-flop clocked by clk)
Path Group: clk
Path Type: min

Fanout         Cap        Slew       Delay        Time   Description
---------------------------------------------------------------------------------------------
                      0.150000    0.000000    0.000000   clock clk (rise edge)
                                  0.000000    0.000000   clock network delay (ideal)
                      0.150000    0.000000    0.000000 ^ BN[0]$_SDFFE_PP1P_/CLK (sg13g2_dfrbpq_1)
     3    0.011941    0.031507    0.166261    0.166261 v BN[0]$_SDFFE_PP1P_/Q (sg13g2_dfrbpq_1)
                                                         BN[0] (net)
                      0.031507    0.000000    0.166261 v _101_/A1 (sg13g2_a21o_1)
     1    0.001523    0.013641    0.065926    0.232187 v _101_/X (sg13g2_a21o_1)
                                                         _000_ (net)
                      0.013641    0.000000    0.232187 v BN[0]$_SDFFE_PP1P_/D (sg13g2_dfrbpq_1)
                                              0.232187   data arrival time

                      0.150000    0.000000    0.000000   clock clk (rise edge)
                                  0.000000    0.000000   clock network delay (ideal)
                                  0.250000    0.250000   clock uncertainty
                                  0.000000    0.250000   clock reconvergence pessimism
                                              0.250000 ^ BN[0]$_SDFFE_PP1P_/CLK (sg13g2_dfrbpq_1)
                                  0.000052    0.250052   library hold time
                                              0.250052   data required time
---------------------------------------------------------------------------------------------
                                              0.250052   data required time
                                             -0.232187   data arrival time
---------------------------------------------------------------------------------------------
                                             -0.017865   slack (VIOLATED)


Startpoint: BN[10]$_SDFFE_PP1P_ (rising edge-triggered flip-flop clocked by clk)
Endpoint: BN[10]$_SDFFE_PP1P_ (rising edge-triggered flip-flop clocked by clk)
Path Group: clk
Path Type: min

Fanout         Cap        Slew       Delay        Time   Description
---------------------------------------------------------------------------------------------
                      0.150000    0.000000    0.000000   clock clk (rise edge)
                                  0.000000    0.000000   clock network delay (ideal)
                      0.150000    0.000000    0.000000 ^ BN[10]$_SDFFE_PP1P_/CLK (sg13g2_dfrbpq_1)
     3    0.011941    0.031507    0.166261    0.166261 v BN[10]$_SDFFE_PP1P_/Q (sg13g2_dfrbpq_1)
                                                         BN[10] (net)
                      0.031507    0.000000    0.166261 v _105_/A1 (sg13g2_a21o_1)
     1    0.001523    0.013641    0.065926    0.232187 v _105_/X (sg13g2_a21o_1)
                                                         _001_ (net)
                      0.013641    0.000000    0.232187 v BN[10]$_SDFFE_PP1P_/D (sg13g2_dfrbpq_1)
                                              0.232187   data arrival time

                      0.150000    0.000000    0.000000   clock clk (rise edge)
                                  0.000000    0.000000   clock network delay (ideal)
                                  0.250000    0.250000   clock uncertainty
                                  0.000000    0.250000   clock reconvergence pessimism
                                              0.250000 ^ BN[10]$_SDFFE_PP1P_/CLK (sg13g2_dfrbpq_1)
                                  0.000052    0.250052   library hold time
                                              0.250052   data required time
---------------------------------------------------------------------------------------------
                                              0.250052   data required time
                                             -0.232187   data arrival time
---------------------------------------------------------------------------------------------
                                             -0.017865   slack (VIOLATED)


Startpoint: BN[1]$_SDFFE_PP1P_ (rising edge-triggered flip-flop clocked by clk)
Endpoint: BN[1]$_SDFFE_PP1P_ (rising edge-triggered flip-flop clocked by clk)
Path Group: clk
Path Type: min

Fanout         Cap        Slew       Delay        Time   Description
---------------------------------------------------------------------------------------------
                      0.150000    0.000000    0.000000   clock clk (rise edge)
                                  0.000000    0.000000   clock network delay (ideal)
                      0.150000    0.000000    0.000000 ^ BN[1]$_SDFFE_PP1P_/CLK (sg13g2_dfrbpq_1)
     3    0.011941    0.031507    0.166261    0.166261 v BN[1]$_SDFFE_PP1P_/Q (sg13g2_dfrbpq_1)
                                                         BN[1] (net)
                      0.031507    0.000000    0.166261 v _110_/A1 (sg13g2_a21o_1)
     1    0.001523    0.013641    0.065926    0.232187 v _110_/X (sg13g2_a21o_1)
                                                         _003_ (net)
                      0.013641    0.000000    0.232187 v BN[1]$_SDFFE_PP1P_/D (sg13g2_dfrbpq_1)
                                              0.232187   data arrival time

                      0.150000    0.000000    0.000000   clock clk (rise edge)
                                  0.000000    0.000000   clock network delay (ideal)
                                  0.250000    0.250000   clock uncertainty
                                  0.000000    0.250000   clock reconvergence pessimism
                                              0.250000 ^ BN[1]$_SDFFE_PP1P_/CLK (sg13g2_dfrbpq_1)
                                  0.000052    0.250052   library hold time
                                              0.250052   data required time
---------------------------------------------------------------------------------------------
                                              0.250052   data required time
                                             -0.232187   data arrival time
---------------------------------------------------------------------------------------------
                                             -0.017865   slack (VIOLATED)


Startpoint: BN[2]$_SDFFE_PP1P_ (rising edge-triggered flip-flop clocked by clk)
Endpoint: BN[2]$_SDFFE_PP1P_ (rising edge-triggered flip-flop clocked by clk)
Path Group: clk
Path Type: min

Fanout         Cap        Slew       Delay        Time   Description
---------------------------------------------------------------------------------------------
                      0.150000    0.000000    0.000000   clock clk (rise edge)
                                  0.000000    0.000000   clock network delay (ideal)
                      0.150000    0.000000    0.000000 ^ BN[2]$_SDFFE_PP1P_/CLK (sg13g2_dfrbpq_1)
     3    0.011941    0.031507    0.166261    0.166261 v BN[2]$_SDFFE_PP1P_/Q (sg13g2_dfrbpq_1)
                                                         BN[2] (net)
                      0.031507    0.000000    0.166261 v _112_/A1 (sg13g2_a21o_1)
     1    0.001523    0.013641    0.065926    0.232187 v _112_/X (sg13g2_a21o_1)
                                                         _004_ (net)
                      0.013641    0.000000    0.232187 v BN[2]$_SDFFE_PP1P_/D (sg13g2_dfrbpq_1)
                                              0.232187   data arrival time

                      0.150000    0.000000    0.000000   clock clk (rise edge)
                                  0.000000    0.000000   clock network delay (ideal)
                                  0.250000    0.250000   clock uncertainty
                                  0.000000    0.250000   clock reconvergence pessimism
                                              0.250000 ^ BN[2]$_SDFFE_PP1P_/CLK (sg13g2_dfrbpq_1)
                                  0.000052    0.250052   library hold time
                                              0.250052   data required time
---------------------------------------------------------------------------------------------
                                              0.250052   data required time
                                             -0.232187   data arrival time
---------------------------------------------------------------------------------------------
                                             -0.017865   slack (VIOLATED)


Startpoint: BN[3]$_SDFFE_PP1P_ (rising edge-triggered flip-flop clocked by clk)
Endpoint: BN[3]$_SDFFE_PP1P_ (rising edge-triggered flip-flop clocked by clk)
Path Group: clk
Path Type: min

Fanout         Cap        Slew       Delay        Time   Description
---------------------------------------------------------------------------------------------
                      0.150000    0.000000    0.000000   clock clk (rise edge)
                                  0.000000    0.000000   clock network delay (ideal)
                      0.150000    0.000000    0.000000 ^ BN[3]$_SDFFE_PP1P_/CLK (sg13g2_dfrbpq_1)
     3    0.011941    0.031507    0.166261    0.166261 v BN[3]$_SDFFE_PP1P_/Q (sg13g2_dfrbpq_1)
                                                         BN[3] (net)
                      0.031507    0.000000    0.166261 v _114_/A1 (sg13g2_a21o_1)
     1    0.001523    0.013641    0.065926    0.232187 v _114_/X (sg13g2_a21o_1)
                                                         _005_ (net)
                      0.013641    0.000000    0.232187 v BN[3]$_SDFFE_PP1P_/D (sg13g2_dfrbpq_1)
                                              0.232187   data arrival time

                      0.150000    0.000000    0.000000   clock clk (rise edge)
                                  0.000000    0.000000   clock network delay (ideal)
                                  0.250000    0.250000   clock uncertainty
                                  0.000000    0.250000   clock reconvergence pessimism
                                              0.250000 ^ BN[3]$_SDFFE_PP1P_/CLK (sg13g2_dfrbpq_1)
                                  0.000052    0.250052   library hold time
                                              0.250052   data required time
---------------------------------------------------------------------------------------------
                                              0.250052   data required time
                                             -0.232187   data arrival time
---------------------------------------------------------------------------------------------
                                             -0.017865   slack (VIOLATED)


Startpoint: BN[4]$_SDFFE_PP1P_ (rising edge-triggered flip-flop clocked by clk)
Endpoint: BN[4]$_SDFFE_PP1P_ (rising edge-triggered flip-flop clocked by clk)
Path Group: clk
Path Type: min

Fanout         Cap        Slew       Delay        Time   Description
---------------------------------------------------------------------------------------------
                      0.150000    0.000000    0.000000   clock clk (rise edge)
                                  0.000000    0.000000   clock network delay (ideal)
                      0.150000    0.000000    0.000000 ^ BN[4]$_SDFFE_PP1P_/CLK (sg13g2_dfrbpq_1)
     3    0.011941    0.031507    0.166261    0.166261 v BN[4]$_SDFFE_PP1P_/Q (sg13g2_dfrbpq_1)
                                                         BN[4] (net)
                      0.031507    0.000000    0.166261 v _117_/A1 (sg13g2_a21o_1)
     1    0.001523    0.013641    0.065926    0.232187 v _117_/X (sg13g2_a21o_1)
                                                         _006_ (net)
                      0.013641    0.000000    0.232187 v BN[4]$_SDFFE_PP1P_/D (sg13g2_dfrbpq_1)
                                              0.232187   data arrival time

                      0.150000    0.000000    0.000000   clock clk (rise edge)
                                  0.000000    0.000000   clock network delay (ideal)
                                  0.250000    0.250000   clock uncertainty
                                  0.000000    0.250000   clock reconvergence pessimism
                                              0.250000 ^ BN[4]$_SDFFE_PP1P_/CLK (sg13g2_dfrbpq_1)
                                  0.000052    0.250052   library hold time
                                              0.250052   data required time
---------------------------------------------------------------------------------------------
                                              0.250052   data required time
                                             -0.232187   data arrival time
---------------------------------------------------------------------------------------------
                                             -0.017865   slack (VIOLATED)


Startpoint: BN[5]$_SDFFE_PP1P_ (rising edge-triggered flip-flop clocked by clk)
Endpoint: BN[5]$_SDFFE_PP1P_ (rising edge-triggered flip-flop clocked by clk)
Path Group: clk
Path Type: min

Fanout         Cap        Slew       Delay        Time   Description
---------------------------------------------------------------------------------------------
                      0.150000    0.000000    0.000000   clock clk (rise edge)
                                  0.000000    0.000000   clock network delay (ideal)
                      0.150000    0.000000    0.000000 ^ BN[5]$_SDFFE_PP1P_/CLK (sg13g2_dfrbpq_1)
     3    0.011941    0.031507    0.166261    0.166261 v BN[5]$_SDFFE_PP1P_/Q (sg13g2_dfrbpq_1)
                                                         BN[5] (net)
                      0.031507    0.000000    0.166261 v _119_/A1 (sg13g2_a21o_1)
     1    0.001523    0.013641    0.065926    0.232187 v _119_/X (sg13g2_a21o_1)
                                                         _007_ (net)
                      0.013641    0.000000    0.232187 v BN[5]$_SDFFE_PP1P_/D (sg13g2_dfrbpq_1)
                                              0.232187   data arrival time

                      0.150000    0.000000    0.000000   clock clk (rise edge)
                                  0.000000    0.000000   clock network delay (ideal)
                                  0.250000    0.250000   clock uncertainty
                                  0.000000    0.250000   clock reconvergence pessimism
                                              0.250000 ^ BN[5]$_SDFFE_PP1P_/CLK (sg13g2_dfrbpq_1)
                                  0.000052    0.250052   library hold time
                                              0.250052   data required time
---------------------------------------------------------------------------------------------
                                              0.250052   data required time
                                             -0.232187   data arrival time
---------------------------------------------------------------------------------------------
                                             -0.017865   slack (VIOLATED)


Startpoint: BN[6]$_SDFFE_PP1P_ (rising edge-triggered flip-flop clocked by clk)
Endpoint: BN[6]$_SDFFE_PP1P_ (rising edge-triggered flip-flop clocked by clk)
Path Group: clk
Path Type: min

Fanout         Cap        Slew       Delay        Time   Description
---------------------------------------------------------------------------------------------
                      0.150000    0.000000    0.000000   clock clk (rise edge)
                                  0.000000    0.000000   clock network delay (ideal)
                      0.150000    0.000000    0.000000 ^ BN[6]$_SDFFE_PP1P_/CLK (sg13g2_dfrbpq_1)
     3    0.011941    0.031507    0.166261    0.166261 v BN[6]$_SDFFE_PP1P_/Q (sg13g2_dfrbpq_1)
                                                         BN[6] (net)
                      0.031507    0.000000    0.166261 v _121_/A1 (sg13g2_a21o_1)
     1    0.001523    0.013641    0.065926    0.232187 v _121_/X (sg13g2_a21o_1)
                                                         _008_ (net)
                      0.013641    0.000000    0.232187 v BN[6]$_SDFFE_PP1P_/D (sg13g2_dfrbpq_1)
                                              0.232187   data arrival time

                      0.150000    0.000000    0.000000   clock clk (rise edge)
                                  0.000000    0.000000   clock network delay (ideal)
                                  0.250000    0.250000   clock uncertainty
                                  0.000000    0.250000   clock reconvergence pessimism
                                              0.250000 ^ BN[6]$_SDFFE_PP1P_/CLK (sg13g2_dfrbpq_1)
                                  0.000052    0.250052   library hold time
                                              0.250052   data required time
---------------------------------------------------------------------------------------------
                                              0.250052   data required time
                                             -0.232187   data arrival time
---------------------------------------------------------------------------------------------
                                             -0.017865   slack (VIOLATED)


Startpoint: BN[7]$_SDFFE_PP1P_ (rising edge-triggered flip-flop clocked by clk)
Endpoint: BN[7]$_SDFFE_PP1P_ (rising edge-triggered flip-flop clocked by clk)
Path Group: clk
Path Type: min

Fanout         Cap        Slew       Delay        Time   Description
---------------------------------------------------------------------------------------------
                      0.150000    0.000000    0.000000   clock clk (rise edge)
                                  0.000000    0.000000   clock network delay (ideal)
                      0.150000    0.000000    0.000000 ^ BN[7]$_SDFFE_PP1P_/CLK (sg13g2_dfrbpq_1)
     3    0.011941    0.031507    0.166261    0.166261 v BN[7]$_SDFFE_PP1P_/Q (sg13g2_dfrbpq_1)
                                                         BN[7] (net)
                      0.031507    0.000000    0.166261 v _123_/A1 (sg13g2_a21o_1)
     1    0.001523    0.013641    0.065926    0.232187 v _123_/X (sg13g2_a21o_1)
                                                         _009_ (net)
                      0.013641    0.000000    0.232187 v BN[7]$_SDFFE_PP1P_/D (sg13g2_dfrbpq_1)
                                              0.232187   data arrival time

                      0.150000    0.000000    0.000000   clock clk (rise edge)
                                  0.000000    0.000000   clock network delay (ideal)
                                  0.250000    0.250000   clock uncertainty
                                  0.000000    0.250000   clock reconvergence pessimism
                                              0.250000 ^ BN[7]$_SDFFE_PP1P_/CLK (sg13g2_dfrbpq_1)
                                  0.000052    0.250052   library hold time
                                              0.250052   data required time
---------------------------------------------------------------------------------------------
                                              0.250052   data required time
                                             -0.232187   data arrival time
---------------------------------------------------------------------------------------------
                                             -0.017865   slack (VIOLATED)


Startpoint: BN[8]$_SDFFE_PP1P_ (rising edge-triggered flip-flop clocked by clk)
Endpoint: BN[8]$_SDFFE_PP1P_ (rising edge-triggered flip-flop clocked by clk)
Path Group: clk
Path Type: min

Fanout         Cap        Slew       Delay        Time   Description
---------------------------------------------------------------------------------------------
                      0.150000    0.000000    0.000000   clock clk (rise edge)
                                  0.000000    0.000000   clock network delay (ideal)
                      0.150000    0.000000    0.000000 ^ BN[8]$_SDFFE_PP1P_/CLK (sg13g2_dfrbpq_1)
     3    0.011941    0.031507    0.166261    0.166261 v BN[8]$_SDFFE_PP1P_/Q (sg13g2_dfrbpq_1)
                                                         BN[8] (net)
                      0.031507    0.000000    0.166261 v _125_/A1 (sg13g2_a21o_1)
     1    0.001523    0.013641    0.065926    0.232187 v _125_/X (sg13g2_a21o_1)
                                                         _010_ (net)
                      0.013641    0.000000    0.232187 v BN[8]$_SDFFE_PP1P_/D (sg13g2_dfrbpq_1)
                                              0.232187   data arrival time

                      0.150000    0.000000    0.000000   clock clk (rise edge)
                                  0.000000    0.000000   clock network delay (ideal)
                                  0.250000    0.250000   clock uncertainty
                                  0.000000    0.250000   clock reconvergence pessimism
                                              0.250000 ^ BN[8]$_SDFFE_PP1P_/CLK (sg13g2_dfrbpq_1)
                                  0.000052    0.250052   library hold time
                                              0.250052   data required time
---------------------------------------------------------------------------------------------
                                              0.250052   data required time
                                             -0.232187   data arrival time
---------------------------------------------------------------------------------------------
                                             -0.017865   slack (VIOLATED)


Startpoint: BN[9]$_SDFFE_PP1P_ (rising edge-triggered flip-flop clocked by clk)
Endpoint: BN[9]$_SDFFE_PP1P_ (rising edge-triggered flip-flop clocked by clk)
Path Group: clk
Path Type: min

Fanout         Cap        Slew       Delay        Time   Description
---------------------------------------------------------------------------------------------
                      0.150000    0.000000    0.000000   clock clk (rise edge)
                                  0.000000    0.000000   clock network delay (ideal)
                      0.150000    0.000000    0.000000 ^ BN[9]$_SDFFE_PP1P_/CLK (sg13g2_dfrbpq_1)
     3    0.011941    0.031507    0.166261    0.166261 v BN[9]$_SDFFE_PP1P_/Q (sg13g2_dfrbpq_1)
                                                         BN[9] (net)
                      0.031507    0.000000    0.166261 v _127_/A1 (sg13g2_a21o_1)
     1    0.001523    0.013641    0.065926    0.232187 v _127_/X (sg13g2_a21o_1)
                                                         _011_ (net)
                      0.013641    0.000000    0.232187 v BN[9]$_SDFFE_PP1P_/D (sg13g2_dfrbpq_1)
                                              0.232187   data arrival time

                      0.150000    0.000000    0.000000   clock clk (rise edge)
                                  0.000000    0.000000   clock network delay (ideal)
                                  0.250000    0.250000   clock uncertainty
                                  0.000000    0.250000   clock reconvergence pessimism
                                              0.250000 ^ BN[9]$_SDFFE_PP1P_/CLK (sg13g2_dfrbpq_1)
                                  0.000052    0.250052   library hold time
                                              0.250052   data required time
---------------------------------------------------------------------------------------------
                                              0.250052   data required time
                                             -0.232187   data arrival time
---------------------------------------------------------------------------------------------
                                             -0.017865   slack (VIOLATED)


Startpoint: B[0]$_SDFFE_PP1P_ (rising edge-triggered flip-flop clocked by clk)
Endpoint: B[0]$_SDFFE_PP1P_ (rising edge-triggered flip-flop clocked by clk)
Path Group: clk
Path Type: min

Fanout         Cap        Slew       Delay        Time   Description
---------------------------------------------------------------------------------------------
                      0.150000    0.000000    0.000000   clock clk (rise edge)
                                  0.000000    0.000000   clock network delay (ideal)
                      0.150000    0.000000    0.000000 ^ B[0]$_SDFFE_PP1P_/CLK (sg13g2_dfrbpq_1)
     3    0.012045    0.031710    0.166433    0.166433 v B[0]$_SDFFE_PP1P_/Q (sg13g2_dfrbpq_1)
                                                         B[0] (net)
                      0.031710    0.000000    0.166433 v _130_/A1 (sg13g2_a21o_1)
     1    0.001523    0.013641    0.065983    0.232416 v _130_/X (sg13g2_a21o_1)
                                                         _012_ (net)
                      0.013641    0.000000    0.232416 v B[0]$_SDFFE_PP1P_/D (sg13g2_dfrbpq_1)
                                              0.232416   data arrival time

                      0.150000    0.000000    0.000000   clock clk (rise edge)
                                  0.000000    0.000000   clock network delay (ideal)
                                  0.250000    0.250000   clock uncertainty
                                  0.000000    0.250000   clock reconvergence pessimism
                                              0.250000 ^ B[0]$_SDFFE_PP1P_/CLK (sg13g2_dfrbpq_1)
                                  0.000052    0.250052   library hold time
                                              0.250052   data required time
---------------------------------------------------------------------------------------------
                                              0.250052   data required time
                                             -0.232416   data arrival time
---------------------------------------------------------------------------------------------
                                             -0.017637   slack (VIOLATED)


Startpoint: B[10]$_SDFFE_PP1P_ (rising edge-triggered flip-flop clocked by clk)
Endpoint: B[10]$_SDFFE_PP1P_ (rising edge-triggered flip-flop clocked by clk)
Path Group: clk
Path Type: min

Fanout         Cap        Slew       Delay        Time   Description
---------------------------------------------------------------------------------------------
                      0.150000    0.000000    0.000000   clock clk (rise edge)
                                  0.000000    0.000000   clock network delay (ideal)
                      0.150000    0.000000    0.000000 ^ B[10]$_SDFFE_PP1P_/CLK (sg13g2_dfrbpq_1)
     3    0.012045    0.031710    0.166433    0.166433 v B[10]$_SDFFE_PP1P_/Q (sg13g2_dfrbpq_1)
                                                         B[10] (net)
                      0.031710    0.000000    0.166433 v _132_/A1 (sg13g2_a21o_1)
     1    0.001523    0.013641    0.065983    0.232416 v _132_/X (sg13g2_a21o_1)
                                                         _013_ (net)
                      0.013641    0.000000    0.232416 v B[10]$_SDFFE_PP1P_/D (sg13g2_dfrbpq_1)
                                              0.232416   data arrival time

                      0.150000    0.000000    0.000000   clock clk (rise edge)
                                  0.000000    0.000000   clock network delay (ideal)
                                  0.250000    0.250000   clock uncertainty
                                  0.000000    0.250000   clock reconvergence pessimism
                                              0.250000 ^ B[10]$_SDFFE_PP1P_/CLK (sg13g2_dfrbpq_1)
                                  0.000052    0.250052   library hold time
                                              0.250052   data required time
---------------------------------------------------------------------------------------------
                                              0.250052   data required time
                                             -0.232416   data arrival time
---------------------------------------------------------------------------------------------
                                             -0.017637   slack (VIOLATED)


Startpoint: B[1]$_SDFFE_PP1P_ (rising edge-triggered flip-flop clocked by clk)
Endpoint: B[1]$_SDFFE_PP1P_ (rising edge-triggered flip-flop clocked by clk)
Path Group: clk
Path Type: min

Fanout         Cap        Slew       Delay        Time   Description
---------------------------------------------------------------------------------------------
                      0.150000    0.000000    0.000000   clock clk (rise edge)
                                  0.000000    0.000000   clock network delay (ideal)
                      0.150000    0.000000    0.000000 ^ B[1]$_SDFFE_PP1P_/CLK (sg13g2_dfrbpq_1)
     3    0.012045    0.031710    0.166433    0.166433 v B[1]$_SDFFE_PP1P_/Q (sg13g2_dfrbpq_1)
                                                         B[1] (net)
                      0.031710    0.000000    0.166433 v _136_/A1 (sg13g2_a21o_1)
     1    0.001523    0.013641    0.065983    0.232416 v _136_/X (sg13g2_a21o_1)
                                                         _015_ (net)
                      0.013641    0.000000    0.232416 v B[1]$_SDFFE_PP1P_/D (sg13g2_dfrbpq_1)
                                              0.232416   data arrival time

                      0.150000    0.000000    0.000000   clock clk (rise edge)
                                  0.000000    0.000000   clock network delay (ideal)
                                  0.250000    0.250000   clock uncertainty
                                  0.000000    0.250000   clock reconvergence pessimism
                                              0.250000 ^ B[1]$_SDFFE_PP1P_/CLK (sg13g2_dfrbpq_1)
                                  0.000052    0.250052   library hold time
                                              0.250052   data required time
---------------------------------------------------------------------------------------------
                                              0.250052   data required time
                                             -0.232416   data arrival time
---------------------------------------------------------------------------------------------
                                             -0.017637   slack (VIOLATED)


Startpoint: B[2]$_SDFFE_PP1P_ (rising edge-triggered flip-flop clocked by clk)
Endpoint: B[2]$_SDFFE_PP1P_ (rising edge-triggered flip-flop clocked by clk)
Path Group: clk
Path Type: min

Fanout         Cap        Slew       Delay        Time   Description
---------------------------------------------------------------------------------------------
                      0.150000    0.000000    0.000000   clock clk (rise edge)
                                  0.000000    0.000000   clock network delay (ideal)
                      0.150000    0.000000    0.000000 ^ B[2]$_SDFFE_PP1P_/CLK (sg13g2_dfrbpq_1)
     3    0.012045    0.031710    0.166433    0.166433 v B[2]$_SDFFE_PP1P_/Q (sg13g2_dfrbpq_1)
                                                         B[2] (net)
                      0.031710    0.000000    0.166433 v _138_/A1 (sg13g2_a21o_1)
     1    0.001523    0.013641    0.065983    0.232416 v _138_/X (sg13g2_a21o_1)
                                                         _016_ (net)
                      0.013641    0.000000    0.232416 v B[2]$_SDFFE_PP1P_/D (sg13g2_dfrbpq_1)
                                              0.232416   data arrival time

                      0.150000    0.000000    0.000000   clock clk (rise edge)
                                  0.000000    0.000000   clock network delay (ideal)
                                  0.250000    0.250000   clock uncertainty
                                  0.000000    0.250000   clock reconvergence pessimism
                                              0.250000 ^ B[2]$_SDFFE_PP1P_/CLK (sg13g2_dfrbpq_1)
                                  0.000052    0.250052   library hold time
                                              0.250052   data required time
---------------------------------------------------------------------------------------------
                                              0.250052   data required time
                                             -0.232416   data arrival time
---------------------------------------------------------------------------------------------
                                             -0.017637   slack (VIOLATED)


Startpoint: B[3]$_SDFFE_PP1P_ (rising edge-triggered flip-flop clocked by clk)
Endpoint: B[3]$_SDFFE_PP1P_ (rising edge-triggered flip-flop clocked by clk)
Path Group: clk
Path Type: min

Fanout         Cap        Slew       Delay        Time   Description
---------------------------------------------------------------------------------------------
                      0.150000    0.000000    0.000000   clock clk (rise edge)
                                  0.000000    0.000000   clock network delay (ideal)
                      0.150000    0.000000    0.000000 ^ B[3]$_SDFFE_PP1P_/CLK (sg13g2_dfrbpq_1)
     3    0.012045    0.031710    0.166433    0.166433 v B[3]$_SDFFE_PP1P_/Q (sg13g2_dfrbpq_1)
                                                         B[3] (net)
                      0.031710    0.000000    0.166433 v _140_/A1 (sg13g2_a21o_1)
     1    0.001523    0.013641    0.065983    0.232416 v _140_/X (sg13g2_a21o_1)
                                                         _017_ (net)
                      0.013641    0.000000    0.232416 v B[3]$_SDFFE_PP1P_/D (sg13g2_dfrbpq_1)
                                              0.232416   data arrival time

                      0.150000    0.000000    0.000000   clock clk (rise edge)
                                  0.000000    0.000000   clock network delay (ideal)
                                  0.250000    0.250000   clock uncertainty
                                  0.000000    0.250000   clock reconvergence pessimism
                                              0.250000 ^ B[3]$_SDFFE_PP1P_/CLK (sg13g2_dfrbpq_1)
                                  0.000052    0.250052   library hold time
                                              0.250052   data required time
---------------------------------------------------------------------------------------------
                                              0.250052   data required time
                                             -0.232416   data arrival time
---------------------------------------------------------------------------------------------
                                             -0.017637   slack (VIOLATED)


Startpoint: B[4]$_SDFFE_PP1P_ (rising edge-triggered flip-flop clocked by clk)
Endpoint: B[4]$_SDFFE_PP1P_ (rising edge-triggered flip-flop clocked by clk)
Path Group: clk
Path Type: min

Fanout         Cap        Slew       Delay        Time   Description
---------------------------------------------------------------------------------------------
                      0.150000    0.000000    0.000000   clock clk (rise edge)
                                  0.000000    0.000000   clock network delay (ideal)
                      0.150000    0.000000    0.000000 ^ B[4]$_SDFFE_PP1P_/CLK (sg13g2_dfrbpq_1)
     3    0.012045    0.031710    0.166433    0.166433 v B[4]$_SDFFE_PP1P_/Q (sg13g2_dfrbpq_1)
                                                         B[4] (net)
                      0.031710    0.000000    0.166433 v _142_/A1 (sg13g2_a21o_1)
     1    0.001523    0.013641    0.065983    0.232416 v _142_/X (sg13g2_a21o_1)
                                                         _018_ (net)
                      0.013641    0.000000    0.232416 v B[4]$_SDFFE_PP1P_/D (sg13g2_dfrbpq_1)
                                              0.232416   data arrival time

                      0.150000    0.000000    0.000000   clock clk (rise edge)
                                  0.000000    0.000000   clock network delay (ideal)
                                  0.250000    0.250000   clock uncertainty
                                  0.000000    0.250000   clock reconvergence pessimism
                                              0.250000 ^ B[4]$_SDFFE_PP1P_/CLK (sg13g2_dfrbpq_1)
                                  0.000052    0.250052   library hold time
                                              0.250052   data required time
---------------------------------------------------------------------------------------------
                                              0.250052   data required time
                                             -0.232416   data arrival time
---------------------------------------------------------------------------------------------
                                             -0.017637   slack (VIOLATED)


Startpoint: B[5]$_SDFFE_PP1P_ (rising edge-triggered flip-flop clocked by clk)
Endpoint: B[5]$_SDFFE_PP1P_ (rising edge-triggered flip-flop clocked by clk)
Path Group: clk
Path Type: min

Fanout         Cap        Slew       Delay        Time   Description
---------------------------------------------------------------------------------------------
                      0.150000    0.000000    0.000000   clock clk (rise edge)
                                  0.000000    0.000000   clock network delay (ideal)
                      0.150000    0.000000    0.000000 ^ B[5]$_SDFFE_PP1P_/CLK (sg13g2_dfrbpq_1)
     3    0.012045    0.031710    0.166433    0.166433 v B[5]$_SDFFE_PP1P_/Q (sg13g2_dfrbpq_1)
                                                         B[5] (net)
                      0.031710    0.000000    0.166433 v _144_/A1 (sg13g2_a21o_1)
     1    0.001523    0.013641    0.065983    0.232416 v _144_/X (sg13g2_a21o_1)
                                                         _019_ (net)
                      0.013641    0.000000    0.232416 v B[5]$_SDFFE_PP1P_/D (sg13g2_dfrbpq_1)
                                              0.232416   data arrival time

                      0.150000    0.000000    0.000000   clock clk (rise edge)
                                  0.000000    0.000000   clock network delay (ideal)
                                  0.250000    0.250000   clock uncertainty
                                  0.000000    0.250000   clock reconvergence pessimism
                                              0.250000 ^ B[5]$_SDFFE_PP1P_/CLK (sg13g2_dfrbpq_1)
                                  0.000052    0.250052   library hold time
                                              0.250052   data required time
---------------------------------------------------------------------------------------------
                                              0.250052   data required time
                                             -0.232416   data arrival time
---------------------------------------------------------------------------------------------
                                             -0.017637   slack (VIOLATED)


Startpoint: B[6]$_SDFFE_PP1P_ (rising edge-triggered flip-flop clocked by clk)
Endpoint: B[6]$_SDFFE_PP1P_ (rising edge-triggered flip-flop clocked by clk)
Path Group: clk
Path Type: min

Fanout         Cap        Slew       Delay        Time   Description
---------------------------------------------------------------------------------------------
                      0.150000    0.000000    0.000000   clock clk (rise edge)
                                  0.000000    0.000000   clock network delay (ideal)
                      0.150000    0.000000    0.000000 ^ B[6]$_SDFFE_PP1P_/CLK (sg13g2_dfrbpq_1)
     3    0.012045    0.031710    0.166433    0.166433 v B[6]$_SDFFE_PP1P_/Q (sg13g2_dfrbpq_1)
                                                         B[6] (net)
                      0.031710    0.000000    0.166433 v _146_/A1 (sg13g2_a21o_1)
     1    0.001523    0.013641    0.065983    0.232416 v _146_/X (sg13g2_a21o_1)
                                                         _020_ (net)
                      0.013641    0.000000    0.232416 v B[6]$_SDFFE_PP1P_/D (sg13g2_dfrbpq_1)
                                              0.232416   data arrival time

                      0.150000    0.000000    0.000000   clock clk (rise edge)
                                  0.000000    0.000000   clock network delay (ideal)
                                  0.250000    0.250000   clock uncertainty
                                  0.000000    0.250000   clock reconvergence pessimism
                                              0.250000 ^ B[6]$_SDFFE_PP1P_/CLK (sg13g2_dfrbpq_1)
                                  0.000052    0.250052   library hold time
                                              0.250052   data required time
---------------------------------------------------------------------------------------------
                                              0.250052   data required time
                                             -0.232416   data arrival time
---------------------------------------------------------------------------------------------
                                             -0.017637   slack (VIOLATED)


Startpoint: B[7]$_SDFFE_PP1P_ (rising edge-triggered flip-flop clocked by clk)
Endpoint: B[7]$_SDFFE_PP1P_ (rising edge-triggered flip-flop clocked by clk)
Path Group: clk
Path Type: min

Fanout         Cap        Slew       Delay        Time   Description
---------------------------------------------------------------------------------------------
                      0.150000    0.000000    0.000000   clock clk (rise edge)
                                  0.000000    0.000000   clock network delay (ideal)
                      0.150000    0.000000    0.000000 ^ B[7]$_SDFFE_PP1P_/CLK (sg13g2_dfrbpq_1)
     3    0.012045    0.031710    0.166433    0.166433 v B[7]$_SDFFE_PP1P_/Q (sg13g2_dfrbpq_1)
                                                         B[7] (net)
                      0.031710    0.000000    0.166433 v _148_/A1 (sg13g2_a21o_1)
     1    0.001523    0.013641    0.065983    0.232416 v _148_/X (sg13g2_a21o_1)
                                                         _021_ (net)
                      0.013641    0.000000    0.232416 v B[7]$_SDFFE_PP1P_/D (sg13g2_dfrbpq_1)
                                              0.232416   data arrival time

                      0.150000    0.000000    0.000000   clock clk (rise edge)
                                  0.000000    0.000000   clock network delay (ideal)
                                  0.250000    0.250000   clock uncertainty
                                  0.000000    0.250000   clock reconvergence pessimism
                                              0.250000 ^ B[7]$_SDFFE_PP1P_/CLK (sg13g2_dfrbpq_1)
                                  0.000052    0.250052   library hold time
                                              0.250052   data required time
---------------------------------------------------------------------------------------------
                                              0.250052   data required time
                                             -0.232416   data arrival time
---------------------------------------------------------------------------------------------
                                             -0.017637   slack (VIOLATED)


Startpoint: B[8]$_SDFFE_PP1P_ (rising edge-triggered flip-flop clocked by clk)
Endpoint: B[8]$_SDFFE_PP1P_ (rising edge-triggered flip-flop clocked by clk)
Path Group: clk
Path Type: min

Fanout         Cap        Slew       Delay        Time   Description
---------------------------------------------------------------------------------------------
                      0.150000    0.000000    0.000000   clock clk (rise edge)
                                  0.000000    0.000000   clock network delay (ideal)
                      0.150000    0.000000    0.000000 ^ B[8]$_SDFFE_PP1P_/CLK (sg13g2_dfrbpq_1)
     3    0.012045    0.031710    0.166433    0.166433 v B[8]$_SDFFE_PP1P_/Q (sg13g2_dfrbpq_1)
                                                         B[8] (net)
                      0.031710    0.000000    0.166433 v _150_/A1 (sg13g2_a21o_1)
     1    0.001523    0.013641    0.065983    0.232416 v _150_/X (sg13g2_a21o_1)
                                                         _022_ (net)
                      0.013641    0.000000    0.232416 v B[8]$_SDFFE_PP1P_/D (sg13g2_dfrbpq_1)
                                              0.232416   data arrival time

                      0.150000    0.000000    0.000000   clock clk (rise edge)
                                  0.000000    0.000000   clock network delay (ideal)
                                  0.250000    0.250000   clock uncertainty
                                  0.000000    0.250000   clock reconvergence pessimism
                                              0.250000 ^ B[8]$_SDFFE_PP1P_/CLK (sg13g2_dfrbpq_1)
                                  0.000052    0.250052   library hold time
                                              0.250052   data required time
---------------------------------------------------------------------------------------------
                                              0.250052   data required time
                                             -0.232416   data arrival time
---------------------------------------------------------------------------------------------
                                             -0.017637   slack (VIOLATED)


Startpoint: B[9]$_SDFFE_PP1P_ (rising edge-triggered flip-flop clocked by clk)
Endpoint: B[9]$_SDFFE_PP1P_ (rising edge-triggered flip-flop clocked by clk)
Path Group: clk
Path Type: min

Fanout         Cap        Slew       Delay        Time   Description
---------------------------------------------------------------------------------------------
                      0.150000    0.000000    0.000000   clock clk (rise edge)
                                  0.000000    0.000000   clock network delay (ideal)
                      0.150000    0.000000    0.000000 ^ B[9]$_SDFFE_PP1P_/CLK (sg13g2_dfrbpq_1)
     3    0.012045    0.031710    0.166433    0.166433 v B[9]$_SDFFE_PP1P_/Q (sg13g2_dfrbpq_1)
                                                         B[9] (net)
                      0.031710    0.000000    0.166433 v _152_/A1 (sg13g2_a21o_1)
     1    0.001523    0.013641    0.065983    0.232416 v _152_/X (sg13g2_a21o_1)
                                                         _023_ (net)
                      0.013641    0.000000    0.232416 v B[9]$_SDFFE_PP1P_/D (sg13g2_dfrbpq_1)
                                              0.232416   data arrival time

                      0.150000    0.000000    0.000000   clock clk (rise edge)
                                  0.000000    0.000000   clock network delay (ideal)
                                  0.250000    0.250000   clock uncertainty
                                  0.000000    0.250000   clock reconvergence pessimism
                                              0.250000 ^ B[9]$_SDFFE_PP1P_/CLK (sg13g2_dfrbpq_1)
                                  0.000052    0.250052   library hold time
                                              0.250052   data required time
---------------------------------------------------------------------------------------------
                                              0.250052   data required time
                                             -0.232416   data arrival time
---------------------------------------------------------------------------------------------
                                             -0.017637   slack (VIOLATED)


Startpoint: BN[11]$_SDFFE_PP1P_ (rising edge-triggered flip-flop clocked by clk)
Endpoint: BN[11]$_SDFFE_PP1P_ (rising edge-triggered flip-flop clocked by clk)
Path Group: clk
Path Type: min

Fanout         Cap        Slew       Delay        Time   Description
---------------------------------------------------------------------------------------------
                      0.150000    0.000000    0.000000   clock clk (rise edge)
                                  0.000000    0.000000   clock network delay (ideal)
                      0.150000    0.000000    0.000000 ^ BN[11]$_SDFFE_PP1P_/CLK (sg13g2_dfrbpq_1)
     4    0.013817    0.035184    0.169362    0.169362 v BN[11]$_SDFFE_PP1P_/Q (sg13g2_dfrbpq_1)
                                                         sign (net)
                      0.035184    0.000000    0.169362 v _107_/A1 (sg13g2_a21o_1)
     1    0.001523    0.013641    0.066947    0.236309 v _107_/X (sg13g2_a21o_1)
                                                         _002_ (net)
                      0.013641    0.000000    0.236309 v BN[11]$_SDFFE_PP1P_/D (sg13g2_dfrbpq_1)
                                              0.236309   data arrival time

                      0.150000    0.000000    0.000000   clock clk (rise edge)
                                  0.000000    0.000000   clock network delay (ideal)
                                  0.250000    0.250000   clock uncertainty
                                  0.000000    0.250000   clock reconvergence pessimism
                                              0.250000 ^ BN[11]$_SDFFE_PP1P_/CLK (sg13g2_dfrbpq_1)
                                  0.000052    0.250052   library hold time
                                              0.250052   data required time
---------------------------------------------------------------------------------------------
                                              0.250052   data required time
                                             -0.236309   data arrival time
---------------------------------------------------------------------------------------------
                                             -0.013743   slack (VIOLATED)


Startpoint: dbit[0]$_SDFFE_PP1P_
            (rising edge-triggered flip-flop clocked by clk)
Endpoint: dbit[0]$_SDFFE_PP1P_ (rising edge-triggered flip-flop clocked by clk)
Path Group: clk
Path Type: min

Fanout         Cap        Slew       Delay        Time   Description
---------------------------------------------------------------------------------------------
                      0.150000    0.000000    0.000000   clock clk (rise edge)
                                  0.000000    0.000000   clock network delay (ideal)
                      0.150000    0.000000    0.000000 ^ dbit[0]$_SDFFE_PP1P_/CLK (sg13g2_dfrbpq_1)
    13    0.041947    0.114125    0.224064    0.224064 ^ dbit[0]$_SDFFE_PP1P_/Q (sg13g2_dfrbpq_1)
                                                         dbit[0] (net)
                      0.114125    0.000000    0.224064 ^ _168_/A1 (sg13g2_o21ai_1)
     1    0.001523    0.015767    0.056429    0.280493 v _168_/Y (sg13g2_o21ai_1)
                                                         _024_ (net)
                      0.015767    0.000000    0.280493 v dbit[0]$_SDFFE_PP1P_/D (sg13g2_dfrbpq_1)
                                              0.280493   data arrival time

                      0.150000    0.000000    0.000000   clock clk (rise edge)
                                  0.000000    0.000000   clock network delay (ideal)
                                  0.250000    0.250000   clock uncertainty
                                  0.000000    0.250000   clock reconvergence pessimism
                                              0.250000 ^ dbit[0]$_SDFFE_PP1P_/CLK (sg13g2_dfrbpq_1)
                                 -0.000445    0.249555   library hold time
                                              0.249555   data required time
---------------------------------------------------------------------------------------------
                                              0.249555   data required time
                                             -0.280493   data arrival time
---------------------------------------------------------------------------------------------
                                              0.030938   slack (MET)


Startpoint: dbit[1]$_SDFFE_PP1P_
            (rising edge-triggered flip-flop clocked by clk)
Endpoint: dbit[1]$_SDFFE_PP1P_ (rising edge-triggered flip-flop clocked by clk)
Path Group: clk
Path Type: min

Fanout         Cap        Slew       Delay        Time   Description
---------------------------------------------------------------------------------------------
                      0.150000    0.000000    0.000000   clock clk (rise edge)
                                  0.000000    0.000000   clock network delay (ideal)
                      0.150000    0.000000    0.000000 ^ dbit[1]$_SDFFE_PP1P_/CLK (sg13g2_dfrbpq_1)
    11    0.033217    0.073988    0.199861    0.199861 v dbit[1]$_SDFFE_PP1P_/Q (sg13g2_dfrbpq_1)
                                                         dbit[1] (net)
                      0.073988    0.000000    0.199861 v _169_/B1 (sg13g2_o21ai_1)
     1    0.003303    0.029684    0.037794    0.237654 ^ _169_/Y (sg13g2_o21ai_1)
                                                         _046_ (net)
                      0.029684    0.000000    0.237654 ^ _171_/B (sg13g2_nand3b_1)
     1    0.001523    0.028806    0.044958    0.282613 v _171_/Y (sg13g2_nand3b_1)
                                                         _025_ (net)
                      0.028806    0.000000    0.282613 v dbit[1]$_SDFFE_PP1P_/D (sg13g2_dfrbpq_1)
                                              0.282613   data arrival time

                      0.150000    0.000000    0.000000   clock clk (rise edge)
                                  0.000000    0.000000   clock network delay (ideal)
                                  0.250000    0.250000   clock uncertainty
                                  0.000000    0.250000   clock reconvergence pessimism
                                              0.250000 ^ dbit[1]$_SDFFE_PP1P_/CLK (sg13g2_dfrbpq_1)
                                 -0.003498    0.246502   library hold time
                                              0.246502   data required time
---------------------------------------------------------------------------------------------
                                              0.246502   data required time
                                             -0.282613   data arrival time
---------------------------------------------------------------------------------------------
                                              0.036111   slack (MET)


Startpoint: dbit[1]$_SDFFE_PP1P_
            (rising edge-triggered flip-flop clocked by clk)
Endpoint: B[11]$_SDFFE_PP1P_ (rising edge-triggered flip-flop clocked by clk)
Path Group: clk
Path Type: min

Fanout         Cap        Slew       Delay        Time   Description
---------------------------------------------------------------------------------------------
                      0.150000    0.000000    0.000000   clock clk (rise edge)
                                  0.000000    0.000000   clock network delay (ideal)
                      0.150000    0.000000    0.000000 ^ dbit[1]$_SDFFE_PP1P_/CLK (sg13g2_dfrbpq_1)
    11    0.033217    0.073988    0.199861    0.199861 v dbit[1]$_SDFFE_PP1P_/Q (sg13g2_dfrbpq_1)
                                                         dbit[1] (net)
                      0.073988    0.000000    0.199861 v _133_/A (sg13g2_nand4_1)
     1    0.003083    0.030326    0.036603    0.236464 ^ _133_/Y (sg13g2_nand4_1)
                                                         _033_ (net)
                      0.030326    0.000000    0.236464 ^ _134_/A2 (sg13g2_a21o_1)
     1    0.001496    0.013100    0.064639    0.301103 ^ _134_/X (sg13g2_a21o_1)
                                                         _014_ (net)
                      0.013100    0.000000    0.301103 ^ B[11]$_SDFFE_PP1P_/D (sg13g2_dfrbpq_1)
                                              0.301103   data arrival time

                      0.150000    0.000000    0.000000   clock clk (rise edge)
                                  0.000000    0.000000   clock network delay (ideal)
                                  0.250000    0.250000   clock uncertainty
                                  0.000000    0.250000   clock reconvergence pessimism
                                              0.250000 ^ B[11]$_SDFFE_PP1P_/CLK (sg13g2_dfrbpq_1)
                                 -0.029527    0.220474   library hold time
                                              0.220474   data required time
---------------------------------------------------------------------------------------------
                                              0.220474   data required time
                                             -0.301103   data arrival time
---------------------------------------------------------------------------------------------
                                              0.080629   slack (MET)


Startpoint: BN[0]$_SDFFE_PP1P_ (rising edge-triggered flip-flop clocked by clk)
Endpoint: BN[0] (output port clocked by clk)
Path Group: clk
Path Type: min

Fanout         Cap        Slew       Delay        Time   Description
---------------------------------------------------------------------------------------------
                      0.150000    0.000000    0.000000   clock clk (rise edge)
                                  0.000000    0.000000   clock network delay (ideal)
                      0.150000    0.000000    0.000000 ^ BN[0]$_SDFFE_PP1P_/CLK (sg13g2_dfrbpq_1)
     3    0.011941    0.031507    0.166261    0.166261 v BN[0]$_SDFFE_PP1P_/Q (sg13g2_dfrbpq_1)
                                                         BN[0] (net)
                      0.031507    0.000000    0.166261 v BN[0] (out)
                                              0.166261   data arrival time

                      0.150000    0.000000    0.000000   clock clk (rise edge)
                                  0.000000    0.000000   clock network delay (ideal)
                                  0.250000    0.250000   clock uncertainty
                                  0.000000    0.250000   clock reconvergence pessimism
                                 -2.000000   -1.750000   output external delay
                                             -1.750000   data required time
---------------------------------------------------------------------------------------------
                                             -1.750000   data required time
                                             -0.166261   data arrival time
---------------------------------------------------------------------------------------------
                                              1.916261   slack (MET)


Startpoint: BN[10]$_SDFFE_PP1P_ (rising edge-triggered flip-flop clocked by clk)
Endpoint: BN[10] (output port clocked by clk)
Path Group: clk
Path Type: min

Fanout         Cap        Slew       Delay        Time   Description
---------------------------------------------------------------------------------------------
                      0.150000    0.000000    0.000000   clock clk (rise edge)
                                  0.000000    0.000000   clock network delay (ideal)
                      0.150000    0.000000    0.000000 ^ BN[10]$_SDFFE_PP1P_/CLK (sg13g2_dfrbpq_1)
     3    0.011941    0.031507    0.166261    0.166261 v BN[10]$_SDFFE_PP1P_/Q (sg13g2_dfrbpq_1)
                                                         BN[10] (net)
                      0.031507    0.000000    0.166261 v BN[10] (out)
                                              0.166261   data arrival time

                      0.150000    0.000000    0.000000   clock clk (rise edge)
                                  0.000000    0.000000   clock network delay (ideal)
                                  0.250000    0.250000   clock uncertainty
                                  0.000000    0.250000   clock reconvergence pessimism
                                 -2.000000   -1.750000   output external delay
                                             -1.750000   data required time
---------------------------------------------------------------------------------------------
                                             -1.750000   data required time
                                             -0.166261   data arrival time
---------------------------------------------------------------------------------------------
                                              1.916261   slack (MET)


Startpoint: BN[1]$_SDFFE_PP1P_ (rising edge-triggered flip-flop clocked by clk)
Endpoint: BN[1] (output port clocked by clk)
Path Group: clk
Path Type: min

Fanout         Cap        Slew       Delay        Time   Description
---------------------------------------------------------------------------------------------
                      0.150000    0.000000    0.000000   clock clk (rise edge)
                                  0.000000    0.000000   clock network delay (ideal)
                      0.150000    0.000000    0.000000 ^ BN[1]$_SDFFE_PP1P_/CLK (sg13g2_dfrbpq_1)
     3    0.011941    0.031507    0.166261    0.166261 v BN[1]$_SDFFE_PP1P_/Q (sg13g2_dfrbpq_1)
                                                         BN[1] (net)
                      0.031507    0.000000    0.166261 v BN[1] (out)
                                              0.166261   data arrival time

                      0.150000    0.000000    0.000000   clock clk (rise edge)
                                  0.000000    0.000000   clock network delay (ideal)
                                  0.250000    0.250000   clock uncertainty
                                  0.000000    0.250000   clock reconvergence pessimism
                                 -2.000000   -1.750000   output external delay
                                             -1.750000   data required time
---------------------------------------------------------------------------------------------
                                             -1.750000   data required time
                                             -0.166261   data arrival time
---------------------------------------------------------------------------------------------
                                              1.916261   slack (MET)


Startpoint: BN[2]$_SDFFE_PP1P_ (rising edge-triggered flip-flop clocked by clk)
Endpoint: BN[2] (output port clocked by clk)
Path Group: clk
Path Type: min

Fanout         Cap        Slew       Delay        Time   Description
---------------------------------------------------------------------------------------------
                      0.150000    0.000000    0.000000   clock clk (rise edge)
                                  0.000000    0.000000   clock network delay (ideal)
                      0.150000    0.000000    0.000000 ^ BN[2]$_SDFFE_PP1P_/CLK (sg13g2_dfrbpq_1)
     3    0.011941    0.031507    0.166261    0.166261 v BN[2]$_SDFFE_PP1P_/Q (sg13g2_dfrbpq_1)
                                                         BN[2] (net)
                      0.031507    0.000000    0.166261 v BN[2] (out)
                                              0.166261   data arrival time

                      0.150000    0.000000    0.000000   clock clk (rise edge)
                                  0.000000    0.000000   clock network delay (ideal)
                                  0.250000    0.250000   clock uncertainty
                                  0.000000    0.250000   clock reconvergence pessimism
                                 -2.000000   -1.750000   output external delay
                                             -1.750000   data required time
---------------------------------------------------------------------------------------------
                                             -1.750000   data required time
                                             -0.166261   data arrival time
---------------------------------------------------------------------------------------------
                                              1.916261   slack (MET)


Startpoint: BN[3]$_SDFFE_PP1P_ (rising edge-triggered flip-flop clocked by clk)
Endpoint: BN[3] (output port clocked by clk)
Path Group: clk
Path Type: min

Fanout         Cap        Slew       Delay        Time   Description
---------------------------------------------------------------------------------------------
                      0.150000    0.000000    0.000000   clock clk (rise edge)
                                  0.000000    0.000000   clock network delay (ideal)
                      0.150000    0.000000    0.000000 ^ BN[3]$_SDFFE_PP1P_/CLK (sg13g2_dfrbpq_1)
     3    0.011941    0.031507    0.166261    0.166261 v BN[3]$_SDFFE_PP1P_/Q (sg13g2_dfrbpq_1)
                                                         BN[3] (net)
                      0.031507    0.000000    0.166261 v BN[3] (out)
                                              0.166261   data arrival time

                      0.150000    0.000000    0.000000   clock clk (rise edge)
                                  0.000000    0.000000   clock network delay (ideal)
                                  0.250000    0.250000   clock uncertainty
                                  0.000000    0.250000   clock reconvergence pessimism
                                 -2.000000   -1.750000   output external delay
                                             -1.750000   data required time
---------------------------------------------------------------------------------------------
                                             -1.750000   data required time
                                             -0.166261   data arrival time
---------------------------------------------------------------------------------------------
                                              1.916261   slack (MET)


Startpoint: BN[4]$_SDFFE_PP1P_ (rising edge-triggered flip-flop clocked by clk)
Endpoint: BN[4] (output port clocked by clk)
Path Group: clk
Path Type: min

Fanout         Cap        Slew       Delay        Time   Description
---------------------------------------------------------------------------------------------
                      0.150000    0.000000    0.000000   clock clk (rise edge)
                                  0.000000    0.000000   clock network delay (ideal)
                      0.150000    0.000000    0.000000 ^ BN[4]$_SDFFE_PP1P_/CLK (sg13g2_dfrbpq_1)
     3    0.011941    0.031507    0.166261    0.166261 v BN[4]$_SDFFE_PP1P_/Q (sg13g2_dfrbpq_1)
                                                         BN[4] (net)
                      0.031507    0.000000    0.166261 v BN[4] (out)
                                              0.166261   data arrival time

                      0.150000    0.000000    0.000000   clock clk (rise edge)
                                  0.000000    0.000000   clock network delay (ideal)
                                  0.250000    0.250000   clock uncertainty
                                  0.000000    0.250000   clock reconvergence pessimism
                                 -2.000000   -1.750000   output external delay
                                             -1.750000   data required time
---------------------------------------------------------------------------------------------
                                             -1.750000   data required time
                                             -0.166261   data arrival time
---------------------------------------------------------------------------------------------
                                              1.916261   slack (MET)


Startpoint: BN[5]$_SDFFE_PP1P_ (rising edge-triggered flip-flop clocked by clk)
Endpoint: BN[5] (output port clocked by clk)
Path Group: clk
Path Type: min

Fanout         Cap        Slew       Delay        Time   Description
---------------------------------------------------------------------------------------------
                      0.150000    0.000000    0.000000   clock clk (rise edge)
                                  0.000000    0.000000   clock network delay (ideal)
                      0.150000    0.000000    0.000000 ^ BN[5]$_SDFFE_PP1P_/CLK (sg13g2_dfrbpq_1)
     3    0.011941    0.031507    0.166261    0.166261 v BN[5]$_SDFFE_PP1P_/Q (sg13g2_dfrbpq_1)
                                                         BN[5] (net)
                      0.031507    0.000000    0.166261 v BN[5] (out)
                                              0.166261   data arrival time

                      0.150000    0.000000    0.000000   clock clk (rise edge)
                                  0.000000    0.000000   clock network delay (ideal)
                                  0.250000    0.250000   clock uncertainty
                                  0.000000    0.250000   clock reconvergence pessimism
                                 -2.000000   -1.750000   output external delay
                                             -1.750000   data required time
---------------------------------------------------------------------------------------------
                                             -1.750000   data required time
                                             -0.166261   data arrival time
---------------------------------------------------------------------------------------------
                                              1.916261   slack (MET)


Startpoint: BN[6]$_SDFFE_PP1P_ (rising edge-triggered flip-flop clocked by clk)
Endpoint: BN[6] (output port clocked by clk)
Path Group: clk
Path Type: min

Fanout         Cap        Slew       Delay        Time   Description
---------------------------------------------------------------------------------------------
                      0.150000    0.000000    0.000000   clock clk (rise edge)
                                  0.000000    0.000000   clock network delay (ideal)
                      0.150000    0.000000    0.000000 ^ BN[6]$_SDFFE_PP1P_/CLK (sg13g2_dfrbpq_1)
     3    0.011941    0.031507    0.166261    0.166261 v BN[6]$_SDFFE_PP1P_/Q (sg13g2_dfrbpq_1)
                                                         BN[6] (net)
                      0.031507    0.000000    0.166261 v BN[6] (out)
                                              0.166261   data arrival time

                      0.150000    0.000000    0.000000   clock clk (rise edge)
                                  0.000000    0.000000   clock network delay (ideal)
                                  0.250000    0.250000   clock uncertainty
                                  0.000000    0.250000   clock reconvergence pessimism
                                 -2.000000   -1.750000   output external delay
                                             -1.750000   data required time
---------------------------------------------------------------------------------------------
                                             -1.750000   data required time
                                             -0.166261   data arrival time
---------------------------------------------------------------------------------------------
                                              1.916261   slack (MET)


Startpoint: BN[7]$_SDFFE_PP1P_ (rising edge-triggered flip-flop clocked by clk)
Endpoint: BN[7] (output port clocked by clk)
Path Group: clk
Path Type: min

Fanout         Cap        Slew       Delay        Time   Description
---------------------------------------------------------------------------------------------
                      0.150000    0.000000    0.000000   clock clk (rise edge)
                                  0.000000    0.000000   clock network delay (ideal)
                      0.150000    0.000000    0.000000 ^ BN[7]$_SDFFE_PP1P_/CLK (sg13g2_dfrbpq_1)
     3    0.011941    0.031507    0.166261    0.166261 v BN[7]$_SDFFE_PP1P_/Q (sg13g2_dfrbpq_1)
                                                         BN[7] (net)
                      0.031507    0.000000    0.166261 v BN[7] (out)
                                              0.166261   data arrival time

                      0.150000    0.000000    0.000000   clock clk (rise edge)
                                  0.000000    0.000000   clock network delay (ideal)
                                  0.250000    0.250000   clock uncertainty
                                  0.000000    0.250000   clock reconvergence pessimism
                                 -2.000000   -1.750000   output external delay
                                             -1.750000   data required time
---------------------------------------------------------------------------------------------
                                             -1.750000   data required time
                                             -0.166261   data arrival time
---------------------------------------------------------------------------------------------
                                              1.916261   slack (MET)


Startpoint: BN[8]$_SDFFE_PP1P_ (rising edge-triggered flip-flop clocked by clk)
Endpoint: BN[8] (output port clocked by clk)
Path Group: clk
Path Type: min

Fanout         Cap        Slew       Delay        Time   Description
---------------------------------------------------------------------------------------------
                      0.150000    0.000000    0.000000   clock clk (rise edge)
                                  0.000000    0.000000   clock network delay (ideal)
                      0.150000    0.000000    0.000000 ^ BN[8]$_SDFFE_PP1P_/CLK (sg13g2_dfrbpq_1)
     3    0.011941    0.031507    0.166261    0.166261 v BN[8]$_SDFFE_PP1P_/Q (sg13g2_dfrbpq_1)
                                                         BN[8] (net)
                      0.031507    0.000000    0.166261 v BN[8] (out)
                                              0.166261   data arrival time

                      0.150000    0.000000    0.000000   clock clk (rise edge)
                                  0.000000    0.000000   clock network delay (ideal)
                                  0.250000    0.250000   clock uncertainty
                                  0.000000    0.250000   clock reconvergence pessimism
                                 -2.000000   -1.750000   output external delay
                                             -1.750000   data required time
---------------------------------------------------------------------------------------------
                                             -1.750000   data required time
                                             -0.166261   data arrival time
---------------------------------------------------------------------------------------------
                                              1.916261   slack (MET)


Startpoint: BN[9]$_SDFFE_PP1P_ (rising edge-triggered flip-flop clocked by clk)
Endpoint: BN[9] (output port clocked by clk)
Path Group: clk
Path Type: min

Fanout         Cap        Slew       Delay        Time   Description
---------------------------------------------------------------------------------------------
                      0.150000    0.000000    0.000000   clock clk (rise edge)
                                  0.000000    0.000000   clock network delay (ideal)
                      0.150000    0.000000    0.000000 ^ BN[9]$_SDFFE_PP1P_/CLK (sg13g2_dfrbpq_1)
     3    0.011941    0.031507    0.166261    0.166261 v BN[9]$_SDFFE_PP1P_/Q (sg13g2_dfrbpq_1)
                                                         BN[9] (net)
                      0.031507    0.000000    0.166261 v BN[9] (out)
                                              0.166261   data arrival time

                      0.150000    0.000000    0.000000   clock clk (rise edge)
                                  0.000000    0.000000   clock network delay (ideal)
                                  0.250000    0.250000   clock uncertainty
                                  0.000000    0.250000   clock reconvergence pessimism
                                 -2.000000   -1.750000   output external delay
                                             -1.750000   data required time
---------------------------------------------------------------------------------------------
                                             -1.750000   data required time
                                             -0.166261   data arrival time
---------------------------------------------------------------------------------------------
                                              1.916261   slack (MET)


Startpoint: B[0]$_SDFFE_PP1P_ (rising edge-triggered flip-flop clocked by clk)
Endpoint: B[0] (output port clocked by clk)
Path Group: clk
Path Type: min

Fanout         Cap        Slew       Delay        Time   Description
---------------------------------------------------------------------------------------------
                      0.150000    0.000000    0.000000   clock clk (rise edge)
                                  0.000000    0.000000   clock network delay (ideal)
                      0.150000    0.000000    0.000000 ^ B[0]$_SDFFE_PP1P_/CLK (sg13g2_dfrbpq_1)
     3    0.012045    0.031710    0.166433    0.166433 v B[0]$_SDFFE_PP1P_/Q (sg13g2_dfrbpq_1)
                                                         B[0] (net)
                      0.031710    0.000000    0.166433 v B[0] (out)
                                              0.166433   data arrival time

                      0.150000    0.000000    0.000000   clock clk (rise edge)
                                  0.000000    0.000000   clock network delay (ideal)
                                  0.250000    0.250000   clock uncertainty
                                  0.000000    0.250000   clock reconvergence pessimism
                                 -2.000000   -1.750000   output external delay
                                             -1.750000   data required time
---------------------------------------------------------------------------------------------
                                             -1.750000   data required time
                                             -0.166433   data arrival time
---------------------------------------------------------------------------------------------
                                              1.916433   slack (MET)


Startpoint: B[10]$_SDFFE_PP1P_ (rising edge-triggered flip-flop clocked by clk)
Endpoint: B[10] (output port clocked by clk)
Path Group: clk
Path Type: min

Fanout         Cap        Slew       Delay        Time   Description
---------------------------------------------------------------------------------------------
                      0.150000    0.000000    0.000000   clock clk (rise edge)
                                  0.000000    0.000000   clock network delay (ideal)
                      0.150000    0.000000    0.000000 ^ B[10]$_SDFFE_PP1P_/CLK (sg13g2_dfrbpq_1)
     3    0.012045    0.031710    0.166433    0.166433 v B[10]$_SDFFE_PP1P_/Q (sg13g2_dfrbpq_1)
                                                         B[10] (net)
                      0.031710    0.000000    0.166433 v B[10] (out)
                                              0.166433   data arrival time

                      0.150000    0.000000    0.000000   clock clk (rise edge)
                                  0.000000    0.000000   clock network delay (ideal)
                                  0.250000    0.250000   clock uncertainty
                                  0.000000    0.250000   clock reconvergence pessimism
                                 -2.000000   -1.750000   output external delay
                                             -1.750000   data required time
---------------------------------------------------------------------------------------------
                                             -1.750000   data required time
                                             -0.166433   data arrival time
---------------------------------------------------------------------------------------------
                                              1.916433   slack (MET)


Startpoint: B[1]$_SDFFE_PP1P_ (rising edge-triggered flip-flop clocked by clk)
Endpoint: B[1] (output port clocked by clk)
Path Group: clk
Path Type: min

Fanout         Cap        Slew       Delay        Time   Description
---------------------------------------------------------------------------------------------
                      0.150000    0.000000    0.000000   clock clk (rise edge)
                                  0.000000    0.000000   clock network delay (ideal)
                      0.150000    0.000000    0.000000 ^ B[1]$_SDFFE_PP1P_/CLK (sg13g2_dfrbpq_1)
     3    0.012045    0.031710    0.166433    0.166433 v B[1]$_SDFFE_PP1P_/Q (sg13g2_dfrbpq_1)
                                                         B[1] (net)
                      0.031710    0.000000    0.166433 v B[1] (out)
                                              0.166433   data arrival time

                      0.150000    0.000000    0.000000   clock clk (rise edge)
                                  0.000000    0.000000   clock network delay (ideal)
                                  0.250000    0.250000   clock uncertainty
                                  0.000000    0.250000   clock reconvergence pessimism
                                 -2.000000   -1.750000   output external delay
                                             -1.750000   data required time
---------------------------------------------------------------------------------------------
                                             -1.750000   data required time
                                             -0.166433   data arrival time
---------------------------------------------------------------------------------------------
                                              1.916433   slack (MET)


Startpoint: B[2]$_SDFFE_PP1P_ (rising edge-triggered flip-flop clocked by clk)
Endpoint: B[2] (output port clocked by clk)
Path Group: clk
Path Type: min

Fanout         Cap        Slew       Delay        Time   Description
---------------------------------------------------------------------------------------------
                      0.150000    0.000000    0.000000   clock clk (rise edge)
                                  0.000000    0.000000   clock network delay (ideal)
                      0.150000    0.000000    0.000000 ^ B[2]$_SDFFE_PP1P_/CLK (sg13g2_dfrbpq_1)
     3    0.012045    0.031710    0.166433    0.166433 v B[2]$_SDFFE_PP1P_/Q (sg13g2_dfrbpq_1)
                                                         B[2] (net)
                      0.031710    0.000000    0.166433 v B[2] (out)
                                              0.166433   data arrival time

                      0.150000    0.000000    0.000000   clock clk (rise edge)
                                  0.000000    0.000000   clock network delay (ideal)
                                  0.250000    0.250000   clock uncertainty
                                  0.000000    0.250000   clock reconvergence pessimism
                                 -2.000000   -1.750000   output external delay
                                             -1.750000   data required time
---------------------------------------------------------------------------------------------
                                             -1.750000   data required time
                                             -0.166433   data arrival time
---------------------------------------------------------------------------------------------
                                              1.916433   slack (MET)


Startpoint: B[3]$_SDFFE_PP1P_ (rising edge-triggered flip-flop clocked by clk)
Endpoint: B[3] (output port clocked by clk)
Path Group: clk
Path Type: min

Fanout         Cap        Slew       Delay        Time   Description
---------------------------------------------------------------------------------------------
                      0.150000    0.000000    0.000000   clock clk (rise edge)
                                  0.000000    0.000000   clock network delay (ideal)
                      0.150000    0.000000    0.000000 ^ B[3]$_SDFFE_PP1P_/CLK (sg13g2_dfrbpq_1)
     3    0.012045    0.031710    0.166433    0.166433 v B[3]$_SDFFE_PP1P_/Q (sg13g2_dfrbpq_1)
                                                         B[3] (net)
                      0.031710    0.000000    0.166433 v B[3] (out)
                                              0.166433   data arrival time

                      0.150000    0.000000    0.000000   clock clk (rise edge)
                                  0.000000    0.000000   clock network delay (ideal)
                                  0.250000    0.250000   clock uncertainty
                                  0.000000    0.250000   clock reconvergence pessimism
                                 -2.000000   -1.750000   output external delay
                                             -1.750000   data required time
---------------------------------------------------------------------------------------------
                                             -1.750000   data required time
                                             -0.166433   data arrival time
---------------------------------------------------------------------------------------------
                                              1.916433   slack (MET)


Startpoint: B[4]$_SDFFE_PP1P_ (rising edge-triggered flip-flop clocked by clk)
Endpoint: B[4] (output port clocked by clk)
Path Group: clk
Path Type: min

Fanout         Cap        Slew       Delay        Time   Description
---------------------------------------------------------------------------------------------
                      0.150000    0.000000    0.000000   clock clk (rise edge)
                                  0.000000    0.000000   clock network delay (ideal)
                      0.150000    0.000000    0.000000 ^ B[4]$_SDFFE_PP1P_/CLK (sg13g2_dfrbpq_1)
     3    0.012045    0.031710    0.166433    0.166433 v B[4]$_SDFFE_PP1P_/Q (sg13g2_dfrbpq_1)
                                                         B[4] (net)
                      0.031710    0.000000    0.166433 v B[4] (out)
                                              0.166433   data arrival time

                      0.150000    0.000000    0.000000   clock clk (rise edge)
                                  0.000000    0.000000   clock network delay (ideal)
                                  0.250000    0.250000   clock uncertainty
                                  0.000000    0.250000   clock reconvergence pessimism
                                 -2.000000   -1.750000   output external delay
                                             -1.750000   data required time
---------------------------------------------------------------------------------------------
                                             -1.750000   data required time
                                             -0.166433   data arrival time
---------------------------------------------------------------------------------------------
                                              1.916433   slack (MET)


Startpoint: B[5]$_SDFFE_PP1P_ (rising edge-triggered flip-flop clocked by clk)
Endpoint: B[5] (output port clocked by clk)
Path Group: clk
Path Type: min

Fanout         Cap        Slew       Delay        Time   Description
---------------------------------------------------------------------------------------------
                      0.150000    0.000000    0.000000   clock clk (rise edge)
                                  0.000000    0.000000   clock network delay (ideal)
                      0.150000    0.000000    0.000000 ^ B[5]$_SDFFE_PP1P_/CLK (sg13g2_dfrbpq_1)
     3    0.012045    0.031710    0.166433    0.166433 v B[5]$_SDFFE_PP1P_/Q (sg13g2_dfrbpq_1)
                                                         B[5] (net)
                      0.031710    0.000000    0.166433 v B[5] (out)
                                              0.166433   data arrival time

                      0.150000    0.000000    0.000000   clock clk (rise edge)
                                  0.000000    0.000000   clock network delay (ideal)
                                  0.250000    0.250000   clock uncertainty
                                  0.000000    0.250000   clock reconvergence pessimism
                                 -2.000000   -1.750000   output external delay
                                             -1.750000   data required time
---------------------------------------------------------------------------------------------
                                             -1.750000   data required time
                                             -0.166433   data arrival time
---------------------------------------------------------------------------------------------
                                              1.916433   slack (MET)


Startpoint: B[6]$_SDFFE_PP1P_ (rising edge-triggered flip-flop clocked by clk)
Endpoint: B[6] (output port clocked by clk)
Path Group: clk
Path Type: min

Fanout         Cap        Slew       Delay        Time   Description
---------------------------------------------------------------------------------------------
                      0.150000    0.000000    0.000000   clock clk (rise edge)
                                  0.000000    0.000000   clock network delay (ideal)
                      0.150000    0.000000    0.000000 ^ B[6]$_SDFFE_PP1P_/CLK (sg13g2_dfrbpq_1)
     3    0.012045    0.031710    0.166433    0.166433 v B[6]$_SDFFE_PP1P_/Q (sg13g2_dfrbpq_1)
                                                         B[6] (net)
                      0.031710    0.000000    0.166433 v B[6] (out)
                                              0.166433   data arrival time

                      0.150000    0.000000    0.000000   clock clk (rise edge)
                                  0.000000    0.000000   clock network delay (ideal)
                                  0.250000    0.250000   clock uncertainty
                                  0.000000    0.250000   clock reconvergence pessimism
                                 -2.000000   -1.750000   output external delay
                                             -1.750000   data required time
---------------------------------------------------------------------------------------------
                                             -1.750000   data required time
                                             -0.166433   data arrival time
---------------------------------------------------------------------------------------------
                                              1.916433   slack (MET)


Startpoint: B[7]$_SDFFE_PP1P_ (rising edge-triggered flip-flop clocked by clk)
Endpoint: B[7] (output port clocked by clk)
Path Group: clk
Path Type: min

Fanout         Cap        Slew       Delay        Time   Description
---------------------------------------------------------------------------------------------
                      0.150000    0.000000    0.000000   clock clk (rise edge)
                                  0.000000    0.000000   clock network delay (ideal)
                      0.150000    0.000000    0.000000 ^ B[7]$_SDFFE_PP1P_/CLK (sg13g2_dfrbpq_1)
     3    0.012045    0.031710    0.166433    0.166433 v B[7]$_SDFFE_PP1P_/Q (sg13g2_dfrbpq_1)
                                                         B[7] (net)
                      0.031710    0.000000    0.166433 v B[7] (out)
                                              0.166433   data arrival time

                      0.150000    0.000000    0.000000   clock clk (rise edge)
                                  0.000000    0.000000   clock network delay (ideal)
                                  0.250000    0.250000   clock uncertainty
                                  0.000000    0.250000   clock reconvergence pessimism
                                 -2.000000   -1.750000   output external delay
                                             -1.750000   data required time
---------------------------------------------------------------------------------------------
                                             -1.750000   data required time
                                             -0.166433   data arrival time
---------------------------------------------------------------------------------------------
                                              1.916433   slack (MET)


Startpoint: B[8]$_SDFFE_PP1P_ (rising edge-triggered flip-flop clocked by clk)
Endpoint: B[8] (output port clocked by clk)
Path Group: clk
Path Type: min

Fanout         Cap        Slew       Delay        Time   Description
---------------------------------------------------------------------------------------------
                      0.150000    0.000000    0.000000   clock clk (rise edge)
                                  0.000000    0.000000   clock network delay (ideal)
                      0.150000    0.000000    0.000000 ^ B[8]$_SDFFE_PP1P_/CLK (sg13g2_dfrbpq_1)
     3    0.012045    0.031710    0.166433    0.166433 v B[8]$_SDFFE_PP1P_/Q (sg13g2_dfrbpq_1)
                                                         B[8] (net)
                      0.031710    0.000000    0.166433 v B[8] (out)
                                              0.166433   data arrival time

                      0.150000    0.000000    0.000000   clock clk (rise edge)
                                  0.000000    0.000000   clock network delay (ideal)
                                  0.250000    0.250000   clock uncertainty
                                  0.000000    0.250000   clock reconvergence pessimism
                                 -2.000000   -1.750000   output external delay
                                             -1.750000   data required time
---------------------------------------------------------------------------------------------
                                             -1.750000   data required time
                                             -0.166433   data arrival time
---------------------------------------------------------------------------------------------
                                              1.916433   slack (MET)


Startpoint: B[9]$_SDFFE_PP1P_ (rising edge-triggered flip-flop clocked by clk)
Endpoint: B[9] (output port clocked by clk)
Path Group: clk
Path Type: min

Fanout         Cap        Slew       Delay        Time   Description
---------------------------------------------------------------------------------------------
                      0.150000    0.000000    0.000000   clock clk (rise edge)
                                  0.000000    0.000000   clock network delay (ideal)
                      0.150000    0.000000    0.000000 ^ B[9]$_SDFFE_PP1P_/CLK (sg13g2_dfrbpq_1)
     3    0.012045    0.031710    0.166433    0.166433 v B[9]$_SDFFE_PP1P_/Q (sg13g2_dfrbpq_1)
                                                         B[9] (net)
                      0.031710    0.000000    0.166433 v B[9] (out)
                                              0.166433   data arrival time

                      0.150000    0.000000    0.000000   clock clk (rise edge)
                                  0.000000    0.000000   clock network delay (ideal)
                                  0.250000    0.250000   clock uncertainty
                                  0.000000    0.250000   clock reconvergence pessimism
                                 -2.000000   -1.750000   output external delay
                                             -1.750000   data required time
---------------------------------------------------------------------------------------------
                                             -1.750000   data required time
                                             -0.166433   data arrival time
---------------------------------------------------------------------------------------------
                                              1.916433   slack (MET)


Startpoint: BN[11]$_SDFFE_PP1P_ (rising edge-triggered flip-flop clocked by clk)
Endpoint: sign (output port clocked by clk)
Path Group: clk
Path Type: min

Fanout         Cap        Slew       Delay        Time   Description
---------------------------------------------------------------------------------------------
                      0.150000    0.000000    0.000000   clock clk (rise edge)
                                  0.000000    0.000000   clock network delay (ideal)
                      0.150000    0.000000    0.000000 ^ BN[11]$_SDFFE_PP1P_/CLK (sg13g2_dfrbpq_1)
     4    0.013817    0.035184    0.169362    0.169362 v BN[11]$_SDFFE_PP1P_/Q (sg13g2_dfrbpq_1)
                                                         sign (net)
                      0.035184    0.000000    0.169362 v sign (out)
                                              0.169362   data arrival time

                      0.150000    0.000000    0.000000   clock clk (rise edge)
                                  0.000000    0.000000   clock network delay (ideal)
                                  0.250000    0.250000   clock uncertainty
                                  0.000000    0.250000   clock reconvergence pessimism
                                 -2.000000   -1.750000   output external delay
                                             -1.750000   data required time
---------------------------------------------------------------------------------------------
                                             -1.750000   data required time
                                             -0.169362   data arrival time
---------------------------------------------------------------------------------------------
                                              1.919362   slack (MET)


Startpoint: BN[11]$_SDFFE_PP1P_ (rising edge-triggered flip-flop clocked by clk)
Endpoint: BN[11] (output port clocked by clk)
Path Group: clk
Path Type: min

Fanout         Cap        Slew       Delay        Time   Description
---------------------------------------------------------------------------------------------
                      0.150000    0.000000    0.000000   clock clk (rise edge)
                                  0.000000    0.000000   clock network delay (ideal)
                      0.150000    0.000000    0.000000 ^ BN[11]$_SDFFE_PP1P_/CLK (sg13g2_dfrbpq_1)
     4    0.013817    0.035184    0.169362    0.169362 v BN[11]$_SDFFE_PP1P_/Q (sg13g2_dfrbpq_1)
                                                         sign (net)
                      0.035184    0.000000    0.169362 v _204_/A (sg13g2_buf_1)
     1    0.006000    0.020306    0.050543    0.219905 v _204_/X (sg13g2_buf_1)
                                                         BN[11] (net)
                      0.020306    0.000000    0.219905 v BN[11] (out)
                                              0.219905   data arrival time

                      0.150000    0.000000    0.000000   clock clk (rise edge)
                                  0.000000    0.000000   clock network delay (ideal)
                                  0.250000    0.250000   clock uncertainty
                                  0.000000    0.250000   clock reconvergence pessimism
                                 -2.000000   -1.750000   output external delay
                                             -1.750000   data required time
---------------------------------------------------------------------------------------------
                                             -1.750000   data required time
                                             -0.219905   data arrival time
---------------------------------------------------------------------------------------------
                                              1.969905   slack (MET)


Startpoint: BN[11]$_SDFFE_PP1P_ (rising edge-triggered flip-flop clocked by clk)
Endpoint: D[0] (output port clocked by clk)
Path Group: clk
Path Type: min

Fanout         Cap        Slew       Delay        Time   Description
---------------------------------------------------------------------------------------------
                      0.150000    0.000000    0.000000   clock clk (rise edge)
                                  0.000000    0.000000   clock network delay (ideal)
                      0.150000    0.000000    0.000000 ^ BN[11]$_SDFFE_PP1P_/CLK (sg13g2_dfrbpq_1)
     4    0.013898    0.043195    0.173224    0.173224 ^ BN[11]$_SDFFE_PP1P_/Q (sg13g2_dfrbpq_1)
                                                         sign (net)
                      0.043195    0.000000    0.173224 ^ _153_/B (sg13g2_or2_1)
     1    0.006000    0.023725    0.054957    0.228181 ^ _153_/X (sg13g2_or2_1)
                                                         D[0] (net)
                      0.023725    0.000000    0.228181 ^ D[0] (out)
                                              0.228181   data arrival time

                      0.150000    0.000000    0.000000   clock clk (rise edge)
                                  0.000000    0.000000   clock network delay (ideal)
                                  0.250000    0.250000   clock uncertainty
                                  0.000000    0.250000   clock reconvergence pessimism
                                 -2.000000   -1.750000   output external delay
                                             -1.750000   data required time
---------------------------------------------------------------------------------------------
                                             -1.750000   data required time
                                             -0.228181   data arrival time
---------------------------------------------------------------------------------------------
                                              1.978181   slack (MET)


Startpoint: BN[9]$_SDFFE_PP1P_ (rising edge-triggered flip-flop clocked by clk)
Endpoint: D[10] (output port clocked by clk)
Path Group: clk
Path Type: min

Fanout         Cap        Slew       Delay        Time   Description
---------------------------------------------------------------------------------------------
                      0.150000    0.000000    0.000000   clock clk (rise edge)
                                  0.000000    0.000000   clock network delay (ideal)
                      0.150000    0.000000    0.000000 ^ BN[9]$_SDFFE_PP1P_/CLK (sg13g2_dfrbpq_1)
     3    0.011920    0.038356    0.169487    0.169487 ^ BN[9]$_SDFFE_PP1P_/Q (sg13g2_dfrbpq_1)
                                                         BN[9] (net)
                      0.038356    0.000000    0.169487 ^ _154_/A0 (sg13g2_mux2_1)
     1    0.006000    0.026668    0.069055    0.238542 ^ _154_/X (sg13g2_mux2_1)
                                                         D[10] (net)
                      0.026668    0.000000    0.238542 ^ D[10] (out)
                                              0.238542   data arrival time

                      0.150000    0.000000    0.000000   clock clk (rise edge)
                                  0.000000    0.000000   clock network delay (ideal)
                                  0.250000    0.250000   clock uncertainty
                                  0.000000    0.250000   clock reconvergence pessimism
                                 -2.000000   -1.750000   output external delay
                                             -1.750000   data required time
---------------------------------------------------------------------------------------------
                                             -1.750000   data required time
                                             -0.238542   data arrival time
---------------------------------------------------------------------------------------------
                                              1.988542   slack (MET)


Startpoint: BN[10]$_SDFFE_PP1P_ (rising edge-triggered flip-flop clocked by clk)
Endpoint: D[11] (output port clocked by clk)
Path Group: clk
Path Type: min

Fanout         Cap        Slew       Delay        Time   Description
---------------------------------------------------------------------------------------------
                      0.150000    0.000000    0.000000   clock clk (rise edge)
                                  0.000000    0.000000   clock network delay (ideal)
                      0.150000    0.000000    0.000000 ^ BN[10]$_SDFFE_PP1P_/CLK (sg13g2_dfrbpq_1)
     3    0.011920    0.038356    0.169487    0.169487 ^ BN[10]$_SDFFE_PP1P_/Q (sg13g2_dfrbpq_1)
                                                         BN[10] (net)
                      0.038356    0.000000    0.169487 ^ _155_/A0 (sg13g2_mux2_1)
     1    0.006000    0.026668    0.069055    0.238542 ^ _155_/X (sg13g2_mux2_1)
                                                         D[11] (net)
                      0.026668    0.000000    0.238542 ^ D[11] (out)
                                              0.238542   data arrival time

                      0.150000    0.000000    0.000000   clock clk (rise edge)
                                  0.000000    0.000000   clock network delay (ideal)
                                  0.250000    0.250000   clock uncertainty
                                  0.000000    0.250000   clock reconvergence pessimism
                                 -2.000000   -1.750000   output external delay
                                             -1.750000   data required time
---------------------------------------------------------------------------------------------
                                             -1.750000   data required time
                                             -0.238542   data arrival time
---------------------------------------------------------------------------------------------
                                              1.988542   slack (MET)


Startpoint: BN[0]$_SDFFE_PP1P_ (rising edge-triggered flip-flop clocked by clk)
Endpoint: D[1] (output port clocked by clk)
Path Group: clk
Path Type: min

Fanout         Cap        Slew       Delay        Time   Description
---------------------------------------------------------------------------------------------
                      0.150000    0.000000    0.000000   clock clk (rise edge)
                                  0.000000    0.000000   clock network delay (ideal)
                      0.150000    0.000000    0.000000 ^ BN[0]$_SDFFE_PP1P_/CLK (sg13g2_dfrbpq_1)
     3    0.011920    0.038356    0.169487    0.169487 ^ BN[0]$_SDFFE_PP1P_/Q (sg13g2_dfrbpq_1)
                                                         BN[0] (net)
                      0.038356    0.000000    0.169487 ^ _156_/A0 (sg13g2_mux2_1)
     1    0.006000    0.026668    0.069055    0.238542 ^ _156_/X (sg13g2_mux2_1)
                                                         D[1] (net)
                      0.026668    0.000000    0.238542 ^ D[1] (out)
                                              0.238542   data arrival time

                      0.150000    0.000000    0.000000   clock clk (rise edge)
                                  0.000000    0.000000   clock network delay (ideal)
                                  0.250000    0.250000   clock uncertainty
                                  0.000000    0.250000   clock reconvergence pessimism
                                 -2.000000   -1.750000   output external delay
                                             -1.750000   data required time
---------------------------------------------------------------------------------------------
                                             -1.750000   data required time
                                             -0.238542   data arrival time
---------------------------------------------------------------------------------------------
                                              1.988542   slack (MET)


Startpoint: BN[1]$_SDFFE_PP1P_ (rising edge-triggered flip-flop clocked by clk)
Endpoint: D[2] (output port clocked by clk)
Path Group: clk
Path Type: min

Fanout         Cap        Slew       Delay        Time   Description
---------------------------------------------------------------------------------------------
                      0.150000    0.000000    0.000000   clock clk (rise edge)
                                  0.000000    0.000000   clock network delay (ideal)
                      0.150000    0.000000    0.000000 ^ BN[1]$_SDFFE_PP1P_/CLK (sg13g2_dfrbpq_1)
     3    0.011920    0.038356    0.169487    0.169487 ^ BN[1]$_SDFFE_PP1P_/Q (sg13g2_dfrbpq_1)
                                                         BN[1] (net)
                      0.038356    0.000000    0.169487 ^ _157_/A0 (sg13g2_mux2_1)
     1    0.006000    0.026668    0.069055    0.238542 ^ _157_/X (sg13g2_mux2_1)
                                                         D[2] (net)
                      0.026668    0.000000    0.238542 ^ D[2] (out)
                                              0.238542   data arrival time

                      0.150000    0.000000    0.000000   clock clk (rise edge)
                                  0.000000    0.000000   clock network delay (ideal)
                                  0.250000    0.250000   clock uncertainty
                                  0.000000    0.250000   clock reconvergence pessimism
                                 -2.000000   -1.750000   output external delay
                                             -1.750000   data required time
---------------------------------------------------------------------------------------------
                                             -1.750000   data required time
                                             -0.238542   data arrival time
---------------------------------------------------------------------------------------------
                                              1.988542   slack (MET)


Startpoint: BN[2]$_SDFFE_PP1P_ (rising edge-triggered flip-flop clocked by clk)
Endpoint: D[3] (output port clocked by clk)
Path Group: clk
Path Type: min

Fanout         Cap        Slew       Delay        Time   Description
---------------------------------------------------------------------------------------------
                      0.150000    0.000000    0.000000   clock clk (rise edge)
                                  0.000000    0.000000   clock network delay (ideal)
                      0.150000    0.000000    0.000000 ^ BN[2]$_SDFFE_PP1P_/CLK (sg13g2_dfrbpq_1)
     3    0.011920    0.038356    0.169487    0.169487 ^ BN[2]$_SDFFE_PP1P_/Q (sg13g2_dfrbpq_1)
                                                         BN[2] (net)
                      0.038356    0.000000    0.169487 ^ _158_/A0 (sg13g2_mux2_1)
     1    0.006000    0.026668    0.069055    0.238542 ^ _158_/X (sg13g2_mux2_1)
                                                         D[3] (net)
                      0.026668    0.000000    0.238542 ^ D[3] (out)
                                              0.238542   data arrival time

                      0.150000    0.000000    0.000000   clock clk (rise edge)
                                  0.000000    0.000000   clock network delay (ideal)
                                  0.250000    0.250000   clock uncertainty
                                  0.000000    0.250000   clock reconvergence pessimism
                                 -2.000000   -1.750000   output external delay
                                             -1.750000   data required time
---------------------------------------------------------------------------------------------
                                             -1.750000   data required time
                                             -0.238542   data arrival time
---------------------------------------------------------------------------------------------
                                              1.988542   slack (MET)


Startpoint: BN[3]$_SDFFE_PP1P_ (rising edge-triggered flip-flop clocked by clk)
Endpoint: D[4] (output port clocked by clk)
Path Group: clk
Path Type: min

Fanout         Cap        Slew       Delay        Time   Description
---------------------------------------------------------------------------------------------
                      0.150000    0.000000    0.000000   clock clk (rise edge)
                                  0.000000    0.000000   clock network delay (ideal)
                      0.150000    0.000000    0.000000 ^ BN[3]$_SDFFE_PP1P_/CLK (sg13g2_dfrbpq_1)
     3    0.011920    0.038356    0.169487    0.169487 ^ BN[3]$_SDFFE_PP1P_/Q (sg13g2_dfrbpq_1)
                                                         BN[3] (net)
                      0.038356    0.000000    0.169487 ^ _159_/A0 (sg13g2_mux2_1)
     1    0.006000    0.026668    0.069055    0.238542 ^ _159_/X (sg13g2_mux2_1)
                                                         D[4] (net)
                      0.026668    0.000000    0.238542 ^ D[4] (out)
                                              0.238542   data arrival time

                      0.150000    0.000000    0.000000   clock clk (rise edge)
                                  0.000000    0.000000   clock network delay (ideal)
                                  0.250000    0.250000   clock uncertainty
                                  0.000000    0.250000   clock reconvergence pessimism
                                 -2.000000   -1.750000   output external delay
                                             -1.750000   data required time
---------------------------------------------------------------------------------------------
                                             -1.750000   data required time
                                             -0.238542   data arrival time
---------------------------------------------------------------------------------------------
                                              1.988542   slack (MET)


Startpoint: BN[4]$_SDFFE_PP1P_ (rising edge-triggered flip-flop clocked by clk)
Endpoint: D[5] (output port clocked by clk)
Path Group: clk
Path Type: min

Fanout         Cap        Slew       Delay        Time   Description
---------------------------------------------------------------------------------------------
                      0.150000    0.000000    0.000000   clock clk (rise edge)
                                  0.000000    0.000000   clock network delay (ideal)
                      0.150000    0.000000    0.000000 ^ BN[4]$_SDFFE_PP1P_/CLK (sg13g2_dfrbpq_1)
     3    0.011920    0.038356    0.169487    0.169487 ^ BN[4]$_SDFFE_PP1P_/Q (sg13g2_dfrbpq_1)
                                                         BN[4] (net)
                      0.038356    0.000000    0.169487 ^ _160_/A0 (sg13g2_mux2_1)
     1    0.006000    0.026668    0.069055    0.238542 ^ _160_/X (sg13g2_mux2_1)
                                                         D[5] (net)
                      0.026668    0.000000    0.238542 ^ D[5] (out)
                                              0.238542   data arrival time

                      0.150000    0.000000    0.000000   clock clk (rise edge)
                                  0.000000    0.000000   clock network delay (ideal)
                                  0.250000    0.250000   clock uncertainty
                                  0.000000    0.250000   clock reconvergence pessimism
                                 -2.000000   -1.750000   output external delay
                                             -1.750000   data required time
---------------------------------------------------------------------------------------------
                                             -1.750000   data required time
                                             -0.238542   data arrival time
---------------------------------------------------------------------------------------------
                                              1.988542   slack (MET)


Startpoint: BN[5]$_SDFFE_PP1P_ (rising edge-triggered flip-flop clocked by clk)
Endpoint: D[6] (output port clocked by clk)
Path Group: clk
Path Type: min

Fanout         Cap        Slew       Delay        Time   Description
---------------------------------------------------------------------------------------------
                      0.150000    0.000000    0.000000   clock clk (rise edge)
                                  0.000000    0.000000   clock network delay (ideal)
                      0.150000    0.000000    0.000000 ^ BN[5]$_SDFFE_PP1P_/CLK (sg13g2_dfrbpq_1)
     3    0.011920    0.038356    0.169487    0.169487 ^ BN[5]$_SDFFE_PP1P_/Q (sg13g2_dfrbpq_1)
                                                         BN[5] (net)
                      0.038356    0.000000    0.169487 ^ _161_/A0 (sg13g2_mux2_1)
     1    0.006000    0.026668    0.069055    0.238542 ^ _161_/X (sg13g2_mux2_1)
                                                         D[6] (net)
                      0.026668    0.000000    0.238542 ^ D[6] (out)
                                              0.238542   data arrival time

                      0.150000    0.000000    0.000000   clock clk (rise edge)
                                  0.000000    0.000000   clock network delay (ideal)
                                  0.250000    0.250000   clock uncertainty
                                  0.000000    0.250000   clock reconvergence pessimism
                                 -2.000000   -1.750000   output external delay
                                             -1.750000   data required time
---------------------------------------------------------------------------------------------
                                             -1.750000   data required time
                                             -0.238542   data arrival time
---------------------------------------------------------------------------------------------
                                              1.988542   slack (MET)


Startpoint: BN[6]$_SDFFE_PP1P_ (rising edge-triggered flip-flop clocked by clk)
Endpoint: D[7] (output port clocked by clk)
Path Group: clk
Path Type: min

Fanout         Cap        Slew       Delay        Time   Description
---------------------------------------------------------------------------------------------
                      0.150000    0.000000    0.000000   clock clk (rise edge)
                                  0.000000    0.000000   clock network delay (ideal)
                      0.150000    0.000000    0.000000 ^ BN[6]$_SDFFE_PP1P_/CLK (sg13g2_dfrbpq_1)
     3    0.011920    0.038356    0.169487    0.169487 ^ BN[6]$_SDFFE_PP1P_/Q (sg13g2_dfrbpq_1)
                                                         BN[6] (net)
                      0.038356    0.000000    0.169487 ^ _162_/A0 (sg13g2_mux2_1)
     1    0.006000    0.026668    0.069055    0.238542 ^ _162_/X (sg13g2_mux2_1)
                                                         D[7] (net)
                      0.026668    0.000000    0.238542 ^ D[7] (out)
                                              0.238542   data arrival time

                      0.150000    0.000000    0.000000   clock clk (rise edge)
                                  0.000000    0.000000   clock network delay (ideal)
                                  0.250000    0.250000   clock uncertainty
                                  0.000000    0.250000   clock reconvergence pessimism
                                 -2.000000   -1.750000   output external delay
                                             -1.750000   data required time
---------------------------------------------------------------------------------------------
                                             -1.750000   data required time
                                             -0.238542   data arrival time
---------------------------------------------------------------------------------------------
                                              1.988542   slack (MET)


Startpoint: BN[7]$_SDFFE_PP1P_ (rising edge-triggered flip-flop clocked by clk)
Endpoint: D[8] (output port clocked by clk)
Path Group: clk
Path Type: min

Fanout         Cap        Slew       Delay        Time   Description
---------------------------------------------------------------------------------------------
                      0.150000    0.000000    0.000000   clock clk (rise edge)
                                  0.000000    0.000000   clock network delay (ideal)
                      0.150000    0.000000    0.000000 ^ BN[7]$_SDFFE_PP1P_/CLK (sg13g2_dfrbpq_1)
     3    0.011920    0.038356    0.169487    0.169487 ^ BN[7]$_SDFFE_PP1P_/Q (sg13g2_dfrbpq_1)
                                                         BN[7] (net)
                      0.038356    0.000000    0.169487 ^ _163_/A0 (sg13g2_mux2_1)
     1    0.006000    0.026668    0.069055    0.238542 ^ _163_/X (sg13g2_mux2_1)
                                                         D[8] (net)
                      0.026668    0.000000    0.238542 ^ D[8] (out)
                                              0.238542   data arrival time

                      0.150000    0.000000    0.000000   clock clk (rise edge)
                                  0.000000    0.000000   clock network delay (ideal)
                                  0.250000    0.250000   clock uncertainty
                                  0.000000    0.250000   clock reconvergence pessimism
                                 -2.000000   -1.750000   output external delay
                                             -1.750000   data required time
---------------------------------------------------------------------------------------------
                                             -1.750000   data required time
                                             -0.238542   data arrival time
---------------------------------------------------------------------------------------------
                                              1.988542   slack (MET)


Startpoint: BN[8]$_SDFFE_PP1P_ (rising edge-triggered flip-flop clocked by clk)
Endpoint: D[9] (output port clocked by clk)
Path Group: clk
Path Type: min

Fanout         Cap        Slew       Delay        Time   Description
---------------------------------------------------------------------------------------------
                      0.150000    0.000000    0.000000   clock clk (rise edge)
                                  0.000000    0.000000   clock network delay (ideal)
                      0.150000    0.000000    0.000000 ^ BN[8]$_SDFFE_PP1P_/CLK (sg13g2_dfrbpq_1)
     3    0.011920    0.038356    0.169487    0.169487 ^ BN[8]$_SDFFE_PP1P_/Q (sg13g2_dfrbpq_1)
                                                         BN[8] (net)
                      0.038356    0.000000    0.169487 ^ _164_/A0 (sg13g2_mux2_1)
     1    0.006000    0.026668    0.069055    0.238542 ^ _164_/X (sg13g2_mux2_1)
                                                         D[9] (net)
                      0.026668    0.000000    0.238542 ^ D[9] (out)
                                              0.238542   data arrival time

                      0.150000    0.000000    0.000000   clock clk (rise edge)
                                  0.000000    0.000000   clock network delay (ideal)
                                  0.250000    0.250000   clock uncertainty
                                  0.000000    0.250000   clock reconvergence pessimism
                                 -2.000000   -1.750000   output external delay
                                             -1.750000   data required time
---------------------------------------------------------------------------------------------
                                             -1.750000   data required time
                                             -0.238542   data arrival time
---------------------------------------------------------------------------------------------
                                              1.988542   slack (MET)


Startpoint: B[11]$_SDFFE_PP1P_ (rising edge-triggered flip-flop clocked by clk)
Endpoint: B[11] (output port clocked by clk)
Path Group: clk
Path Type: min

Fanout         Cap        Slew       Delay        Time   Description
---------------------------------------------------------------------------------------------
                      0.150000    0.000000    0.000000   clock clk (rise edge)
                                  0.000000    0.000000   clock network delay (ideal)
                      0.150000    0.000000    0.000000 ^ B[11]$_SDFFE_PP1P_/CLK (sg13g2_dfrbpq_1)
    14    0.072219    0.153961    0.257664    0.257664 v B[11]$_SDFFE_PP1P_/Q (sg13g2_dfrbpq_1)
                                                         B[11] (net)
                      0.153961    0.000000    0.257664 v B[11] (out)
                                              0.257664   data arrival time

                      0.150000    0.000000    0.000000   clock clk (rise edge)
                                  0.000000    0.000000   clock network delay (ideal)
                                  0.250000    0.250000   clock uncertainty
                                  0.000000    0.250000   clock reconvergence pessimism
                                 -2.000000   -1.750000   output external delay
                                             -1.750000   data required time
---------------------------------------------------------------------------------------------
                                             -1.750000   data required time
                                             -0.257664   data arrival time
---------------------------------------------------------------------------------------------
                                              2.007663   slack (MET)



