
===========================================================================
report_checks -path_delay max (Setup)
============================================================================
======================= nom_typ_1p20V_25C Corner ===================================

Startpoint: B[11]$_SDFFE_PP1P_ (rising edge-triggered flip-flop clocked by clk)
Endpoint: D[10] (output port clocked by clk)
Path Group: clk
Path Type: max

Fanout         Cap        Slew       Delay        Time   Description
---------------------------------------------------------------------------------------------
                                  0.000000    0.000000   clock clk (rise edge)
                                  0.000000    0.000000   clock source latency
     1    0.014542    0.030506    0.012754    0.012754 ^ clk (in)
                                                         clk (net)
                      0.030523    0.000000    0.012754 ^ clkbuf_0_clk/A (sg13g2_buf_8)
     4    0.046420    0.035476    0.078162    0.090916 ^ clkbuf_0_clk/X (sg13g2_buf_8)
                                                         clknet_0_clk (net)
                      0.035802    0.002568    0.093484 ^ clkbuf_2_2__f_clk/A (sg13g2_buf_8)
     8    0.031727    0.029025    0.075856    0.169340 ^ clkbuf_2_2__f_clk/X (sg13g2_buf_8)
                                                         clknet_2_2__leaf_clk (net)
                      0.029040    0.001024    0.170365 ^ B[11]$_SDFFE_PP1P_/CLK (sg13g2_dfrbpq_2)
     2    0.011642    0.037516    0.189000    0.359365 ^ B[11]$_SDFFE_PP1P_/Q (sg13g2_dfrbpq_2)
                                                         net10 (net)
                      0.037516    0.000289    0.359654 ^ hold43/A (sg13g2_dlygate4sd3_1)
     1    0.009042    0.056069    0.382677    0.742331 ^ hold43/X (sg13g2_dlygate4sd3_1)
                                                         net126 (net)
                      0.056069    0.000371    0.742702 ^ fanout10/A (sg13g2_buf_8)
     8    0.051831    0.038974    0.092318    0.835021 ^ fanout10/X (sg13g2_buf_8)
                                                         net33 (net)
                      0.039633    0.003869    0.838889 ^ _154_/S (sg13g2_mux2_1)
     1    0.005279    0.040851    0.160110    0.998999 v _154_/X (sg13g2_mux2_1)
                                                         net44 (net)
                      0.040852    0.000383    0.999382 v output28/A (sg13g2_buf_1)
     1    0.007815    0.033674    0.078786    1.078169 v output28/X (sg13g2_buf_1)
                                                         D[10] (net)
                      0.033678    0.000363    1.078532 v D[10] (out)
                                              1.078532   data arrival time

                                 10.000000   10.000000   clock clk (rise edge)
                                  0.000000   10.000000   clock network delay (propagated)
                                 -0.250000    9.750000   clock uncertainty
                                  0.000000    9.750000   clock reconvergence pessimism
                                 -2.000000    7.750000   output external delay
                                              7.750000   data required time
---------------------------------------------------------------------------------------------
                                              7.750000   data required time
                                             -1.078532   data arrival time
---------------------------------------------------------------------------------------------
                                              6.671468   slack (MET)


Startpoint: B[11]$_SDFFE_PP1P_ (rising edge-triggered flip-flop clocked by clk)
Endpoint: D[9] (output port clocked by clk)
Path Group: clk
Path Type: max

Fanout         Cap        Slew       Delay        Time   Description
---------------------------------------------------------------------------------------------
                                  0.000000    0.000000   clock clk (rise edge)
                                  0.000000    0.000000   clock source latency
     1    0.014542    0.030506    0.012754    0.012754 ^ clk (in)
                                                         clk (net)
                      0.030523    0.000000    0.012754 ^ clkbuf_0_clk/A (sg13g2_buf_8)
     4    0.046420    0.035476    0.078162    0.090916 ^ clkbuf_0_clk/X (sg13g2_buf_8)
                                                         clknet_0_clk (net)
                      0.035802    0.002568    0.093484 ^ clkbuf_2_2__f_clk/A (sg13g2_buf_8)
     8    0.031727    0.029025    0.075856    0.169340 ^ clkbuf_2_2__f_clk/X (sg13g2_buf_8)
                                                         clknet_2_2__leaf_clk (net)
                      0.029040    0.001024    0.170365 ^ B[11]$_SDFFE_PP1P_/CLK (sg13g2_dfrbpq_2)
     2    0.011642    0.037516    0.189000    0.359365 ^ B[11]$_SDFFE_PP1P_/Q (sg13g2_dfrbpq_2)
                                                         net10 (net)
                      0.037516    0.000289    0.359654 ^ hold43/A (sg13g2_dlygate4sd3_1)
     1    0.009042    0.056069    0.382677    0.742331 ^ hold43/X (sg13g2_dlygate4sd3_1)
                                                         net126 (net)
                      0.056069    0.000371    0.742702 ^ fanout10/A (sg13g2_buf_8)
     8    0.051831    0.038974    0.092318    0.835021 ^ fanout10/X (sg13g2_buf_8)
                                                         net33 (net)
                      0.039825    0.004457    0.839478 ^ _164_/S (sg13g2_mux2_1)
     1    0.004666    0.039375    0.158410    0.997889 v _164_/X (sg13g2_mux2_1)
                                                         net54 (net)
                      0.039382    0.000330    0.998218 v output38/A (sg13g2_buf_1)
     1    0.007828    0.033673    0.078205    1.076423 v output38/X (sg13g2_buf_1)
                                                         D[9] (net)
                      0.033676    0.000350    1.076773 v D[9] (out)
                                              1.076773   data arrival time

                                 10.000000   10.000000   clock clk (rise edge)
                                  0.000000   10.000000   clock network delay (propagated)
                                 -0.250000    9.750000   clock uncertainty
                                  0.000000    9.750000   clock reconvergence pessimism
                                 -2.000000    7.750000   output external delay
                                              7.750000   data required time
---------------------------------------------------------------------------------------------
                                              7.750000   data required time
                                             -1.076773   data arrival time
---------------------------------------------------------------------------------------------
                                              6.673227   slack (MET)


Startpoint: B[11]$_SDFFE_PP1P_ (rising edge-triggered flip-flop clocked by clk)
Endpoint: D[5] (output port clocked by clk)
Path Group: clk
Path Type: max

Fanout         Cap        Slew       Delay        Time   Description
---------------------------------------------------------------------------------------------
                                  0.000000    0.000000   clock clk (rise edge)
                                  0.000000    0.000000   clock source latency
     1    0.014542    0.030506    0.012754    0.012754 ^ clk (in)
                                                         clk (net)
                      0.030523    0.000000    0.012754 ^ clkbuf_0_clk/A (sg13g2_buf_8)
     4    0.046420    0.035476    0.078162    0.090916 ^ clkbuf_0_clk/X (sg13g2_buf_8)
                                                         clknet_0_clk (net)
                      0.035802    0.002568    0.093484 ^ clkbuf_2_2__f_clk/A (sg13g2_buf_8)
     8    0.031727    0.029025    0.075856    0.169340 ^ clkbuf_2_2__f_clk/X (sg13g2_buf_8)
                                                         clknet_2_2__leaf_clk (net)
                      0.029040    0.001024    0.170365 ^ B[11]$_SDFFE_PP1P_/CLK (sg13g2_dfrbpq_2)
     2    0.011642    0.037516    0.189000    0.359365 ^ B[11]$_SDFFE_PP1P_/Q (sg13g2_dfrbpq_2)
                                                         net10 (net)
                      0.037516    0.000289    0.359654 ^ hold43/A (sg13g2_dlygate4sd3_1)
     1    0.009042    0.056069    0.382677    0.742331 ^ hold43/X (sg13g2_dlygate4sd3_1)
                                                         net126 (net)
                      0.056069    0.000371    0.742702 ^ fanout10/A (sg13g2_buf_8)
     8    0.051831    0.038974    0.092318    0.835021 ^ fanout10/X (sg13g2_buf_8)
                                                         net33 (net)
                      0.039567    0.003647    0.838668 ^ _160_/S (sg13g2_mux2_1)
     1    0.004052    0.037830    0.156510    0.995178 v _160_/X (sg13g2_mux2_1)
                                                         net50 (net)
                      0.037830    0.000284    0.995462 v output34/A (sg13g2_buf_1)
     1    0.008825    0.036541    0.079971    1.075433 v output34/X (sg13g2_buf_1)
                                                         D[5] (net)
                      0.036546    0.000430    1.075863 v D[5] (out)
                                              1.075863   data arrival time

                                 10.000000   10.000000   clock clk (rise edge)
                                  0.000000   10.000000   clock network delay (propagated)
                                 -0.250000    9.750000   clock uncertainty
                                  0.000000    9.750000   clock reconvergence pessimism
                                 -2.000000    7.750000   output external delay
                                              7.750000   data required time
---------------------------------------------------------------------------------------------
                                              7.750000   data required time
                                             -1.075863   data arrival time
---------------------------------------------------------------------------------------------
                                              6.674137   slack (MET)


Startpoint: B[11]$_SDFFE_PP1P_ (rising edge-triggered flip-flop clocked by clk)
Endpoint: D[1] (output port clocked by clk)
Path Group: clk
Path Type: max

Fanout         Cap        Slew       Delay        Time   Description
---------------------------------------------------------------------------------------------
                                  0.000000    0.000000   clock clk (rise edge)
                                  0.000000    0.000000   clock source latency
     1    0.014542    0.030506    0.012754    0.012754 ^ clk (in)
                                                         clk (net)
                      0.030523    0.000000    0.012754 ^ clkbuf_0_clk/A (sg13g2_buf_8)
     4    0.046420    0.035476    0.078162    0.090916 ^ clkbuf_0_clk/X (sg13g2_buf_8)
                                                         clknet_0_clk (net)
                      0.035802    0.002568    0.093484 ^ clkbuf_2_2__f_clk/A (sg13g2_buf_8)
     8    0.031727    0.029025    0.075856    0.169340 ^ clkbuf_2_2__f_clk/X (sg13g2_buf_8)
                                                         clknet_2_2__leaf_clk (net)
                      0.029040    0.001024    0.170365 ^ B[11]$_SDFFE_PP1P_/CLK (sg13g2_dfrbpq_2)
     2    0.011642    0.037516    0.189000    0.359365 ^ B[11]$_SDFFE_PP1P_/Q (sg13g2_dfrbpq_2)
                                                         net10 (net)
                      0.037516    0.000289    0.359654 ^ hold43/A (sg13g2_dlygate4sd3_1)
     1    0.009042    0.056069    0.382677    0.742331 ^ hold43/X (sg13g2_dlygate4sd3_1)
                                                         net126 (net)
                      0.056069    0.000371    0.742702 ^ fanout10/A (sg13g2_buf_8)
     8    0.051831    0.038974    0.092318    0.835021 ^ fanout10/X (sg13g2_buf_8)
                                                         net33 (net)
                      0.039821    0.004447    0.839468 ^ _156_/S (sg13g2_mux2_1)
     1    0.003312    0.036081    0.154479    0.993947 v _156_/X (sg13g2_mux2_1)
                                                         net46 (net)
                      0.036081    0.000127    0.994074 v output30/A (sg13g2_buf_1)
     1    0.008543    0.035681    0.078448    1.072523 v output30/X (sg13g2_buf_1)
                                                         D[1] (net)
                      0.035690    0.000569    1.073092 v D[1] (out)
                                              1.073092   data arrival time

                                 10.000000   10.000000   clock clk (rise edge)
                                  0.000000   10.000000   clock network delay (propagated)
                                 -0.250000    9.750000   clock uncertainty
                                  0.000000    9.750000   clock reconvergence pessimism
                                 -2.000000    7.750000   output external delay
                                              7.750000   data required time
---------------------------------------------------------------------------------------------
                                              7.750000   data required time
                                             -1.073092   data arrival time
---------------------------------------------------------------------------------------------
                                              6.676908   slack (MET)


Startpoint: B[11]$_SDFFE_PP1P_ (rising edge-triggered flip-flop clocked by clk)
Endpoint: D[2] (output port clocked by clk)
Path Group: clk
Path Type: max

Fanout         Cap        Slew       Delay        Time   Description
---------------------------------------------------------------------------------------------
                                  0.000000    0.000000   clock clk (rise edge)
                                  0.000000    0.000000   clock source latency
     1    0.014542    0.030506    0.012754    0.012754 ^ clk (in)
                                                         clk (net)
                      0.030523    0.000000    0.012754 ^ clkbuf_0_clk/A (sg13g2_buf_8)
     4    0.046420    0.035476    0.078162    0.090916 ^ clkbuf_0_clk/X (sg13g2_buf_8)
                                                         clknet_0_clk (net)
                      0.035802    0.002568    0.093484 ^ clkbuf_2_2__f_clk/A (sg13g2_buf_8)
     8    0.031727    0.029025    0.075856    0.169340 ^ clkbuf_2_2__f_clk/X (sg13g2_buf_8)
                                                         clknet_2_2__leaf_clk (net)
                      0.029040    0.001024    0.170365 ^ B[11]$_SDFFE_PP1P_/CLK (sg13g2_dfrbpq_2)
     2    0.011642    0.037516    0.189000    0.359365 ^ B[11]$_SDFFE_PP1P_/Q (sg13g2_dfrbpq_2)
                                                         net10 (net)
                      0.037516    0.000289    0.359654 ^ hold43/A (sg13g2_dlygate4sd3_1)
     1    0.009042    0.056069    0.382677    0.742331 ^ hold43/X (sg13g2_dlygate4sd3_1)
                                                         net126 (net)
                      0.056069    0.000371    0.742702 ^ fanout10/A (sg13g2_buf_8)
     8    0.051831    0.038974    0.092318    0.835021 ^ fanout10/X (sg13g2_buf_8)
                                                         net33 (net)
                      0.039529    0.003517    0.838538 ^ _157_/S (sg13g2_mux2_1)
     1    0.003918    0.037489    0.156095    0.994633 v _157_/X (sg13g2_mux2_1)
                                                         net47 (net)
                      0.037489    0.000289    0.994922 v output31/A (sg13g2_buf_1)
     1    0.006857    0.030831    0.074897    1.069819 v output31/X (sg13g2_buf_1)
                                                         D[2] (net)
                      0.030842    0.000543    1.070362 v D[2] (out)
                                              1.070362   data arrival time

                                 10.000000   10.000000   clock clk (rise edge)
                                  0.000000   10.000000   clock network delay (propagated)
                                 -0.250000    9.750000   clock uncertainty
                                  0.000000    9.750000   clock reconvergence pessimism
                                 -2.000000    7.750000   output external delay
                                              7.750000   data required time
---------------------------------------------------------------------------------------------
                                              7.750000   data required time
                                             -1.070362   data arrival time
---------------------------------------------------------------------------------------------
                                              6.679637   slack (MET)


Startpoint: B[11]$_SDFFE_PP1P_ (rising edge-triggered flip-flop clocked by clk)
Endpoint: D[6] (output port clocked by clk)
Path Group: clk
Path Type: max

Fanout         Cap        Slew       Delay        Time   Description
---------------------------------------------------------------------------------------------
                                  0.000000    0.000000   clock clk (rise edge)
                                  0.000000    0.000000   clock source latency
     1    0.014542    0.030506    0.012754    0.012754 ^ clk (in)
                                                         clk (net)
                      0.030523    0.000000    0.012754 ^ clkbuf_0_clk/A (sg13g2_buf_8)
     4    0.046420    0.035476    0.078162    0.090916 ^ clkbuf_0_clk/X (sg13g2_buf_8)
                                                         clknet_0_clk (net)
                      0.035802    0.002568    0.093484 ^ clkbuf_2_2__f_clk/A (sg13g2_buf_8)
     8    0.031727    0.029025    0.075856    0.169340 ^ clkbuf_2_2__f_clk/X (sg13g2_buf_8)
                                                         clknet_2_2__leaf_clk (net)
                      0.029040    0.001024    0.170365 ^ B[11]$_SDFFE_PP1P_/CLK (sg13g2_dfrbpq_2)
     2    0.011642    0.037516    0.189000    0.359365 ^ B[11]$_SDFFE_PP1P_/Q (sg13g2_dfrbpq_2)
                                                         net10 (net)
                      0.037516    0.000289    0.359654 ^ hold43/A (sg13g2_dlygate4sd3_1)
     1    0.009042    0.056069    0.382677    0.742331 ^ hold43/X (sg13g2_dlygate4sd3_1)
                                                         net126 (net)
                      0.056069    0.000371    0.742702 ^ fanout10/A (sg13g2_buf_8)
     8    0.051831    0.038974    0.092318    0.835021 ^ fanout10/X (sg13g2_buf_8)
                                                         net33 (net)
                      0.039570    0.003658    0.838679 ^ _161_/S (sg13g2_mux2_1)
     1    0.002754    0.034570    0.152734    0.991413 v _161_/X (sg13g2_mux2_1)
                                                         net51 (net)
                      0.034570    0.000107    0.991520 v output35/A (sg13g2_buf_1)
     1    0.008483    0.035502    0.077802    1.069322 v output35/X (sg13g2_buf_1)
                                                         D[6] (net)
                      0.035503    0.000266    1.069588 v D[6] (out)
                                              1.069588   data arrival time

                                 10.000000   10.000000   clock clk (rise edge)
                                  0.000000   10.000000   clock network delay (propagated)
                                 -0.250000    9.750000   clock uncertainty
                                  0.000000    9.750000   clock reconvergence pessimism
                                 -2.000000    7.750000   output external delay
                                              7.750000   data required time
---------------------------------------------------------------------------------------------
                                              7.750000   data required time
                                             -1.069588   data arrival time
---------------------------------------------------------------------------------------------
                                              6.680412   slack (MET)


Startpoint: Op (input port clocked by clk)
Endpoint: B[3]$_SDFFE_PP1P_ (rising edge-triggered flip-flop clocked by clk)
Path Group: clk
Path Type: max

Fanout         Cap        Slew       Delay        Time   Description
---------------------------------------------------------------------------------------------
                                  0.000000    0.000000   clock clk (rise edge)
                                  0.000000    0.000000   clock network delay (propagated)
                                  2.000000    2.000000 ^ input external delay
     1    0.004316    0.021446    0.003591    2.003591 ^ Op (in)
                                                         Op (net)
                      0.021446    0.000000    2.003591 ^ input2/A (sg13g2_buf_1)
     3    0.016382    0.074415    0.095479    2.099070 ^ input2/X (sg13g2_buf_1)
                                                         net18 (net)
                      0.074460    0.000971    2.100041 ^ _128_/B_N (sg13g2_nor2b_1)
     2    0.014569    0.138246    0.175208    2.275250 ^ _128_/Y (sg13g2_nor2b_1)
                                                         _030_ (net)
                      0.138249    0.000529    2.275779 ^ fanout7/A (sg13g2_buf_1)
     4    0.016190    0.075628    0.138947    2.414726 ^ fanout7/X (sg13g2_buf_1)
                                                         net7 (net)
                      0.075629    0.000410    2.415136 ^ _139_/D (sg13g2_nand4_1)
     1    0.005554    0.102325    0.138433    2.553570 v _139_/Y (sg13g2_nand4_1)
                                                         _036_ (net)
                      0.102325    0.000232    2.553802 v _140_/A2 (sg13g2_a21o_1)
     1    0.003686    0.029609    0.141204    2.695007 v _140_/X (sg13g2_a21o_1)
                                                         _017_ (net)
                      0.029609    0.000136    2.695143 v hold17/A (sg13g2_dlygate4sd3_1)
     1    0.002937    0.036791    0.371742    3.066885 v hold17/X (sg13g2_dlygate4sd3_1)
                                                         net100 (net)
                      0.036791    0.000194    3.067078 v B[3]$_SDFFE_PP1P_/D (sg13g2_dfrbpq_1)
                                              3.067078   data arrival time

                                 10.000000   10.000000   clock clk (rise edge)
                                  0.000000   10.000000   clock source latency
     1    0.014542    0.030506    0.012754   10.012754 ^ clk (in)
                                                         clk (net)
                      0.030523    0.000000   10.012754 ^ clkbuf_0_clk/A (sg13g2_buf_8)
     4    0.046420    0.035476    0.078162   10.090917 ^ clkbuf_0_clk/X (sg13g2_buf_8)
                                                         clknet_0_clk (net)
                      0.035871    0.002855   10.093772 ^ clkbuf_2_1__f_clk/A (sg13g2_buf_8)
     7    0.029409    0.027983    0.074855   10.168627 ^ clkbuf_2_1__f_clk/X (sg13g2_buf_8)
                                                         clknet_2_1__leaf_clk (net)
                      0.028024    0.001442   10.170069 ^ B[3]$_SDFFE_PP1P_/CLK (sg13g2_dfrbpq_1)
                                 -0.250000    9.920069   clock uncertainty
                                  0.000000    9.920069   clock reconvergence pessimism
                                 -0.116625    9.803444   library setup time
                                              9.803444   data required time
---------------------------------------------------------------------------------------------
                                              9.803444   data required time
                                             -3.067078   data arrival time
---------------------------------------------------------------------------------------------
                                              6.736365   slack (MET)


Startpoint: Om (input port clocked by clk)
Endpoint: BN[3]$_SDFFE_PP1P_ (rising edge-triggered flip-flop clocked by clk)
Path Group: clk
Path Type: max

Fanout         Cap        Slew       Delay        Time   Description
---------------------------------------------------------------------------------------------
                                  0.000000    0.000000   clock clk (rise edge)
                                  0.000000    0.000000   clock network delay (propagated)
                                  2.000000    2.000000 ^ input external delay
     1    0.004048    0.021199    0.003366    2.003366 ^ Om (in)
                                                         Om (net)
                      0.021199    0.000000    2.003366 ^ input1/A (sg13g2_buf_1)
     3    0.016267    0.073776    0.094635    2.098001 ^ input1/X (sg13g2_buf_1)
                                                         net17 (net)
                      0.073829    0.001624    2.099625 ^ _096_/B_N (sg13g2_nor2b_1)
     2    0.012753    0.124004    0.164344    2.263969 ^ _096_/Y (sg13g2_nor2b_1)
                                                         _050_ (net)
                      0.124005    0.000372    2.264342 ^ fanout9/A (sg13g2_buf_1)
     4    0.019020    0.086268    0.143292    2.407634 ^ fanout9/X (sg13g2_buf_1)
                                                         net9 (net)
                      0.086277    0.000952    2.408587 ^ _113_/C (sg13g2_nand4_1)
     1    0.005871    0.105253    0.140871    2.549457 v _113_/Y (sg13g2_nand4_1)
                                                         _062_ (net)
                      0.105253    0.000248    2.549705 v _114_/A2 (sg13g2_a21o_1)
     1    0.003802    0.029965    0.142345    2.692051 v _114_/X (sg13g2_a21o_1)
                                                         _005_ (net)
                      0.029965    0.000245    2.692296 v hold10/A (sg13g2_dlygate4sd3_1)
     1    0.002900    0.036686    0.371825    3.064121 v hold10/X (sg13g2_dlygate4sd3_1)
                                                         net93 (net)
                      0.036686    0.000102    3.064224 v BN[3]$_SDFFE_PP1P_/D (sg13g2_dfrbpq_1)
                                              3.064224   data arrival time

                                 10.000000   10.000000   clock clk (rise edge)
                                  0.000000   10.000000   clock source latency
     1    0.014542    0.030506    0.012754   10.012754 ^ clk (in)
                                                         clk (net)
                      0.030523    0.000000   10.012754 ^ clkbuf_0_clk/A (sg13g2_buf_8)
     4    0.046420    0.035476    0.078162   10.090917 ^ clkbuf_0_clk/X (sg13g2_buf_8)
                                                         clknet_0_clk (net)
                      0.035871    0.002855   10.093772 ^ clkbuf_2_1__f_clk/A (sg13g2_buf_8)
     7    0.029409    0.027983    0.074855   10.168627 ^ clkbuf_2_1__f_clk/X (sg13g2_buf_8)
                                                         clknet_2_1__leaf_clk (net)
                      0.028027    0.001475   10.170102 ^ BN[3]$_SDFFE_PP1P_/CLK (sg13g2_dfrbpq_1)
                                 -0.250000    9.920102   clock uncertainty
                                  0.000000    9.920102   clock reconvergence pessimism
                                 -0.116587    9.803515   library setup time
                                              9.803515   data required time
---------------------------------------------------------------------------------------------
                                              9.803515   data required time
                                             -3.064224   data arrival time
---------------------------------------------------------------------------------------------
                                              6.739292   slack (MET)


Startpoint: Op (input port clocked by clk)
Endpoint: B[7]$_SDFFE_PP1P_ (rising edge-triggered flip-flop clocked by clk)
Path Group: clk
Path Type: max

Fanout         Cap        Slew       Delay        Time   Description
---------------------------------------------------------------------------------------------
                                  0.000000    0.000000   clock clk (rise edge)
                                  0.000000    0.000000   clock network delay (propagated)
                                  2.000000    2.000000 ^ input external delay
     1    0.004316    0.021446    0.003591    2.003591 ^ Op (in)
                                                         Op (net)
                      0.021446    0.000000    2.003591 ^ input2/A (sg13g2_buf_1)
     3    0.016382    0.074415    0.095479    2.099070 ^ input2/X (sg13g2_buf_1)
                                                         net18 (net)
                      0.074460    0.000971    2.100041 ^ _128_/B_N (sg13g2_nor2b_1)
     2    0.014569    0.138246    0.175208    2.275250 ^ _128_/Y (sg13g2_nor2b_1)
                                                         _030_ (net)
                      0.138249    0.000529    2.275779 ^ fanout7/A (sg13g2_buf_1)
     4    0.016190    0.075628    0.138947    2.414726 ^ fanout7/X (sg13g2_buf_1)
                                                         net7 (net)
                      0.075635    0.000762    2.415488 ^ _147_/D (sg13g2_nand4_1)
     1    0.004598    0.096870    0.130704    2.546191 v _147_/Y (sg13g2_nand4_1)
                                                         _040_ (net)
                      0.096870    0.000346    2.546538 v _148_/A2 (sg13g2_a21o_1)
     1    0.003491    0.029050    0.139078    2.685616 v _148_/X (sg13g2_a21o_1)
                                                         _021_ (net)
                      0.029050    0.000218    2.685834 v hold12/A (sg13g2_dlygate4sd3_1)
     1    0.002177    0.034684    0.368805    3.054638 v hold12/X (sg13g2_dlygate4sd3_1)
                                                         net95 (net)
                      0.034684    0.000080    3.054718 v B[7]$_SDFFE_PP1P_/D (sg13g2_dfrbpq_1)
                                              3.054718   data arrival time

                                 10.000000   10.000000   clock clk (rise edge)
                                  0.000000   10.000000   clock source latency
     1    0.014542    0.030506    0.012754   10.012754 ^ clk (in)
                                                         clk (net)
                      0.030523    0.000000   10.012754 ^ clkbuf_0_clk/A (sg13g2_buf_8)
     4    0.046420    0.035476    0.078162   10.090917 ^ clkbuf_0_clk/X (sg13g2_buf_8)
                                                         clknet_0_clk (net)
                      0.035889    0.002929   10.093846 ^ clkbuf_2_3__f_clk/A (sg13g2_buf_8)
     8    0.031336    0.028861    0.075767   10.169613 ^ clkbuf_2_3__f_clk/X (sg13g2_buf_8)
                                                         clknet_2_3__leaf_clk (net)
                      0.028873    0.000911   10.170525 ^ B[7]$_SDFFE_PP1P_/CLK (sg13g2_dfrbpq_1)
                                 -0.250000    9.920525   clock uncertainty
                                  0.000000    9.920525   clock reconvergence pessimism
                                 -0.115649    9.804874   library setup time
                                              9.804874   data required time
---------------------------------------------------------------------------------------------
                                              9.804874   data required time
                                             -3.054718   data arrival time
---------------------------------------------------------------------------------------------
                                              6.750156   slack (MET)


Startpoint: Om (input port clocked by clk)
Endpoint: BN[7]$_SDFFE_PP1P_ (rising edge-triggered flip-flop clocked by clk)
Path Group: clk
Path Type: max

Fanout         Cap        Slew       Delay        Time   Description
---------------------------------------------------------------------------------------------
                                  0.000000    0.000000   clock clk (rise edge)
                                  0.000000    0.000000   clock network delay (propagated)
                                  2.000000    2.000000 ^ input external delay
     1    0.004048    0.021199    0.003366    2.003366 ^ Om (in)
                                                         Om (net)
                      0.021199    0.000000    2.003366 ^ input1/A (sg13g2_buf_1)
     3    0.016267    0.073776    0.094635    2.098001 ^ input1/X (sg13g2_buf_1)
                                                         net17 (net)
                      0.073829    0.001624    2.099625 ^ _096_/B_N (sg13g2_nor2b_1)
     2    0.012753    0.124004    0.164344    2.263969 ^ _096_/Y (sg13g2_nor2b_1)
                                                         _050_ (net)
                      0.124005    0.000372    2.264342 ^ fanout9/A (sg13g2_buf_1)
     4    0.019020    0.086268    0.143292    2.407634 ^ fanout9/X (sg13g2_buf_1)
                                                         net9 (net)
                      0.086269    0.000519    2.408153 ^ _122_/C (sg13g2_nand4_1)
     1    0.004463    0.092223    0.129480    2.537633 v _122_/Y (sg13g2_nand4_1)
                                                         _067_ (net)
                      0.092223    0.000175    2.537808 v _123_/A2 (sg13g2_a21o_1)
     1    0.003596    0.029234    0.137539    2.675347 v _123_/X (sg13g2_a21o_1)
                                                         _009_ (net)
                      0.029234    0.000239    2.675586 v hold2/A (sg13g2_dlygate4sd3_1)
     1    0.002927    0.036762    0.371516    3.047102 v hold2/X (sg13g2_dlygate4sd3_1)
                                                         net85 (net)
                      0.036762    0.000106    3.047208 v BN[7]$_SDFFE_PP1P_/D (sg13g2_dfrbpq_1)
                                              3.047208   data arrival time

                                 10.000000   10.000000   clock clk (rise edge)
                                  0.000000   10.000000   clock source latency
     1    0.014542    0.030506    0.012754   10.012754 ^ clk (in)
                                                         clk (net)
                      0.030523    0.000000   10.012754 ^ clkbuf_0_clk/A (sg13g2_buf_8)
     4    0.046420    0.035476    0.078162   10.090917 ^ clkbuf_0_clk/X (sg13g2_buf_8)
                                                         clknet_0_clk (net)
                      0.035889    0.002929   10.093846 ^ clkbuf_2_3__f_clk/A (sg13g2_buf_8)
     8    0.031336    0.028861    0.075767   10.169613 ^ clkbuf_2_3__f_clk/X (sg13g2_buf_8)
                                                         clknet_2_3__leaf_clk (net)
                      0.028882    0.001254   10.170867 ^ BN[7]$_SDFFE_PP1P_/CLK (sg13g2_dfrbpq_1)
                                 -0.250000    9.920867   clock uncertainty
                                  0.000000    9.920867   clock reconvergence pessimism
                                 -0.116396    9.804471   library setup time
                                              9.804471   data required time
---------------------------------------------------------------------------------------------
                                              9.804471   data required time
                                             -3.047208   data arrival time
---------------------------------------------------------------------------------------------
                                              6.757263   slack (MET)


Startpoint: Om (input port clocked by clk)
Endpoint: BN[6]$_SDFFE_PP1P_ (rising edge-triggered flip-flop clocked by clk)
Path Group: clk
Path Type: max

Fanout         Cap        Slew       Delay        Time   Description
---------------------------------------------------------------------------------------------
                                  0.000000    0.000000   clock clk (rise edge)
                                  0.000000    0.000000   clock network delay (propagated)
                                  2.000000    2.000000 ^ input external delay
     1    0.004048    0.021199    0.003366    2.003366 ^ Om (in)
                                                         Om (net)
                      0.021199    0.000000    2.003366 ^ input1/A (sg13g2_buf_1)
     3    0.016267    0.073776    0.094635    2.098001 ^ input1/X (sg13g2_buf_1)
                                                         net17 (net)
                      0.073829    0.001624    2.099625 ^ _096_/B_N (sg13g2_nor2b_1)
     2    0.012753    0.124004    0.164344    2.263969 ^ _096_/Y (sg13g2_nor2b_1)
                                                         _050_ (net)
                      0.124005    0.000372    2.264342 ^ fanout9/A (sg13g2_buf_1)
     4    0.019020    0.086268    0.143292    2.407634 ^ fanout9/X (sg13g2_buf_1)
                                                         net9 (net)
                      0.086279    0.001007    2.408641 ^ _120_/A (sg13g2_nand3_1)
     1    0.006723    0.086659    0.103281    2.511923 v _120_/Y (sg13g2_nand3_1)
                                                         _066_ (net)
                      0.086659    0.000293    2.512216 v _121_/A2 (sg13g2_a21o_1)
     1    0.002005    0.025199    0.130728    2.642944 v _121_/X (sg13g2_a21o_1)
                                                         _008_ (net)
                      0.025200    0.000075    2.643019 v hold28/A (sg13g2_dlygate4sd3_1)
     1    0.003595    0.038587    0.371582    3.014601 v hold28/X (sg13g2_dlygate4sd3_1)
                                                         net111 (net)
                      0.038587    0.000240    3.014841 v BN[6]$_SDFFE_PP1P_/D (sg13g2_dfrbpq_1)
                                              3.014841   data arrival time

                                 10.000000   10.000000   clock clk (rise edge)
                                  0.000000   10.000000   clock source latency
     1    0.014542    0.030506    0.012754   10.012754 ^ clk (in)
                                                         clk (net)
                      0.030523    0.000000   10.012754 ^ clkbuf_0_clk/A (sg13g2_buf_8)
     4    0.046420    0.035476    0.078162   10.090917 ^ clkbuf_0_clk/X (sg13g2_buf_8)
                                                         clknet_0_clk (net)
                      0.035889    0.002929   10.093846 ^ clkbuf_2_3__f_clk/A (sg13g2_buf_8)
     8    0.031336    0.028861    0.075767   10.169613 ^ clkbuf_2_3__f_clk/X (sg13g2_buf_8)
                                                         clknet_2_3__leaf_clk (net)
                      0.028881    0.001235   10.170849 ^ BN[6]$_SDFFE_PP1P_/CLK (sg13g2_dfrbpq_1)
                                 -0.250000    9.920849   clock uncertainty
                                  0.000000    9.920849   clock reconvergence pessimism
                                 -0.117053    9.803796   library setup time
                                              9.803796   data required time
---------------------------------------------------------------------------------------------
                                              9.803796   data required time
                                             -3.014841   data arrival time
---------------------------------------------------------------------------------------------
                                              6.788954   slack (MET)


Startpoint: Op (input port clocked by clk)
Endpoint: B[6]$_SDFFE_PP1P_ (rising edge-triggered flip-flop clocked by clk)
Path Group: clk
Path Type: max

Fanout         Cap        Slew       Delay        Time   Description
---------------------------------------------------------------------------------------------
                                  0.000000    0.000000   clock clk (rise edge)
                                  0.000000    0.000000   clock network delay (propagated)
                                  2.000000    2.000000 ^ input external delay
     1    0.004316    0.021446    0.003591    2.003591 ^ Op (in)
                                                         Op (net)
                      0.021446    0.000000    2.003591 ^ input2/A (sg13g2_buf_1)
     3    0.016382    0.074415    0.095479    2.099070 ^ input2/X (sg13g2_buf_1)
                                                         net18 (net)
                      0.074460    0.000971    2.100041 ^ _128_/B_N (sg13g2_nor2b_1)
     2    0.014569    0.138246    0.175208    2.275250 ^ _128_/Y (sg13g2_nor2b_1)
                                                         _030_ (net)
                      0.138249    0.000529    2.275779 ^ fanout7/A (sg13g2_buf_1)
     4    0.016190    0.075628    0.138947    2.414726 ^ fanout7/X (sg13g2_buf_1)
                                                         net7 (net)
                      0.075635    0.000751    2.415477 ^ _145_/C (sg13g2_nand3_1)
     1    0.004358    0.076091    0.096775    2.512252 v _145_/Y (sg13g2_nand3_1)
                                                         _039_ (net)
                      0.076091    0.000310    2.512562 v _146_/A2 (sg13g2_a21o_1)
     1    0.003921    0.030151    0.132023    2.644584 v _146_/X (sg13g2_a21o_1)
                                                         _020_ (net)
                      0.030151    0.000144    2.644728 v hold34/A (sg13g2_dlygate4sd3_1)
     1    0.002598    0.035855    0.370879    3.015607 v hold34/X (sg13g2_dlygate4sd3_1)
                                                         net117 (net)
                      0.035856    0.000091    3.015698 v B[6]$_SDFFE_PP1P_/D (sg13g2_dfrbpq_1)
                                              3.015698   data arrival time

                                 10.000000   10.000000   clock clk (rise edge)
                                  0.000000   10.000000   clock source latency
     1    0.014542    0.030506    0.012754   10.012754 ^ clk (in)
                                                         clk (net)
                      0.030523    0.000000   10.012754 ^ clkbuf_0_clk/A (sg13g2_buf_8)
     4    0.046420    0.035476    0.078162   10.090917 ^ clkbuf_0_clk/X (sg13g2_buf_8)
                                                         clknet_0_clk (net)
                      0.035889    0.002929   10.093846 ^ clkbuf_2_3__f_clk/A (sg13g2_buf_8)
     8    0.031336    0.028861    0.075767   10.169613 ^ clkbuf_2_3__f_clk/X (sg13g2_buf_8)
                                                         clknet_2_3__leaf_clk (net)
                      0.028881    0.001229   10.170842 ^ B[6]$_SDFFE_PP1P_/CLK (sg13g2_dfrbpq_1)
                                 -0.250000    9.920842   clock uncertainty
                                  0.000000    9.920842   clock reconvergence pessimism
                                 -0.116069    9.804773   library setup time
                                              9.804773   data required time
---------------------------------------------------------------------------------------------
                                              9.804773   data required time
                                             -3.015698   data arrival time
---------------------------------------------------------------------------------------------
                                              6.789075   slack (MET)


Startpoint: Om (input port clocked by clk)
Endpoint: BN[11]$_SDFFE_PP1P_ (rising edge-triggered flip-flop clocked by clk)
Path Group: clk
Path Type: max

Fanout         Cap        Slew       Delay        Time   Description
---------------------------------------------------------------------------------------------
                                  0.000000    0.000000   clock clk (rise edge)
                                  0.000000    0.000000   clock network delay (propagated)
                                  2.000000    2.000000 ^ input external delay
     1    0.004048    0.021199    0.003366    2.003366 ^ Om (in)
                                                         Om (net)
                      0.021199    0.000000    2.003366 ^ input1/A (sg13g2_buf_1)
     3    0.016267    0.073776    0.094635    2.098001 ^ input1/X (sg13g2_buf_1)
                                                         net17 (net)
                      0.073829    0.001624    2.099625 ^ _096_/B_N (sg13g2_nor2b_1)
     2    0.012753    0.124004    0.164344    2.263969 ^ _096_/Y (sg13g2_nor2b_1)
                                                         _050_ (net)
                      0.124006    0.000491    2.264460 ^ fanout8/A (sg13g2_buf_8)
     8    0.034750    0.034309    0.115272    2.379732 ^ fanout8/X (sg13g2_buf_8)
                                                         net8 (net)
                      0.034352    0.002069    2.381801 ^ _106_/C (sg13g2_nand4_1)
     1    0.005629    0.103001    0.121196    2.502997 v _106_/Y (sg13g2_nand4_1)
                                                         _058_ (net)
                      0.103002    0.000389    2.503386 v _107_/A2 (sg13g2_a21o_1)
     1    0.003325    0.028693    0.140351    2.643736 v _107_/X (sg13g2_a21o_1)
                                                         _002_ (net)
                      0.028693    0.000118    2.643855 v hold38/A (sg13g2_dlygate4sd3_1)
     1    0.002685    0.036095    0.370375    3.014229 v hold38/X (sg13g2_dlygate4sd3_1)
                                                         net121 (net)
                      0.036096    0.000095    3.014325 v BN[11]$_SDFFE_PP1P_/D (sg13g2_dfrbpq_1)
                                              3.014325   data arrival time

                                 10.000000   10.000000   clock clk (rise edge)
                                  0.000000   10.000000   clock source latency
     1    0.014542    0.030506    0.012754   10.012754 ^ clk (in)
                                                         clk (net)
                      0.030523    0.000000   10.012754 ^ clkbuf_0_clk/A (sg13g2_buf_8)
     4    0.046420    0.035476    0.078162   10.090917 ^ clkbuf_0_clk/X (sg13g2_buf_8)
                                                         clknet_0_clk (net)
                      0.035871    0.002855   10.093772 ^ clkbuf_2_1__f_clk/A (sg13g2_buf_8)
     7    0.029409    0.027983    0.074855   10.168627 ^ clkbuf_2_1__f_clk/X (sg13g2_buf_8)
                                                         clknet_2_1__leaf_clk (net)
                      0.028028    0.001486   10.170113 ^ BN[11]$_SDFFE_PP1P_/CLK (sg13g2_dfrbpq_1)
                                 -0.250000    9.920113   clock uncertainty
                                  0.000000    9.920113   clock reconvergence pessimism
                                 -0.116374    9.803740   library setup time
                                              9.803740   data required time
---------------------------------------------------------------------------------------------
                                              9.803740   data required time
                                             -3.014325   data arrival time
---------------------------------------------------------------------------------------------
                                              6.789414   slack (MET)


Startpoint: Op (input port clocked by clk)
Endpoint: B[11]$_SDFFE_PP1P_ (rising edge-triggered flip-flop clocked by clk)
Path Group: clk
Path Type: max

Fanout         Cap        Slew       Delay        Time   Description
---------------------------------------------------------------------------------------------
                                  0.000000    0.000000   clock clk (rise edge)
                                  0.000000    0.000000   clock network delay (propagated)
                                  2.000000    2.000000 ^ input external delay
     1    0.004316    0.021446    0.003591    2.003591 ^ Op (in)
                                                         Op (net)
                      0.021446    0.000000    2.003591 ^ input2/A (sg13g2_buf_1)
     3    0.016382    0.074415    0.095479    2.099070 ^ input2/X (sg13g2_buf_1)
                                                         net18 (net)
                      0.074460    0.000971    2.100041 ^ _128_/B_N (sg13g2_nor2b_1)
     2    0.014569    0.138246    0.175208    2.275250 ^ _128_/Y (sg13g2_nor2b_1)
                                                         _030_ (net)
                      0.138249    0.000586    2.275835 ^ fanout6/A (sg13g2_buf_8)
     8    0.038722    0.036599    0.121195    2.397030 ^ fanout6/X (sg13g2_buf_8)
                                                         net6 (net)
                      0.036704    0.002041    2.399071 ^ _133_/D (sg13g2_nand4_1)
     1    0.003733    0.081390    0.110721    2.509792 v _133_/Y (sg13g2_nand4_1)
                                                         _033_ (net)
                      0.081390    0.000142    2.509934 v _134_/A2 (sg13g2_a21o_1)
     1    0.001802    0.024475    0.128027    2.637961 v _134_/X (sg13g2_a21o_1)
                                                         _014_ (net)
                      0.024476    0.000068    2.638030 v hold44/A (sg13g2_dlygate4sd3_1)
     1    0.003119    0.037290    0.369539    3.007569 v hold44/X (sg13g2_dlygate4sd3_1)
                                                         net127 (net)
                      0.037290    0.000192    3.007761 v B[11]$_SDFFE_PP1P_/D (sg13g2_dfrbpq_2)
                                              3.007761   data arrival time

                                 10.000000   10.000000   clock clk (rise edge)
                                  0.000000   10.000000   clock source latency
     1    0.014542    0.030506    0.012754   10.012754 ^ clk (in)
                                                         clk (net)
                      0.030523    0.000000   10.012754 ^ clkbuf_0_clk/A (sg13g2_buf_8)
     4    0.046420    0.035476    0.078162   10.090917 ^ clkbuf_0_clk/X (sg13g2_buf_8)
                                                         clknet_0_clk (net)
                      0.035802    0.002568   10.093485 ^ clkbuf_2_2__f_clk/A (sg13g2_buf_8)
     8    0.031727    0.029025    0.075856   10.169340 ^ clkbuf_2_2__f_clk/X (sg13g2_buf_8)
                                                         clknet_2_2__leaf_clk (net)
                      0.029040    0.001025   10.170365 ^ B[11]$_SDFFE_PP1P_/CLK (sg13g2_dfrbpq_2)
                                 -0.250000    9.920365   clock uncertainty
                                  0.000000    9.920365   clock reconvergence pessimism
                                 -0.116546    9.803820   library setup time
                                              9.803820   data required time
---------------------------------------------------------------------------------------------
                                              9.803820   data required time
                                             -3.007761   data arrival time
---------------------------------------------------------------------------------------------
                                              6.796058   slack (MET)


Startpoint: Op (input port clocked by clk)
Endpoint: B[2]$_SDFFE_PP1P_ (rising edge-triggered flip-flop clocked by clk)
Path Group: clk
Path Type: max

Fanout         Cap        Slew       Delay        Time   Description
---------------------------------------------------------------------------------------------
                                  0.000000    0.000000   clock clk (rise edge)
                                  0.000000    0.000000   clock network delay (propagated)
                                  2.000000    2.000000 ^ input external delay
     1    0.004316    0.021446    0.003591    2.003591 ^ Op (in)
                                                         Op (net)
                      0.021446    0.000000    2.003591 ^ input2/A (sg13g2_buf_1)
     3    0.016382    0.074415    0.095479    2.099070 ^ input2/X (sg13g2_buf_1)
                                                         net18 (net)
                      0.074460    0.000971    2.100041 ^ _128_/B_N (sg13g2_nor2b_1)
     2    0.014569    0.138246    0.175208    2.275250 ^ _128_/Y (sg13g2_nor2b_1)
                                                         _030_ (net)
                      0.138249    0.000529    2.275779 ^ fanout7/A (sg13g2_buf_1)
     4    0.016190    0.075628    0.138947    2.414726 ^ fanout7/X (sg13g2_buf_1)
                                                         net7 (net)
                      0.075636    0.000784    2.415510 ^ _137_/C (sg13g2_nand3_1)
     1    0.004031    0.067406    0.094747    2.510257 v _137_/Y (sg13g2_nand3_1)
                                                         _035_ (net)
                      0.067406    0.000289    2.510546 v _138_/A2 (sg13g2_a21o_1)
     1    0.002209    0.025735    0.123597    2.634143 v _138_/X (sg13g2_a21o_1)
                                                         _016_ (net)
                      0.025735    0.000082    2.634225 v hold23/A (sg13g2_dlygate4sd3_1)
     1    0.002497    0.035575    0.368083    3.002308 v hold23/X (sg13g2_dlygate4sd3_1)
                                                         net106 (net)
                      0.035575    0.000090    3.002398 v B[2]$_SDFFE_PP1P_/D (sg13g2_dfrbpq_1)
                                              3.002398   data arrival time

                                 10.000000   10.000000   clock clk (rise edge)
                                  0.000000   10.000000   clock source latency
     1    0.014542    0.030506    0.012754   10.012754 ^ clk (in)
                                                         clk (net)
                      0.030523    0.000000   10.012754 ^ clkbuf_0_clk/A (sg13g2_buf_8)
     4    0.046420    0.035476    0.078162   10.090917 ^ clkbuf_0_clk/X (sg13g2_buf_8)
                                                         clknet_0_clk (net)
                      0.035889    0.002929   10.093846 ^ clkbuf_2_3__f_clk/A (sg13g2_buf_8)
     8    0.031336    0.028861    0.075767   10.169613 ^ clkbuf_2_3__f_clk/X (sg13g2_buf_8)
                                                         clknet_2_3__leaf_clk (net)
                      0.028872    0.000838   10.170450 ^ B[2]$_SDFFE_PP1P_/CLK (sg13g2_dfrbpq_1)
                                 -0.250000    9.920450   clock uncertainty
                                  0.000000    9.920450   clock reconvergence pessimism
                                 -0.115971    9.804481   library setup time
                                              9.804481   data required time
---------------------------------------------------------------------------------------------
                                              9.804481   data required time
                                             -3.002398   data arrival time
---------------------------------------------------------------------------------------------
                                              6.802083   slack (MET)


Startpoint: Op (input port clocked by clk)
Endpoint: B[9]$_SDFFE_PP1P_ (rising edge-triggered flip-flop clocked by clk)
Path Group: clk
Path Type: max

Fanout         Cap        Slew       Delay        Time   Description
---------------------------------------------------------------------------------------------
                                  0.000000    0.000000   clock clk (rise edge)
                                  0.000000    0.000000   clock network delay (propagated)
                                  2.000000    2.000000 ^ input external delay
     1    0.004316    0.021446    0.003591    2.003591 ^ Op (in)
                                                         Op (net)
                      0.021446    0.000000    2.003591 ^ input2/A (sg13g2_buf_1)
     3    0.016382    0.074415    0.095479    2.099070 ^ input2/X (sg13g2_buf_1)
                                                         net18 (net)
                      0.074460    0.000971    2.100041 ^ _128_/B_N (sg13g2_nor2b_1)
     2    0.014569    0.138246    0.175208    2.275250 ^ _128_/Y (sg13g2_nor2b_1)
                                                         _030_ (net)
                      0.138249    0.000586    2.275835 ^ fanout6/A (sg13g2_buf_8)
     8    0.038722    0.036599    0.121195    2.397030 ^ fanout6/X (sg13g2_buf_8)
                                                         net6 (net)
                      0.036894    0.003207    2.400237 ^ _151_/C (sg13g2_nand3_1)
     1    0.005675    0.077808    0.091560    2.491797 v _151_/Y (sg13g2_nand3_1)
                                                         _042_ (net)
                      0.077812    0.000409    2.492206 v _152_/A2 (sg13g2_a21o_1)
     1    0.003072    0.028150    0.130239    2.622445 v _152_/X (sg13g2_a21o_1)
                                                         _023_ (net)
                      0.028150    0.000218    2.622663 v hold32/A (sg13g2_dlygate4sd3_1)
     1    0.001609    0.033082    0.366330    2.988994 v hold32/X (sg13g2_dlygate4sd3_1)
                                                         net115 (net)
                      0.033082    0.000062    2.989055 v B[9]$_SDFFE_PP1P_/D (sg13g2_dfrbpq_1)
                                              2.989055   data arrival time

                                 10.000000   10.000000   clock clk (rise edge)
                                  0.000000   10.000000   clock source latency
     1    0.014542    0.030506    0.012754   10.012754 ^ clk (in)
                                                         clk (net)
                      0.030523    0.000000   10.012754 ^ clkbuf_0_clk/A (sg13g2_buf_8)
     4    0.046420    0.035476    0.078162   10.090917 ^ clkbuf_0_clk/X (sg13g2_buf_8)
                                                         clknet_0_clk (net)
                      0.035802    0.002568   10.093485 ^ clkbuf_2_2__f_clk/A (sg13g2_buf_8)
     8    0.031727    0.029025    0.075856   10.169340 ^ clkbuf_2_2__f_clk/X (sg13g2_buf_8)
                                                         clknet_2_2__leaf_clk (net)
                      0.029051    0.001418   10.170759 ^ B[9]$_SDFFE_PP1P_/CLK (sg13g2_dfrbpq_1)
                                 -0.250000    9.920758   clock uncertainty
                                  0.000000    9.920758   clock reconvergence pessimism
                                 -0.115026    9.805733   library setup time
                                              9.805733   data required time
---------------------------------------------------------------------------------------------
                                              9.805733   data required time
                                             -2.989055   data arrival time
---------------------------------------------------------------------------------------------
                                              6.816677   slack (MET)


Startpoint: B[11]$_SDFFE_PP1P_ (rising edge-triggered flip-flop clocked by clk)
Endpoint: B[11] (output port clocked by clk)
Path Group: clk
Path Type: max

Fanout         Cap        Slew       Delay        Time   Description
---------------------------------------------------------------------------------------------
                                  0.000000    0.000000   clock clk (rise edge)
                                  0.000000    0.000000   clock source latency
     1    0.014542    0.030506    0.012754    0.012754 ^ clk (in)
                                                         clk (net)
                      0.030523    0.000000    0.012754 ^ clkbuf_0_clk/A (sg13g2_buf_8)
     4    0.046420    0.035476    0.078162    0.090916 ^ clkbuf_0_clk/X (sg13g2_buf_8)
                                                         clknet_0_clk (net)
                      0.035802    0.002568    0.093484 ^ clkbuf_2_2__f_clk/A (sg13g2_buf_8)
     8    0.031727    0.029025    0.075856    0.169340 ^ clkbuf_2_2__f_clk/X (sg13g2_buf_8)
                                                         clknet_2_2__leaf_clk (net)
                      0.029040    0.001024    0.170365 ^ B[11]$_SDFFE_PP1P_/CLK (sg13g2_dfrbpq_2)
     2    0.011393    0.030913    0.185795    0.356160 v B[11]$_SDFFE_PP1P_/Q (sg13g2_dfrbpq_2)
                                                         net10 (net)
                      0.030913    0.000285    0.356445 v hold43/A (sg13g2_dlygate4sd3_1)
     1    0.008756    0.053291    0.392592    0.749037 v hold43/X (sg13g2_dlygate4sd3_1)
                                                         net126 (net)
                      0.053291    0.000359    0.749396 v fanout10/A (sg13g2_buf_8)
     8    0.051232    0.034642    0.095660    0.845056 v fanout10/X (sg13g2_buf_8)
                                                         net33 (net)
                      0.034967    0.002468    0.847525 v output17/A (sg13g2_buf_1)
     1    0.007078    0.031396    0.074472    0.921997 v output17/X (sg13g2_buf_1)
                                                         B[11] (net)
                      0.031399    0.000320    0.922317 v B[11] (out)
                                              0.922317   data arrival time

                                 10.000000   10.000000   clock clk (rise edge)
                                  0.000000   10.000000   clock network delay (propagated)
                                 -0.250000    9.750000   clock uncertainty
                                  0.000000    9.750000   clock reconvergence pessimism
                                 -2.000000    7.750000   output external delay
                                              7.750000   data required time
---------------------------------------------------------------------------------------------
                                              7.750000   data required time
                                             -0.922317   data arrival time
---------------------------------------------------------------------------------------------
                                              6.827682   slack (MET)


Startpoint: Op (input port clocked by clk)
Endpoint: B[5]$_SDFFE_PP1P_ (rising edge-triggered flip-flop clocked by clk)
Path Group: clk
Path Type: max

Fanout         Cap        Slew       Delay        Time   Description
---------------------------------------------------------------------------------------------
                                  0.000000    0.000000   clock clk (rise edge)
                                  0.000000    0.000000   clock network delay (propagated)
                                  2.000000    2.000000 ^ input external delay
     1    0.004316    0.021446    0.003591    2.003591 ^ Op (in)
                                                         Op (net)
                      0.021446    0.000000    2.003591 ^ input2/A (sg13g2_buf_1)
     3    0.016382    0.074415    0.095479    2.099070 ^ input2/X (sg13g2_buf_1)
                                                         net18 (net)
                      0.074460    0.000971    2.100041 ^ _128_/B_N (sg13g2_nor2b_1)
     2    0.014569    0.138246    0.175208    2.275250 ^ _128_/Y (sg13g2_nor2b_1)
                                                         _030_ (net)
                      0.138249    0.000586    2.275835 ^ fanout6/A (sg13g2_buf_8)
     8    0.038722    0.036599    0.121195    2.397030 ^ fanout6/X (sg13g2_buf_8)
                                                         net6 (net)
                      0.036789    0.002625    2.399655 ^ _143_/C (sg13g2_nand3_1)
     1    0.003218    0.068385    0.076645    2.476300 v _143_/Y (sg13g2_nand3_1)
                                                         _038_ (net)
                      0.068385    0.000126    2.476426 v _144_/A2 (sg13g2_a21o_1)
     1    0.002813    0.027483    0.125720    2.602145 v _144_/X (sg13g2_a21o_1)
                                                         _019_ (net)
                      0.027483    0.000184    2.602329 v hold21/A (sg13g2_dlygate4sd3_1)
     1    0.003441    0.038163    0.372331    2.974661 v hold21/X (sg13g2_dlygate4sd3_1)
                                                         net104 (net)
                      0.038163    0.000126    2.974787 v B[5]$_SDFFE_PP1P_/D (sg13g2_dfrbpq_1)
                                              2.974787   data arrival time

                                 10.000000   10.000000   clock clk (rise edge)
                                  0.000000   10.000000   clock source latency
     1    0.014542    0.030506    0.012754   10.012754 ^ clk (in)
                                                         clk (net)
                      0.030523    0.000000   10.012754 ^ clkbuf_0_clk/A (sg13g2_buf_8)
     4    0.046420    0.035476    0.078162   10.090917 ^ clkbuf_0_clk/X (sg13g2_buf_8)
                                                         clknet_0_clk (net)
                      0.035802    0.002568   10.093485 ^ clkbuf_2_2__f_clk/A (sg13g2_buf_8)
     8    0.031727    0.029025    0.075856   10.169340 ^ clkbuf_2_2__f_clk/X (sg13g2_buf_8)
                                                         clknet_2_2__leaf_clk (net)
                      0.029035    0.000798   10.170138 ^ B[5]$_SDFFE_PP1P_/CLK (sg13g2_dfrbpq_1)
                                 -0.250000    9.920138   clock uncertainty
                                  0.000000    9.920138   clock reconvergence pessimism
                                 -0.116861    9.803278   library setup time
                                              9.803278   data required time
---------------------------------------------------------------------------------------------
                                              9.803278   data required time
                                             -2.974787   data arrival time
---------------------------------------------------------------------------------------------
                                              6.828490   slack (MET)


Startpoint: Op (input port clocked by clk)
Endpoint: B[4]$_SDFFE_PP1P_ (rising edge-triggered flip-flop clocked by clk)
Path Group: clk
Path Type: max

Fanout         Cap        Slew       Delay        Time   Description
---------------------------------------------------------------------------------------------
                                  0.000000    0.000000   clock clk (rise edge)
                                  0.000000    0.000000   clock network delay (propagated)
                                  2.000000    2.000000 ^ input external delay
     1    0.004316    0.021446    0.003591    2.003591 ^ Op (in)
                                                         Op (net)
                      0.021446    0.000000    2.003591 ^ input2/A (sg13g2_buf_1)
     3    0.016382    0.074415    0.095479    2.099070 ^ input2/X (sg13g2_buf_1)
                                                         net18 (net)
                      0.074460    0.000971    2.100041 ^ _128_/B_N (sg13g2_nor2b_1)
     2    0.014569    0.138246    0.175208    2.275250 ^ _128_/Y (sg13g2_nor2b_1)
                                                         _030_ (net)
                      0.138249    0.000586    2.275835 ^ fanout6/A (sg13g2_buf_8)
     8    0.038722    0.036599    0.121195    2.397030 ^ fanout6/X (sg13g2_buf_8)
                                                         net6 (net)
                      0.036809    0.002748    2.399778 ^ _141_/C (sg13g2_nand3_1)
     1    0.003341    0.072040    0.077405    2.477183 v _141_/Y (sg13g2_nand3_1)
                                                         _037_ (net)
                      0.072040    0.000132    2.477315 v _142_/A2 (sg13g2_a21o_1)
     1    0.002411    0.026000    0.126039    2.603354 v _142_/X (sg13g2_a21o_1)
                                                         _018_ (net)
                      0.026000    0.000089    2.603442 v hold6/A (sg13g2_dlygate4sd3_1)
     1    0.001972    0.034126    0.366406    2.969848 v hold6/X (sg13g2_dlygate4sd3_1)
                                                         net89 (net)
                      0.034126    0.000073    2.969921 v B[4]$_SDFFE_PP1P_/D (sg13g2_dfrbpq_1)
                                              2.969921   data arrival time

                                 10.000000   10.000000   clock clk (rise edge)
                                  0.000000   10.000000   clock source latency
     1    0.014542    0.030506    0.012754   10.012754 ^ clk (in)
                                                         clk (net)
                      0.030523    0.000000   10.012754 ^ clkbuf_0_clk/A (sg13g2_buf_8)
     4    0.046420    0.035476    0.078162   10.090917 ^ clkbuf_0_clk/X (sg13g2_buf_8)
                                                         clknet_0_clk (net)
                      0.035893    0.002945   10.093862 ^ clkbuf_2_0__f_clk/A (sg13g2_buf_8)
     8    0.031241    0.028769    0.075502   10.169364 ^ clkbuf_2_0__f_clk/X (sg13g2_buf_8)
                                                         clknet_2_0__leaf_clk (net)
                      0.028880    0.001821   10.171185 ^ B[4]$_SDFFE_PP1P_/CLK (sg13g2_dfrbpq_1)
                                 -0.250000    9.921185   clock uncertainty
                                  0.000000    9.921185   clock reconvergence pessimism
                                 -0.115446    9.805738   library setup time
                                              9.805738   data required time
---------------------------------------------------------------------------------------------
                                              9.805738   data required time
                                             -2.969921   data arrival time
---------------------------------------------------------------------------------------------
                                              6.835817   slack (MET)


Startpoint: Om (input port clocked by clk)
Endpoint: BN[9]$_SDFFE_PP1P_ (rising edge-triggered flip-flop clocked by clk)
Path Group: clk
Path Type: max

Fanout         Cap        Slew       Delay        Time   Description
---------------------------------------------------------------------------------------------
                                  0.000000    0.000000   clock clk (rise edge)
                                  0.000000    0.000000   clock network delay (propagated)
                                  2.000000    2.000000 ^ input external delay
     1    0.004048    0.021199    0.003366    2.003366 ^ Om (in)
                                                         Om (net)
                      0.021199    0.000000    2.003366 ^ input1/A (sg13g2_buf_1)
     3    0.016267    0.073776    0.094635    2.098001 ^ input1/X (sg13g2_buf_1)
                                                         net17 (net)
                      0.073829    0.001624    2.099625 ^ _096_/B_N (sg13g2_nor2b_1)
     2    0.012753    0.124004    0.164344    2.263969 ^ _096_/Y (sg13g2_nor2b_1)
                                                         _050_ (net)
                      0.124006    0.000491    2.264460 ^ fanout8/A (sg13g2_buf_8)
     8    0.034750    0.034309    0.115272    2.379732 ^ fanout8/X (sg13g2_buf_8)
                                                         net8 (net)
                      0.034348    0.001972    2.381705 ^ _126_/A (sg13g2_nand3_1)
     1    0.004907    0.068718    0.073125    2.454830 v _126_/Y (sg13g2_nand3_1)
                                                         _029_ (net)
                      0.068718    0.000364    2.455194 v _127_/A2 (sg13g2_a21o_1)
     1    0.002954    0.027846    0.126259    2.581452 v _127_/X (sg13g2_a21o_1)
                                                         _011_ (net)
                      0.027846    0.000194    2.581646 v hold30/A (sg13g2_dlygate4sd3_1)
     1    0.003195    0.037493    0.371677    2.953323 v hold30/X (sg13g2_dlygate4sd3_1)
                                                         net113 (net)
                      0.037493    0.000116    2.953440 v BN[9]$_SDFFE_PP1P_/D (sg13g2_dfrbpq_1)
                                              2.953440   data arrival time

                                 10.000000   10.000000   clock clk (rise edge)
                                  0.000000   10.000000   clock source latency
     1    0.014542    0.030506    0.012754   10.012754 ^ clk (in)
                                                         clk (net)
                      0.030523    0.000000   10.012754 ^ clkbuf_0_clk/A (sg13g2_buf_8)
     4    0.046420    0.035476    0.078162   10.090917 ^ clkbuf_0_clk/X (sg13g2_buf_8)
                                                         clknet_0_clk (net)
                      0.035802    0.002568   10.093485 ^ clkbuf_2_2__f_clk/A (sg13g2_buf_8)
     8    0.031727    0.029025    0.075856   10.169340 ^ clkbuf_2_2__f_clk/X (sg13g2_buf_8)
                                                         clknet_2_2__leaf_clk (net)
                      0.029050    0.001402   10.170742 ^ BN[9]$_SDFFE_PP1P_/CLK (sg13g2_dfrbpq_1)
                                 -0.250000    9.920742   clock uncertainty
                                  0.000000    9.920742   clock reconvergence pessimism
                                 -0.116616    9.804126   library setup time
                                              9.804126   data required time
---------------------------------------------------------------------------------------------
                                              9.804126   data required time
                                             -2.953440   data arrival time
---------------------------------------------------------------------------------------------
                                              6.850686   slack (MET)


Startpoint: Om (input port clocked by clk)
Endpoint: BN[5]$_SDFFE_PP1P_ (rising edge-triggered flip-flop clocked by clk)
Path Group: clk
Path Type: max

Fanout         Cap        Slew       Delay        Time   Description
---------------------------------------------------------------------------------------------
                                  0.000000    0.000000   clock clk (rise edge)
                                  0.000000    0.000000   clock network delay (propagated)
                                  2.000000    2.000000 ^ input external delay
     1    0.004048    0.021199    0.003366    2.003366 ^ Om (in)
                                                         Om (net)
                      0.021199    0.000000    2.003366 ^ input1/A (sg13g2_buf_1)
     3    0.016267    0.073776    0.094635    2.098001 ^ input1/X (sg13g2_buf_1)
                                                         net17 (net)
                      0.073829    0.001624    2.099625 ^ _096_/B_N (sg13g2_nor2b_1)
     2    0.012753    0.124004    0.164344    2.263969 ^ _096_/Y (sg13g2_nor2b_1)
                                                         _050_ (net)
                      0.124006    0.000491    2.264460 ^ fanout8/A (sg13g2_buf_8)
     8    0.034750    0.034309    0.115272    2.379732 ^ fanout8/X (sg13g2_buf_8)
                                                         net8 (net)
                      0.034342    0.001832    2.381564 ^ _118_/A (sg13g2_nand3_1)
     1    0.004127    0.068241    0.068327    2.449891 v _118_/Y (sg13g2_nand3_1)
                                                         _065_ (net)
                      0.068241    0.000299    2.450190 v _119_/A2 (sg13g2_a21o_1)
     1    0.003688    0.029729    0.128198    2.578388 v _119_/X (sg13g2_a21o_1)
                                                         _007_ (net)
                      0.029729    0.000136    2.578525 v hold36/A (sg13g2_dlygate4sd3_1)
     1    0.003353    0.037931    0.373251    2.951775 v hold36/X (sg13g2_dlygate4sd3_1)
                                                         net119 (net)
                      0.037931    0.000225    2.952001 v BN[5]$_SDFFE_PP1P_/D (sg13g2_dfrbpq_1)
                                              2.952001   data arrival time

                                 10.000000   10.000000   clock clk (rise edge)
                                  0.000000   10.000000   clock source latency
     1    0.014542    0.030506    0.012754   10.012754 ^ clk (in)
                                                         clk (net)
                      0.030523    0.000000   10.012754 ^ clkbuf_0_clk/A (sg13g2_buf_8)
     4    0.046420    0.035476    0.078162   10.090917 ^ clkbuf_0_clk/X (sg13g2_buf_8)
                                                         clknet_0_clk (net)
                      0.035802    0.002568   10.093485 ^ clkbuf_2_2__f_clk/A (sg13g2_buf_8)
     8    0.031727    0.029025    0.075856   10.169340 ^ clkbuf_2_2__f_clk/X (sg13g2_buf_8)
                                                         clknet_2_2__leaf_clk (net)
                      0.029035    0.000794   10.170135 ^ BN[5]$_SDFFE_PP1P_/CLK (sg13g2_dfrbpq_1)
                                 -0.250000    9.920135   clock uncertainty
                                  0.000000    9.920135   clock reconvergence pessimism
                                 -0.116778    9.803356   library setup time
                                              9.803356   data required time
---------------------------------------------------------------------------------------------
                                              9.803356   data required time
                                             -2.952001   data arrival time
---------------------------------------------------------------------------------------------
                                              6.851356   slack (MET)


Startpoint: Om (input port clocked by clk)
Endpoint: BN[4]$_SDFFE_PP1P_ (rising edge-triggered flip-flop clocked by clk)
Path Group: clk
Path Type: max

Fanout         Cap        Slew       Delay        Time   Description
---------------------------------------------------------------------------------------------
                                  0.000000    0.000000   clock clk (rise edge)
                                  0.000000    0.000000   clock network delay (propagated)
                                  2.000000    2.000000 ^ input external delay
     1    0.004048    0.021199    0.003366    2.003366 ^ Om (in)
                                                         Om (net)
                      0.021199    0.000000    2.003366 ^ input1/A (sg13g2_buf_1)
     3    0.016267    0.073776    0.094635    2.098001 ^ input1/X (sg13g2_buf_1)
                                                         net17 (net)
                      0.073829    0.001624    2.099625 ^ _096_/B_N (sg13g2_nor2b_1)
     2    0.012753    0.124004    0.164344    2.263969 ^ _096_/Y (sg13g2_nor2b_1)
                                                         _050_ (net)
                      0.124006    0.000491    2.264460 ^ fanout8/A (sg13g2_buf_8)
     8    0.034750    0.034309    0.115272    2.379732 ^ fanout8/X (sg13g2_buf_8)
                                                         net8 (net)
                      0.034369    0.002429    2.382162 ^ _116_/A (sg13g2_nand3_1)
     1    0.004396    0.073009    0.070041    2.452203 v _116_/Y (sg13g2_nand3_1)
                                                         _064_ (net)
                      0.073009    0.000176    2.452379 v _117_/A2 (sg13g2_a21o_1)
     1    0.002045    0.025481    0.125369    2.577748 v _117_/X (sg13g2_a21o_1)
                                                         _006_ (net)
                      0.025481    0.000075    2.577823 v hold14/A (sg13g2_dlygate4sd3_1)
     1    0.002616    0.035906    0.368358    2.946181 v hold14/X (sg13g2_dlygate4sd3_1)
                                                         net97 (net)
                      0.035906    0.000095    2.946275 v BN[4]$_SDFFE_PP1P_/D (sg13g2_dfrbpq_1)
                                              2.946275   data arrival time

                                 10.000000   10.000000   clock clk (rise edge)
                                  0.000000   10.000000   clock source latency
     1    0.014542    0.030506    0.012754   10.012754 ^ clk (in)
                                                         clk (net)
                      0.030523    0.000000   10.012754 ^ clkbuf_0_clk/A (sg13g2_buf_8)
     4    0.046420    0.035476    0.078162   10.090917 ^ clkbuf_0_clk/X (sg13g2_buf_8)
                                                         clknet_0_clk (net)
                      0.035893    0.002945   10.093862 ^ clkbuf_2_0__f_clk/A (sg13g2_buf_8)
     8    0.031241    0.028769    0.075502   10.169364 ^ clkbuf_2_0__f_clk/X (sg13g2_buf_8)
                                                         clknet_2_0__leaf_clk (net)
                      0.028880    0.001823   10.171187 ^ BN[4]$_SDFFE_PP1P_/CLK (sg13g2_dfrbpq_1)
                                 -0.250000    9.921187   clock uncertainty
                                  0.000000    9.921187   clock reconvergence pessimism
                                 -0.116088    9.805100   library setup time
                                              9.805100   data required time
---------------------------------------------------------------------------------------------
                                              9.805100   data required time
                                             -2.946275   data arrival time
---------------------------------------------------------------------------------------------
                                              6.858825   slack (MET)


Startpoint: Om (input port clocked by clk)
Endpoint: BN[8]$_SDFFE_PP1P_ (rising edge-triggered flip-flop clocked by clk)
Path Group: clk
Path Type: max

Fanout         Cap        Slew       Delay        Time   Description
---------------------------------------------------------------------------------------------
                                  0.000000    0.000000   clock clk (rise edge)
                                  0.000000    0.000000   clock network delay (propagated)
                                  2.000000    2.000000 ^ input external delay
     1    0.004048    0.021199    0.003366    2.003366 ^ Om (in)
                                                         Om (net)
                      0.021199    0.000000    2.003366 ^ input1/A (sg13g2_buf_1)
     3    0.016267    0.073776    0.094635    2.098001 ^ input1/X (sg13g2_buf_1)
                                                         net17 (net)
                      0.073829    0.001624    2.099625 ^ _096_/B_N (sg13g2_nor2b_1)
     2    0.012753    0.124004    0.164344    2.263969 ^ _096_/Y (sg13g2_nor2b_1)
                                                         _050_ (net)
                      0.124006    0.000491    2.264460 ^ fanout8/A (sg13g2_buf_8)
     8    0.034750    0.034309    0.115272    2.379732 ^ fanout8/X (sg13g2_buf_8)
                                                         net8 (net)
                      0.034370    0.002437    2.382169 ^ _124_/A (sg13g2_nand3_1)
     1    0.004410    0.073100    0.070078    2.452247 v _124_/Y (sg13g2_nand3_1)
                                                         _028_ (net)
                      0.073101    0.000327    2.452574 v _125_/A2 (sg13g2_a21o_1)
     1    0.002680    0.026709    0.127241    2.579815 v _125_/X (sg13g2_a21o_1)
                                                         _010_ (net)
                      0.026709    0.000097    2.579912 v hold8/A (sg13g2_dlygate4sd3_1)
     1    0.001682    0.033292    0.365786    2.945698 v hold8/X (sg13g2_dlygate4sd3_1)
                                                         net91 (net)
                      0.033292    0.000065    2.945762 v BN[8]$_SDFFE_PP1P_/D (sg13g2_dfrbpq_1)
                                              2.945762   data arrival time

                                 10.000000   10.000000   clock clk (rise edge)
                                  0.000000   10.000000   clock source latency
     1    0.014542    0.030506    0.012754   10.012754 ^ clk (in)
                                                         clk (net)
                      0.030523    0.000000   10.012754 ^ clkbuf_0_clk/A (sg13g2_buf_8)
     4    0.046420    0.035476    0.078162   10.090917 ^ clkbuf_0_clk/X (sg13g2_buf_8)
                                                         clknet_0_clk (net)
                      0.035893    0.002945   10.093862 ^ clkbuf_2_0__f_clk/A (sg13g2_buf_8)
     8    0.031241    0.028769    0.075502   10.169364 ^ clkbuf_2_0__f_clk/X (sg13g2_buf_8)
                                                         clknet_2_0__leaf_clk (net)
                      0.028876    0.001792   10.171157 ^ BN[8]$_SDFFE_PP1P_/CLK (sg13g2_dfrbpq_1)
                                 -0.250000    9.921157   clock uncertainty
                                  0.000000    9.921157   clock reconvergence pessimism
                                 -0.115147    9.806009   library setup time
                                              9.806009   data required time
---------------------------------------------------------------------------------------------
                                              9.806009   data required time
                                             -2.945762   data arrival time
---------------------------------------------------------------------------------------------
                                              6.860247   slack (MET)


Startpoint: Op (input port clocked by clk)
Endpoint: dbit[2]$_SDFFE_PP0P_ (rising edge-triggered flip-flop clocked by clk)
Path Group: clk
Path Type: max

Fanout         Cap        Slew       Delay        Time   Description
---------------------------------------------------------------------------------------------
                                  0.000000    0.000000   clock clk (rise edge)
                                  0.000000    0.000000   clock network delay (propagated)
                                  2.000000    2.000000 v input external delay
     1    0.004258    0.018084    0.003019    2.003019 v Op (in)
                                                         Op (net)
                      0.018085    0.000000    2.003019 v input2/A (sg13g2_buf_1)
     3    0.016107    0.058171    0.089151    2.092170 v input2/X (sg13g2_buf_1)
                                                         net18 (net)
                      0.058178    0.000654    2.092825 v _165_/A (sg13g2_xnor2_1)
     6    0.020288    0.135713    0.171849    2.264674 v _165_/Y (sg13g2_xnor2_1)
                                                         _043_ (net)
                      0.135728    0.001192    2.265866 v _172_/A_N (sg13g2_nand3b_1)
     2    0.009126    0.105008    0.167399    2.433264 v _172_/Y (sg13g2_nand3b_1)
                                                         _048_ (net)
                      0.105008    0.000318    2.433583 v _174_/A1 (sg13g2_a21oi_1)
     1    0.002960    0.054204    0.086401    2.519984 ^ _174_/Y (sg13g2_a21oi_1)
                                                         _026_ (net)
                      0.054204    0.000105    2.520089 ^ hold40/A (sg13g2_dlygate4sd3_1)
     1    0.002660    0.033386    0.369349    2.889438 ^ hold40/X (sg13g2_dlygate4sd3_1)
                                                         net123 (net)
                      0.033386    0.000096    2.889534 ^ dbit[2]$_SDFFE_PP0P_/D (sg13g2_dfrbpq_2)
                                              2.889534   data arrival time

                                 10.000000   10.000000   clock clk (rise edge)
                                  0.000000   10.000000   clock source latency
     1    0.014542    0.030506    0.012754   10.012754 ^ clk (in)
                                                         clk (net)
                      0.030523    0.000000   10.012754 ^ clkbuf_0_clk/A (sg13g2_buf_8)
     4    0.046420    0.035476    0.078162   10.090917 ^ clkbuf_0_clk/X (sg13g2_buf_8)
                                                         clknet_0_clk (net)
                      0.035871    0.002855   10.093772 ^ clkbuf_2_1__f_clk/A (sg13g2_buf_8)
     7    0.029409    0.027983    0.074855   10.168627 ^ clkbuf_2_1__f_clk/X (sg13g2_buf_8)
                                                         clknet_2_1__leaf_clk (net)
                      0.028047    0.001676   10.170303 ^ dbit[2]$_SDFFE_PP0P_/CLK (sg13g2_dfrbpq_2)
                                 -0.250000    9.920303   clock uncertainty
                                  0.000000    9.920303   clock reconvergence pessimism
                                 -0.115832    9.804471   library setup time
                                              9.804471   data required time
---------------------------------------------------------------------------------------------
                                              9.804471   data required time
                                             -2.889534   data arrival time
---------------------------------------------------------------------------------------------
                                              6.914937   slack (MET)


Startpoint: B[11]$_SDFFE_PP1P_ (rising edge-triggered flip-flop clocked by clk)
Endpoint: D[8] (output port clocked by clk)
Path Group: clk
Path Type: max

Fanout         Cap        Slew       Delay        Time   Description
---------------------------------------------------------------------------------------------
                                  0.000000    0.000000   clock clk (rise edge)
                                  0.000000    0.000000   clock source latency
     1    0.014542    0.030506    0.012754    0.012754 ^ clk (in)
                                                         clk (net)
                      0.030523    0.000000    0.012754 ^ clkbuf_0_clk/A (sg13g2_buf_8)
     4    0.046420    0.035476    0.078162    0.090916 ^ clkbuf_0_clk/X (sg13g2_buf_8)
                                                         clknet_0_clk (net)
                      0.035802    0.002568    0.093484 ^ clkbuf_2_2__f_clk/A (sg13g2_buf_8)
     8    0.031727    0.029025    0.075856    0.169340 ^ clkbuf_2_2__f_clk/X (sg13g2_buf_8)
                                                         clknet_2_2__leaf_clk (net)
                      0.029040    0.001024    0.170365 ^ B[11]$_SDFFE_PP1P_/CLK (sg13g2_dfrbpq_2)
     2    0.011642    0.037516    0.189000    0.359365 ^ B[11]$_SDFFE_PP1P_/Q (sg13g2_dfrbpq_2)
                                                         net10 (net)
                      0.037517    0.000460    0.359825 ^ fanout11/A (sg13g2_buf_8)
     6    0.038531    0.032016    0.079036    0.438861 ^ fanout11/X (sg13g2_buf_8)
                                                         net11 (net)
                      0.032321    0.002164    0.441024 ^ _163_/S (sg13g2_mux2_1)
     1    0.004489    0.038913    0.154722    0.595746 v _163_/X (sg13g2_mux2_1)
                                                         net53 (net)
                      0.038913    0.000177    0.595923 v output37/A (sg13g2_buf_1)
     1    0.009224    0.037810    0.081406    0.677329 v output37/X (sg13g2_buf_1)
                                                         D[8] (net)
                      0.037815    0.000449    0.677778 v D[8] (out)
                                              0.677778   data arrival time

                                 10.000000   10.000000   clock clk (rise edge)
                                  0.000000   10.000000   clock network delay (propagated)
                                 -0.250000    9.750000   clock uncertainty
                                  0.000000    9.750000   clock reconvergence pessimism
                                 -2.000000    7.750000   output external delay
                                              7.750000   data required time
---------------------------------------------------------------------------------------------
                                              7.750000   data required time
                                             -0.677778   data arrival time
---------------------------------------------------------------------------------------------
                                              7.072222   slack (MET)


Startpoint: B[11]$_SDFFE_PP1P_ (rising edge-triggered flip-flop clocked by clk)
Endpoint: D[11] (output port clocked by clk)
Path Group: clk
Path Type: max

Fanout         Cap        Slew       Delay        Time   Description
---------------------------------------------------------------------------------------------
                                  0.000000    0.000000   clock clk (rise edge)
                                  0.000000    0.000000   clock source latency
     1    0.014542    0.030506    0.012754    0.012754 ^ clk (in)
                                                         clk (net)
                      0.030523    0.000000    0.012754 ^ clkbuf_0_clk/A (sg13g2_buf_8)
     4    0.046420    0.035476    0.078162    0.090916 ^ clkbuf_0_clk/X (sg13g2_buf_8)
                                                         clknet_0_clk (net)
                      0.035802    0.002568    0.093484 ^ clkbuf_2_2__f_clk/A (sg13g2_buf_8)
     8    0.031727    0.029025    0.075856    0.169340 ^ clkbuf_2_2__f_clk/X (sg13g2_buf_8)
                                                         clknet_2_2__leaf_clk (net)
                      0.029040    0.001024    0.170365 ^ B[11]$_SDFFE_PP1P_/CLK (sg13g2_dfrbpq_2)
     2    0.011642    0.037516    0.189000    0.359365 ^ B[11]$_SDFFE_PP1P_/Q (sg13g2_dfrbpq_2)
                                                         net10 (net)
                      0.037517    0.000460    0.359825 ^ fanout11/A (sg13g2_buf_8)
     6    0.038531    0.032016    0.079036    0.438861 ^ fanout11/X (sg13g2_buf_8)
                                                         net11 (net)
                      0.032161    0.001109    0.439969 ^ _155_/S (sg13g2_mux2_1)
     1    0.004735    0.039387    0.155333    0.595302 v _155_/X (sg13g2_mux2_1)
                                                         net45 (net)
                      0.039394    0.000336    0.595638 v output29/A (sg13g2_buf_1)
     1    0.009191    0.037657    0.081482    0.677119 v output29/X (sg13g2_buf_1)
                                                         D[11] (net)
                      0.037667    0.000582    0.677701 v D[11] (out)
                                              0.677701   data arrival time

                                 10.000000   10.000000   clock clk (rise edge)
                                  0.000000   10.000000   clock network delay (propagated)
                                 -0.250000    9.750000   clock uncertainty
                                  0.000000    9.750000   clock reconvergence pessimism
                                 -2.000000    7.750000   output external delay
                                              7.750000   data required time
---------------------------------------------------------------------------------------------
                                              7.750000   data required time
                                             -0.677701   data arrival time
---------------------------------------------------------------------------------------------
                                              7.072299   slack (MET)


Startpoint: B[11]$_SDFFE_PP1P_ (rising edge-triggered flip-flop clocked by clk)
Endpoint: D[4] (output port clocked by clk)
Path Group: clk
Path Type: max

Fanout         Cap        Slew       Delay        Time   Description
---------------------------------------------------------------------------------------------
                                  0.000000    0.000000   clock clk (rise edge)
                                  0.000000    0.000000   clock source latency
     1    0.014542    0.030506    0.012754    0.012754 ^ clk (in)
                                                         clk (net)
                      0.030523    0.000000    0.012754 ^ clkbuf_0_clk/A (sg13g2_buf_8)
     4    0.046420    0.035476    0.078162    0.090916 ^ clkbuf_0_clk/X (sg13g2_buf_8)
                                                         clknet_0_clk (net)
                      0.035802    0.002568    0.093484 ^ clkbuf_2_2__f_clk/A (sg13g2_buf_8)
     8    0.031727    0.029025    0.075856    0.169340 ^ clkbuf_2_2__f_clk/X (sg13g2_buf_8)
                                                         clknet_2_2__leaf_clk (net)
                      0.029040    0.001024    0.170365 ^ B[11]$_SDFFE_PP1P_/CLK (sg13g2_dfrbpq_2)
     2    0.011642    0.037516    0.189000    0.359365 ^ B[11]$_SDFFE_PP1P_/Q (sg13g2_dfrbpq_2)
                                                         net10 (net)
                      0.037517    0.000460    0.359825 ^ fanout11/A (sg13g2_buf_8)
     6    0.038531    0.032016    0.079036    0.438861 ^ fanout11/X (sg13g2_buf_8)
                                                         net11 (net)
                      0.032329    0.002206    0.441067 ^ _159_/S (sg13g2_mux2_1)
     1    0.004675    0.039328    0.155271    0.596337 v _159_/X (sg13g2_mux2_1)
                                                         net49 (net)
                      0.039335    0.000185    0.596522 v output33/A (sg13g2_buf_1)
     1    0.008341    0.035163    0.079425    0.675947 v output33/X (sg13g2_buf_1)
                                                         D[4] (net)
                      0.035167    0.000400    0.676347 v D[4] (out)
                                              0.676347   data arrival time

                                 10.000000   10.000000   clock clk (rise edge)
                                  0.000000   10.000000   clock network delay (propagated)
                                 -0.250000    9.750000   clock uncertainty
                                  0.000000    9.750000   clock reconvergence pessimism
                                 -2.000000    7.750000   output external delay
                                              7.750000   data required time
---------------------------------------------------------------------------------------------
                                              7.750000   data required time
                                             -0.676347   data arrival time
---------------------------------------------------------------------------------------------
                                              7.073653   slack (MET)


Startpoint: B[11]$_SDFFE_PP1P_ (rising edge-triggered flip-flop clocked by clk)
Endpoint: D[7] (output port clocked by clk)
Path Group: clk
Path Type: max

Fanout         Cap        Slew       Delay        Time   Description
---------------------------------------------------------------------------------------------
                                  0.000000    0.000000   clock clk (rise edge)
                                  0.000000    0.000000   clock source latency
     1    0.014542    0.030506    0.012754    0.012754 ^ clk (in)
                                                         clk (net)
                      0.030523    0.000000    0.012754 ^ clkbuf_0_clk/A (sg13g2_buf_8)
     4    0.046420    0.035476    0.078162    0.090916 ^ clkbuf_0_clk/X (sg13g2_buf_8)
                                                         clknet_0_clk (net)
                      0.035802    0.002568    0.093484 ^ clkbuf_2_2__f_clk/A (sg13g2_buf_8)
     8    0.031727    0.029025    0.075856    0.169340 ^ clkbuf_2_2__f_clk/X (sg13g2_buf_8)
                                                         clknet_2_2__leaf_clk (net)
                      0.029040    0.001024    0.170365 ^ B[11]$_SDFFE_PP1P_/CLK (sg13g2_dfrbpq_2)
     2    0.011642    0.037516    0.189000    0.359365 ^ B[11]$_SDFFE_PP1P_/Q (sg13g2_dfrbpq_2)
                                                         net10 (net)
                      0.037517    0.000460    0.359825 ^ fanout11/A (sg13g2_buf_8)
     6    0.038531    0.032016    0.079036    0.438861 ^ fanout11/X (sg13g2_buf_8)
                                                         net11 (net)
                      0.032198    0.001392    0.440253 ^ _162_/S (sg13g2_mux2_1)
     1    0.004586    0.039114    0.154922    0.595175 v _162_/X (sg13g2_mux2_1)
                                                         net52 (net)
                      0.039120    0.000308    0.595483 v output36/A (sg13g2_buf_1)
     1    0.006803    0.030722    0.075458    0.670941 v output36/X (sg13g2_buf_1)
                                                         D[7] (net)
                      0.030733    0.000539    0.671481 v D[7] (out)
                                              0.671481   data arrival time

                                 10.000000   10.000000   clock clk (rise edge)
                                  0.000000   10.000000   clock network delay (propagated)
                                 -0.250000    9.750000   clock uncertainty
                                  0.000000    9.750000   clock reconvergence pessimism
                                 -2.000000    7.750000   output external delay
                                              7.750000   data required time
---------------------------------------------------------------------------------------------
                                              7.750000   data required time
                                             -0.671481   data arrival time
---------------------------------------------------------------------------------------------
                                              7.078519   slack (MET)


Startpoint: B[11]$_SDFFE_PP1P_ (rising edge-triggered flip-flop clocked by clk)
Endpoint: D[3] (output port clocked by clk)
Path Group: clk
Path Type: max

Fanout         Cap        Slew       Delay        Time   Description
---------------------------------------------------------------------------------------------
                                  0.000000    0.000000   clock clk (rise edge)
                                  0.000000    0.000000   clock source latency
     1    0.014542    0.030506    0.012754    0.012754 ^ clk (in)
                                                         clk (net)
                      0.030523    0.000000    0.012754 ^ clkbuf_0_clk/A (sg13g2_buf_8)
     4    0.046420    0.035476    0.078162    0.090916 ^ clkbuf_0_clk/X (sg13g2_buf_8)
                                                         clknet_0_clk (net)
                      0.035802    0.002568    0.093484 ^ clkbuf_2_2__f_clk/A (sg13g2_buf_8)
     8    0.031727    0.029025    0.075856    0.169340 ^ clkbuf_2_2__f_clk/X (sg13g2_buf_8)
                                                         clknet_2_2__leaf_clk (net)
                      0.029040    0.001024    0.170365 ^ B[11]$_SDFFE_PP1P_/CLK (sg13g2_dfrbpq_2)
     2    0.011642    0.037516    0.189000    0.359365 ^ B[11]$_SDFFE_PP1P_/Q (sg13g2_dfrbpq_2)
                                                         net10 (net)
                      0.037517    0.000460    0.359825 ^ fanout11/A (sg13g2_buf_8)
     6    0.038531    0.032016    0.079036    0.438861 ^ fanout11/X (sg13g2_buf_8)
                                                         net11 (net)
                      0.032315    0.002129    0.440990 ^ _158_/S (sg13g2_mux2_1)
     1    0.003293    0.036024    0.151211    0.592201 v _158_/X (sg13g2_mux2_1)
                                                         net48 (net)
                      0.036024    0.000127    0.592328 v output32/A (sg13g2_buf_1)
     1    0.007472    0.032557    0.075899    0.668227 v output32/X (sg13g2_buf_1)
                                                         D[3] (net)
                      0.032560    0.000332    0.668559 v D[3] (out)
                                              0.668559   data arrival time

                                 10.000000   10.000000   clock clk (rise edge)
                                  0.000000   10.000000   clock network delay (propagated)
                                 -0.250000    9.750000   clock uncertainty
                                  0.000000    9.750000   clock reconvergence pessimism
                                 -2.000000    7.750000   output external delay
                                              7.750000   data required time
---------------------------------------------------------------------------------------------
                                              7.750000   data required time
                                             -0.668559   data arrival time
---------------------------------------------------------------------------------------------
                                              7.081441   slack (MET)


Startpoint: B[11]$_SDFFE_PP1P_ (rising edge-triggered flip-flop clocked by clk)
Endpoint: D[0] (output port clocked by clk)
Path Group: clk
Path Type: max

Fanout         Cap        Slew       Delay        Time   Description
---------------------------------------------------------------------------------------------
                                  0.000000    0.000000   clock clk (rise edge)
                                  0.000000    0.000000   clock source latency
     1    0.014542    0.030506    0.012754    0.012754 ^ clk (in)
                                                         clk (net)
                      0.030523    0.000000    0.012754 ^ clkbuf_0_clk/A (sg13g2_buf_8)
     4    0.046420    0.035476    0.078162    0.090916 ^ clkbuf_0_clk/X (sg13g2_buf_8)
                                                         clknet_0_clk (net)
                      0.035802    0.002568    0.093484 ^ clkbuf_2_2__f_clk/A (sg13g2_buf_8)
     8    0.031727    0.029025    0.075856    0.169340 ^ clkbuf_2_2__f_clk/X (sg13g2_buf_8)
                                                         clknet_2_2__leaf_clk (net)
                      0.029040    0.001024    0.170365 ^ B[11]$_SDFFE_PP1P_/CLK (sg13g2_dfrbpq_2)
     2    0.011393    0.030913    0.185795    0.356160 v B[11]$_SDFFE_PP1P_/Q (sg13g2_dfrbpq_2)
                                                         net10 (net)
                      0.030914    0.000448    0.356608 v fanout11/A (sg13g2_buf_8)
     6    0.038087    0.029132    0.081287    0.437895 v fanout11/X (sg13g2_buf_8)
                                                         net11 (net)
                      0.029403    0.002153    0.440048 v _153_/A (sg13g2_or2_1)
     1    0.003275    0.028728    0.103315    0.543363 v _153_/X (sg13g2_or2_1)
                                                         net43 (net)
                      0.028728    0.000241    0.543604 v output27/A (sg13g2_buf_1)
     1    0.008973    0.036773    0.076265    0.619869 v output27/X (sg13g2_buf_1)
                                                         D[0] (net)
                      0.036791    0.000762    0.620631 v D[0] (out)
                                              0.620631   data arrival time

                                 10.000000   10.000000   clock clk (rise edge)
                                  0.000000   10.000000   clock network delay (propagated)
                                 -0.250000    9.750000   clock uncertainty
                                  0.000000    9.750000   clock reconvergence pessimism
                                 -2.000000    7.750000   output external delay
                                              7.750000   data required time
---------------------------------------------------------------------------------------------
                                              7.750000   data required time
                                             -0.620631   data arrival time
---------------------------------------------------------------------------------------------
                                              7.129368   slack (MET)


Startpoint: Om (input port clocked by clk)
Endpoint: BN[2]$_SDFFE_PP1P_ (rising edge-triggered flip-flop clocked by clk)
Path Group: clk
Path Type: max

Fanout         Cap        Slew       Delay        Time   Description
---------------------------------------------------------------------------------------------
                                  0.000000    0.000000   clock clk (rise edge)
                                  0.000000    0.000000   clock network delay (propagated)
                                  2.000000    2.000000 ^ input external delay
     1    0.004048    0.021199    0.003366    2.003366 ^ Om (in)
                                                         Om (net)
                      0.021199    0.000000    2.003366 ^ input1/A (sg13g2_buf_1)
     3    0.016267    0.073776    0.094635    2.098001 ^ input1/X (sg13g2_buf_1)
                                                         net17 (net)
                      0.073829    0.001624    2.099625 ^ _096_/B_N (sg13g2_nor2b_1)
     2    0.012753    0.124004    0.164344    2.263969 ^ _096_/Y (sg13g2_nor2b_1)
                                                         _050_ (net)
                      0.124005    0.000372    2.264342 ^ fanout9/A (sg13g2_buf_1)
     4    0.019020    0.086268    0.143292    2.407634 ^ fanout9/X (sg13g2_buf_1)
                                                         net9 (net)
                      0.086278    0.000981    2.408615 ^ _111_/A (sg13g2_nand3_1)
     1    0.004888    0.073187    0.091357    2.499973 v _111_/Y (sg13g2_nand3_1)
                                                         _061_ (net)
                      0.073187    0.000197    2.500169 v _112_/A2 (sg13g2_a21o_1)
     1    0.003435    0.028666    0.129438    2.629607 v _112_/X (sg13g2_a21o_1)
                                                         _004_ (net)
                      0.028666    0.000217    2.629825 v BN[2]$_SDFFE_PP1P_/D (sg13g2_dfrbpq_1)
                                              2.629825   data arrival time

                                 10.000000   10.000000   clock clk (rise edge)
                                  0.000000   10.000000   clock source latency
     1    0.014542    0.030506    0.012754   10.012754 ^ clk (in)
                                                         clk (net)
                      0.030523    0.000000   10.012754 ^ clkbuf_0_clk/A (sg13g2_buf_8)
     4    0.046420    0.035476    0.078162   10.090917 ^ clkbuf_0_clk/X (sg13g2_buf_8)
                                                         clknet_0_clk (net)
                      0.035889    0.002929   10.093846 ^ clkbuf_2_3__f_clk/A (sg13g2_buf_8)
     8    0.031336    0.028861    0.075767   10.169613 ^ clkbuf_2_3__f_clk/X (sg13g2_buf_8)
                                                         clknet_2_3__leaf_clk (net)
                      0.028882    0.001263   10.170876 ^ BN[2]$_SDFFE_PP1P_/CLK (sg13g2_dfrbpq_1)
                                 -0.250000    9.920876   clock uncertainty
                                  0.000000    9.920876   clock reconvergence pessimism
                                 -0.113479    9.807397   library setup time
                                              9.807397   data required time
---------------------------------------------------------------------------------------------
                                              9.807397   data required time
                                             -2.629825   data arrival time
---------------------------------------------------------------------------------------------
                                              7.177573   slack (MET)


Startpoint: Op (input port clocked by clk)
Endpoint: B[0]$_SDFFE_PP1P_ (rising edge-triggered flip-flop clocked by clk)
Path Group: clk
Path Type: max

Fanout         Cap        Slew       Delay        Time   Description
---------------------------------------------------------------------------------------------
                                  0.000000    0.000000   clock clk (rise edge)
                                  0.000000    0.000000   clock network delay (propagated)
                                  2.000000    2.000000 ^ input external delay
     1    0.004316    0.021446    0.003591    2.003591 ^ Op (in)
                                                         Op (net)
                      0.021446    0.000000    2.003591 ^ input2/A (sg13g2_buf_1)
     3    0.016382    0.074415    0.095479    2.099070 ^ input2/X (sg13g2_buf_1)
                                                         net18 (net)
                      0.074460    0.000971    2.100041 ^ _128_/B_N (sg13g2_nor2b_1)
     2    0.014569    0.138246    0.175208    2.275250 ^ _128_/Y (sg13g2_nor2b_1)
                                                         _030_ (net)
                      0.138249    0.000586    2.275835 ^ fanout6/A (sg13g2_buf_8)
     8    0.038722    0.036599    0.121195    2.397030 ^ fanout6/X (sg13g2_buf_8)
                                                         net6 (net)
                      0.036811    0.002758    2.399788 ^ _129_/C (sg13g2_nand3_1)
     1    0.004897    0.082379    0.086819    2.486608 v _129_/Y (sg13g2_nand3_1)
                                                         _031_ (net)
                      0.082379    0.000345    2.486953 v _130_/A2 (sg13g2_a21o_1)
     1    0.002824    0.027161    0.131383    2.618336 v _130_/X (sg13g2_a21o_1)
                                                         _012_ (net)
                      0.027161    0.000099    2.618435 v B[0]$_SDFFE_PP1P_/D (sg13g2_dfrbpq_1)
                                              2.618435   data arrival time

                                 10.000000   10.000000   clock clk (rise edge)
                                  0.000000   10.000000   clock source latency
     1    0.014542    0.030506    0.012754   10.012754 ^ clk (in)
                                                         clk (net)
                      0.030523    0.000000   10.012754 ^ clkbuf_0_clk/A (sg13g2_buf_8)
     4    0.046420    0.035476    0.078162   10.090917 ^ clkbuf_0_clk/X (sg13g2_buf_8)
                                                         clknet_0_clk (net)
                      0.035893    0.002945   10.093862 ^ clkbuf_2_0__f_clk/A (sg13g2_buf_8)
     8    0.031241    0.028769    0.075502   10.169364 ^ clkbuf_2_0__f_clk/X (sg13g2_buf_8)
                                                         clknet_2_0__leaf_clk (net)
                      0.028851    0.001595   10.170959 ^ B[0]$_SDFFE_PP1P_/CLK (sg13g2_dfrbpq_1)
                                 -0.250000    9.920959   clock uncertainty
                                  0.000000    9.920959   clock reconvergence pessimism
                                 -0.112944    9.808015   library setup time
                                              9.808015   data required time
---------------------------------------------------------------------------------------------
                                              9.808015   data required time
                                             -2.618435   data arrival time
---------------------------------------------------------------------------------------------
                                              7.189581   slack (MET)


Startpoint: Op (input port clocked by clk)
Endpoint: B[10]$_SDFFE_PP1P_ (rising edge-triggered flip-flop clocked by clk)
Path Group: clk
Path Type: max

Fanout         Cap        Slew       Delay        Time   Description
---------------------------------------------------------------------------------------------
                                  0.000000    0.000000   clock clk (rise edge)
                                  0.000000    0.000000   clock network delay (propagated)
                                  2.000000    2.000000 ^ input external delay
     1    0.004316    0.021446    0.003591    2.003591 ^ Op (in)
                                                         Op (net)
                      0.021446    0.000000    2.003591 ^ input2/A (sg13g2_buf_1)
     3    0.016382    0.074415    0.095479    2.099070 ^ input2/X (sg13g2_buf_1)
                                                         net18 (net)
                      0.074460    0.000971    2.100041 ^ _128_/B_N (sg13g2_nor2b_1)
     2    0.014569    0.138246    0.175208    2.275250 ^ _128_/Y (sg13g2_nor2b_1)
                                                         _030_ (net)
                      0.138249    0.000586    2.275835 ^ fanout6/A (sg13g2_buf_8)
     8    0.038722    0.036599    0.121195    2.397030 ^ fanout6/X (sg13g2_buf_8)
                                                         net6 (net)
                      0.036614    0.001233    2.398263 ^ _131_/C (sg13g2_nand3_1)
     1    0.004727    0.077495    0.085770    2.484033 v _131_/Y (sg13g2_nand3_1)
                                                         _032_ (net)
                      0.077495    0.000188    2.484221 v _132_/A2 (sg13g2_a21o_1)
     1    0.003023    0.027848    0.129983    2.614204 v _132_/X (sg13g2_a21o_1)
                                                         _013_ (net)
                      0.027848    0.000189    2.614392 v B[10]$_SDFFE_PP1P_/D (sg13g2_dfrbpq_1)
                                              2.614392   data arrival time

                                 10.000000   10.000000   clock clk (rise edge)
                                  0.000000   10.000000   clock source latency
     1    0.014542    0.030506    0.012754   10.012754 ^ clk (in)
                                                         clk (net)
                      0.030523    0.000000   10.012754 ^ clkbuf_0_clk/A (sg13g2_buf_8)
     4    0.046420    0.035476    0.078162   10.090917 ^ clkbuf_0_clk/X (sg13g2_buf_8)
                                                         clknet_0_clk (net)
                      0.035802    0.002568   10.093485 ^ clkbuf_2_2__f_clk/A (sg13g2_buf_8)
     8    0.031727    0.029025    0.075856   10.169340 ^ clkbuf_2_2__f_clk/X (sg13g2_buf_8)
                                                         clknet_2_2__leaf_clk (net)
                      0.029041    0.001061   10.170402 ^ B[10]$_SDFFE_PP1P_/CLK (sg13g2_dfrbpq_1)
                                 -0.250000    9.920402   clock uncertainty
                                  0.000000    9.920402   clock reconvergence pessimism
                                 -0.113143    9.807259   library setup time
                                              9.807259   data required time
---------------------------------------------------------------------------------------------
                                              9.807259   data required time
                                             -2.614392   data arrival time
---------------------------------------------------------------------------------------------
                                              7.192866   slack (MET)


Startpoint: Op (input port clocked by clk)
Endpoint: B[8]$_SDFFE_PP1P_ (rising edge-triggered flip-flop clocked by clk)
Path Group: clk
Path Type: max

Fanout         Cap        Slew       Delay        Time   Description
---------------------------------------------------------------------------------------------
                                  0.000000    0.000000   clock clk (rise edge)
                                  0.000000    0.000000   clock network delay (propagated)
                                  2.000000    2.000000 ^ input external delay
     1    0.004316    0.021446    0.003591    2.003591 ^ Op (in)
                                                         Op (net)
                      0.021446    0.000000    2.003591 ^ input2/A (sg13g2_buf_1)
     3    0.016382    0.074415    0.095479    2.099070 ^ input2/X (sg13g2_buf_1)
                                                         net18 (net)
                      0.074460    0.000971    2.100041 ^ _128_/B_N (sg13g2_nor2b_1)
     2    0.014569    0.138246    0.175208    2.275250 ^ _128_/Y (sg13g2_nor2b_1)
                                                         _030_ (net)
                      0.138249    0.000586    2.275835 ^ fanout6/A (sg13g2_buf_8)
     8    0.038722    0.036599    0.121195    2.397030 ^ fanout6/X (sg13g2_buf_8)
                                                         net6 (net)
                      0.036893    0.003203    2.400233 ^ _149_/C (sg13g2_nand3_1)
     1    0.004733    0.081293    0.085898    2.486131 v _149_/Y (sg13g2_nand3_1)
                                                         _041_ (net)
                      0.081293    0.000191    2.486322 v _150_/A2 (sg13g2_a21o_1)
     1    0.002005    0.025012    0.128575    2.614897 v _150_/X (sg13g2_a21o_1)
                                                         _022_ (net)
                      0.025012    0.000077    2.614974 v B[8]$_SDFFE_PP1P_/D (sg13g2_dfrbpq_1)
                                              2.614974   data arrival time

                                 10.000000   10.000000   clock clk (rise edge)
                                  0.000000   10.000000   clock source latency
     1    0.014542    0.030506    0.012754   10.012754 ^ clk (in)
                                                         clk (net)
                      0.030523    0.000000   10.012754 ^ clkbuf_0_clk/A (sg13g2_buf_8)
     4    0.046420    0.035476    0.078162   10.090917 ^ clkbuf_0_clk/X (sg13g2_buf_8)
                                                         clknet_0_clk (net)
                      0.035893    0.002945   10.093862 ^ clkbuf_2_0__f_clk/A (sg13g2_buf_8)
     8    0.031241    0.028769    0.075502   10.169364 ^ clkbuf_2_0__f_clk/X (sg13g2_buf_8)
                                                         clknet_2_0__leaf_clk (net)
                      0.028876    0.001788   10.171152 ^ B[8]$_SDFFE_PP1P_/CLK (sg13g2_dfrbpq_1)
                                 -0.250000    9.921152   clock uncertainty
                                  0.000000    9.921152   clock reconvergence pessimism
                                 -0.112164    9.808989   library setup time
                                              9.808989   data required time
---------------------------------------------------------------------------------------------
                                              9.808989   data required time
                                             -2.614974   data arrival time
---------------------------------------------------------------------------------------------
                                              7.194015   slack (MET)


Startpoint: Op (input port clocked by clk)
Endpoint: B[1]$_SDFFE_PP1P_ (rising edge-triggered flip-flop clocked by clk)
Path Group: clk
Path Type: max

Fanout         Cap        Slew       Delay        Time   Description
---------------------------------------------------------------------------------------------
                                  0.000000    0.000000   clock clk (rise edge)
                                  0.000000    0.000000   clock network delay (propagated)
                                  2.000000    2.000000 ^ input external delay
     1    0.004316    0.021446    0.003591    2.003591 ^ Op (in)
                                                         Op (net)
                      0.021446    0.000000    2.003591 ^ input2/A (sg13g2_buf_1)
     3    0.016382    0.074415    0.095479    2.099070 ^ input2/X (sg13g2_buf_1)
                                                         net18 (net)
                      0.074460    0.000971    2.100041 ^ _128_/B_N (sg13g2_nor2b_1)
     2    0.014569    0.138246    0.175208    2.275250 ^ _128_/Y (sg13g2_nor2b_1)
                                                         _030_ (net)
                      0.138249    0.000586    2.275835 ^ fanout6/A (sg13g2_buf_8)
     8    0.038722    0.036599    0.121195    2.397030 ^ fanout6/X (sg13g2_buf_8)
                                                         net6 (net)
                      0.036788    0.002619    2.399649 ^ _135_/C (sg13g2_nand3_1)
     1    0.003452    0.062461    0.078072    2.477721 v _135_/Y (sg13g2_nand3_1)
                                                         _034_ (net)
                      0.062461    0.000133    2.477855 v _136_/A2 (sg13g2_a21o_1)
     1    0.002990    0.027939    0.123854    2.601709 v _136_/X (sg13g2_a21o_1)
                                                         _015_ (net)
                      0.027939    0.000187    2.601895 v B[1]$_SDFFE_PP1P_/D (sg13g2_dfrbpq_1)
                                              2.601895   data arrival time

                                 10.000000   10.000000   clock clk (rise edge)
                                  0.000000   10.000000   clock source latency
     1    0.014542    0.030506    0.012754   10.012754 ^ clk (in)
                                                         clk (net)
                      0.030523    0.000000   10.012754 ^ clkbuf_0_clk/A (sg13g2_buf_8)
     4    0.046420    0.035476    0.078162   10.090917 ^ clkbuf_0_clk/X (sg13g2_buf_8)
                                                         clknet_0_clk (net)
                      0.035893    0.002945   10.093862 ^ clkbuf_2_0__f_clk/A (sg13g2_buf_8)
     8    0.031241    0.028769    0.075502   10.169364 ^ clkbuf_2_0__f_clk/X (sg13g2_buf_8)
                                                         clknet_2_0__leaf_clk (net)
                      0.028884    0.001848   10.171212 ^ B[1]$_SDFFE_PP1P_/CLK (sg13g2_dfrbpq_1)
                                 -0.250000    9.921212   clock uncertainty
                                  0.000000    9.921212   clock reconvergence pessimism
                                 -0.113216    9.807997   library setup time
                                              9.807997   data required time
---------------------------------------------------------------------------------------------
                                              9.807997   data required time
                                             -2.601895   data arrival time
---------------------------------------------------------------------------------------------
                                              7.206101   slack (MET)


Startpoint: Om (input port clocked by clk)
Endpoint: BN[0]$_SDFFE_PP1P_ (rising edge-triggered flip-flop clocked by clk)
Path Group: clk
Path Type: max

Fanout         Cap        Slew       Delay        Time   Description
---------------------------------------------------------------------------------------------
                                  0.000000    0.000000   clock clk (rise edge)
                                  0.000000    0.000000   clock network delay (propagated)
                                  2.000000    2.000000 ^ input external delay
     1    0.004048    0.021199    0.003366    2.003366 ^ Om (in)
                                                         Om (net)
                      0.021199    0.000000    2.003366 ^ input1/A (sg13g2_buf_1)
     3    0.016267    0.073776    0.094635    2.098001 ^ input1/X (sg13g2_buf_1)
                                                         net17 (net)
                      0.073829    0.001624    2.099625 ^ _096_/B_N (sg13g2_nor2b_1)
     2    0.012753    0.124004    0.164344    2.263969 ^ _096_/Y (sg13g2_nor2b_1)
                                                         _050_ (net)
                      0.124006    0.000491    2.264460 ^ fanout8/A (sg13g2_buf_8)
     8    0.034750    0.034309    0.115272    2.379732 ^ fanout8/X (sg13g2_buf_8)
                                                         net8 (net)
                      0.034348    0.001978    2.381710 ^ _100_/A (sg13g2_nand3_1)
     1    0.005354    0.079534    0.075844    2.457555 v _100_/Y (sg13g2_nand3_1)
                                                         _054_ (net)
                      0.079535    0.000520    2.458074 v _101_/A2 (sg13g2_a21o_1)
     1    0.002546    0.026416    0.129424    2.587498 v _101_/X (sg13g2_a21o_1)
                                                         _000_ (net)
                      0.026416    0.000164    2.587662 v BN[0]$_SDFFE_PP1P_/D (sg13g2_dfrbpq_1)
                                              2.587662   data arrival time

                                 10.000000   10.000000   clock clk (rise edge)
                                  0.000000   10.000000   clock source latency
     1    0.014542    0.030506    0.012754   10.012754 ^ clk (in)
                                                         clk (net)
                      0.030523    0.000000   10.012754 ^ clkbuf_0_clk/A (sg13g2_buf_8)
     4    0.046420    0.035476    0.078162   10.090917 ^ clkbuf_0_clk/X (sg13g2_buf_8)
                                                         clknet_0_clk (net)
                      0.035893    0.002945   10.093862 ^ clkbuf_2_0__f_clk/A (sg13g2_buf_8)
     8    0.031241    0.028769    0.075502   10.169364 ^ clkbuf_2_0__f_clk/X (sg13g2_buf_8)
                                                         clknet_2_0__leaf_clk (net)
                      0.028849    0.001577   10.170941 ^ BN[0]$_SDFFE_PP1P_/CLK (sg13g2_dfrbpq_1)
                                 -0.250000    9.920941   clock uncertainty
                                  0.000000    9.920941   clock reconvergence pessimism
                                 -0.112676    9.808266   library setup time
                                              9.808266   data required time
---------------------------------------------------------------------------------------------
                                              9.808266   data required time
                                             -2.587662   data arrival time
---------------------------------------------------------------------------------------------
                                              7.220603   slack (MET)


Startpoint: Om (input port clocked by clk)
Endpoint: BN[10]$_SDFFE_PP1P_ (rising edge-triggered flip-flop clocked by clk)
Path Group: clk
Path Type: max

Fanout         Cap        Slew       Delay        Time   Description
---------------------------------------------------------------------------------------------
                                  0.000000    0.000000   clock clk (rise edge)
                                  0.000000    0.000000   clock network delay (propagated)
                                  2.000000    2.000000 ^ input external delay
     1    0.004048    0.021199    0.003366    2.003366 ^ Om (in)
                                                         Om (net)
                      0.021199    0.000000    2.003366 ^ input1/A (sg13g2_buf_1)
     3    0.016267    0.073776    0.094635    2.098001 ^ input1/X (sg13g2_buf_1)
                                                         net17 (net)
                      0.073829    0.001624    2.099625 ^ _096_/B_N (sg13g2_nor2b_1)
     2    0.012753    0.124004    0.164344    2.263969 ^ _096_/Y (sg13g2_nor2b_1)
                                                         _050_ (net)
                      0.124006    0.000491    2.264460 ^ fanout8/A (sg13g2_buf_8)
     8    0.034750    0.034309    0.115272    2.379732 ^ fanout8/X (sg13g2_buf_8)
                                                         net8 (net)
                      0.034312    0.000977    2.380709 ^ _104_/A (sg13g2_nand3_1)
     1    0.004723    0.072171    0.071992    2.452701 v _104_/Y (sg13g2_nand3_1)
                                                         _057_ (net)
                      0.072171    0.000331    2.453033 v _105_/A2 (sg13g2_a21o_1)
     1    0.002499    0.026231    0.126346    2.579379 v _105_/X (sg13g2_a21o_1)
                                                         _001_ (net)
                      0.026231    0.000091    2.579469 v BN[10]$_SDFFE_PP1P_/D (sg13g2_dfrbpq_1)
                                              2.579469   data arrival time

                                 10.000000   10.000000   clock clk (rise edge)
                                  0.000000   10.000000   clock source latency
     1    0.014542    0.030506    0.012754   10.012754 ^ clk (in)
                                                         clk (net)
                      0.030523    0.000000   10.012754 ^ clkbuf_0_clk/A (sg13g2_buf_8)
     4    0.046420    0.035476    0.078162   10.090917 ^ clkbuf_0_clk/X (sg13g2_buf_8)
                                                         clknet_0_clk (net)
                      0.035889    0.002929   10.093846 ^ clkbuf_2_3__f_clk/A (sg13g2_buf_8)
     8    0.031336    0.028861    0.075767   10.169613 ^ clkbuf_2_3__f_clk/X (sg13g2_buf_8)
                                                         clknet_2_3__leaf_clk (net)
                      0.028880    0.001203   10.170816 ^ BN[10]$_SDFFE_PP1P_/CLK (sg13g2_dfrbpq_1)
                                 -0.250000    9.920816   clock uncertainty
                                  0.000000    9.920816   clock reconvergence pessimism
                                 -0.112601    9.808215   library setup time
                                              9.808215   data required time
---------------------------------------------------------------------------------------------
                                              9.808215   data required time
                                             -2.579469   data arrival time
---------------------------------------------------------------------------------------------
                                              7.228746   slack (MET)


Startpoint: Op (input port clocked by clk)
Endpoint: dbit[3]$_SDFFE_PP1P_ (rising edge-triggered flip-flop clocked by clk)
Path Group: clk
Path Type: max

Fanout         Cap        Slew       Delay        Time   Description
---------------------------------------------------------------------------------------------
                                  0.000000    0.000000   clock clk (rise edge)
                                  0.000000    0.000000   clock network delay (propagated)
                                  2.000000    2.000000 v input external delay
     1    0.004258    0.018084    0.003019    2.003019 v Op (in)
                                                         Op (net)
                      0.018085    0.000000    2.003019 v input2/A (sg13g2_buf_1)
     3    0.016107    0.058171    0.089151    2.092170 v input2/X (sg13g2_buf_1)
                                                         net18 (net)
                      0.058178    0.000654    2.092825 v _165_/A (sg13g2_xnor2_1)
     6    0.020288    0.135713    0.171849    2.264674 v _165_/Y (sg13g2_xnor2_1)
                                                         _043_ (net)
                      0.135728    0.001192    2.265866 v _172_/A_N (sg13g2_nand3b_1)
     2    0.009126    0.105008    0.167399    2.433264 v _172_/Y (sg13g2_nand3b_1)
                                                         _048_ (net)
                      0.105008    0.000441    2.433706 v _175_/A2 (sg13g2_a21o_1)
     1    0.002501    0.026605    0.138524    2.572230 v _175_/X (sg13g2_a21o_1)
                                                         _027_ (net)
                      0.026605    0.000093    2.572323 v dbit[3]$_SDFFE_PP1P_/D (sg13g2_dfrbpq_2)
                                              2.572323   data arrival time

                                 10.000000   10.000000   clock clk (rise edge)
                                  0.000000   10.000000   clock source latency
     1    0.014542    0.030506    0.012754   10.012754 ^ clk (in)
                                                         clk (net)
                      0.030523    0.000000   10.012754 ^ clkbuf_0_clk/A (sg13g2_buf_8)
     4    0.046420    0.035476    0.078162   10.090917 ^ clkbuf_0_clk/X (sg13g2_buf_8)
                                                         clknet_0_clk (net)
                      0.035871    0.002855   10.093772 ^ clkbuf_2_1__f_clk/A (sg13g2_buf_8)
     7    0.029409    0.027983    0.074855   10.168627 ^ clkbuf_2_1__f_clk/X (sg13g2_buf_8)
                                                         clknet_2_1__leaf_clk (net)
                      0.028065    0.001831   10.170458 ^ dbit[3]$_SDFFE_PP1P_/CLK (sg13g2_dfrbpq_2)
                                 -0.250000    9.920458   clock uncertainty
                                  0.000000    9.920458   clock reconvergence pessimism
                                 -0.112944    9.807513   library setup time
                                              9.807513   data required time
---------------------------------------------------------------------------------------------
                                              9.807513   data required time
                                             -2.572323   data arrival time
---------------------------------------------------------------------------------------------
                                              7.235190   slack (MET)


Startpoint: BN[11]$_SDFFE_PP1P_ (rising edge-triggered flip-flop clocked by clk)
Endpoint: BN[11] (output port clocked by clk)
Path Group: clk
Path Type: max

Fanout         Cap        Slew       Delay        Time   Description
---------------------------------------------------------------------------------------------
                                  0.000000    0.000000   clock clk (rise edge)
                                  0.000000    0.000000   clock source latency
     1    0.014542    0.030506    0.012754    0.012754 ^ clk (in)
                                                         clk (net)
                      0.030523    0.000000    0.012754 ^ clkbuf_0_clk/A (sg13g2_buf_8)
     4    0.046420    0.035476    0.078162    0.090916 ^ clkbuf_0_clk/X (sg13g2_buf_8)
                                                         clknet_0_clk (net)
                      0.035871    0.002856    0.093772 ^ clkbuf_2_1__f_clk/A (sg13g2_buf_8)
     7    0.029409    0.027983    0.074855    0.168627 ^ clkbuf_2_1__f_clk/X (sg13g2_buf_8)
                                                         clknet_2_1__leaf_clk (net)
                      0.028028    0.001485    0.170112 ^ BN[11]$_SDFFE_PP1P_/CLK (sg13g2_dfrbpq_1)
     4    0.012122    0.058181    0.193074    0.363187 ^ BN[11]$_SDFFE_PP1P_/Q (sg13g2_dfrbpq_1)
                                                         net55 (net)
                      0.058182    0.000335    0.363522 ^ _204_/A (sg13g2_buf_1)
     1    0.003896    0.027023    0.075039    0.438561 ^ _204_/X (sg13g2_buf_1)
                                                         net21 (net)
                      0.027023    0.000257    0.438817 ^ output5/A (sg13g2_buf_1)
     1    0.008395    0.042877    0.074602    0.513420 ^ output5/X (sg13g2_buf_1)
                                                         BN[11] (net)
                      0.042891    0.000728    0.514148 ^ BN[11] (out)
                                              0.514148   data arrival time

                                 10.000000   10.000000   clock clk (rise edge)
                                  0.000000   10.000000   clock network delay (propagated)
                                 -0.250000    9.750000   clock uncertainty
                                  0.000000    9.750000   clock reconvergence pessimism
                                 -2.000000    7.750000   output external delay
                                              7.750000   data required time
---------------------------------------------------------------------------------------------
                                              7.750000   data required time
                                             -0.514148   data arrival time
---------------------------------------------------------------------------------------------
                                              7.235852   slack (MET)


Startpoint: Om (input port clocked by clk)
Endpoint: BN[1]$_SDFFE_PP1P_ (rising edge-triggered flip-flop clocked by clk)
Path Group: clk
Path Type: max

Fanout         Cap        Slew       Delay        Time   Description
---------------------------------------------------------------------------------------------
                                  0.000000    0.000000   clock clk (rise edge)
                                  0.000000    0.000000   clock network delay (propagated)
                                  2.000000    2.000000 ^ input external delay
     1    0.004048    0.021199    0.003366    2.003366 ^ Om (in)
                                                         Om (net)
                      0.021199    0.000000    2.003366 ^ input1/A (sg13g2_buf_1)
     3    0.016267    0.073776    0.094635    2.098001 ^ input1/X (sg13g2_buf_1)
                                                         net17 (net)
                      0.073829    0.001624    2.099625 ^ _096_/B_N (sg13g2_nor2b_1)
     2    0.012753    0.124004    0.164344    2.263969 ^ _096_/Y (sg13g2_nor2b_1)
                                                         _050_ (net)
                      0.124006    0.000491    2.264460 ^ fanout8/A (sg13g2_buf_8)
     8    0.034750    0.034309    0.115272    2.379732 ^ fanout8/X (sg13g2_buf_8)
                                                         net8 (net)
                      0.034348    0.001970    2.381702 ^ _109_/A (sg13g2_nand3_1)
     1    0.004028    0.062506    0.067719    2.449421 v _109_/Y (sg13g2_nand3_1)
                                                         _060_ (net)
                      0.062506    0.000297    2.449718 v _110_/A2 (sg13g2_a21o_1)
     1    0.001944    0.025215    0.120866    2.570584 v _110_/X (sg13g2_a21o_1)
                                                         _003_ (net)
                      0.025215    0.000070    2.570654 v BN[1]$_SDFFE_PP1P_/D (sg13g2_dfrbpq_1)
                                              2.570654   data arrival time

                                 10.000000   10.000000   clock clk (rise edge)
                                  0.000000   10.000000   clock source latency
     1    0.014542    0.030506    0.012754   10.012754 ^ clk (in)
                                                         clk (net)
                      0.030523    0.000000   10.012754 ^ clkbuf_0_clk/A (sg13g2_buf_8)
     4    0.046420    0.035476    0.078162   10.090917 ^ clkbuf_0_clk/X (sg13g2_buf_8)
                                                         clknet_0_clk (net)
                      0.035802    0.002568   10.093485 ^ clkbuf_2_2__f_clk/A (sg13g2_buf_8)
     8    0.031727    0.029025    0.075856   10.169340 ^ clkbuf_2_2__f_clk/X (sg13g2_buf_8)
                                                         clknet_2_2__leaf_clk (net)
                      0.029052    0.001446   10.170786 ^ BN[1]$_SDFFE_PP1P_/CLK (sg13g2_dfrbpq_1)
                                 -0.250000    9.920786   clock uncertainty
                                  0.000000    9.920786   clock reconvergence pessimism
                                 -0.112191    9.808595   library setup time
                                              9.808595   data required time
---------------------------------------------------------------------------------------------
                                              9.808595   data required time
                                             -2.570654   data arrival time
---------------------------------------------------------------------------------------------
                                              7.237941   slack (MET)


Startpoint: Op (input port clocked by clk)
Endpoint: dbit[1]$_SDFFE_PP1P_ (rising edge-triggered flip-flop clocked by clk)
Path Group: clk
Path Type: max

Fanout         Cap        Slew       Delay        Time   Description
---------------------------------------------------------------------------------------------
                                  0.000000    0.000000   clock clk (rise edge)
                                  0.000000    0.000000   clock network delay (propagated)
                                  2.000000    2.000000 ^ input external delay
     1    0.004316    0.021446    0.003591    2.003591 ^ Op (in)
                                                         Op (net)
                      0.021446    0.000000    2.003591 ^ input2/A (sg13g2_buf_1)
     3    0.016382    0.074415    0.095479    2.099070 ^ input2/X (sg13g2_buf_1)
                                                         net18 (net)
                      0.074450    0.000665    2.099735 ^ _165_/A (sg13g2_xnor2_1)
     6    0.021510    0.202975    0.197300    2.297035 ^ _165_/Y (sg13g2_xnor2_1)
                                                         _043_ (net)
                      0.202986    0.001260    2.298295 ^ _170_/C (sg13g2_or3_1)
     1    0.003586    0.032010    0.129313    2.427608 ^ _170_/X (sg13g2_or3_1)
                                                         _047_ (net)
                      0.032010    0.000141    2.427749 ^ _171_/C (sg13g2_nand3b_1)
     1    0.003079    0.059855    0.077204    2.504953 v _171_/Y (sg13g2_nand3b_1)
                                                         _025_ (net)
                      0.059855    0.000201    2.505154 v dbit[1]$_SDFFE_PP1P_/D (sg13g2_dfrbpq_2)
                                              2.505154   data arrival time

                                 10.000000   10.000000   clock clk (rise edge)
                                  0.000000   10.000000   clock source latency
     1    0.014542    0.030506    0.012754   10.012754 ^ clk (in)
                                                         clk (net)
                      0.030523    0.000000   10.012754 ^ clkbuf_0_clk/A (sg13g2_buf_8)
     4    0.046420    0.035476    0.078162   10.090917 ^ clkbuf_0_clk/X (sg13g2_buf_8)
                                                         clknet_0_clk (net)
                      0.035871    0.002855   10.093772 ^ clkbuf_2_1__f_clk/A (sg13g2_buf_8)
     7    0.029409    0.027983    0.074855   10.168627 ^ clkbuf_2_1__f_clk/X (sg13g2_buf_8)
                                                         clknet_2_1__leaf_clk (net)
                      0.028024    0.001443   10.170071 ^ dbit[1]$_SDFFE_PP1P_/CLK (sg13g2_dfrbpq_2)
                                 -0.250000    9.920071   clock uncertainty
                                  0.000000    9.920071   clock reconvergence pessimism
                                 -0.124936    9.795135   library setup time
                                              9.795135   data required time
---------------------------------------------------------------------------------------------
                                              9.795135   data required time
                                             -2.505154   data arrival time
---------------------------------------------------------------------------------------------
                                              7.289981   slack (MET)


Startpoint: BN[11]$_SDFFE_PP1P_ (rising edge-triggered flip-flop clocked by clk)
Endpoint: sign (output port clocked by clk)
Path Group: clk
Path Type: max

Fanout         Cap        Slew       Delay        Time   Description
---------------------------------------------------------------------------------------------
                                  0.000000    0.000000   clock clk (rise edge)
                                  0.000000    0.000000   clock source latency
     1    0.014542    0.030506    0.012754    0.012754 ^ clk (in)
                                                         clk (net)
                      0.030523    0.000000    0.012754 ^ clkbuf_0_clk/A (sg13g2_buf_8)
     4    0.046420    0.035476    0.078162    0.090916 ^ clkbuf_0_clk/X (sg13g2_buf_8)
                                                         clknet_0_clk (net)
                      0.035871    0.002856    0.093772 ^ clkbuf_2_1__f_clk/A (sg13g2_buf_8)
     7    0.029409    0.027983    0.074855    0.168627 ^ clkbuf_2_1__f_clk/X (sg13g2_buf_8)
                                                         clknet_2_1__leaf_clk (net)
                      0.028028    0.001485    0.170112 ^ BN[11]$_SDFFE_PP1P_/CLK (sg13g2_dfrbpq_1)
     4    0.012122    0.058181    0.193074    0.363187 ^ BN[11]$_SDFFE_PP1P_/Q (sg13g2_dfrbpq_1)
                                                         net55 (net)
                      0.058184    0.000471    0.363658 ^ output39/A (sg13g2_buf_1)
     1    0.008617    0.044633    0.088820    0.452478 ^ output39/X (sg13g2_buf_1)
                                                         sign (net)
                      0.044636    0.000405    0.452882 ^ sign (out)
                                              0.452882   data arrival time

                                 10.000000   10.000000   clock clk (rise edge)
                                  0.000000   10.000000   clock network delay (propagated)
                                 -0.250000    9.750000   clock uncertainty
                                  0.000000    9.750000   clock reconvergence pessimism
                                 -2.000000    7.750000   output external delay
                                              7.750000   data required time
---------------------------------------------------------------------------------------------
                                              7.750000   data required time
                                             -0.452882   data arrival time
---------------------------------------------------------------------------------------------
                                              7.297117   slack (MET)


Startpoint: B[2]$_SDFFE_PP1P_ (rising edge-triggered flip-flop clocked by clk)
Endpoint: B[2] (output port clocked by clk)
Path Group: clk
Path Type: max

Fanout         Cap        Slew       Delay        Time   Description
---------------------------------------------------------------------------------------------
                                  0.000000    0.000000   clock clk (rise edge)
                                  0.000000    0.000000   clock source latency
     1    0.014542    0.030506    0.012754    0.012754 ^ clk (in)
                                                         clk (net)
                      0.030523    0.000000    0.012754 ^ clkbuf_0_clk/A (sg13g2_buf_8)
     4    0.046420    0.035476    0.078162    0.090916 ^ clkbuf_0_clk/X (sg13g2_buf_8)
                                                         clknet_0_clk (net)
                      0.035889    0.002929    0.093846 ^ clkbuf_2_3__f_clk/A (sg13g2_buf_8)
     8    0.031336    0.028861    0.075767    0.169613 ^ clkbuf_2_3__f_clk/X (sg13g2_buf_8)
                                                         clknet_2_3__leaf_clk (net)
                      0.028872    0.000838    0.170451 ^ B[2]$_SDFFE_PP1P_/CLK (sg13g2_dfrbpq_1)
     3    0.011281    0.054962    0.191025    0.361475 ^ B[2]$_SDFFE_PP1P_/Q (sg13g2_dfrbpq_1)
                                                         net35 (net)
                      0.054964    0.000376    0.361851 ^ output19/A (sg13g2_buf_1)
     1    0.009380    0.047478    0.089657    0.451508 ^ output19/X (sg13g2_buf_1)
                                                         B[2] (net)
                      0.047482    0.000460    0.451968 ^ B[2] (out)
                                              0.451968   data arrival time

                                 10.000000   10.000000   clock clk (rise edge)
                                  0.000000   10.000000   clock network delay (propagated)
                                 -0.250000    9.750000   clock uncertainty
                                  0.000000    9.750000   clock reconvergence pessimism
                                 -2.000000    7.750000   output external delay
                                              7.750000   data required time
---------------------------------------------------------------------------------------------
                                              7.750000   data required time
                                             -0.451968   data arrival time
---------------------------------------------------------------------------------------------
                                              7.298032   slack (MET)


Startpoint: Op (input port clocked by clk)
Endpoint: dbit[0]$_SDFFE_PP1P_ (rising edge-triggered flip-flop clocked by clk)
Path Group: clk
Path Type: max

Fanout         Cap        Slew       Delay        Time   Description
---------------------------------------------------------------------------------------------
                                  0.000000    0.000000   clock clk (rise edge)
                                  0.000000    0.000000   clock network delay (propagated)
                                  2.000000    2.000000 v input external delay
     1    0.004258    0.018084    0.003019    2.003019 v Op (in)
                                                         Op (net)
                      0.018085    0.000000    2.003019 v input2/A (sg13g2_buf_1)
     3    0.016107    0.058171    0.089151    2.092170 v input2/X (sg13g2_buf_1)
                                                         net18 (net)
                      0.058178    0.000654    2.092825 v _165_/A (sg13g2_xnor2_1)
     6    0.020288    0.135713    0.171849    2.264674 v _165_/Y (sg13g2_xnor2_1)
                                                         _043_ (net)
                      0.135728    0.001193    2.265867 v _166_/B1 (sg13g2_a21o_1)
     1    0.004255    0.032562    0.143944    2.409810 v _166_/X (sg13g2_a21o_1)
                                                         _044_ (net)
                      0.032562    0.000327    2.410137 v _168_/A2 (sg13g2_o21ai_1)
     1    0.003583    0.072522    0.082039    2.492176 ^ _168_/Y (sg13g2_o21ai_1)
                                                         _024_ (net)
                      0.072522    0.000214    2.492390 ^ dbit[0]$_SDFFE_PP1P_/D (sg13g2_dfrbpq_1)
                                              2.492390   data arrival time

                                 10.000000   10.000000   clock clk (rise edge)
                                  0.000000   10.000000   clock source latency
     1    0.014542    0.030506    0.012754   10.012754 ^ clk (in)
                                                         clk (net)
                      0.030523    0.000000   10.012754 ^ clkbuf_0_clk/A (sg13g2_buf_8)
     4    0.046420    0.035476    0.078162   10.090917 ^ clkbuf_0_clk/X (sg13g2_buf_8)
                                                         clknet_0_clk (net)
                      0.035871    0.002855   10.093772 ^ clkbuf_2_1__f_clk/A (sg13g2_buf_8)
     7    0.029409    0.027983    0.074855   10.168627 ^ clkbuf_2_1__f_clk/X (sg13g2_buf_8)
                                                         clknet_2_1__leaf_clk (net)
                      0.028044    0.001646   10.170273 ^ dbit[0]$_SDFFE_PP1P_/CLK (sg13g2_dfrbpq_1)
                                 -0.250000    9.920273   clock uncertainty
                                  0.000000    9.920273   clock reconvergence pessimism
                                 -0.128603    9.791670   library setup time
                                              9.791670   data required time
---------------------------------------------------------------------------------------------
                                              9.791670   data required time
                                             -2.492390   data arrival time
---------------------------------------------------------------------------------------------
                                              7.299280   slack (MET)


Startpoint: B[8]$_SDFFE_PP1P_ (rising edge-triggered flip-flop clocked by clk)
Endpoint: B[8] (output port clocked by clk)
Path Group: clk
Path Type: max

Fanout         Cap        Slew       Delay        Time   Description
---------------------------------------------------------------------------------------------
                                  0.000000    0.000000   clock clk (rise edge)
                                  0.000000    0.000000   clock source latency
     1    0.014542    0.030506    0.012754    0.012754 ^ clk (in)
                                                         clk (net)
                      0.030523    0.000000    0.012754 ^ clkbuf_0_clk/A (sg13g2_buf_8)
     4    0.046420    0.035476    0.078162    0.090916 ^ clkbuf_0_clk/X (sg13g2_buf_8)
                                                         clknet_0_clk (net)
                      0.035893    0.002945    0.093862 ^ clkbuf_2_0__f_clk/A (sg13g2_buf_8)
     8    0.031241    0.028769    0.075502    0.169364 ^ clkbuf_2_0__f_clk/X (sg13g2_buf_8)
                                                         clknet_2_0__leaf_clk (net)
                      0.028876    0.001788    0.171152 ^ B[8]$_SDFFE_PP1P_/CLK (sg13g2_dfrbpq_1)
     3    0.011006    0.053918    0.190195    0.361347 ^ B[8]$_SDFFE_PP1P_/Q (sg13g2_dfrbpq_1)
                                                         net41 (net)
                      0.053924    0.000562    0.361909 ^ output25/A (sg13g2_buf_1)
     1    0.009064    0.046234    0.088283    0.450192 ^ output25/X (sg13g2_buf_1)
                                                         B[8] (net)
                      0.046238    0.000448    0.450640 ^ B[8] (out)
                                              0.450640   data arrival time

                                 10.000000   10.000000   clock clk (rise edge)
                                  0.000000   10.000000   clock network delay (propagated)
                                 -0.250000    9.750000   clock uncertainty
                                  0.000000    9.750000   clock reconvergence pessimism
                                 -2.000000    7.750000   output external delay
                                              7.750000   data required time
---------------------------------------------------------------------------------------------
                                              7.750000   data required time
                                             -0.450640   data arrival time
---------------------------------------------------------------------------------------------
                                              7.299360   slack (MET)


Startpoint: B[0]$_SDFFE_PP1P_ (rising edge-triggered flip-flop clocked by clk)
Endpoint: B[0] (output port clocked by clk)
Path Group: clk
Path Type: max

Fanout         Cap        Slew       Delay        Time   Description
---------------------------------------------------------------------------------------------
                                  0.000000    0.000000   clock clk (rise edge)
                                  0.000000    0.000000   clock source latency
     1    0.014542    0.030506    0.012754    0.012754 ^ clk (in)
                                                         clk (net)
                      0.030523    0.000000    0.012754 ^ clkbuf_0_clk/A (sg13g2_buf_8)
     4    0.046420    0.035476    0.078162    0.090916 ^ clkbuf_0_clk/X (sg13g2_buf_8)
                                                         clknet_0_clk (net)
                      0.035893    0.002945    0.093862 ^ clkbuf_2_0__f_clk/A (sg13g2_buf_8)
     8    0.031241    0.028769    0.075502    0.169364 ^ clkbuf_2_0__f_clk/X (sg13g2_buf_8)
                                                         clknet_2_0__leaf_clk (net)
                      0.028851    0.001595    0.170959 ^ B[0]$_SDFFE_PP1P_/CLK (sg13g2_dfrbpq_1)
     3    0.011434    0.055558    0.191399    0.362358 ^ B[0]$_SDFFE_PP1P_/Q (sg13g2_dfrbpq_1)
                                                         net31 (net)
                      0.055563    0.000558    0.362916 ^ output15/A (sg13g2_buf_1)
     1    0.008434    0.043851    0.087080    0.449997 ^ output15/X (sg13g2_buf_1)
                                                         B[0] (net)
                      0.043858    0.000554    0.450551 ^ B[0] (out)
                                              0.450551   data arrival time

                                 10.000000   10.000000   clock clk (rise edge)
                                  0.000000   10.000000   clock network delay (propagated)
                                 -0.250000    9.750000   clock uncertainty
                                  0.000000    9.750000   clock reconvergence pessimism
                                 -2.000000    7.750000   output external delay
                                              7.750000   data required time
---------------------------------------------------------------------------------------------
                                              7.750000   data required time
                                             -0.450551   data arrival time
---------------------------------------------------------------------------------------------
                                              7.299449   slack (MET)


Startpoint: B[7]$_SDFFE_PP1P_ (rising edge-triggered flip-flop clocked by clk)
Endpoint: B[7] (output port clocked by clk)
Path Group: clk
Path Type: max

Fanout         Cap        Slew       Delay        Time   Description
---------------------------------------------------------------------------------------------
                                  0.000000    0.000000   clock clk (rise edge)
                                  0.000000    0.000000   clock source latency
     1    0.014542    0.030506    0.012754    0.012754 ^ clk (in)
                                                         clk (net)
                      0.030523    0.000000    0.012754 ^ clkbuf_0_clk/A (sg13g2_buf_8)
     4    0.046420    0.035476    0.078162    0.090916 ^ clkbuf_0_clk/X (sg13g2_buf_8)
                                                         clknet_0_clk (net)
                      0.035889    0.002929    0.093846 ^ clkbuf_2_3__f_clk/A (sg13g2_buf_8)
     8    0.031336    0.028861    0.075767    0.169613 ^ clkbuf_2_3__f_clk/X (sg13g2_buf_8)
                                                         clknet_2_3__leaf_clk (net)
                      0.028873    0.000911    0.170524 ^ B[7]$_SDFFE_PP1P_/CLK (sg13g2_dfrbpq_1)
     3    0.010686    0.052680    0.189336    0.359859 ^ B[7]$_SDFFE_PP1P_/Q (sg13g2_dfrbpq_1)
                                                         net40 (net)
                      0.052681    0.000301    0.360160 ^ output24/A (sg13g2_buf_1)
     1    0.009189    0.046663    0.087939    0.448100 ^ output24/X (sg13g2_buf_1)
                                                         B[7] (net)
                      0.046678    0.000786    0.448886 ^ B[7] (out)
                                              0.448886   data arrival time

                                 10.000000   10.000000   clock clk (rise edge)
                                  0.000000   10.000000   clock network delay (propagated)
                                 -0.250000    9.750000   clock uncertainty
                                  0.000000    9.750000   clock reconvergence pessimism
                                 -2.000000    7.750000   output external delay
                                              7.750000   data required time
---------------------------------------------------------------------------------------------
                                              7.750000   data required time
                                             -0.448886   data arrival time
---------------------------------------------------------------------------------------------
                                              7.301114   slack (MET)


Startpoint: BN[8]$_SDFFE_PP1P_ (rising edge-triggered flip-flop clocked by clk)
Endpoint: BN[8] (output port clocked by clk)
Path Group: clk
Path Type: max

Fanout         Cap        Slew       Delay        Time   Description
---------------------------------------------------------------------------------------------
                                  0.000000    0.000000   clock clk (rise edge)
                                  0.000000    0.000000   clock source latency
     1    0.014542    0.030506    0.012754    0.012754 ^ clk (in)
                                                         clk (net)
                      0.030523    0.000000    0.012754 ^ clkbuf_0_clk/A (sg13g2_buf_8)
     4    0.046420    0.035476    0.078162    0.090916 ^ clkbuf_0_clk/X (sg13g2_buf_8)
                                                         clknet_0_clk (net)
                      0.035893    0.002945    0.093862 ^ clkbuf_2_0__f_clk/A (sg13g2_buf_8)
     8    0.031241    0.028769    0.075502    0.169364 ^ clkbuf_2_0__f_clk/X (sg13g2_buf_8)
                                                         clknet_2_0__leaf_clk (net)
                      0.028876    0.001793    0.171157 ^ BN[8]$_SDFFE_PP1P_/CLK (sg13g2_dfrbpq_1)
     3    0.010773    0.053028    0.189514    0.360670 ^ BN[8]$_SDFFE_PP1P_/Q (sg13g2_dfrbpq_1)
                                                         net29 (net)
                      0.053028    0.000290    0.360961 ^ output13/A (sg13g2_buf_1)
     1    0.008545    0.044215    0.086400    0.447360 ^ output13/X (sg13g2_buf_1)
                                                         BN[8] (net)
                      0.044217    0.000398    0.447758 ^ BN[8] (out)
                                              0.447758   data arrival time

                                 10.000000   10.000000   clock clk (rise edge)
                                  0.000000   10.000000   clock network delay (propagated)
                                 -0.250000    9.750000   clock uncertainty
                                  0.000000    9.750000   clock reconvergence pessimism
                                 -2.000000    7.750000   output external delay
                                              7.750000   data required time
---------------------------------------------------------------------------------------------
                                              7.750000   data required time
                                             -0.447758   data arrival time
---------------------------------------------------------------------------------------------
                                              7.302242   slack (MET)


Startpoint: B[6]$_SDFFE_PP1P_ (rising edge-triggered flip-flop clocked by clk)
Endpoint: B[6] (output port clocked by clk)
Path Group: clk
Path Type: max

Fanout         Cap        Slew       Delay        Time   Description
---------------------------------------------------------------------------------------------
                                  0.000000    0.000000   clock clk (rise edge)
                                  0.000000    0.000000   clock source latency
     1    0.014542    0.030506    0.012754    0.012754 ^ clk (in)
                                                         clk (net)
                      0.030523    0.000000    0.012754 ^ clkbuf_0_clk/A (sg13g2_buf_8)
     4    0.046420    0.035476    0.078162    0.090916 ^ clkbuf_0_clk/X (sg13g2_buf_8)
                                                         clknet_0_clk (net)
                      0.035889    0.002929    0.093846 ^ clkbuf_2_3__f_clk/A (sg13g2_buf_8)
     8    0.031336    0.028861    0.075767    0.169613 ^ clkbuf_2_3__f_clk/X (sg13g2_buf_8)
                                                         clknet_2_3__leaf_clk (net)
                      0.028881    0.001229    0.170842 ^ B[6]$_SDFFE_PP1P_/CLK (sg13g2_dfrbpq_1)
     3    0.009990    0.049964    0.187255    0.358097 ^ B[6]$_SDFFE_PP1P_/Q (sg13g2_dfrbpq_1)
                                                         net39 (net)
                      0.049969    0.000533    0.358630 ^ output23/A (sg13g2_buf_1)
     1    0.009463    0.047658    0.087696    0.446326 ^ output23/X (sg13g2_buf_1)
                                                         B[6] (net)
                      0.047666    0.000600    0.446926 ^ B[6] (out)
                                              0.446926   data arrival time

                                 10.000000   10.000000   clock clk (rise edge)
                                  0.000000   10.000000   clock network delay (propagated)
                                 -0.250000    9.750000   clock uncertainty
                                  0.000000    9.750000   clock reconvergence pessimism
                                 -2.000000    7.750000   output external delay
                                              7.750000   data required time
---------------------------------------------------------------------------------------------
                                              7.750000   data required time
                                             -0.446926   data arrival time
---------------------------------------------------------------------------------------------
                                              7.303074   slack (MET)


Startpoint: BN[10]$_SDFFE_PP1P_ (rising edge-triggered flip-flop clocked by clk)
Endpoint: BN[10] (output port clocked by clk)
Path Group: clk
Path Type: max

Fanout         Cap        Slew       Delay        Time   Description
---------------------------------------------------------------------------------------------
                                  0.000000    0.000000   clock clk (rise edge)
                                  0.000000    0.000000   clock source latency
     1    0.014542    0.030506    0.012754    0.012754 ^ clk (in)
                                                         clk (net)
                      0.030523    0.000000    0.012754 ^ clkbuf_0_clk/A (sg13g2_buf_8)
     4    0.046420    0.035476    0.078162    0.090916 ^ clkbuf_0_clk/X (sg13g2_buf_8)
                                                         clknet_0_clk (net)
                      0.035889    0.002929    0.093846 ^ clkbuf_2_3__f_clk/A (sg13g2_buf_8)
     8    0.031336    0.028861    0.075767    0.169613 ^ clkbuf_2_3__f_clk/X (sg13g2_buf_8)
                                                         clknet_2_3__leaf_clk (net)
                      0.028880    0.001203    0.170816 ^ BN[10]$_SDFFE_PP1P_/CLK (sg13g2_dfrbpq_1)
     3    0.010058    0.050219    0.187437    0.358253 ^ BN[10]$_SDFFE_PP1P_/Q (sg13g2_dfrbpq_1)
                                                         net20 (net)
                      0.050224    0.000528    0.358781 ^ output4/A (sg13g2_buf_1)
     1    0.009371    0.047311    0.087536    0.446317 ^ output4/X (sg13g2_buf_1)
                                                         BN[10] (net)
                      0.047318    0.000596    0.446913 ^ BN[10] (out)
                                              0.446913   data arrival time

                                 10.000000   10.000000   clock clk (rise edge)
                                  0.000000   10.000000   clock network delay (propagated)
                                 -0.250000    9.750000   clock uncertainty
                                  0.000000    9.750000   clock reconvergence pessimism
                                 -2.000000    7.750000   output external delay
                                              7.750000   data required time
---------------------------------------------------------------------------------------------
                                              7.750000   data required time
                                             -0.446913   data arrival time
---------------------------------------------------------------------------------------------
                                              7.303087   slack (MET)


Startpoint: BN[2]$_SDFFE_PP1P_ (rising edge-triggered flip-flop clocked by clk)
Endpoint: BN[2] (output port clocked by clk)
Path Group: clk
Path Type: max

Fanout         Cap        Slew       Delay        Time   Description
---------------------------------------------------------------------------------------------
                                  0.000000    0.000000   clock clk (rise edge)
                                  0.000000    0.000000   clock source latency
     1    0.014542    0.030506    0.012754    0.012754 ^ clk (in)
                                                         clk (net)
                      0.030523    0.000000    0.012754 ^ clkbuf_0_clk/A (sg13g2_buf_8)
     4    0.046420    0.035476    0.078162    0.090916 ^ clkbuf_0_clk/X (sg13g2_buf_8)
                                                         clknet_0_clk (net)
                      0.035889    0.002929    0.093846 ^ clkbuf_2_3__f_clk/A (sg13g2_buf_8)
     8    0.031336    0.028861    0.075767    0.169613 ^ clkbuf_2_3__f_clk/X (sg13g2_buf_8)
                                                         clknet_2_3__leaf_clk (net)
                      0.028882    0.001263    0.170876 ^ BN[2]$_SDFFE_PP1P_/CLK (sg13g2_dfrbpq_1)
     3    0.010239    0.050906    0.187893    0.358768 ^ BN[2]$_SDFFE_PP1P_/Q (sg13g2_dfrbpq_1)
                                                         net23 (net)
                      0.050913    0.000634    0.359403 ^ output7/A (sg13g2_buf_1)
     1    0.008750    0.044942    0.086078    0.445481 ^ output7/X (sg13g2_buf_1)
                                                         BN[2] (net)
                      0.044945    0.000423    0.445904 ^ BN[2] (out)
                                              0.445904   data arrival time

                                 10.000000   10.000000   clock clk (rise edge)
                                  0.000000   10.000000   clock network delay (propagated)
                                 -0.250000    9.750000   clock uncertainty
                                  0.000000    9.750000   clock reconvergence pessimism
                                 -2.000000    7.750000   output external delay
                                              7.750000   data required time
---------------------------------------------------------------------------------------------
                                              7.750000   data required time
                                             -0.445904   data arrival time
---------------------------------------------------------------------------------------------
                                              7.304096   slack (MET)


Startpoint: BN[7]$_SDFFE_PP1P_ (rising edge-triggered flip-flop clocked by clk)
Endpoint: BN[7] (output port clocked by clk)
Path Group: clk
Path Type: max

Fanout         Cap        Slew       Delay        Time   Description
---------------------------------------------------------------------------------------------
                                  0.000000    0.000000   clock clk (rise edge)
                                  0.000000    0.000000   clock source latency
     1    0.014542    0.030506    0.012754    0.012754 ^ clk (in)
                                                         clk (net)
                      0.030523    0.000000    0.012754 ^ clkbuf_0_clk/A (sg13g2_buf_8)
     4    0.046420    0.035476    0.078162    0.090916 ^ clkbuf_0_clk/X (sg13g2_buf_8)
                                                         clknet_0_clk (net)
                      0.035889    0.002929    0.093846 ^ clkbuf_2_3__f_clk/A (sg13g2_buf_8)
     8    0.031336    0.028861    0.075767    0.169613 ^ clkbuf_2_3__f_clk/X (sg13g2_buf_8)
                                                         clknet_2_3__leaf_clk (net)
                      0.028882    0.001254    0.170867 ^ BN[7]$_SDFFE_PP1P_/CLK (sg13g2_dfrbpq_1)
     3    0.010489    0.051933    0.188749    0.359617 ^ BN[7]$_SDFFE_PP1P_/Q (sg13g2_dfrbpq_1)
                                                         net28 (net)
                      0.051934    0.000339    0.359956 ^ output12/A (sg13g2_buf_1)
     1    0.008284    0.043182    0.085171    0.445127 ^ output12/X (sg13g2_buf_1)
                                                         BN[7] (net)
                      0.043184    0.000379    0.445506 ^ BN[7] (out)
                                              0.445506   data arrival time

                                 10.000000   10.000000   clock clk (rise edge)
                                  0.000000   10.000000   clock network delay (propagated)
                                 -0.250000    9.750000   clock uncertainty
                                  0.000000    9.750000   clock reconvergence pessimism
                                 -2.000000    7.750000   output external delay
                                              7.750000   data required time
---------------------------------------------------------------------------------------------
                                              7.750000   data required time
                                             -0.445506   data arrival time
---------------------------------------------------------------------------------------------
                                              7.304494   slack (MET)


Startpoint: B[4]$_SDFFE_PP1P_ (rising edge-triggered flip-flop clocked by clk)
Endpoint: B[4] (output port clocked by clk)
Path Group: clk
Path Type: max

Fanout         Cap        Slew       Delay        Time   Description
---------------------------------------------------------------------------------------------
                                  0.000000    0.000000   clock clk (rise edge)
                                  0.000000    0.000000   clock source latency
     1    0.014542    0.030506    0.012754    0.012754 ^ clk (in)
                                                         clk (net)
                      0.030523    0.000000    0.012754 ^ clkbuf_0_clk/A (sg13g2_buf_8)
     4    0.046420    0.035476    0.078162    0.090916 ^ clkbuf_0_clk/X (sg13g2_buf_8)
                                                         clknet_0_clk (net)
                      0.035893    0.002945    0.093862 ^ clkbuf_2_0__f_clk/A (sg13g2_buf_8)
     8    0.031241    0.028769    0.075502    0.169364 ^ clkbuf_2_0__f_clk/X (sg13g2_buf_8)
                                                         clknet_2_0__leaf_clk (net)
                      0.028880    0.001821    0.171185 ^ B[4]$_SDFFE_PP1P_/CLK (sg13g2_dfrbpq_1)
     3    0.010312    0.051266    0.188186    0.359371 ^ B[4]$_SDFFE_PP1P_/Q (sg13g2_dfrbpq_1)
                                                         net37 (net)
                      0.051267    0.000282    0.359653 ^ output21/A (sg13g2_buf_1)
     1    0.008140    0.042611    0.084463    0.444116 ^ output21/X (sg13g2_buf_1)
                                                         B[4] (net)
                      0.042613    0.000373    0.444489 ^ B[4] (out)
                                              0.444489   data arrival time

                                 10.000000   10.000000   clock clk (rise edge)
                                  0.000000   10.000000   clock network delay (propagated)
                                 -0.250000    9.750000   clock uncertainty
                                  0.000000    9.750000   clock reconvergence pessimism
                                 -2.000000    7.750000   output external delay
                                              7.750000   data required time
---------------------------------------------------------------------------------------------
                                              7.750000   data required time
                                             -0.444489   data arrival time
---------------------------------------------------------------------------------------------
                                              7.305511   slack (MET)


Startpoint: BN[3]$_SDFFE_PP1P_ (rising edge-triggered flip-flop clocked by clk)
Endpoint: BN[3] (output port clocked by clk)
Path Group: clk
Path Type: max

Fanout         Cap        Slew       Delay        Time   Description
---------------------------------------------------------------------------------------------
                                  0.000000    0.000000   clock clk (rise edge)
                                  0.000000    0.000000   clock source latency
     1    0.014542    0.030506    0.012754    0.012754 ^ clk (in)
                                                         clk (net)
                      0.030523    0.000000    0.012754 ^ clkbuf_0_clk/A (sg13g2_buf_8)
     4    0.046420    0.035476    0.078162    0.090916 ^ clkbuf_0_clk/X (sg13g2_buf_8)
                                                         clknet_0_clk (net)
                      0.035871    0.002856    0.093772 ^ clkbuf_2_1__f_clk/A (sg13g2_buf_8)
     7    0.029409    0.027983    0.074855    0.168627 ^ clkbuf_2_1__f_clk/X (sg13g2_buf_8)
                                                         clknet_2_1__leaf_clk (net)
                      0.028027    0.001475    0.170102 ^ BN[3]$_SDFFE_PP1P_/CLK (sg13g2_dfrbpq_1)
     3    0.010647    0.052534    0.188803    0.358906 ^ BN[3]$_SDFFE_PP1P_/Q (sg13g2_dfrbpq_1)
                                                         net24 (net)
                      0.052535    0.000306    0.359212 ^ output8/A (sg13g2_buf_1)
     1    0.007864    0.041593    0.084205    0.443417 ^ output8/X (sg13g2_buf_1)
                                                         BN[3] (net)
                      0.041595    0.000354    0.443770 ^ BN[3] (out)
                                              0.443770   data arrival time

                                 10.000000   10.000000   clock clk (rise edge)
                                  0.000000   10.000000   clock network delay (propagated)
                                 -0.250000    9.750000   clock uncertainty
                                  0.000000    9.750000   clock reconvergence pessimism
                                 -2.000000    7.750000   output external delay
                                              7.750000   data required time
---------------------------------------------------------------------------------------------
                                              7.750000   data required time
                                             -0.443770   data arrival time
---------------------------------------------------------------------------------------------
                                              7.306230   slack (MET)


Startpoint: BN[6]$_SDFFE_PP1P_ (rising edge-triggered flip-flop clocked by clk)
Endpoint: BN[6] (output port clocked by clk)
Path Group: clk
Path Type: max

Fanout         Cap        Slew       Delay        Time   Description
---------------------------------------------------------------------------------------------
                                  0.000000    0.000000   clock clk (rise edge)
                                  0.000000    0.000000   clock source latency
     1    0.014542    0.030506    0.012754    0.012754 ^ clk (in)
                                                         clk (net)
                      0.030523    0.000000    0.012754 ^ clkbuf_0_clk/A (sg13g2_buf_8)
     4    0.046420    0.035476    0.078162    0.090916 ^ clkbuf_0_clk/X (sg13g2_buf_8)
                                                         clknet_0_clk (net)
                      0.035889    0.002929    0.093846 ^ clkbuf_2_3__f_clk/A (sg13g2_buf_8)
     8    0.031336    0.028861    0.075767    0.169613 ^ clkbuf_2_3__f_clk/X (sg13g2_buf_8)
                                                         clknet_2_3__leaf_clk (net)
                      0.028881    0.001235    0.170848 ^ BN[6]$_SDFFE_PP1P_/CLK (sg13g2_dfrbpq_1)
     3    0.010668    0.052625    0.189229    0.360078 ^ BN[6]$_SDFFE_PP1P_/Q (sg13g2_dfrbpq_1)
                                                         net27 (net)
                      0.052629    0.000505    0.360583 ^ output11/A (sg13g2_buf_1)
     1    0.007220    0.039120    0.082249    0.442831 ^ output11/X (sg13g2_buf_1)
                                                         BN[6] (net)
                      0.039129    0.000574    0.443405 ^ BN[6] (out)
                                              0.443405   data arrival time

                                 10.000000   10.000000   clock clk (rise edge)
                                  0.000000   10.000000   clock network delay (propagated)
                                 -0.250000    9.750000   clock uncertainty
                                  0.000000    9.750000   clock reconvergence pessimism
                                 -2.000000    7.750000   output external delay
                                              7.750000   data required time
---------------------------------------------------------------------------------------------
                                              7.750000   data required time
                                             -0.443405   data arrival time
---------------------------------------------------------------------------------------------
                                              7.306595   slack (MET)


Startpoint: B[3]$_SDFFE_PP1P_ (rising edge-triggered flip-flop clocked by clk)
Endpoint: B[3] (output port clocked by clk)
Path Group: clk
Path Type: max

Fanout         Cap        Slew       Delay        Time   Description
---------------------------------------------------------------------------------------------
                                  0.000000    0.000000   clock clk (rise edge)
                                  0.000000    0.000000   clock source latency
     1    0.014542    0.030506    0.012754    0.012754 ^ clk (in)
                                                         clk (net)
                      0.030523    0.000000    0.012754 ^ clkbuf_0_clk/A (sg13g2_buf_8)
     4    0.046420    0.035476    0.078162    0.090916 ^ clkbuf_0_clk/X (sg13g2_buf_8)
                                                         clknet_0_clk (net)
                      0.035871    0.002856    0.093772 ^ clkbuf_2_1__f_clk/A (sg13g2_buf_8)
     7    0.029409    0.027983    0.074855    0.168627 ^ clkbuf_2_1__f_clk/X (sg13g2_buf_8)
                                                         clknet_2_1__leaf_clk (net)
                      0.028024    0.001442    0.170069 ^ B[3]$_SDFFE_PP1P_/CLK (sg13g2_dfrbpq_1)
     3    0.010072    0.050340    0.187144    0.357213 ^ B[3]$_SDFFE_PP1P_/Q (sg13g2_dfrbpq_1)
                                                         net36 (net)
                      0.050341    0.000313    0.357526 ^ output20/A (sg13g2_buf_1)
     1    0.008607    0.044375    0.085410    0.442936 ^ output20/X (sg13g2_buf_1)
                                                         B[3] (net)
                      0.044378    0.000420    0.443355 ^ B[3] (out)
                                              0.443355   data arrival time

                                 10.000000   10.000000   clock clk (rise edge)
                                  0.000000   10.000000   clock network delay (propagated)
                                 -0.250000    9.750000   clock uncertainty
                                  0.000000    9.750000   clock reconvergence pessimism
                                 -2.000000    7.750000   output external delay
                                              7.750000   data required time
---------------------------------------------------------------------------------------------
                                              7.750000   data required time
                                             -0.443355   data arrival time
---------------------------------------------------------------------------------------------
                                              7.306645   slack (MET)


Startpoint: B[9]$_SDFFE_PP1P_ (rising edge-triggered flip-flop clocked by clk)
Endpoint: B[9] (output port clocked by clk)
Path Group: clk
Path Type: max

Fanout         Cap        Slew       Delay        Time   Description
---------------------------------------------------------------------------------------------
                                  0.000000    0.000000   clock clk (rise edge)
                                  0.000000    0.000000   clock source latency
     1    0.014542    0.030506    0.012754    0.012754 ^ clk (in)
                                                         clk (net)
                      0.030523    0.000000    0.012754 ^ clkbuf_0_clk/A (sg13g2_buf_8)
     4    0.046420    0.035476    0.078162    0.090916 ^ clkbuf_0_clk/X (sg13g2_buf_8)
                                                         clknet_0_clk (net)
                      0.035802    0.002568    0.093484 ^ clkbuf_2_2__f_clk/A (sg13g2_buf_8)
     8    0.031727    0.029025    0.075856    0.169340 ^ clkbuf_2_2__f_clk/X (sg13g2_buf_8)
                                                         clknet_2_2__leaf_clk (net)
                      0.029051    0.001419    0.170759 ^ B[9]$_SDFFE_PP1P_/CLK (sg13g2_dfrbpq_1)
     3    0.010496    0.051969    0.188801    0.359560 ^ B[9]$_SDFFE_PP1P_/Q (sg13g2_dfrbpq_1)
                                                         net42 (net)
                      0.051970    0.000280    0.359840 ^ output26/A (sg13g2_buf_1)
     1    0.007528    0.040290    0.082980    0.442820 ^ output26/X (sg13g2_buf_1)
                                                         B[9] (net)
                      0.040292    0.000335    0.443155 ^ B[9] (out)
                                              0.443155   data arrival time

                                 10.000000   10.000000   clock clk (rise edge)
                                  0.000000   10.000000   clock network delay (propagated)
                                 -0.250000    9.750000   clock uncertainty
                                  0.000000    9.750000   clock reconvergence pessimism
                                 -2.000000    7.750000   output external delay
                                              7.750000   data required time
---------------------------------------------------------------------------------------------
                                              7.750000   data required time
                                             -0.443155   data arrival time
---------------------------------------------------------------------------------------------
                                              7.306845   slack (MET)


Startpoint: BN[9]$_SDFFE_PP1P_ (rising edge-triggered flip-flop clocked by clk)
Endpoint: BN[9] (output port clocked by clk)
Path Group: clk
Path Type: max

Fanout         Cap        Slew       Delay        Time   Description
---------------------------------------------------------------------------------------------
                                  0.000000    0.000000   clock clk (rise edge)
                                  0.000000    0.000000   clock source latency
     1    0.014542    0.030506    0.012754    0.012754 ^ clk (in)
                                                         clk (net)
                      0.030523    0.000000    0.012754 ^ clkbuf_0_clk/A (sg13g2_buf_8)
     4    0.046420    0.035476    0.078162    0.090916 ^ clkbuf_0_clk/X (sg13g2_buf_8)
                                                         clknet_0_clk (net)
                      0.035802    0.002568    0.093484 ^ clkbuf_2_2__f_clk/A (sg13g2_buf_8)
     8    0.031727    0.029025    0.075856    0.169340 ^ clkbuf_2_2__f_clk/X (sg13g2_buf_8)
                                                         clknet_2_2__leaf_clk (net)
                      0.029050    0.001401    0.170741 ^ BN[9]$_SDFFE_PP1P_/CLK (sg13g2_dfrbpq_1)
     3    0.010751    0.052854    0.189520    0.360261 ^ BN[9]$_SDFFE_PP1P_/Q (sg13g2_dfrbpq_1)
                                                         net30 (net)
                      0.052854    0.000294    0.360555 ^ output14/A (sg13g2_buf_1)
     1    0.006809    0.037565    0.081146    0.441701 ^ output14/X (sg13g2_buf_1)
                                                         BN[9] (net)
                      0.037574    0.000545    0.442246 ^ BN[9] (out)
                                              0.442246   data arrival time

                                 10.000000   10.000000   clock clk (rise edge)
                                  0.000000   10.000000   clock network delay (propagated)
                                 -0.250000    9.750000   clock uncertainty
                                  0.000000    9.750000   clock reconvergence pessimism
                                 -2.000000    7.750000   output external delay
                                              7.750000   data required time
---------------------------------------------------------------------------------------------
                                              7.750000   data required time
                                             -0.442246   data arrival time
---------------------------------------------------------------------------------------------
                                              7.307753   slack (MET)


Startpoint: BN[0]$_SDFFE_PP1P_ (rising edge-triggered flip-flop clocked by clk)
Endpoint: BN[0] (output port clocked by clk)
Path Group: clk
Path Type: max

Fanout         Cap        Slew       Delay        Time   Description
---------------------------------------------------------------------------------------------
                                  0.000000    0.000000   clock clk (rise edge)
                                  0.000000    0.000000   clock source latency
     1    0.014542    0.030506    0.012754    0.012754 ^ clk (in)
                                                         clk (net)
                      0.030523    0.000000    0.012754 ^ clkbuf_0_clk/A (sg13g2_buf_8)
     4    0.046420    0.035476    0.078162    0.090916 ^ clkbuf_0_clk/X (sg13g2_buf_8)
                                                         clknet_0_clk (net)
                      0.035893    0.002945    0.093862 ^ clkbuf_2_0__f_clk/A (sg13g2_buf_8)
     8    0.031241    0.028769    0.075502    0.169364 ^ clkbuf_2_0__f_clk/X (sg13g2_buf_8)
                                                         clknet_2_0__leaf_clk (net)
                      0.028849    0.001578    0.170942 ^ BN[0]$_SDFFE_PP1P_/CLK (sg13g2_dfrbpq_1)
     3    0.010213    0.050810    0.187868    0.358809 ^ BN[0]$_SDFFE_PP1P_/Q (sg13g2_dfrbpq_1)
                                                         net19 (net)
                      0.050815    0.000541    0.359350 ^ output3/A (sg13g2_buf_1)
     1    0.007404    0.039784    0.082124    0.441475 ^ output3/X (sg13g2_buf_1)
                                                         BN[0] (net)
                      0.039786    0.000327    0.441801 ^ BN[0] (out)
                                              0.441801   data arrival time

                                 10.000000   10.000000   clock clk (rise edge)
                                  0.000000   10.000000   clock network delay (propagated)
                                 -0.250000    9.750000   clock uncertainty
                                  0.000000    9.750000   clock reconvergence pessimism
                                 -2.000000    7.750000   output external delay
                                              7.750000   data required time
---------------------------------------------------------------------------------------------
                                              7.750000   data required time
                                             -0.441801   data arrival time
---------------------------------------------------------------------------------------------
                                              7.308199   slack (MET)


Startpoint: B[5]$_SDFFE_PP1P_ (rising edge-triggered flip-flop clocked by clk)
Endpoint: B[5] (output port clocked by clk)
Path Group: clk
Path Type: max

Fanout         Cap        Slew       Delay        Time   Description
---------------------------------------------------------------------------------------------
                                  0.000000    0.000000   clock clk (rise edge)
                                  0.000000    0.000000   clock source latency
     1    0.014542    0.030506    0.012754    0.012754 ^ clk (in)
                                                         clk (net)
                      0.030523    0.000000    0.012754 ^ clkbuf_0_clk/A (sg13g2_buf_8)
     4    0.046420    0.035476    0.078162    0.090916 ^ clkbuf_0_clk/X (sg13g2_buf_8)
                                                         clknet_0_clk (net)
                      0.035802    0.002568    0.093484 ^ clkbuf_2_2__f_clk/A (sg13g2_buf_8)
     8    0.031727    0.029025    0.075856    0.169340 ^ clkbuf_2_2__f_clk/X (sg13g2_buf_8)
                                                         clknet_2_2__leaf_clk (net)
                      0.029035    0.000798    0.170139 ^ B[5]$_SDFFE_PP1P_/CLK (sg13g2_dfrbpq_1)
     3    0.009464    0.048034    0.185863    0.356002 ^ B[5]$_SDFFE_PP1P_/Q (sg13g2_dfrbpq_1)
                                                         net38 (net)
                      0.048034    0.000283    0.356285 ^ output22/A (sg13g2_buf_1)
     1    0.008751    0.044924    0.084899    0.441184 ^ output22/X (sg13g2_buf_1)
                                                         B[5] (net)
                      0.044925    0.000282    0.441466 ^ B[5] (out)
                                              0.441466   data arrival time

                                 10.000000   10.000000   clock clk (rise edge)
                                  0.000000   10.000000   clock network delay (propagated)
                                 -0.250000    9.750000   clock uncertainty
                                  0.000000    9.750000   clock reconvergence pessimism
                                 -2.000000    7.750000   output external delay
                                              7.750000   data required time
---------------------------------------------------------------------------------------------
                                              7.750000   data required time
                                             -0.441466   data arrival time
---------------------------------------------------------------------------------------------
                                              7.308534   slack (MET)


Startpoint: BN[4]$_SDFFE_PP1P_ (rising edge-triggered flip-flop clocked by clk)
Endpoint: BN[4] (output port clocked by clk)
Path Group: clk
Path Type: max

Fanout         Cap        Slew       Delay        Time   Description
---------------------------------------------------------------------------------------------
                                  0.000000    0.000000   clock clk (rise edge)
                                  0.000000    0.000000   clock source latency
     1    0.014542    0.030506    0.012754    0.012754 ^ clk (in)
                                                         clk (net)
                      0.030523    0.000000    0.012754 ^ clkbuf_0_clk/A (sg13g2_buf_8)
     4    0.046420    0.035476    0.078162    0.090916 ^ clkbuf_0_clk/X (sg13g2_buf_8)
                                                         clknet_0_clk (net)
                      0.035893    0.002945    0.093862 ^ clkbuf_2_0__f_clk/A (sg13g2_buf_8)
     8    0.031241    0.028769    0.075502    0.169364 ^ clkbuf_2_0__f_clk/X (sg13g2_buf_8)
                                                         clknet_2_0__leaf_clk (net)
                      0.028880    0.001823    0.171187 ^ BN[4]$_SDFFE_PP1P_/CLK (sg13g2_dfrbpq_1)
     3    0.009537    0.048245    0.185951    0.357138 ^ BN[4]$_SDFFE_PP1P_/Q (sg13g2_dfrbpq_1)
                                                         net25 (net)
                      0.048246    0.000259    0.357397 ^ output9/A (sg13g2_buf_1)
     1    0.008169    0.042633    0.083250    0.440647 ^ output9/X (sg13g2_buf_1)
                                                         BN[4] (net)
                      0.042635    0.000373    0.441020 ^ BN[4] (out)
                                              0.441020   data arrival time

                                 10.000000   10.000000   clock clk (rise edge)
                                  0.000000   10.000000   clock network delay (propagated)
                                 -0.250000    9.750000   clock uncertainty
                                  0.000000    9.750000   clock reconvergence pessimism
                                 -2.000000    7.750000   output external delay
                                              7.750000   data required time
---------------------------------------------------------------------------------------------
                                              7.750000   data required time
                                             -0.441020   data arrival time
---------------------------------------------------------------------------------------------
                                              7.308980   slack (MET)


Startpoint: B[1]$_SDFFE_PP1P_ (rising edge-triggered flip-flop clocked by clk)
Endpoint: B[1] (output port clocked by clk)
Path Group: clk
Path Type: max

Fanout         Cap        Slew       Delay        Time   Description
---------------------------------------------------------------------------------------------
                                  0.000000    0.000000   clock clk (rise edge)
                                  0.000000    0.000000   clock source latency
     1    0.014542    0.030506    0.012754    0.012754 ^ clk (in)
                                                         clk (net)
                      0.030523    0.000000    0.012754 ^ clkbuf_0_clk/A (sg13g2_buf_8)
     4    0.046420    0.035476    0.078162    0.090916 ^ clkbuf_0_clk/X (sg13g2_buf_8)
                                                         clknet_0_clk (net)
                      0.035893    0.002945    0.093862 ^ clkbuf_2_0__f_clk/A (sg13g2_buf_8)
     8    0.031241    0.028769    0.075502    0.169364 ^ clkbuf_2_0__f_clk/X (sg13g2_buf_8)
                                                         clknet_2_0__leaf_clk (net)
                      0.028884    0.001848    0.171212 ^ B[1]$_SDFFE_PP1P_/CLK (sg13g2_dfrbpq_1)
     3    0.010082    0.050311    0.187513    0.358725 ^ B[1]$_SDFFE_PP1P_/Q (sg13g2_dfrbpq_1)
                                                         net34 (net)
                      0.050312    0.000272    0.358997 ^ output18/A (sg13g2_buf_1)
     1    0.007313    0.039421    0.081646    0.440643 ^ output18/X (sg13g2_buf_1)
                                                         B[1] (net)
                      0.039423    0.000317    0.440960 ^ B[1] (out)
                                              0.440960   data arrival time

                                 10.000000   10.000000   clock clk (rise edge)
                                  0.000000   10.000000   clock network delay (propagated)
                                 -0.250000    9.750000   clock uncertainty
                                  0.000000    9.750000   clock reconvergence pessimism
                                 -2.000000    7.750000   output external delay
                                              7.750000   data required time
---------------------------------------------------------------------------------------------
                                              7.750000   data required time
                                             -0.440960   data arrival time
---------------------------------------------------------------------------------------------
                                              7.309040   slack (MET)


Startpoint: BN[5]$_SDFFE_PP1P_ (rising edge-triggered flip-flop clocked by clk)
Endpoint: BN[5] (output port clocked by clk)
Path Group: clk
Path Type: max

Fanout         Cap        Slew       Delay        Time   Description
---------------------------------------------------------------------------------------------
                                  0.000000    0.000000   clock clk (rise edge)
                                  0.000000    0.000000   clock source latency
     1    0.014542    0.030506    0.012754    0.012754 ^ clk (in)
                                                         clk (net)
                      0.030523    0.000000    0.012754 ^ clkbuf_0_clk/A (sg13g2_buf_8)
     4    0.046420    0.035476    0.078162    0.090916 ^ clkbuf_0_clk/X (sg13g2_buf_8)
                                                         clknet_0_clk (net)
                      0.035802    0.002568    0.093484 ^ clkbuf_2_2__f_clk/A (sg13g2_buf_8)
     8    0.031727    0.029025    0.075856    0.169340 ^ clkbuf_2_2__f_clk/X (sg13g2_buf_8)
                                                         clknet_2_2__leaf_clk (net)
                      0.029035    0.000794    0.170135 ^ BN[5]$_SDFFE_PP1P_/CLK (sg13g2_dfrbpq_1)
     3    0.009122    0.046735    0.184885    0.355020 ^ BN[5]$_SDFFE_PP1P_/Q (sg13g2_dfrbpq_1)
                                                         net26 (net)
                      0.046736    0.000272    0.355292 ^ output10/A (sg13g2_buf_1)
     1    0.008524    0.044011    0.083682    0.438974 ^ output10/X (sg13g2_buf_1)
                                                         BN[5] (net)
                      0.044012    0.000267    0.439241 ^ BN[5] (out)
                                              0.439241   data arrival time

                                 10.000000   10.000000   clock clk (rise edge)
                                  0.000000   10.000000   clock network delay (propagated)
                                 -0.250000    9.750000   clock uncertainty
                                  0.000000    9.750000   clock reconvergence pessimism
                                 -2.000000    7.750000   output external delay
                                              7.750000   data required time
---------------------------------------------------------------------------------------------
                                              7.750000   data required time
                                             -0.439241   data arrival time
---------------------------------------------------------------------------------------------
                                              7.310759   slack (MET)


Startpoint: B[10]$_SDFFE_PP1P_ (rising edge-triggered flip-flop clocked by clk)
Endpoint: B[10] (output port clocked by clk)
Path Group: clk
Path Type: max

Fanout         Cap        Slew       Delay        Time   Description
---------------------------------------------------------------------------------------------
                                  0.000000    0.000000   clock clk (rise edge)
                                  0.000000    0.000000   clock source latency
     1    0.014542    0.030506    0.012754    0.012754 ^ clk (in)
                                                         clk (net)
                      0.030523    0.000000    0.012754 ^ clkbuf_0_clk/A (sg13g2_buf_8)
     4    0.046420    0.035476    0.078162    0.090916 ^ clkbuf_0_clk/X (sg13g2_buf_8)
                                                         clknet_0_clk (net)
                      0.035802    0.002568    0.093484 ^ clkbuf_2_2__f_clk/A (sg13g2_buf_8)
     8    0.031727    0.029025    0.075856    0.169340 ^ clkbuf_2_2__f_clk/X (sg13g2_buf_8)
                                                         clknet_2_2__leaf_clk (net)
                      0.029041    0.001061    0.170401 ^ B[10]$_SDFFE_PP1P_/CLK (sg13g2_dfrbpq_1)
     3    0.008507    0.044410    0.183106    0.353507 ^ B[10]$_SDFFE_PP1P_/Q (sg13g2_dfrbpq_1)
                                                         net32 (net)
                      0.044411    0.000230    0.353737 ^ output16/A (sg13g2_buf_1)
     1    0.008594    0.044220    0.082887    0.436625 ^ output16/X (sg13g2_buf_1)
                                                         B[10] (net)
                      0.044220    0.000273    0.436898 ^ B[10] (out)
                                              0.436898   data arrival time

                                 10.000000   10.000000   clock clk (rise edge)
                                  0.000000   10.000000   clock network delay (propagated)
                                 -0.250000    9.750000   clock uncertainty
                                  0.000000    9.750000   clock reconvergence pessimism
                                 -2.000000    7.750000   output external delay
                                              7.750000   data required time
---------------------------------------------------------------------------------------------
                                              7.750000   data required time
                                             -0.436898   data arrival time
---------------------------------------------------------------------------------------------
                                              7.313102   slack (MET)


Startpoint: BN[1]$_SDFFE_PP1P_ (rising edge-triggered flip-flop clocked by clk)
Endpoint: BN[1] (output port clocked by clk)
Path Group: clk
Path Type: max

Fanout         Cap        Slew       Delay        Time   Description
---------------------------------------------------------------------------------------------
                                  0.000000    0.000000   clock clk (rise edge)
                                  0.000000    0.000000   clock source latency
     1    0.014542    0.030506    0.012754    0.012754 ^ clk (in)
                                                         clk (net)
                      0.030523    0.000000    0.012754 ^ clkbuf_0_clk/A (sg13g2_buf_8)
     4    0.046420    0.035476    0.078162    0.090916 ^ clkbuf_0_clk/X (sg13g2_buf_8)
                                                         clknet_0_clk (net)
                      0.035802    0.002568    0.093484 ^ clkbuf_2_2__f_clk/A (sg13g2_buf_8)
     8    0.031727    0.029025    0.075856    0.169340 ^ clkbuf_2_2__f_clk/X (sg13g2_buf_8)
                                                         clknet_2_2__leaf_clk (net)
                      0.029052    0.001446    0.170786 ^ BN[1]$_SDFFE_PP1P_/CLK (sg13g2_dfrbpq_1)
     3    0.009299    0.047406    0.185381    0.356167 ^ BN[1]$_SDFFE_PP1P_/Q (sg13g2_dfrbpq_1)
                                                         net22 (net)
                      0.047407    0.000242    0.356410 ^ output6/A (sg13g2_buf_1)
     1    0.006763    0.037216    0.078673    0.435082 ^ output6/X (sg13g2_buf_1)
                                                         BN[1] (net)
                      0.037225    0.000543    0.435626 ^ BN[1] (out)
                                              0.435626   data arrival time

                                 10.000000   10.000000   clock clk (rise edge)
                                  0.000000   10.000000   clock network delay (propagated)
                                 -0.250000    9.750000   clock uncertainty
                                  0.000000    9.750000   clock reconvergence pessimism
                                 -2.000000    7.750000   output external delay
                                              7.750000   data required time
---------------------------------------------------------------------------------------------
                                              7.750000   data required time
                                             -0.435626   data arrival time
---------------------------------------------------------------------------------------------
                                              7.314374   slack (MET)



