
===========================================================================
report_checks -path_delay min (Hold)
============================================================================
======================= nom_typ_1p20V_25C Corner ===================================

Startpoint: B[10]$_SDFFE_PP1P_ (rising edge-triggered flip-flop clocked by clk)
Endpoint: B[10]$_SDFFE_PP1P_ (rising edge-triggered flip-flop clocked by clk)
Path Group: clk
Path Type: min

Fanout         Cap        Slew       Delay        Time   Description
---------------------------------------------------------------------------------------------
                                  0.000000    0.000000   clock clk (rise edge)
                                  0.000000    0.000000   clock source latency
     1    0.014542    0.030506    0.012754    0.012754 ^ clk (in)
                                                         clk (net)
                      0.030523    0.000000    0.012754 ^ clkbuf_0_clk/A (sg13g2_buf_8)
     4    0.046420    0.035476    0.078162    0.090916 ^ clkbuf_0_clk/X (sg13g2_buf_8)
                                                         clknet_0_clk (net)
                      0.035802    0.002568    0.093484 ^ clkbuf_2_2__f_clk/A (sg13g2_buf_8)
     8    0.031727    0.029025    0.075856    0.169340 ^ clkbuf_2_2__f_clk/X (sg13g2_buf_8)
                                                         clknet_2_2__leaf_clk (net)
                      0.029041    0.001061    0.170401 ^ B[10]$_SDFFE_PP1P_/CLK (sg13g2_dfrbpq_1)
     3    0.008401    0.034675    0.177305    0.347706 v B[10]$_SDFFE_PP1P_/Q (sg13g2_dfrbpq_1)
                                                         net32 (net)
                      0.034675    0.000229    0.347935 v hold19/A (sg13g2_dlygate4sd3_1)
     1    0.003165    0.037414    0.375347    0.723282 v hold19/X (sg13g2_dlygate4sd3_1)
                                                         net102 (net)
                      0.037414    0.000123    0.723405 v _132_/A1 (sg13g2_a21o_1)
     1    0.003023    0.024062    0.104965    0.828370 v _132_/X (sg13g2_a21o_1)
                                                         _013_ (net)
                      0.024062    0.000188    0.828559 v B[10]$_SDFFE_PP1P_/D (sg13g2_dfrbpq_1)
                                              0.828559   data arrival time

                                  0.000000    0.000000   clock clk (rise edge)
                                  0.000000    0.000000   clock source latency
     1    0.014542    0.030506    0.012754    0.012754 ^ clk (in)
                                                         clk (net)
                      0.030523    0.000000    0.012754 ^ clkbuf_0_clk/A (sg13g2_buf_8)
     4    0.046420    0.035476    0.078162    0.090916 ^ clkbuf_0_clk/X (sg13g2_buf_8)
                                                         clknet_0_clk (net)
                      0.035802    0.002568    0.093484 ^ clkbuf_2_2__f_clk/A (sg13g2_buf_8)
     8    0.031727    0.029025    0.075856    0.169340 ^ clkbuf_2_2__f_clk/X (sg13g2_buf_8)
                                                         clknet_2_2__leaf_clk (net)
                      0.029041    0.001061    0.170401 ^ B[10]$_SDFFE_PP1P_/CLK (sg13g2_dfrbpq_1)
                                  0.250000    0.420401   clock uncertainty
                                  0.000000    0.420401   clock reconvergence pessimism
                                 -0.033786    0.386615   library hold time
                                              0.386615   data required time
---------------------------------------------------------------------------------------------
                                              0.386615   data required time
                                             -0.828559   data arrival time
---------------------------------------------------------------------------------------------
                                              0.441944   slack (MET)


Startpoint: BN[1]$_SDFFE_PP1P_ (rising edge-triggered flip-flop clocked by clk)
Endpoint: BN[1]$_SDFFE_PP1P_ (rising edge-triggered flip-flop clocked by clk)
Path Group: clk
Path Type: min

Fanout         Cap        Slew       Delay        Time   Description
---------------------------------------------------------------------------------------------
                                  0.000000    0.000000   clock clk (rise edge)
                                  0.000000    0.000000   clock source latency
     1    0.014542    0.030506    0.012754    0.012754 ^ clk (in)
                                                         clk (net)
                      0.030523    0.000000    0.012754 ^ clkbuf_0_clk/A (sg13g2_buf_8)
     4    0.046420    0.035476    0.078162    0.090916 ^ clkbuf_0_clk/X (sg13g2_buf_8)
                                                         clknet_0_clk (net)
                      0.035802    0.002568    0.093484 ^ clkbuf_2_2__f_clk/A (sg13g2_buf_8)
     8    0.031727    0.029025    0.075856    0.169340 ^ clkbuf_2_2__f_clk/X (sg13g2_buf_8)
                                                         clknet_2_2__leaf_clk (net)
                      0.029052    0.001446    0.170786 ^ BN[1]$_SDFFE_PP1P_/CLK (sg13g2_dfrbpq_1)
     3    0.009192    0.036981    0.179206    0.349992 v BN[1]$_SDFFE_PP1P_/Q (sg13g2_dfrbpq_1)
                                                         net22 (net)
                      0.036981    0.000229    0.350221 v hold18/A (sg13g2_dlygate4sd3_1)
     1    0.004471    0.040967    0.381108    0.731330 v hold18/X (sg13g2_dlygate4sd3_1)
                                                         net101 (net)
                      0.040967    0.000342    0.731671 v _110_/A1 (sg13g2_a21o_1)
     1    0.001944    0.021613    0.103279    0.834951 v _110_/X (sg13g2_a21o_1)
                                                         _003_ (net)
                      0.021613    0.000070    0.835020 v BN[1]$_SDFFE_PP1P_/D (sg13g2_dfrbpq_1)
                                              0.835020   data arrival time

                                  0.000000    0.000000   clock clk (rise edge)
                                  0.000000    0.000000   clock source latency
     1    0.014542    0.030506    0.012754    0.012754 ^ clk (in)
                                                         clk (net)
                      0.030523    0.000000    0.012754 ^ clkbuf_0_clk/A (sg13g2_buf_8)
     4    0.046420    0.035476    0.078162    0.090916 ^ clkbuf_0_clk/X (sg13g2_buf_8)
                                                         clknet_0_clk (net)
                      0.035802    0.002568    0.093484 ^ clkbuf_2_2__f_clk/A (sg13g2_buf_8)
     8    0.031727    0.029025    0.075856    0.169340 ^ clkbuf_2_2__f_clk/X (sg13g2_buf_8)
                                                         clknet_2_2__leaf_clk (net)
                      0.029052    0.001446    0.170786 ^ BN[1]$_SDFFE_PP1P_/CLK (sg13g2_dfrbpq_1)
                                  0.250000    0.420786   clock uncertainty
                                  0.000000    0.420786   clock reconvergence pessimism
                                 -0.033007    0.387779   library hold time
                                              0.387779   data required time
---------------------------------------------------------------------------------------------
                                              0.387779   data required time
                                             -0.835020   data arrival time
---------------------------------------------------------------------------------------------
                                              0.447241   slack (MET)


Startpoint: BN[0]$_SDFFE_PP1P_ (rising edge-triggered flip-flop clocked by clk)
Endpoint: BN[0]$_SDFFE_PP1P_ (rising edge-triggered flip-flop clocked by clk)
Path Group: clk
Path Type: min

Fanout         Cap        Slew       Delay        Time   Description
---------------------------------------------------------------------------------------------
                                  0.000000    0.000000   clock clk (rise edge)
                                  0.000000    0.000000   clock source latency
     1    0.014542    0.030506    0.012754    0.012754 ^ clk (in)
                                                         clk (net)
                      0.030523    0.000000    0.012754 ^ clkbuf_0_clk/A (sg13g2_buf_8)
     4    0.046420    0.035476    0.078162    0.090916 ^ clkbuf_0_clk/X (sg13g2_buf_8)
                                                         clknet_0_clk (net)
                      0.035893    0.002945    0.093862 ^ clkbuf_2_0__f_clk/A (sg13g2_buf_8)
     8    0.031241    0.028769    0.075502    0.169364 ^ clkbuf_2_0__f_clk/X (sg13g2_buf_8)
                                                         clknet_2_0__leaf_clk (net)
                      0.028849    0.001578    0.170942 ^ BN[0]$_SDFFE_PP1P_/CLK (sg13g2_dfrbpq_1)
     3    0.010107    0.039684    0.181247    0.352189 v BN[0]$_SDFFE_PP1P_/Q (sg13g2_dfrbpq_1)
                                                         net19 (net)
                      0.039685    0.000244    0.352433 v hold25/A (sg13g2_dlygate4sd3_1)
     1    0.003750    0.039014    0.380118    0.732551 v hold25/X (sg13g2_dlygate4sd3_1)
                                                         net108 (net)
                      0.039014    0.000280    0.732831 v _101_/A1 (sg13g2_a21o_1)
     1    0.002546    0.021562    0.104227    0.837058 v _101_/X (sg13g2_a21o_1)
                                                         _000_ (net)
                      0.021562    0.000164    0.837222 v BN[0]$_SDFFE_PP1P_/D (sg13g2_dfrbpq_1)
                                              0.837222   data arrival time

                                  0.000000    0.000000   clock clk (rise edge)
                                  0.000000    0.000000   clock source latency
     1    0.014542    0.030506    0.012754    0.012754 ^ clk (in)
                                                         clk (net)
                      0.030523    0.000000    0.012754 ^ clkbuf_0_clk/A (sg13g2_buf_8)
     4    0.046420    0.035476    0.078162    0.090916 ^ clkbuf_0_clk/X (sg13g2_buf_8)
                                                         clknet_0_clk (net)
                      0.035893    0.002945    0.093862 ^ clkbuf_2_0__f_clk/A (sg13g2_buf_8)
     8    0.031241    0.028769    0.075502    0.169364 ^ clkbuf_2_0__f_clk/X (sg13g2_buf_8)
                                                         clknet_2_0__leaf_clk (net)
                      0.028849    0.001578    0.170942 ^ BN[0]$_SDFFE_PP1P_/CLK (sg13g2_dfrbpq_1)
                                  0.250000    0.420942   clock uncertainty
                                  0.000000    0.420942   clock reconvergence pessimism
                                 -0.033033    0.387909   library hold time
                                              0.387909   data required time
---------------------------------------------------------------------------------------------
                                              0.387909   data required time
                                             -0.837222   data arrival time
---------------------------------------------------------------------------------------------
                                              0.449313   slack (MET)


Startpoint: BN[10]$_SDFFE_PP1P_ (rising edge-triggered flip-flop clocked by clk)
Endpoint: BN[10]$_SDFFE_PP1P_ (rising edge-triggered flip-flop clocked by clk)
Path Group: clk
Path Type: min

Fanout         Cap        Slew       Delay        Time   Description
---------------------------------------------------------------------------------------------
                                  0.000000    0.000000   clock clk (rise edge)
                                  0.000000    0.000000   clock source latency
     1    0.014542    0.030506    0.012754    0.012754 ^ clk (in)
                                                         clk (net)
                      0.030523    0.000000    0.012754 ^ clkbuf_0_clk/A (sg13g2_buf_8)
     4    0.046420    0.035476    0.078162    0.090916 ^ clkbuf_0_clk/X (sg13g2_buf_8)
                                                         clknet_0_clk (net)
                      0.035889    0.002929    0.093846 ^ clkbuf_2_3__f_clk/A (sg13g2_buf_8)
     8    0.031336    0.028861    0.075767    0.169613 ^ clkbuf_2_3__f_clk/X (sg13g2_buf_8)
                                                         clknet_2_3__leaf_clk (net)
                      0.028880    0.001203    0.170816 ^ BN[10]$_SDFFE_PP1P_/CLK (sg13g2_dfrbpq_1)
     3    0.009951    0.039225    0.180891    0.351707 v BN[10]$_SDFFE_PP1P_/Q (sg13g2_dfrbpq_1)
                                                         net20 (net)
                      0.039226    0.000248    0.351955 v hold26/A (sg13g2_dlygate4sd3_1)
     1    0.005049    0.042205    0.384361    0.736316 v hold26/X (sg13g2_dlygate4sd3_1)
                                                         net109 (net)
                      0.042205    0.000350    0.736666 v _105_/A1 (sg13g2_a21o_1)
     1    0.002499    0.021450    0.105331    0.841997 v _105_/X (sg13g2_a21o_1)
                                                         _001_ (net)
                      0.021450    0.000091    0.842088 v BN[10]$_SDFFE_PP1P_/D (sg13g2_dfrbpq_1)
                                              0.842088   data arrival time

                                  0.000000    0.000000   clock clk (rise edge)
                                  0.000000    0.000000   clock source latency
     1    0.014542    0.030506    0.012754    0.012754 ^ clk (in)
                                                         clk (net)
                      0.030523    0.000000    0.012754 ^ clkbuf_0_clk/A (sg13g2_buf_8)
     4    0.046420    0.035476    0.078162    0.090916 ^ clkbuf_0_clk/X (sg13g2_buf_8)
                                                         clknet_0_clk (net)
                      0.035889    0.002929    0.093846 ^ clkbuf_2_3__f_clk/A (sg13g2_buf_8)
     8    0.031336    0.028861    0.075767    0.169613 ^ clkbuf_2_3__f_clk/X (sg13g2_buf_8)
                                                         clknet_2_3__leaf_clk (net)
                      0.028880    0.001203    0.170816 ^ BN[10]$_SDFFE_PP1P_/CLK (sg13g2_dfrbpq_1)
                                  0.250000    0.420816   clock uncertainty
                                  0.000000    0.420816   clock reconvergence pessimism
                                 -0.032991    0.387825   library hold time
                                              0.387825   data required time
---------------------------------------------------------------------------------------------
                                              0.387825   data required time
                                             -0.842088   data arrival time
---------------------------------------------------------------------------------------------
                                              0.454263   slack (MET)


Startpoint: B[1]$_SDFFE_PP1P_ (rising edge-triggered flip-flop clocked by clk)
Endpoint: B[1]$_SDFFE_PP1P_ (rising edge-triggered flip-flop clocked by clk)
Path Group: clk
Path Type: min

Fanout         Cap        Slew       Delay        Time   Description
---------------------------------------------------------------------------------------------
                                  0.000000    0.000000   clock clk (rise edge)
                                  0.000000    0.000000   clock source latency
     1    0.014542    0.030506    0.012754    0.012754 ^ clk (in)
                                                         clk (net)
                      0.030523    0.000000    0.012754 ^ clkbuf_0_clk/A (sg13g2_buf_8)
     4    0.046420    0.035476    0.078162    0.090916 ^ clkbuf_0_clk/X (sg13g2_buf_8)
                                                         clknet_0_clk (net)
                      0.035893    0.002945    0.093862 ^ clkbuf_2_0__f_clk/A (sg13g2_buf_8)
     8    0.031241    0.028769    0.075502    0.169364 ^ clkbuf_2_0__f_clk/X (sg13g2_buf_8)
                                                         clknet_2_0__leaf_clk (net)
                      0.028884    0.001848    0.171212 ^ B[1]$_SDFFE_PP1P_/CLK (sg13g2_dfrbpq_1)
     3    0.009976    0.039297    0.180954    0.352166 v B[1]$_SDFFE_PP1P_/Q (sg13g2_dfrbpq_1)
                                                         net34 (net)
                      0.039305    0.000537    0.352703 v hold4/A (sg13g2_dlygate4sd3_1)
     1    0.004423    0.040836    0.382227    0.734931 v hold4/X (sg13g2_dlygate4sd3_1)
                                                         net87 (net)
                      0.040836    0.000336    0.735267 v _136_/A1 (sg13g2_a21o_1)
     1    0.002990    0.024326    0.106186    0.841453 v _136_/X (sg13g2_a21o_1)
                                                         _015_ (net)
                      0.024326    0.000186    0.841640 v B[1]$_SDFFE_PP1P_/D (sg13g2_dfrbpq_1)
                                              0.841640   data arrival time

                                  0.000000    0.000000   clock clk (rise edge)
                                  0.000000    0.000000   clock source latency
     1    0.014542    0.030506    0.012754    0.012754 ^ clk (in)
                                                         clk (net)
                      0.030523    0.000000    0.012754 ^ clkbuf_0_clk/A (sg13g2_buf_8)
     4    0.046420    0.035476    0.078162    0.090916 ^ clkbuf_0_clk/X (sg13g2_buf_8)
                                                         clknet_0_clk (net)
                      0.035893    0.002945    0.093862 ^ clkbuf_2_0__f_clk/A (sg13g2_buf_8)
     8    0.031241    0.028769    0.075502    0.169364 ^ clkbuf_2_0__f_clk/X (sg13g2_buf_8)
                                                         clknet_2_0__leaf_clk (net)
                      0.028884    0.001848    0.171212 ^ B[1]$_SDFFE_PP1P_/CLK (sg13g2_dfrbpq_1)
                                  0.250000    0.421212   clock uncertainty
                                  0.000000    0.421212   clock reconvergence pessimism
                                 -0.033902    0.387310   library hold time
                                              0.387310   data required time
---------------------------------------------------------------------------------------------
                                              0.387310   data required time
                                             -0.841640   data arrival time
---------------------------------------------------------------------------------------------
                                              0.454330   slack (MET)


Startpoint: B[8]$_SDFFE_PP1P_ (rising edge-triggered flip-flop clocked by clk)
Endpoint: B[8]$_SDFFE_PP1P_ (rising edge-triggered flip-flop clocked by clk)
Path Group: clk
Path Type: min

Fanout         Cap        Slew       Delay        Time   Description
---------------------------------------------------------------------------------------------
                                  0.000000    0.000000   clock clk (rise edge)
                                  0.000000    0.000000   clock source latency
     1    0.014542    0.030506    0.012754    0.012754 ^ clk (in)
                                                         clk (net)
                      0.030523    0.000000    0.012754 ^ clkbuf_0_clk/A (sg13g2_buf_8)
     4    0.046420    0.035476    0.078162    0.090916 ^ clkbuf_0_clk/X (sg13g2_buf_8)
                                                         clknet_0_clk (net)
                      0.035893    0.002945    0.093862 ^ clkbuf_2_0__f_clk/A (sg13g2_buf_8)
     8    0.031241    0.028769    0.075502    0.169364 ^ clkbuf_2_0__f_clk/X (sg13g2_buf_8)
                                                         clknet_2_0__leaf_clk (net)
                      0.028876    0.001788    0.171152 ^ B[8]$_SDFFE_PP1P_/CLK (sg13g2_dfrbpq_1)
     3    0.010900    0.042010    0.183212    0.354363 v B[8]$_SDFFE_PP1P_/Q (sg13g2_dfrbpq_1)
                                                         net41 (net)
                      0.042014    0.000454    0.354818 v hold15/A (sg13g2_dlygate4sd3_1)
     1    0.004676    0.041364    0.384611    0.739429 v hold15/X (sg13g2_dlygate4sd3_1)
                                                         net98 (net)
                      0.041364    0.000333    0.739762 v _150_/A1 (sg13g2_a21o_1)
     1    0.002005    0.020131    0.103603    0.843365 v _150_/X (sg13g2_a21o_1)
                                                         _022_ (net)
                      0.020131    0.000077    0.843442 v B[8]$_SDFFE_PP1P_/D (sg13g2_dfrbpq_1)
                                              0.843442   data arrival time

                                  0.000000    0.000000   clock clk (rise edge)
                                  0.000000    0.000000   clock source latency
     1    0.014542    0.030506    0.012754    0.012754 ^ clk (in)
                                                         clk (net)
                      0.030523    0.000000    0.012754 ^ clkbuf_0_clk/A (sg13g2_buf_8)
     4    0.046420    0.035476    0.078162    0.090916 ^ clkbuf_0_clk/X (sg13g2_buf_8)
                                                         clknet_0_clk (net)
                      0.035893    0.002945    0.093862 ^ clkbuf_2_0__f_clk/A (sg13g2_buf_8)
     8    0.031241    0.028769    0.075502    0.169364 ^ clkbuf_2_0__f_clk/X (sg13g2_buf_8)
                                                         clknet_2_0__leaf_clk (net)
                      0.028876    0.001788    0.171152 ^ B[8]$_SDFFE_PP1P_/CLK (sg13g2_dfrbpq_1)
                                  0.250000    0.421152   clock uncertainty
                                  0.000000    0.421152   clock reconvergence pessimism
                                 -0.032574    0.388578   library hold time
                                              0.388578   data required time
---------------------------------------------------------------------------------------------
                                              0.388578   data required time
                                             -0.843442   data arrival time
---------------------------------------------------------------------------------------------
                                              0.454864   slack (MET)


Startpoint: BN[2]$_SDFFE_PP1P_ (rising edge-triggered flip-flop clocked by clk)
Endpoint: BN[2]$_SDFFE_PP1P_ (rising edge-triggered flip-flop clocked by clk)
Path Group: clk
Path Type: min

Fanout         Cap        Slew       Delay        Time   Description
---------------------------------------------------------------------------------------------
                                  0.000000    0.000000   clock clk (rise edge)
                                  0.000000    0.000000   clock source latency
     1    0.014542    0.030506    0.012754    0.012754 ^ clk (in)
                                                         clk (net)
                      0.030523    0.000000    0.012754 ^ clkbuf_0_clk/A (sg13g2_buf_8)
     4    0.046420    0.035476    0.078162    0.090916 ^ clkbuf_0_clk/X (sg13g2_buf_8)
                                                         clknet_0_clk (net)
                      0.035889    0.002929    0.093846 ^ clkbuf_2_3__f_clk/A (sg13g2_buf_8)
     8    0.031336    0.028861    0.075767    0.169613 ^ clkbuf_2_3__f_clk/X (sg13g2_buf_8)
                                                         clknet_2_3__leaf_clk (net)
                      0.028882    0.001263    0.170876 ^ BN[2]$_SDFFE_PP1P_/CLK (sg13g2_dfrbpq_1)
     3    0.010133    0.039682    0.181266    0.352142 v BN[2]$_SDFFE_PP1P_/Q (sg13g2_dfrbpq_1)
                                                         net23 (net)
                      0.039691    0.000592    0.352733 v hold3/A (sg13g2_dlygate4sd3_1)
     1    0.004315    0.040543    0.382075    0.734808 v hold3/X (sg13g2_dlygate4sd3_1)
                                                         net86 (net)
                      0.040543    0.000316    0.735124 v _112_/A1 (sg13g2_a21o_1)
     1    0.003435    0.023910    0.107330    0.842454 v _112_/X (sg13g2_a21o_1)
                                                         _004_ (net)
                      0.023910    0.000217    0.842671 v BN[2]$_SDFFE_PP1P_/D (sg13g2_dfrbpq_1)
                                              0.842671   data arrival time

                                  0.000000    0.000000   clock clk (rise edge)
                                  0.000000    0.000000   clock source latency
     1    0.014542    0.030506    0.012754    0.012754 ^ clk (in)
                                                         clk (net)
                      0.030523    0.000000    0.012754 ^ clkbuf_0_clk/A (sg13g2_buf_8)
     4    0.046420    0.035476    0.078162    0.090916 ^ clkbuf_0_clk/X (sg13g2_buf_8)
                                                         clknet_0_clk (net)
                      0.035889    0.002929    0.093846 ^ clkbuf_2_3__f_clk/A (sg13g2_buf_8)
     8    0.031336    0.028861    0.075767    0.169613 ^ clkbuf_2_3__f_clk/X (sg13g2_buf_8)
                                                         clknet_2_3__leaf_clk (net)
                      0.028882    0.001263    0.170876 ^ BN[2]$_SDFFE_PP1P_/CLK (sg13g2_dfrbpq_1)
                                  0.250000    0.420876   clock uncertainty
                                  0.000000    0.420876   clock reconvergence pessimism
                                 -0.033771    0.387105   library hold time
                                              0.387105   data required time
---------------------------------------------------------------------------------------------
                                              0.387105   data required time
                                             -0.842671   data arrival time
---------------------------------------------------------------------------------------------
                                              0.455566   slack (MET)


Startpoint: B[0]$_SDFFE_PP1P_ (rising edge-triggered flip-flop clocked by clk)
Endpoint: B[0]$_SDFFE_PP1P_ (rising edge-triggered flip-flop clocked by clk)
Path Group: clk
Path Type: min

Fanout         Cap        Slew       Delay        Time   Description
---------------------------------------------------------------------------------------------
                                  0.000000    0.000000   clock clk (rise edge)
                                  0.000000    0.000000   clock source latency
     1    0.014542    0.030506    0.012754    0.012754 ^ clk (in)
                                                         clk (net)
                      0.030523    0.000000    0.012754 ^ clkbuf_0_clk/A (sg13g2_buf_8)
     4    0.046420    0.035476    0.078162    0.090916 ^ clkbuf_0_clk/X (sg13g2_buf_8)
                                                         clknet_0_clk (net)
                      0.035893    0.002945    0.093862 ^ clkbuf_2_0__f_clk/A (sg13g2_buf_8)
     8    0.031241    0.028769    0.075502    0.169364 ^ clkbuf_2_0__f_clk/X (sg13g2_buf_8)
                                                         clknet_2_0__leaf_clk (net)
                      0.028851    0.001595    0.170959 ^ B[0]$_SDFFE_PP1P_/CLK (sg13g2_dfrbpq_1)
     3    0.011328    0.043280    0.184215    0.355174 v B[0]$_SDFFE_PP1P_/Q (sg13g2_dfrbpq_1)
                                                         net31 (net)
                      0.043281    0.000293    0.355468 v hold24/A (sg13g2_dlygate4sd3_1)
     1    0.004195    0.040220    0.383638    0.739106 v hold24/X (sg13g2_dlygate4sd3_1)
                                                         net107 (net)
                      0.040220    0.000321    0.739427 v _130_/A1 (sg13g2_a21o_1)
     1    0.002824    0.022295    0.105493    0.844920 v _130_/X (sg13g2_a21o_1)
                                                         _012_ (net)
                      0.022295    0.000099    0.845019 v B[0]$_SDFFE_PP1P_/D (sg13g2_dfrbpq_1)
                                              0.845019   data arrival time

                                  0.000000    0.000000   clock clk (rise edge)
                                  0.000000    0.000000   clock source latency
     1    0.014542    0.030506    0.012754    0.012754 ^ clk (in)
                                                         clk (net)
                      0.030523    0.000000    0.012754 ^ clkbuf_0_clk/A (sg13g2_buf_8)
     4    0.046420    0.035476    0.078162    0.090916 ^ clkbuf_0_clk/X (sg13g2_buf_8)
                                                         clknet_0_clk (net)
                      0.035893    0.002945    0.093862 ^ clkbuf_2_0__f_clk/A (sg13g2_buf_8)
     8    0.031241    0.028769    0.075502    0.169364 ^ clkbuf_2_0__f_clk/X (sg13g2_buf_8)
                                                         clknet_2_0__leaf_clk (net)
                      0.028851    0.001595    0.170959 ^ B[0]$_SDFFE_PP1P_/CLK (sg13g2_dfrbpq_1)
                                  0.250000    0.420959   clock uncertainty
                                  0.000000    0.420959   clock reconvergence pessimism
                                 -0.033265    0.387694   library hold time
                                              0.387694   data required time
---------------------------------------------------------------------------------------------
                                              0.387694   data required time
                                             -0.845019   data arrival time
---------------------------------------------------------------------------------------------
                                              0.457325   slack (MET)


Startpoint: dbit[3]$_SDFFE_PP1P_
            (rising edge-triggered flip-flop clocked by clk)
Endpoint: dbit[3]$_SDFFE_PP1P_ (rising edge-triggered flip-flop clocked by clk)
Path Group: clk
Path Type: min

Fanout         Cap        Slew       Delay        Time   Description
---------------------------------------------------------------------------------------------
                                  0.000000    0.000000   clock clk (rise edge)
                                  0.000000    0.000000   clock source latency
     1    0.014542    0.030506    0.012754    0.012754 ^ clk (in)
                                                         clk (net)
                      0.030523    0.000000    0.012754 ^ clkbuf_0_clk/A (sg13g2_buf_8)
     4    0.046420    0.035476    0.078162    0.090916 ^ clkbuf_0_clk/X (sg13g2_buf_8)
                                                         clknet_0_clk (net)
                      0.035871    0.002856    0.093772 ^ clkbuf_2_1__f_clk/A (sg13g2_buf_8)
     7    0.029409    0.027983    0.074855    0.168627 ^ clkbuf_2_1__f_clk/X (sg13g2_buf_8)
                                                         clknet_2_1__leaf_clk (net)
                      0.028065    0.001830    0.170457 ^ dbit[3]$_SDFFE_PP1P_/CLK (sg13g2_dfrbpq_2)
     3    0.015593    0.036815    0.190955    0.361412 v dbit[3]$_SDFFE_PP1P_/Q (sg13g2_dfrbpq_2)
                                                         dbit[3] (net)
                      0.036818    0.000382    0.361795 v hold41/A (sg13g2_dlygate4sd3_1)
     2    0.009885    0.056996    0.399610    0.761405 v hold41/X (sg13g2_dlygate4sd3_1)
                                                         net124 (net)
                      0.056996    0.000716    0.762121 v _175_/A1 (sg13g2_a21o_1)
     1    0.002501    0.021444    0.111010    0.873131 v _175_/X (sg13g2_a21o_1)
                                                         _027_ (net)
                      0.021444    0.000093    0.873223 v dbit[3]$_SDFFE_PP1P_/D (sg13g2_dfrbpq_2)
                                              0.873223   data arrival time

                                  0.000000    0.000000   clock clk (rise edge)
                                  0.000000    0.000000   clock source latency
     1    0.014542    0.030506    0.012754    0.012754 ^ clk (in)
                                                         clk (net)
                      0.030523    0.000000    0.012754 ^ clkbuf_0_clk/A (sg13g2_buf_8)
     4    0.046420    0.035476    0.078162    0.090916 ^ clkbuf_0_clk/X (sg13g2_buf_8)
                                                         clknet_0_clk (net)
                      0.035871    0.002856    0.093772 ^ clkbuf_2_1__f_clk/A (sg13g2_buf_8)
     7    0.029409    0.027983    0.074855    0.168627 ^ clkbuf_2_1__f_clk/X (sg13g2_buf_8)
                                                         clknet_2_1__leaf_clk (net)
                      0.028065    0.001830    0.170457 ^ dbit[3]$_SDFFE_PP1P_/CLK (sg13g2_dfrbpq_2)
                                  0.250000    0.420457   clock uncertainty
                                  0.000000    0.420457   clock reconvergence pessimism
                                 -0.033173    0.387284   library hold time
                                              0.387284   data required time
---------------------------------------------------------------------------------------------
                                              0.387284   data required time
                                             -0.873223   data arrival time
---------------------------------------------------------------------------------------------
                                              0.485939   slack (MET)


Startpoint: dbit[1]$_SDFFE_PP1P_
            (rising edge-triggered flip-flop clocked by clk)
Endpoint: B[7]$_SDFFE_PP1P_ (rising edge-triggered flip-flop clocked by clk)
Path Group: clk
Path Type: min

Fanout         Cap        Slew       Delay        Time   Description
---------------------------------------------------------------------------------------------
                                  0.000000    0.000000   clock clk (rise edge)
                                  0.000000    0.000000   clock source latency
     1    0.014542    0.030506    0.012754    0.012754 ^ clk (in)
                                                         clk (net)
                      0.030523    0.000000    0.012754 ^ clkbuf_0_clk/A (sg13g2_buf_8)
     4    0.046420    0.035476    0.078162    0.090916 ^ clkbuf_0_clk/X (sg13g2_buf_8)
                                                         clknet_0_clk (net)
                      0.035871    0.002856    0.093772 ^ clkbuf_2_1__f_clk/A (sg13g2_buf_8)
     7    0.029409    0.027983    0.074855    0.168627 ^ clkbuf_2_1__f_clk/X (sg13g2_buf_8)
                                                         clknet_2_1__leaf_clk (net)
                      0.028024    0.001443    0.170070 ^ dbit[1]$_SDFFE_PP1P_/CLK (sg13g2_dfrbpq_2)
     4    0.014951    0.035889    0.189944    0.360014 v dbit[1]$_SDFFE_PP1P_/Q (sg13g2_dfrbpq_2)
                                                         dbit[1] (net)
                      0.035943    0.000908    0.360922 v _147_/A (sg13g2_nand4_1)
     1    0.004686    0.036638    0.043881    0.404803 ^ _147_/Y (sg13g2_nand4_1)
                                                         _040_ (net)
                      0.036639    0.000354    0.405157 ^ _148_/A2 (sg13g2_a21o_1)
     1    0.003453    0.026109    0.100068    0.505225 ^ _148_/X (sg13g2_a21o_1)
                                                         _021_ (net)
                      0.026109    0.000215    0.505440 ^ hold12/A (sg13g2_dlygate4sd3_1)
     1    0.002157    0.031623    0.352973    0.858413 ^ hold12/X (sg13g2_dlygate4sd3_1)
                                                         net95 (net)
                      0.031623    0.000079    0.858492 ^ B[7]$_SDFFE_PP1P_/D (sg13g2_dfrbpq_1)
                                              0.858492   data arrival time

                                  0.000000    0.000000   clock clk (rise edge)
                                  0.000000    0.000000   clock source latency
     1    0.014542    0.030506    0.012754    0.012754 ^ clk (in)
                                                         clk (net)
                      0.030523    0.000000    0.012754 ^ clkbuf_0_clk/A (sg13g2_buf_8)
     4    0.046420    0.035476    0.078162    0.090916 ^ clkbuf_0_clk/X (sg13g2_buf_8)
                                                         clknet_0_clk (net)
                      0.035889    0.002929    0.093846 ^ clkbuf_2_3__f_clk/A (sg13g2_buf_8)
     8    0.031336    0.028861    0.075767    0.169613 ^ clkbuf_2_3__f_clk/X (sg13g2_buf_8)
                                                         clknet_2_3__leaf_clk (net)
                      0.028873    0.000911    0.170524 ^ B[7]$_SDFFE_PP1P_/CLK (sg13g2_dfrbpq_1)
                                  0.250000    0.420524   clock uncertainty
                                  0.000000    0.420524   clock reconvergence pessimism
                                 -0.061133    0.359391   library hold time
                                              0.359391   data required time
---------------------------------------------------------------------------------------------
                                              0.359391   data required time
                                             -0.858492   data arrival time
---------------------------------------------------------------------------------------------
                                              0.499101   slack (MET)


Startpoint: dbit[1]$_SDFFE_PP1P_
            (rising edge-triggered flip-flop clocked by clk)
Endpoint: BN[7]$_SDFFE_PP1P_ (rising edge-triggered flip-flop clocked by clk)
Path Group: clk
Path Type: min

Fanout         Cap        Slew       Delay        Time   Description
---------------------------------------------------------------------------------------------
                                  0.000000    0.000000   clock clk (rise edge)
                                  0.000000    0.000000   clock source latency
     1    0.014542    0.030506    0.012754    0.012754 ^ clk (in)
                                                         clk (net)
                      0.030523    0.000000    0.012754 ^ clkbuf_0_clk/A (sg13g2_buf_8)
     4    0.046420    0.035476    0.078162    0.090916 ^ clkbuf_0_clk/X (sg13g2_buf_8)
                                                         clknet_0_clk (net)
                      0.035871    0.002856    0.093772 ^ clkbuf_2_1__f_clk/A (sg13g2_buf_8)
     7    0.029409    0.027983    0.074855    0.168627 ^ clkbuf_2_1__f_clk/X (sg13g2_buf_8)
                                                         clknet_2_1__leaf_clk (net)
                      0.028024    0.001443    0.170070 ^ dbit[1]$_SDFFE_PP1P_/CLK (sg13g2_dfrbpq_2)
     4    0.014951    0.035889    0.189944    0.360014 v dbit[1]$_SDFFE_PP1P_/Q (sg13g2_dfrbpq_2)
                                                         dbit[1] (net)
                      0.035943    0.000905    0.360918 v _122_/A (sg13g2_nand4_1)
     1    0.004551    0.036158    0.043526    0.404445 ^ _122_/Y (sg13g2_nand4_1)
                                                         _067_ (net)
                      0.036159    0.000179    0.404624 ^ _123_/A2 (sg13g2_a21o_1)
     1    0.003559    0.024298    0.100185    0.504808 ^ _123_/X (sg13g2_a21o_1)
                                                         _009_ (net)
                      0.024298    0.000236    0.505044 ^ hold2/A (sg13g2_dlygate4sd3_1)
     1    0.002907    0.034248    0.354632    0.859677 ^ hold2/X (sg13g2_dlygate4sd3_1)
                                                         net85 (net)
                      0.034248    0.000105    0.859782 ^ BN[7]$_SDFFE_PP1P_/D (sg13g2_dfrbpq_1)
                                              0.859782   data arrival time

                                  0.000000    0.000000   clock clk (rise edge)
                                  0.000000    0.000000   clock source latency
     1    0.014542    0.030506    0.012754    0.012754 ^ clk (in)
                                                         clk (net)
                      0.030523    0.000000    0.012754 ^ clkbuf_0_clk/A (sg13g2_buf_8)
     4    0.046420    0.035476    0.078162    0.090916 ^ clkbuf_0_clk/X (sg13g2_buf_8)
                                                         clknet_0_clk (net)
                      0.035889    0.002929    0.093846 ^ clkbuf_2_3__f_clk/A (sg13g2_buf_8)
     8    0.031336    0.028861    0.075767    0.169613 ^ clkbuf_2_3__f_clk/X (sg13g2_buf_8)
                                                         clknet_2_3__leaf_clk (net)
                      0.028882    0.001254    0.170867 ^ BN[7]$_SDFFE_PP1P_/CLK (sg13g2_dfrbpq_1)
                                  0.250000    0.420867   clock uncertainty
                                  0.000000    0.420867   clock reconvergence pessimism
                                 -0.061847    0.359020   library hold time
                                              0.359020   data required time
---------------------------------------------------------------------------------------------
                                              0.359020   data required time
                                             -0.859782   data arrival time
---------------------------------------------------------------------------------------------
                                              0.500762   slack (MET)


Startpoint: dbit[1]$_SDFFE_PP1P_
            (rising edge-triggered flip-flop clocked by clk)
Endpoint: B[3]$_SDFFE_PP1P_ (rising edge-triggered flip-flop clocked by clk)
Path Group: clk
Path Type: min

Fanout         Cap        Slew       Delay        Time   Description
---------------------------------------------------------------------------------------------
                                  0.000000    0.000000   clock clk (rise edge)
                                  0.000000    0.000000   clock source latency
     1    0.014542    0.030506    0.012754    0.012754 ^ clk (in)
                                                         clk (net)
                      0.030523    0.000000    0.012754 ^ clkbuf_0_clk/A (sg13g2_buf_8)
     4    0.046420    0.035476    0.078162    0.090916 ^ clkbuf_0_clk/X (sg13g2_buf_8)
                                                         clknet_0_clk (net)
                      0.035871    0.002856    0.093772 ^ clkbuf_2_1__f_clk/A (sg13g2_buf_8)
     7    0.029409    0.027983    0.074855    0.168627 ^ clkbuf_2_1__f_clk/X (sg13g2_buf_8)
                                                         clknet_2_1__leaf_clk (net)
                      0.028024    0.001443    0.170070 ^ dbit[1]$_SDFFE_PP1P_/CLK (sg13g2_dfrbpq_2)
     4    0.014951    0.035889    0.189944    0.360014 v dbit[1]$_SDFFE_PP1P_/Q (sg13g2_dfrbpq_2)
                                                         dbit[1] (net)
                      0.035918    0.000413    0.360427 v _139_/A (sg13g2_nand4_1)
     1    0.005642    0.040089    0.046782    0.407208 ^ _139_/Y (sg13g2_nand4_1)
                                                         _036_ (net)
                      0.040089    0.000237    0.407446 ^ _140_/A2 (sg13g2_a21o_1)
     1    0.003649    0.024641    0.102171    0.509617 ^ _140_/X (sg13g2_a21o_1)
                                                         _017_ (net)
                      0.024641    0.000134    0.509752 ^ hold17/A (sg13g2_dlygate4sd3_1)
     1    0.002917    0.034281    0.354828    0.864580 ^ hold17/X (sg13g2_dlygate4sd3_1)
                                                         net100 (net)
                      0.034281    0.000192    0.864772 ^ B[3]$_SDFFE_PP1P_/D (sg13g2_dfrbpq_1)
                                              0.864772   data arrival time

                                  0.000000    0.000000   clock clk (rise edge)
                                  0.000000    0.000000   clock source latency
     1    0.014542    0.030506    0.012754    0.012754 ^ clk (in)
                                                         clk (net)
                      0.030523    0.000000    0.012754 ^ clkbuf_0_clk/A (sg13g2_buf_8)
     4    0.046420    0.035476    0.078162    0.090916 ^ clkbuf_0_clk/X (sg13g2_buf_8)
                                                         clknet_0_clk (net)
                      0.035871    0.002856    0.093772 ^ clkbuf_2_1__f_clk/A (sg13g2_buf_8)
     7    0.029409    0.027983    0.074855    0.168627 ^ clkbuf_2_1__f_clk/X (sg13g2_buf_8)
                                                         clknet_2_1__leaf_clk (net)
                      0.028024    0.001442    0.170069 ^ B[3]$_SDFFE_PP1P_/CLK (sg13g2_dfrbpq_1)
                                  0.250000    0.420069   clock uncertainty
                                  0.000000    0.420069   clock reconvergence pessimism
                                 -0.061948    0.358120   library hold time
                                              0.358120   data required time
---------------------------------------------------------------------------------------------
                                              0.358120   data required time
                                             -0.864772   data arrival time
---------------------------------------------------------------------------------------------
                                              0.506651   slack (MET)


Startpoint: dbit[0]$_SDFFE_PP1P_
            (rising edge-triggered flip-flop clocked by clk)
Endpoint: dbit[0]$_SDFFE_PP1P_ (rising edge-triggered flip-flop clocked by clk)
Path Group: clk
Path Type: min

Fanout         Cap        Slew       Delay        Time   Description
---------------------------------------------------------------------------------------------
                                  0.000000    0.000000   clock clk (rise edge)
                                  0.000000    0.000000   clock source latency
     1    0.014542    0.030506    0.012754    0.012754 ^ clk (in)
                                                         clk (net)
                      0.030523    0.000000    0.012754 ^ clkbuf_0_clk/A (sg13g2_buf_8)
     4    0.046420    0.035476    0.078162    0.090916 ^ clkbuf_0_clk/X (sg13g2_buf_8)
                                                         clknet_0_clk (net)
                      0.035871    0.002856    0.093772 ^ clkbuf_2_1__f_clk/A (sg13g2_buf_8)
     7    0.029409    0.027983    0.074855    0.168627 ^ clkbuf_2_1__f_clk/X (sg13g2_buf_8)
                                                         clknet_2_1__leaf_clk (net)
                      0.028044    0.001645    0.170272 ^ dbit[0]$_SDFFE_PP1P_/CLK (sg13g2_dfrbpq_1)
     2    0.007466    0.040451    0.179523    0.349795 ^ dbit[0]$_SDFFE_PP1P_/Q (sg13g2_dfrbpq_1)
                                                         dbit[0] (net)
                      0.040455    0.000398    0.350194 ^ hold42/A (sg13g2_dlygate4sd3_1)
     1    0.010594    0.062010    0.389539    0.739733 ^ hold42/X (sg13g2_dlygate4sd3_1)
                                                         net125 (net)
                      0.062010    0.000488    0.740221 ^ fanout4/A (sg13g2_buf_8)
     8    0.038120    0.032805    0.090476    0.830697 ^ fanout4/X (sg13g2_buf_8)
                                                         net4 (net)
                      0.033098    0.002121    0.832817 ^ _168_/A1 (sg13g2_o21ai_1)
     1    0.003603    0.033339    0.062514    0.895331 v _168_/Y (sg13g2_o21ai_1)
                                                         _024_ (net)
                      0.033340    0.000216    0.895547 v dbit[0]$_SDFFE_PP1P_/D (sg13g2_dfrbpq_1)
                                              0.895547   data arrival time

                                  0.000000    0.000000   clock clk (rise edge)
                                  0.000000    0.000000   clock source latency
     1    0.014542    0.030506    0.012754    0.012754 ^ clk (in)
                                                         clk (net)
                      0.030523    0.000000    0.012754 ^ clkbuf_0_clk/A (sg13g2_buf_8)
     4    0.046420    0.035476    0.078162    0.090916 ^ clkbuf_0_clk/X (sg13g2_buf_8)
                                                         clknet_0_clk (net)
                      0.035871    0.002856    0.093772 ^ clkbuf_2_1__f_clk/A (sg13g2_buf_8)
     7    0.029409    0.027983    0.074855    0.168627 ^ clkbuf_2_1__f_clk/X (sg13g2_buf_8)
                                                         clknet_2_1__leaf_clk (net)
                      0.028044    0.001645    0.170272 ^ dbit[0]$_SDFFE_PP1P_/CLK (sg13g2_dfrbpq_1)
                                  0.250000    0.420272   clock uncertainty
                                  0.000000    0.420272   clock reconvergence pessimism
                                 -0.036935    0.383337   library hold time
                                              0.383337   data required time
---------------------------------------------------------------------------------------------
                                              0.383337   data required time
                                             -0.895547   data arrival time
---------------------------------------------------------------------------------------------
                                              0.512210   slack (MET)


Startpoint: dbit[3]$_SDFFE_PP1P_
            (rising edge-triggered flip-flop clocked by clk)
Endpoint: B[2]$_SDFFE_PP1P_ (rising edge-triggered flip-flop clocked by clk)
Path Group: clk
Path Type: min

Fanout         Cap        Slew       Delay        Time   Description
---------------------------------------------------------------------------------------------
                                  0.000000    0.000000   clock clk (rise edge)
                                  0.000000    0.000000   clock source latency
     1    0.014542    0.030506    0.012754    0.012754 ^ clk (in)
                                                         clk (net)
                      0.030523    0.000000    0.012754 ^ clkbuf_0_clk/A (sg13g2_buf_8)
     4    0.046420    0.035476    0.078162    0.090916 ^ clkbuf_0_clk/X (sg13g2_buf_8)
                                                         clknet_0_clk (net)
                      0.035871    0.002856    0.093772 ^ clkbuf_2_1__f_clk/A (sg13g2_buf_8)
     7    0.029409    0.027983    0.074855    0.168627 ^ clkbuf_2_1__f_clk/X (sg13g2_buf_8)
                                                         clknet_2_1__leaf_clk (net)
                      0.028065    0.001830    0.170457 ^ dbit[3]$_SDFFE_PP1P_/CLK (sg13g2_dfrbpq_2)
     3    0.015777    0.044966    0.194932    0.365389 ^ dbit[3]$_SDFFE_PP1P_/Q (sg13g2_dfrbpq_2)
                                                         dbit[3] (net)
                      0.044973    0.000558    0.365947 ^ _099_/A (sg13g2_nor2_2)
     3    0.011842    0.030070    0.047736    0.413683 v _099_/Y (sg13g2_nor2_2)
                                                         _053_ (net)
                      0.030092    0.000439    0.414122 v _137_/A (sg13g2_nand3_1)
     1    0.004119    0.031423    0.038300    0.452422 ^ _137_/Y (sg13g2_nand3_1)
                                                         _035_ (net)
                      0.031424    0.000296    0.452719 ^ _138_/A2 (sg13g2_a21o_1)
     1    0.002172    0.021558    0.093835    0.546554 ^ _138_/X (sg13g2_a21o_1)
                                                         _016_ (net)
                      0.021558    0.000080    0.546634 ^ hold23/A (sg13g2_dlygate4sd3_1)
     1    0.002476    0.032745    0.351712    0.898346 ^ hold23/X (sg13g2_dlygate4sd3_1)
                                                         net106 (net)
                      0.032746    0.000089    0.898435 ^ B[2]$_SDFFE_PP1P_/D (sg13g2_dfrbpq_1)
                                              0.898435   data arrival time

                                  0.000000    0.000000   clock clk (rise edge)
                                  0.000000    0.000000   clock source latency
     1    0.014542    0.030506    0.012754    0.012754 ^ clk (in)
                                                         clk (net)
                      0.030523    0.000000    0.012754 ^ clkbuf_0_clk/A (sg13g2_buf_8)
     4    0.046420    0.035476    0.078162    0.090916 ^ clkbuf_0_clk/X (sg13g2_buf_8)
                                                         clknet_0_clk (net)
                      0.035889    0.002929    0.093846 ^ clkbuf_2_3__f_clk/A (sg13g2_buf_8)
     8    0.031336    0.028861    0.075767    0.169613 ^ clkbuf_2_3__f_clk/X (sg13g2_buf_8)
                                                         clknet_2_3__leaf_clk (net)
                      0.028872    0.000838    0.170451 ^ B[2]$_SDFFE_PP1P_/CLK (sg13g2_dfrbpq_1)
                                  0.250000    0.420451   clock uncertainty
                                  0.000000    0.420451   clock reconvergence pessimism
                                 -0.061439    0.359012   library hold time
                                              0.359012   data required time
---------------------------------------------------------------------------------------------
                                              0.359012   data required time
                                             -0.898435   data arrival time
---------------------------------------------------------------------------------------------
                                              0.539423   slack (MET)


Startpoint: dbit[1]$_SDFFE_PP1P_
            (rising edge-triggered flip-flop clocked by clk)
Endpoint: dbit[1]$_SDFFE_PP1P_ (rising edge-triggered flip-flop clocked by clk)
Path Group: clk
Path Type: min

Fanout         Cap        Slew       Delay        Time   Description
---------------------------------------------------------------------------------------------
                                  0.000000    0.000000   clock clk (rise edge)
                                  0.000000    0.000000   clock source latency
     1    0.014542    0.030506    0.012754    0.012754 ^ clk (in)
                                                         clk (net)
                      0.030523    0.000000    0.012754 ^ clkbuf_0_clk/A (sg13g2_buf_8)
     4    0.046420    0.035476    0.078162    0.090916 ^ clkbuf_0_clk/X (sg13g2_buf_8)
                                                         clknet_0_clk (net)
                      0.035871    0.002856    0.093772 ^ clkbuf_2_1__f_clk/A (sg13g2_buf_8)
     7    0.029409    0.027983    0.074855    0.168627 ^ clkbuf_2_1__f_clk/X (sg13g2_buf_8)
                                                         clknet_2_1__leaf_clk (net)
                      0.028024    0.001443    0.170070 ^ dbit[1]$_SDFFE_PP1P_/CLK (sg13g2_dfrbpq_2)
     4    0.015102    0.043727    0.193745    0.363815 ^ dbit[1]$_SDFFE_PP1P_/Q (sg13g2_dfrbpq_2)
                                                         dbit[1] (net)
                      0.043746    0.000832    0.364647 ^ hold45/A (sg13g2_dlygate4sd3_1)
     1    0.009795    0.058936    0.388514    0.753161 ^ hold45/X (sg13g2_dlygate4sd3_1)
                                                         net128 (net)
                      0.058936    0.000424    0.753585 ^ fanout3/A (sg13g2_buf_8)
     8    0.038737    0.032969    0.089284    0.842869 ^ fanout3/X (sg13g2_buf_8)
                                                         net3 (net)
                      0.033382    0.002752    0.845621 ^ _169_/B1 (sg13g2_o21ai_1)
     1    0.004461    0.039604    0.049550    0.895171 v _169_/Y (sg13g2_o21ai_1)
                                                         _046_ (net)
                      0.039607    0.000335    0.895506 v _171_/B (sg13g2_nand3b_1)
     1    0.003059    0.028127    0.042920    0.938426 ^ _171_/Y (sg13g2_nand3b_1)
                                                         _025_ (net)
                      0.028127    0.000199    0.938625 ^ dbit[1]$_SDFFE_PP1P_/D (sg13g2_dfrbpq_2)
                                              0.938625   data arrival time

                                  0.000000    0.000000   clock clk (rise edge)
                                  0.000000    0.000000   clock source latency
     1    0.014542    0.030506    0.012754    0.012754 ^ clk (in)
                                                         clk (net)
                      0.030523    0.000000    0.012754 ^ clkbuf_0_clk/A (sg13g2_buf_8)
     4    0.046420    0.035476    0.078162    0.090916 ^ clkbuf_0_clk/X (sg13g2_buf_8)
                                                         clknet_0_clk (net)
                      0.035871    0.002856    0.093772 ^ clkbuf_2_1__f_clk/A (sg13g2_buf_8)
     7    0.029409    0.027983    0.074855    0.168627 ^ clkbuf_2_1__f_clk/X (sg13g2_buf_8)
                                                         clknet_2_1__leaf_clk (net)
                      0.028024    0.001443    0.170070 ^ dbit[1]$_SDFFE_PP1P_/CLK (sg13g2_dfrbpq_2)
                                  0.250000    0.420070   clock uncertainty
                                  0.000000    0.420070   clock reconvergence pessimism
                                 -0.062718    0.357352   library hold time
                                              0.357352   data required time
---------------------------------------------------------------------------------------------
                                              0.357352   data required time
                                             -0.938625   data arrival time
---------------------------------------------------------------------------------------------
                                              0.581273   slack (MET)


Startpoint: dbit[3]$_SDFFE_PP1P_
            (rising edge-triggered flip-flop clocked by clk)
Endpoint: B[4]$_SDFFE_PP1P_ (rising edge-triggered flip-flop clocked by clk)
Path Group: clk
Path Type: min

Fanout         Cap        Slew       Delay        Time   Description
---------------------------------------------------------------------------------------------
                                  0.000000    0.000000   clock clk (rise edge)
                                  0.000000    0.000000   clock source latency
     1    0.014542    0.030506    0.012754    0.012754 ^ clk (in)
                                                         clk (net)
                      0.030523    0.000000    0.012754 ^ clkbuf_0_clk/A (sg13g2_buf_8)
     4    0.046420    0.035476    0.078162    0.090916 ^ clkbuf_0_clk/X (sg13g2_buf_8)
                                                         clknet_0_clk (net)
                      0.035871    0.002856    0.093772 ^ clkbuf_2_1__f_clk/A (sg13g2_buf_8)
     7    0.029409    0.027983    0.074855    0.168627 ^ clkbuf_2_1__f_clk/X (sg13g2_buf_8)
                                                         clknet_2_1__leaf_clk (net)
                      0.028065    0.001830    0.170457 ^ dbit[3]$_SDFFE_PP1P_/CLK (sg13g2_dfrbpq_2)
     3    0.015777    0.044966    0.194932    0.365389 ^ dbit[3]$_SDFFE_PP1P_/Q (sg13g2_dfrbpq_2)
                                                         dbit[3] (net)
                      0.044973    0.000552    0.365941 ^ _115_/A (sg13g2_nor2b_2)
     8    0.035116    0.068060    0.073616    0.439557 v _115_/Y (sg13g2_nor2b_2)
                                                         _063_ (net)
                      0.068164    0.002084    0.441641 v _141_/B (sg13g2_nand3_1)
     1    0.003430    0.034034    0.054975    0.496616 ^ _141_/Y (sg13g2_nand3_1)
                                                         _037_ (net)
                      0.034035    0.000136    0.496751 ^ _142_/A2 (sg13g2_a21o_1)
     1    0.002374    0.019966    0.095583    0.592334 ^ _142_/X (sg13g2_a21o_1)
                                                         _018_ (net)
                      0.019966    0.000087    0.592421 ^ hold6/A (sg13g2_dlygate4sd3_1)
     1    0.001952    0.030899    0.349064    0.941485 ^ hold6/X (sg13g2_dlygate4sd3_1)
                                                         net89 (net)
                      0.030900    0.000073    0.941558 ^ B[4]$_SDFFE_PP1P_/D (sg13g2_dfrbpq_1)
                                              0.941558   data arrival time

                                  0.000000    0.000000   clock clk (rise edge)
                                  0.000000    0.000000   clock source latency
     1    0.014542    0.030506    0.012754    0.012754 ^ clk (in)
                                                         clk (net)
                      0.030523    0.000000    0.012754 ^ clkbuf_0_clk/A (sg13g2_buf_8)
     4    0.046420    0.035476    0.078162    0.090916 ^ clkbuf_0_clk/X (sg13g2_buf_8)
                                                         clknet_0_clk (net)
                      0.035893    0.002945    0.093862 ^ clkbuf_2_0__f_clk/A (sg13g2_buf_8)
     8    0.031241    0.028769    0.075502    0.169364 ^ clkbuf_2_0__f_clk/X (sg13g2_buf_8)
                                                         clknet_2_0__leaf_clk (net)
                      0.028880    0.001821    0.171185 ^ B[4]$_SDFFE_PP1P_/CLK (sg13g2_dfrbpq_1)
                                  0.250000    0.421185   clock uncertainty
                                  0.000000    0.421185   clock reconvergence pessimism
                                 -0.060934    0.360250   library hold time
                                              0.360250   data required time
---------------------------------------------------------------------------------------------
                                              0.360250   data required time
                                             -0.941558   data arrival time
---------------------------------------------------------------------------------------------
                                              0.581308   slack (MET)


Startpoint: dbit[3]$_SDFFE_PP1P_
            (rising edge-triggered flip-flop clocked by clk)
Endpoint: BN[4]$_SDFFE_PP1P_ (rising edge-triggered flip-flop clocked by clk)
Path Group: clk
Path Type: min

Fanout         Cap        Slew       Delay        Time   Description
---------------------------------------------------------------------------------------------
                                  0.000000    0.000000   clock clk (rise edge)
                                  0.000000    0.000000   clock source latency
     1    0.014542    0.030506    0.012754    0.012754 ^ clk (in)
                                                         clk (net)
                      0.030523    0.000000    0.012754 ^ clkbuf_0_clk/A (sg13g2_buf_8)
     4    0.046420    0.035476    0.078162    0.090916 ^ clkbuf_0_clk/X (sg13g2_buf_8)
                                                         clknet_0_clk (net)
                      0.035871    0.002856    0.093772 ^ clkbuf_2_1__f_clk/A (sg13g2_buf_8)
     7    0.029409    0.027983    0.074855    0.168627 ^ clkbuf_2_1__f_clk/X (sg13g2_buf_8)
                                                         clknet_2_1__leaf_clk (net)
                      0.028065    0.001830    0.170457 ^ dbit[3]$_SDFFE_PP1P_/CLK (sg13g2_dfrbpq_2)
     3    0.015777    0.044966    0.194932    0.365389 ^ dbit[3]$_SDFFE_PP1P_/Q (sg13g2_dfrbpq_2)
                                                         dbit[3] (net)
                      0.044973    0.000552    0.365941 ^ _115_/A (sg13g2_nor2b_2)
     8    0.035116    0.068060    0.073616    0.439557 v _115_/Y (sg13g2_nor2b_2)
                                                         _063_ (net)
                      0.068165    0.002095    0.441652 v _116_/C (sg13g2_nand3_1)
     1    0.004484    0.032457    0.061998    0.503649 ^ _116_/Y (sg13g2_nand3_1)
                                                         _064_ (net)
                      0.032457    0.000180    0.503829 ^ _117_/A2 (sg13g2_a21o_1)
     1    0.002007    0.021770    0.093758    0.597588 ^ _117_/X (sg13g2_a21o_1)
                                                         _006_ (net)
                      0.021770    0.000073    0.597661 ^ hold14/A (sg13g2_dlygate4sd3_1)
     1    0.002596    0.033163    0.352237    0.949898 ^ hold14/X (sg13g2_dlygate4sd3_1)
                                                         net97 (net)
                      0.033163    0.000094    0.949992 ^ BN[4]$_SDFFE_PP1P_/D (sg13g2_dfrbpq_1)
                                              0.949992   data arrival time

                                  0.000000    0.000000   clock clk (rise edge)
                                  0.000000    0.000000   clock source latency
     1    0.014542    0.030506    0.012754    0.012754 ^ clk (in)
                                                         clk (net)
                      0.030523    0.000000    0.012754 ^ clkbuf_0_clk/A (sg13g2_buf_8)
     4    0.046420    0.035476    0.078162    0.090916 ^ clkbuf_0_clk/X (sg13g2_buf_8)
                                                         clknet_0_clk (net)
                      0.035893    0.002945    0.093862 ^ clkbuf_2_0__f_clk/A (sg13g2_buf_8)
     8    0.031241    0.028769    0.075502    0.169364 ^ clkbuf_2_0__f_clk/X (sg13g2_buf_8)
                                                         clknet_2_0__leaf_clk (net)
                      0.028880    0.001823    0.171187 ^ BN[4]$_SDFFE_PP1P_/CLK (sg13g2_dfrbpq_1)
                                  0.250000    0.421187   clock uncertainty
                                  0.000000    0.421187   clock reconvergence pessimism
                                 -0.061552    0.359635   library hold time
                                              0.359635   data required time
---------------------------------------------------------------------------------------------
                                              0.359635   data required time
                                             -0.949992   data arrival time
---------------------------------------------------------------------------------------------
                                              0.590356   slack (MET)


Startpoint: dbit[3]$_SDFFE_PP1P_
            (rising edge-triggered flip-flop clocked by clk)
Endpoint: B[5]$_SDFFE_PP1P_ (rising edge-triggered flip-flop clocked by clk)
Path Group: clk
Path Type: min

Fanout         Cap        Slew       Delay        Time   Description
---------------------------------------------------------------------------------------------
                                  0.000000    0.000000   clock clk (rise edge)
                                  0.000000    0.000000   clock source latency
     1    0.014542    0.030506    0.012754    0.012754 ^ clk (in)
                                                         clk (net)
                      0.030523    0.000000    0.012754 ^ clkbuf_0_clk/A (sg13g2_buf_8)
     4    0.046420    0.035476    0.078162    0.090916 ^ clkbuf_0_clk/X (sg13g2_buf_8)
                                                         clknet_0_clk (net)
                      0.035871    0.002856    0.093772 ^ clkbuf_2_1__f_clk/A (sg13g2_buf_8)
     7    0.029409    0.027983    0.074855    0.168627 ^ clkbuf_2_1__f_clk/X (sg13g2_buf_8)
                                                         clknet_2_1__leaf_clk (net)
                      0.028065    0.001830    0.170457 ^ dbit[3]$_SDFFE_PP1P_/CLK (sg13g2_dfrbpq_2)
     3    0.015777    0.044966    0.194932    0.365389 ^ dbit[3]$_SDFFE_PP1P_/Q (sg13g2_dfrbpq_2)
                                                         dbit[3] (net)
                      0.044973    0.000552    0.365941 ^ _115_/A (sg13g2_nor2b_2)
     8    0.035116    0.068060    0.073616    0.439557 v _115_/Y (sg13g2_nor2b_2)
                                                         _063_ (net)
                      0.068170    0.002152    0.441709 v _143_/B (sg13g2_nand3_1)
     1    0.003306    0.031671    0.054572    0.496281 ^ _143_/Y (sg13g2_nand3_1)
                                                         _038_ (net)
                      0.031671    0.000130    0.496411 ^ _144_/A2 (sg13g2_a21o_1)
     1    0.002776    0.024485    0.095825    0.592236 ^ _144_/X (sg13g2_a21o_1)
                                                         _019_ (net)
                      0.024485    0.000181    0.592417 ^ hold21/A (sg13g2_dlygate4sd3_1)
     1    0.003421    0.036029    0.356509    0.948925 ^ hold21/X (sg13g2_dlygate4sd3_1)
                                                         net104 (net)
                      0.036029    0.000125    0.949051 ^ B[5]$_SDFFE_PP1P_/D (sg13g2_dfrbpq_1)
                                              0.949051   data arrival time

                                  0.000000    0.000000   clock clk (rise edge)
                                  0.000000    0.000000   clock source latency
     1    0.014542    0.030506    0.012754    0.012754 ^ clk (in)
                                                         clk (net)
                      0.030523    0.000000    0.012754 ^ clkbuf_0_clk/A (sg13g2_buf_8)
     4    0.046420    0.035476    0.078162    0.090916 ^ clkbuf_0_clk/X (sg13g2_buf_8)
                                                         clknet_0_clk (net)
                      0.035802    0.002568    0.093484 ^ clkbuf_2_2__f_clk/A (sg13g2_buf_8)
     8    0.031727    0.029025    0.075856    0.169340 ^ clkbuf_2_2__f_clk/X (sg13g2_buf_8)
                                                         clknet_2_2__leaf_clk (net)
                      0.029035    0.000798    0.170139 ^ B[5]$_SDFFE_PP1P_/CLK (sg13g2_dfrbpq_1)
                                  0.250000    0.420139   clock uncertainty
                                  0.000000    0.420139   clock reconvergence pessimism
                                 -0.062316    0.357822   library hold time
                                              0.357822   data required time
---------------------------------------------------------------------------------------------
                                              0.357822   data required time
                                             -0.949051   data arrival time
---------------------------------------------------------------------------------------------
                                              0.591229   slack (MET)


Startpoint: dbit[3]$_SDFFE_PP1P_
            (rising edge-triggered flip-flop clocked by clk)
Endpoint: B[6]$_SDFFE_PP1P_ (rising edge-triggered flip-flop clocked by clk)
Path Group: clk
Path Type: min

Fanout         Cap        Slew       Delay        Time   Description
---------------------------------------------------------------------------------------------
                                  0.000000    0.000000   clock clk (rise edge)
                                  0.000000    0.000000   clock source latency
     1    0.014542    0.030506    0.012754    0.012754 ^ clk (in)
                                                         clk (net)
                      0.030523    0.000000    0.012754 ^ clkbuf_0_clk/A (sg13g2_buf_8)
     4    0.046420    0.035476    0.078162    0.090916 ^ clkbuf_0_clk/X (sg13g2_buf_8)
                                                         clknet_0_clk (net)
                      0.035871    0.002856    0.093772 ^ clkbuf_2_1__f_clk/A (sg13g2_buf_8)
     7    0.029409    0.027983    0.074855    0.168627 ^ clkbuf_2_1__f_clk/X (sg13g2_buf_8)
                                                         clknet_2_1__leaf_clk (net)
                      0.028065    0.001830    0.170457 ^ dbit[3]$_SDFFE_PP1P_/CLK (sg13g2_dfrbpq_2)
     3    0.015777    0.044966    0.194932    0.365389 ^ dbit[3]$_SDFFE_PP1P_/Q (sg13g2_dfrbpq_2)
                                                         dbit[3] (net)
                      0.044973    0.000552    0.365941 ^ _115_/A (sg13g2_nor2b_2)
     8    0.035116    0.068060    0.073616    0.439557 v _115_/Y (sg13g2_nor2b_2)
                                                         _063_ (net)
                      0.068148    0.001894    0.441451 v _145_/B (sg13g2_nand3_1)
     1    0.004446    0.036348    0.058266    0.499717 ^ _145_/Y (sg13g2_nand3_1)
                                                         _039_ (net)
                      0.036349    0.000317    0.500035 ^ _146_/A2 (sg13g2_a21o_1)
     1    0.003884    0.027641    0.101313    0.601347 ^ _146_/X (sg13g2_a21o_1)
                                                         _020_ (net)
                      0.027647    0.000142    0.601489 ^ hold34/A (sg13g2_dlygate4sd3_1)
     1    0.002578    0.033100    0.355235    0.956725 ^ hold34/X (sg13g2_dlygate4sd3_1)
                                                         net117 (net)
                      0.033100    0.000090    0.956815 ^ B[6]$_SDFFE_PP1P_/D (sg13g2_dfrbpq_1)
                                              0.956815   data arrival time

                                  0.000000    0.000000   clock clk (rise edge)
                                  0.000000    0.000000   clock source latency
     1    0.014542    0.030506    0.012754    0.012754 ^ clk (in)
                                                         clk (net)
                      0.030523    0.000000    0.012754 ^ clkbuf_0_clk/A (sg13g2_buf_8)
     4    0.046420    0.035476    0.078162    0.090916 ^ clkbuf_0_clk/X (sg13g2_buf_8)
                                                         clknet_0_clk (net)
                      0.035889    0.002929    0.093846 ^ clkbuf_2_3__f_clk/A (sg13g2_buf_8)
     8    0.031336    0.028861    0.075767    0.169613 ^ clkbuf_2_3__f_clk/X (sg13g2_buf_8)
                                                         clknet_2_3__leaf_clk (net)
                      0.028881    0.001229    0.170842 ^ B[6]$_SDFFE_PP1P_/CLK (sg13g2_dfrbpq_1)
                                  0.250000    0.420842   clock uncertainty
                                  0.000000    0.420842   clock reconvergence pessimism
                                 -0.061534    0.359307   library hold time
                                              0.359307   data required time
---------------------------------------------------------------------------------------------
                                              0.359307   data required time
                                             -0.956815   data arrival time
---------------------------------------------------------------------------------------------
                                              0.597507   slack (MET)


Startpoint: dbit[3]$_SDFFE_PP1P_
            (rising edge-triggered flip-flop clocked by clk)
Endpoint: BN[5]$_SDFFE_PP1P_ (rising edge-triggered flip-flop clocked by clk)
Path Group: clk
Path Type: min

Fanout         Cap        Slew       Delay        Time   Description
---------------------------------------------------------------------------------------------
                                  0.000000    0.000000   clock clk (rise edge)
                                  0.000000    0.000000   clock source latency
     1    0.014542    0.030506    0.012754    0.012754 ^ clk (in)
                                                         clk (net)
                      0.030523    0.000000    0.012754 ^ clkbuf_0_clk/A (sg13g2_buf_8)
     4    0.046420    0.035476    0.078162    0.090916 ^ clkbuf_0_clk/X (sg13g2_buf_8)
                                                         clknet_0_clk (net)
                      0.035871    0.002856    0.093772 ^ clkbuf_2_1__f_clk/A (sg13g2_buf_8)
     7    0.029409    0.027983    0.074855    0.168627 ^ clkbuf_2_1__f_clk/X (sg13g2_buf_8)
                                                         clknet_2_1__leaf_clk (net)
                      0.028065    0.001830    0.170457 ^ dbit[3]$_SDFFE_PP1P_/CLK (sg13g2_dfrbpq_2)
     3    0.015777    0.044966    0.194932    0.365389 ^ dbit[3]$_SDFFE_PP1P_/Q (sg13g2_dfrbpq_2)
                                                         dbit[3] (net)
                      0.044973    0.000552    0.365941 ^ _115_/A (sg13g2_nor2b_2)
     8    0.035116    0.068060    0.073616    0.439557 v _115_/Y (sg13g2_nor2b_2)
                                                         _063_ (net)
                      0.068158    0.002016    0.441572 v _118_/C (sg13g2_nand3_1)
     1    0.004215    0.031447    0.061093    0.502665 ^ _118_/Y (sg13g2_nand3_1)
                                                         _065_ (net)
                      0.031448    0.000307    0.502972 ^ _119_/A2 (sg13g2_a21o_1)
     1    0.003651    0.027567    0.098491    0.601463 ^ _119_/X (sg13g2_a21o_1)
                                                         _007_ (net)
                      0.027567    0.000134    0.601598 ^ hold36/A (sg13g2_dlygate4sd3_1)
     1    0.003333    0.035727    0.357791    0.959388 ^ hold36/X (sg13g2_dlygate4sd3_1)
                                                         net119 (net)
                      0.035727    0.000223    0.959612 ^ BN[5]$_SDFFE_PP1P_/D (sg13g2_dfrbpq_1)
                                              0.959612   data arrival time

                                  0.000000    0.000000   clock clk (rise edge)
                                  0.000000    0.000000   clock source latency
     1    0.014542    0.030506    0.012754    0.012754 ^ clk (in)
                                                         clk (net)
                      0.030523    0.000000    0.012754 ^ clkbuf_0_clk/A (sg13g2_buf_8)
     4    0.046420    0.035476    0.078162    0.090916 ^ clkbuf_0_clk/X (sg13g2_buf_8)
                                                         clknet_0_clk (net)
                      0.035802    0.002568    0.093484 ^ clkbuf_2_2__f_clk/A (sg13g2_buf_8)
     8    0.031727    0.029025    0.075856    0.169340 ^ clkbuf_2_2__f_clk/X (sg13g2_buf_8)
                                                         clknet_2_2__leaf_clk (net)
                      0.029035    0.000794    0.170135 ^ BN[5]$_SDFFE_PP1P_/CLK (sg13g2_dfrbpq_1)
                                  0.250000    0.420134   clock uncertainty
                                  0.000000    0.420134   clock reconvergence pessimism
                                 -0.062234    0.357900   library hold time
                                              0.357900   data required time
---------------------------------------------------------------------------------------------
                                              0.357900   data required time
                                             -0.959612   data arrival time
---------------------------------------------------------------------------------------------
                                              0.601711   slack (MET)


Startpoint: dbit[3]$_SDFFE_PP1P_
            (rising edge-triggered flip-flop clocked by clk)
Endpoint: BN[6]$_SDFFE_PP1P_ (rising edge-triggered flip-flop clocked by clk)
Path Group: clk
Path Type: min

Fanout         Cap        Slew       Delay        Time   Description
---------------------------------------------------------------------------------------------
                                  0.000000    0.000000   clock clk (rise edge)
                                  0.000000    0.000000   clock source latency
     1    0.014542    0.030506    0.012754    0.012754 ^ clk (in)
                                                         clk (net)
                      0.030523    0.000000    0.012754 ^ clkbuf_0_clk/A (sg13g2_buf_8)
     4    0.046420    0.035476    0.078162    0.090916 ^ clkbuf_0_clk/X (sg13g2_buf_8)
                                                         clknet_0_clk (net)
                      0.035871    0.002856    0.093772 ^ clkbuf_2_1__f_clk/A (sg13g2_buf_8)
     7    0.029409    0.027983    0.074855    0.168627 ^ clkbuf_2_1__f_clk/X (sg13g2_buf_8)
                                                         clknet_2_1__leaf_clk (net)
                      0.028065    0.001830    0.170457 ^ dbit[3]$_SDFFE_PP1P_/CLK (sg13g2_dfrbpq_2)
     3    0.015777    0.044966    0.194932    0.365389 ^ dbit[3]$_SDFFE_PP1P_/Q (sg13g2_dfrbpq_2)
                                                         dbit[3] (net)
                      0.044973    0.000552    0.365941 ^ _115_/A (sg13g2_nor2b_2)
     8    0.035116    0.068060    0.073616    0.439557 v _115_/Y (sg13g2_nor2b_2)
                                                         _063_ (net)
                      0.068146    0.001868    0.441425 v _120_/C (sg13g2_nand3_1)
     1    0.006811    0.048049    0.069526    0.510951 ^ _120_/Y (sg13g2_nand3_1)
                                                         _066_ (net)
                      0.048049    0.000298    0.511249 ^ _121_/A2 (sg13g2_a21o_1)
     1    0.001968    0.020828    0.100278    0.611527 ^ _121_/X (sg13g2_a21o_1)
                                                         _008_ (net)
                      0.020828    0.000074    0.611601 ^ hold28/A (sg13g2_dlygate4sd3_1)
     1    0.003575    0.036562    0.355116    0.966716 ^ hold28/X (sg13g2_dlygate4sd3_1)
                                                         net111 (net)
                      0.036562    0.000238    0.966954 ^ BN[6]$_SDFFE_PP1P_/D (sg13g2_dfrbpq_1)
                                              0.966954   data arrival time

                                  0.000000    0.000000   clock clk (rise edge)
                                  0.000000    0.000000   clock source latency
     1    0.014542    0.030506    0.012754    0.012754 ^ clk (in)
                                                         clk (net)
                      0.030523    0.000000    0.012754 ^ clkbuf_0_clk/A (sg13g2_buf_8)
     4    0.046420    0.035476    0.078162    0.090916 ^ clkbuf_0_clk/X (sg13g2_buf_8)
                                                         clknet_0_clk (net)
                      0.035889    0.002929    0.093846 ^ clkbuf_2_3__f_clk/A (sg13g2_buf_8)
     8    0.031336    0.028861    0.075767    0.169613 ^ clkbuf_2_3__f_clk/X (sg13g2_buf_8)
                                                         clknet_2_3__leaf_clk (net)
                      0.028881    0.001235    0.170848 ^ BN[6]$_SDFFE_PP1P_/CLK (sg13g2_dfrbpq_1)
                                  0.250000    0.420848   clock uncertainty
                                  0.000000    0.420848   clock reconvergence pessimism
                                 -0.062478    0.358370   library hold time
                                              0.358370   data required time
---------------------------------------------------------------------------------------------
                                              0.358370   data required time
                                             -0.966954   data arrival time
---------------------------------------------------------------------------------------------
                                              0.608585   slack (MET)


Startpoint: dbit[0]$_SDFFE_PP1P_
            (rising edge-triggered flip-flop clocked by clk)
Endpoint: BN[11]$_SDFFE_PP1P_ (rising edge-triggered flip-flop clocked by clk)
Path Group: clk
Path Type: min

Fanout         Cap        Slew       Delay        Time   Description
---------------------------------------------------------------------------------------------
                                  0.000000    0.000000   clock clk (rise edge)
                                  0.000000    0.000000   clock source latency
     1    0.014542    0.030506    0.012754    0.012754 ^ clk (in)
                                                         clk (net)
                      0.030523    0.000000    0.012754 ^ clkbuf_0_clk/A (sg13g2_buf_8)
     4    0.046420    0.035476    0.078162    0.090916 ^ clkbuf_0_clk/X (sg13g2_buf_8)
                                                         clknet_0_clk (net)
                      0.035871    0.002856    0.093772 ^ clkbuf_2_1__f_clk/A (sg13g2_buf_8)
     7    0.029409    0.027983    0.074855    0.168627 ^ clkbuf_2_1__f_clk/X (sg13g2_buf_8)
                                                         clknet_2_1__leaf_clk (net)
                      0.028044    0.001645    0.170272 ^ dbit[0]$_SDFFE_PP1P_/CLK (sg13g2_dfrbpq_1)
     2    0.007444    0.031865    0.174412    0.344684 v dbit[0]$_SDFFE_PP1P_/Q (sg13g2_dfrbpq_1)
                                                         dbit[0] (net)
                      0.031897    0.000447    0.345132 v fanout5/A (sg13g2_buf_1)
     5    0.022359    0.077453    0.110541    0.455672 v fanout5/X (sg13g2_buf_1)
                                                         net5 (net)
                      0.077456    0.000569    0.456241 v _106_/B (sg13g2_nand4_1)
     1    0.005717    0.039191    0.068481    0.524722 ^ _106_/Y (sg13g2_nand4_1)
                                                         _058_ (net)
                      0.039192    0.000397    0.525119 ^ _107_/A2 (sg13g2_a21o_1)
     1    0.003288    0.023323    0.100656    0.625775 ^ _107_/X (sg13g2_a21o_1)
                                                         _002_ (net)
                      0.023323    0.000116    0.625891 ^ hold38/A (sg13g2_dlygate4sd3_1)
     1    0.002665    0.033404    0.353285    0.979176 ^ hold38/X (sg13g2_dlygate4sd3_1)
                                                         net121 (net)
                      0.033404    0.000094    0.979270 ^ BN[11]$_SDFFE_PP1P_/D (sg13g2_dfrbpq_1)
                                              0.979270   data arrival time

                                  0.000000    0.000000   clock clk (rise edge)
                                  0.000000    0.000000   clock source latency
     1    0.014542    0.030506    0.012754    0.012754 ^ clk (in)
                                                         clk (net)
                      0.030523    0.000000    0.012754 ^ clkbuf_0_clk/A (sg13g2_buf_8)
     4    0.046420    0.035476    0.078162    0.090916 ^ clkbuf_0_clk/X (sg13g2_buf_8)
                                                         clknet_0_clk (net)
                      0.035871    0.002856    0.093772 ^ clkbuf_2_1__f_clk/A (sg13g2_buf_8)
     7    0.029409    0.027983    0.074855    0.168627 ^ clkbuf_2_1__f_clk/X (sg13g2_buf_8)
                                                         clknet_2_1__leaf_clk (net)
                      0.028028    0.001485    0.170112 ^ BN[11]$_SDFFE_PP1P_/CLK (sg13g2_dfrbpq_1)
                                  0.250000    0.420112   clock uncertainty
                                  0.000000    0.420112   clock reconvergence pessimism
                                 -0.061709    0.358404   library hold time
                                              0.358404   data required time
---------------------------------------------------------------------------------------------
                                              0.358404   data required time
                                             -0.979270   data arrival time
---------------------------------------------------------------------------------------------
                                              0.620866   slack (MET)


Startpoint: dbit[0]$_SDFFE_PP1P_
            (rising edge-triggered flip-flop clocked by clk)
Endpoint: BN[3]$_SDFFE_PP1P_ (rising edge-triggered flip-flop clocked by clk)
Path Group: clk
Path Type: min

Fanout         Cap        Slew       Delay        Time   Description
---------------------------------------------------------------------------------------------
                                  0.000000    0.000000   clock clk (rise edge)
                                  0.000000    0.000000   clock source latency
     1    0.014542    0.030506    0.012754    0.012754 ^ clk (in)
                                                         clk (net)
                      0.030523    0.000000    0.012754 ^ clkbuf_0_clk/A (sg13g2_buf_8)
     4    0.046420    0.035476    0.078162    0.090916 ^ clkbuf_0_clk/X (sg13g2_buf_8)
                                                         clknet_0_clk (net)
                      0.035871    0.002856    0.093772 ^ clkbuf_2_1__f_clk/A (sg13g2_buf_8)
     7    0.029409    0.027983    0.074855    0.168627 ^ clkbuf_2_1__f_clk/X (sg13g2_buf_8)
                                                         clknet_2_1__leaf_clk (net)
                      0.028044    0.001645    0.170272 ^ dbit[0]$_SDFFE_PP1P_/CLK (sg13g2_dfrbpq_1)
     2    0.007444    0.031865    0.174412    0.344684 v dbit[0]$_SDFFE_PP1P_/Q (sg13g2_dfrbpq_1)
                                                         dbit[0] (net)
                      0.031897    0.000447    0.345132 v fanout5/A (sg13g2_buf_1)
     5    0.022359    0.077453    0.110541    0.455672 v fanout5/X (sg13g2_buf_1)
                                                         net5 (net)
                      0.077461    0.000777    0.456450 v _113_/B (sg13g2_nand4_1)
     1    0.005959    0.040055    0.069317    0.525767 ^ _113_/Y (sg13g2_nand4_1)
                                                         _062_ (net)
                      0.040055    0.000253    0.526020 ^ _114_/A2 (sg13g2_a21o_1)
     1    0.003765    0.025051    0.102496    0.628516 ^ _114_/X (sg13g2_a21o_1)
                                                         _005_ (net)
                      0.025052    0.000242    0.628758 ^ hold10/A (sg13g2_dlygate4sd3_1)
     1    0.002880    0.034152    0.354931    0.983689 ^ hold10/X (sg13g2_dlygate4sd3_1)
                                                         net93 (net)
                      0.034152    0.000101    0.983790 ^ BN[3]$_SDFFE_PP1P_/D (sg13g2_dfrbpq_1)
                                              0.983790   data arrival time

                                  0.000000    0.000000   clock clk (rise edge)
                                  0.000000    0.000000   clock source latency
     1    0.014542    0.030506    0.012754    0.012754 ^ clk (in)
                                                         clk (net)
                      0.030523    0.000000    0.012754 ^ clkbuf_0_clk/A (sg13g2_buf_8)
     4    0.046420    0.035476    0.078162    0.090916 ^ clkbuf_0_clk/X (sg13g2_buf_8)
                                                         clknet_0_clk (net)
                      0.035871    0.002856    0.093772 ^ clkbuf_2_1__f_clk/A (sg13g2_buf_8)
     7    0.029409    0.027983    0.074855    0.168627 ^ clkbuf_2_1__f_clk/X (sg13g2_buf_8)
                                                         clknet_2_1__leaf_clk (net)
                      0.028027    0.001475    0.170102 ^ BN[3]$_SDFFE_PP1P_/CLK (sg13g2_dfrbpq_1)
                                  0.250000    0.420102   clock uncertainty
                                  0.000000    0.420102   clock reconvergence pessimism
                                 -0.061913    0.358189   library hold time
                                              0.358189   data required time
---------------------------------------------------------------------------------------------
                                              0.358189   data required time
                                             -0.983790   data arrival time
---------------------------------------------------------------------------------------------
                                              0.625601   slack (MET)


Startpoint: BN[8]$_SDFFE_PP1P_ (rising edge-triggered flip-flop clocked by clk)
Endpoint: BN[8]$_SDFFE_PP1P_ (rising edge-triggered flip-flop clocked by clk)
Path Group: clk
Path Type: min

Fanout         Cap        Slew       Delay        Time   Description
---------------------------------------------------------------------------------------------
                                  0.000000    0.000000   clock clk (rise edge)
                                  0.000000    0.000000   clock source latency
     1    0.014542    0.030506    0.012754    0.012754 ^ clk (in)
                                                         clk (net)
                      0.030523    0.000000    0.012754 ^ clkbuf_0_clk/A (sg13g2_buf_8)
     4    0.046420    0.035476    0.078162    0.090916 ^ clkbuf_0_clk/X (sg13g2_buf_8)
                                                         clknet_0_clk (net)
                      0.035893    0.002945    0.093862 ^ clkbuf_2_0__f_clk/A (sg13g2_buf_8)
     8    0.031241    0.028769    0.075502    0.169364 ^ clkbuf_2_0__f_clk/X (sg13g2_buf_8)
                                                         clknet_2_0__leaf_clk (net)
                      0.028876    0.001793    0.171157 ^ BN[8]$_SDFFE_PP1P_/CLK (sg13g2_dfrbpq_1)
     3    0.010773    0.053028    0.189514    0.360670 ^ BN[8]$_SDFFE_PP1P_/Q (sg13g2_dfrbpq_1)
                                                         net29 (net)
                      0.053031    0.000477    0.361148 ^ hold7/A (sg13g2_dlygate4sd3_1)
     1    0.003277    0.035531    0.370872    0.732019 ^ hold7/X (sg13g2_dlygate4sd3_1)
                                                         net90 (net)
                      0.035531    0.000128    0.732147 ^ _125_/A1 (sg13g2_a21o_1)
     1    0.002643    0.020948    0.093723    0.825870 ^ _125_/X (sg13g2_a21o_1)
                                                         _010_ (net)
                      0.020948    0.000095    0.825965 ^ hold8/A (sg13g2_dlygate4sd3_1)
     1    0.001662    0.029880    0.348566    1.174532 ^ hold8/X (sg13g2_dlygate4sd3_1)
                                                         net91 (net)
                      0.029880    0.000064    1.174596 ^ BN[8]$_SDFFE_PP1P_/D (sg13g2_dfrbpq_1)
                                              1.174596   data arrival time

                                  0.000000    0.000000   clock clk (rise edge)
                                  0.000000    0.000000   clock source latency
     1    0.014542    0.030506    0.012754    0.012754 ^ clk (in)
                                                         clk (net)
                      0.030523    0.000000    0.012754 ^ clkbuf_0_clk/A (sg13g2_buf_8)
     4    0.046420    0.035476    0.078162    0.090916 ^ clkbuf_0_clk/X (sg13g2_buf_8)
                                                         clknet_0_clk (net)
                      0.035893    0.002945    0.093862 ^ clkbuf_2_0__f_clk/A (sg13g2_buf_8)
     8    0.031241    0.028769    0.075502    0.169364 ^ clkbuf_2_0__f_clk/X (sg13g2_buf_8)
                                                         clknet_2_0__leaf_clk (net)
                      0.028876    0.001793    0.171157 ^ BN[8]$_SDFFE_PP1P_/CLK (sg13g2_dfrbpq_1)
                                  0.250000    0.421157   clock uncertainty
                                  0.000000    0.421157   clock reconvergence pessimism
                                 -0.060657    0.360500   library hold time
                                              0.360500   data required time
---------------------------------------------------------------------------------------------
                                              0.360500   data required time
                                             -1.174596   data arrival time
---------------------------------------------------------------------------------------------
                                              0.814096   slack (MET)


Startpoint: BN[9]$_SDFFE_PP1P_ (rising edge-triggered flip-flop clocked by clk)
Endpoint: BN[9]$_SDFFE_PP1P_ (rising edge-triggered flip-flop clocked by clk)
Path Group: clk
Path Type: min

Fanout         Cap        Slew       Delay        Time   Description
---------------------------------------------------------------------------------------------
                                  0.000000    0.000000   clock clk (rise edge)
                                  0.000000    0.000000   clock source latency
     1    0.014542    0.030506    0.012754    0.012754 ^ clk (in)
                                                         clk (net)
                      0.030523    0.000000    0.012754 ^ clkbuf_0_clk/A (sg13g2_buf_8)
     4    0.046420    0.035476    0.078162    0.090916 ^ clkbuf_0_clk/X (sg13g2_buf_8)
                                                         clknet_0_clk (net)
                      0.035802    0.002568    0.093484 ^ clkbuf_2_2__f_clk/A (sg13g2_buf_8)
     8    0.031727    0.029025    0.075856    0.169340 ^ clkbuf_2_2__f_clk/X (sg13g2_buf_8)
                                                         clknet_2_2__leaf_clk (net)
                      0.029050    0.001401    0.170741 ^ BN[9]$_SDFFE_PP1P_/CLK (sg13g2_dfrbpq_1)
     3    0.010751    0.052854    0.189520    0.360261 ^ BN[9]$_SDFFE_PP1P_/Q (sg13g2_dfrbpq_1)
                                                         net30 (net)
                      0.052860    0.000597    0.360858 ^ hold29/A (sg13g2_dlygate4sd3_1)
     1    0.003124    0.035003    0.370252    0.731110 ^ hold29/X (sg13g2_dlygate4sd3_1)
                                                         net112 (net)
                      0.035003    0.000126    0.731236 ^ _127_/A1 (sg13g2_a21o_1)
     1    0.002917    0.024980    0.094326    0.825562 ^ _127_/X (sg13g2_a21o_1)
                                                         _011_ (net)
                      0.024980    0.000191    0.825753 ^ hold30/A (sg13g2_dlygate4sd3_1)
     1    0.003175    0.035176    0.355914    1.181667 ^ hold30/X (sg13g2_dlygate4sd3_1)
                                                         net113 (net)
                      0.035176    0.000115    1.181782 ^ BN[9]$_SDFFE_PP1P_/D (sg13g2_dfrbpq_1)
                                              1.181782   data arrival time

                                  0.000000    0.000000   clock clk (rise edge)
                                  0.000000    0.000000   clock source latency
     1    0.014542    0.030506    0.012754    0.012754 ^ clk (in)
                                                         clk (net)
                      0.030523    0.000000    0.012754 ^ clkbuf_0_clk/A (sg13g2_buf_8)
     4    0.046420    0.035476    0.078162    0.090916 ^ clkbuf_0_clk/X (sg13g2_buf_8)
                                                         clknet_0_clk (net)
                      0.035802    0.002568    0.093484 ^ clkbuf_2_2__f_clk/A (sg13g2_buf_8)
     8    0.031727    0.029025    0.075856    0.169340 ^ clkbuf_2_2__f_clk/X (sg13g2_buf_8)
                                                         clknet_2_2__leaf_clk (net)
                      0.029050    0.001401    0.170741 ^ BN[9]$_SDFFE_PP1P_/CLK (sg13g2_dfrbpq_1)
                                  0.250000    0.420741   clock uncertainty
                                  0.000000    0.420741   clock reconvergence pessimism
                                 -0.062082    0.358659   library hold time
                                              0.358659   data required time
---------------------------------------------------------------------------------------------
                                              0.358659   data required time
                                             -1.181782   data arrival time
---------------------------------------------------------------------------------------------
                                              0.823123   slack (MET)


Startpoint: B[9]$_SDFFE_PP1P_ (rising edge-triggered flip-flop clocked by clk)
Endpoint: B[9]$_SDFFE_PP1P_ (rising edge-triggered flip-flop clocked by clk)
Path Group: clk
Path Type: min

Fanout         Cap        Slew       Delay        Time   Description
---------------------------------------------------------------------------------------------
                                  0.000000    0.000000   clock clk (rise edge)
                                  0.000000    0.000000   clock source latency
     1    0.014542    0.030506    0.012754    0.012754 ^ clk (in)
                                                         clk (net)
                      0.030523    0.000000    0.012754 ^ clkbuf_0_clk/A (sg13g2_buf_8)
     4    0.046420    0.035476    0.078162    0.090916 ^ clkbuf_0_clk/X (sg13g2_buf_8)
                                                         clknet_0_clk (net)
                      0.035802    0.002568    0.093484 ^ clkbuf_2_2__f_clk/A (sg13g2_buf_8)
     8    0.031727    0.029025    0.075856    0.169340 ^ clkbuf_2_2__f_clk/X (sg13g2_buf_8)
                                                         clknet_2_2__leaf_clk (net)
                      0.029051    0.001419    0.170759 ^ B[9]$_SDFFE_PP1P_/CLK (sg13g2_dfrbpq_1)
     3    0.010496    0.051969    0.188801    0.359560 ^ B[9]$_SDFFE_PP1P_/Q (sg13g2_dfrbpq_1)
                                                         net42 (net)
                      0.051973    0.000462    0.360022 ^ hold31/A (sg13g2_dlygate4sd3_1)
     1    0.004671    0.040115    0.375104    0.735126 ^ hold31/X (sg13g2_dlygate4sd3_1)
                                                         net114 (net)
                      0.040115    0.000335    0.735462 ^ _152_/A1 (sg13g2_a21o_1)
     1    0.003034    0.025392    0.097038    0.832500 ^ _152_/X (sg13g2_a21o_1)
                                                         _023_ (net)
                      0.025392    0.000215    0.832715 ^ hold32/A (sg13g2_dlygate4sd3_1)
     1    0.001589    0.029618    0.350629    1.183344 ^ hold32/X (sg13g2_dlygate4sd3_1)
                                                         net115 (net)
                      0.029618    0.000061    1.183405 ^ B[9]$_SDFFE_PP1P_/D (sg13g2_dfrbpq_1)
                                              1.183405   data arrival time

                                  0.000000    0.000000   clock clk (rise edge)
                                  0.000000    0.000000   clock source latency
     1    0.014542    0.030506    0.012754    0.012754 ^ clk (in)
                                                         clk (net)
                      0.030523    0.000000    0.012754 ^ clkbuf_0_clk/A (sg13g2_buf_8)
     4    0.046420    0.035476    0.078162    0.090916 ^ clkbuf_0_clk/X (sg13g2_buf_8)
                                                         clknet_0_clk (net)
                      0.035802    0.002568    0.093484 ^ clkbuf_2_2__f_clk/A (sg13g2_buf_8)
     8    0.031727    0.029025    0.075856    0.169340 ^ clkbuf_2_2__f_clk/X (sg13g2_buf_8)
                                                         clknet_2_2__leaf_clk (net)
                      0.029051    0.001419    0.170759 ^ B[9]$_SDFFE_PP1P_/CLK (sg13g2_dfrbpq_1)
                                  0.250000    0.420759   clock uncertainty
                                  0.000000    0.420759   clock reconvergence pessimism
                                 -0.060567    0.360192   library hold time
                                              0.360192   data required time
---------------------------------------------------------------------------------------------
                                              0.360192   data required time
                                             -1.183405   data arrival time
---------------------------------------------------------------------------------------------
                                              0.823213   slack (MET)


Startpoint: dbit[2]$_SDFFE_PP0P_
            (rising edge-triggered flip-flop clocked by clk)
Endpoint: dbit[2]$_SDFFE_PP0P_ (rising edge-triggered flip-flop clocked by clk)
Path Group: clk
Path Type: min

Fanout         Cap        Slew       Delay        Time   Description
---------------------------------------------------------------------------------------------
                                  0.000000    0.000000   clock clk (rise edge)
                                  0.000000    0.000000   clock source latency
     1    0.014542    0.030506    0.012754    0.012754 ^ clk (in)
                                                         clk (net)
                      0.030523    0.000000    0.012754 ^ clkbuf_0_clk/A (sg13g2_buf_8)
     4    0.046420    0.035476    0.078162    0.090916 ^ clkbuf_0_clk/X (sg13g2_buf_8)
                                                         clknet_0_clk (net)
                      0.035871    0.002856    0.093772 ^ clkbuf_2_1__f_clk/A (sg13g2_buf_8)
     7    0.029409    0.027983    0.074855    0.168627 ^ clkbuf_2_1__f_clk/X (sg13g2_buf_8)
                                                         clknet_2_1__leaf_clk (net)
                      0.028047    0.001676    0.170303 ^ dbit[2]$_SDFFE_PP0P_/CLK (sg13g2_dfrbpq_2)
     3    0.008818    0.027547    0.181839    0.352142 v dbit[2]$_SDFFE_PP0P_/Q (sg13g2_dfrbpq_2)
                                                         dbit[2] (net)
                      0.027547    0.000509    0.352651 v hold39/A (sg13g2_dlygate4sd3_1)
     2    0.010939    0.060499    0.398058    0.750709 v hold39/X (sg13g2_dlygate4sd3_1)
                                                         net122 (net)
                      0.060499    0.000754    0.751463 v _173_/B1 (sg13g2_o21ai_1)
     1    0.005247    0.043335    0.055631    0.807094 ^ _173_/Y (sg13g2_o21ai_1)
                                                         _049_ (net)
                      0.043342    0.000214    0.807309 ^ _174_/A2 (sg13g2_a21oi_1)
     1    0.002998    0.019053    0.061509    0.868818 v _174_/Y (sg13g2_a21oi_1)
                                                         _026_ (net)
                      0.019053    0.000107    0.868925 v hold40/A (sg13g2_dlygate4sd3_1)
     1    0.002680    0.036080    0.365023    1.233949 v hold40/X (sg13g2_dlygate4sd3_1)
                                                         net123 (net)
                      0.036081    0.000097    1.234046 v dbit[2]$_SDFFE_PP0P_/D (sg13g2_dfrbpq_2)
                                              1.234046   data arrival time

                                  0.000000    0.000000   clock clk (rise edge)
                                  0.000000    0.000000   clock source latency
     1    0.014542    0.030506    0.012754    0.012754 ^ clk (in)
                                                         clk (net)
                      0.030523    0.000000    0.012754 ^ clkbuf_0_clk/A (sg13g2_buf_8)
     4    0.046420    0.035476    0.078162    0.090916 ^ clkbuf_0_clk/X (sg13g2_buf_8)
                                                         clknet_0_clk (net)
                      0.035871    0.002856    0.093772 ^ clkbuf_2_1__f_clk/A (sg13g2_buf_8)
     7    0.029409    0.027983    0.074855    0.168627 ^ clkbuf_2_1__f_clk/X (sg13g2_buf_8)
                                                         clknet_2_1__leaf_clk (net)
                      0.028047    0.001676    0.170303 ^ dbit[2]$_SDFFE_PP0P_/CLK (sg13g2_dfrbpq_2)
                                  0.250000    0.420303   clock uncertainty
                                  0.000000    0.420303   clock reconvergence pessimism
                                 -0.037890    0.382414   library hold time
                                              0.382414   data required time
---------------------------------------------------------------------------------------------
                                              0.382414   data required time
                                             -1.234046   data arrival time
---------------------------------------------------------------------------------------------
                                              0.851632   slack (MET)


Startpoint: B[11]$_SDFFE_PP1P_ (rising edge-triggered flip-flop clocked by clk)
Endpoint: B[11]$_SDFFE_PP1P_ (rising edge-triggered flip-flop clocked by clk)
Path Group: clk
Path Type: min

Fanout         Cap        Slew       Delay        Time   Description
---------------------------------------------------------------------------------------------
                                  0.000000    0.000000   clock clk (rise edge)
                                  0.000000    0.000000   clock source latency
     1    0.014542    0.030506    0.012754    0.012754 ^ clk (in)
                                                         clk (net)
                      0.030523    0.000000    0.012754 ^ clkbuf_0_clk/A (sg13g2_buf_8)
     4    0.046420    0.035476    0.078162    0.090916 ^ clkbuf_0_clk/X (sg13g2_buf_8)
                                                         clknet_0_clk (net)
                      0.035802    0.002568    0.093484 ^ clkbuf_2_2__f_clk/A (sg13g2_buf_8)
     8    0.031727    0.029025    0.075856    0.169340 ^ clkbuf_2_2__f_clk/X (sg13g2_buf_8)
                                                         clknet_2_2__leaf_clk (net)
                      0.029040    0.001024    0.170365 ^ B[11]$_SDFFE_PP1P_/CLK (sg13g2_dfrbpq_2)
     2    0.011642    0.037516    0.189000    0.359365 ^ B[11]$_SDFFE_PP1P_/Q (sg13g2_dfrbpq_2)
                                                         net10 (net)
                      0.037516    0.000289    0.359654 ^ hold43/A (sg13g2_dlygate4sd3_1)
     1    0.009042    0.056069    0.382677    0.742331 ^ hold43/X (sg13g2_dlygate4sd3_1)
                                                         net126 (net)
                      0.056069    0.000371    0.742702 ^ fanout10/A (sg13g2_buf_8)
     8    0.051831    0.038974    0.092318    0.835021 ^ fanout10/X (sg13g2_buf_8)
                                                         net33 (net)
                      0.039270    0.002498    0.837519 ^ _134_/A1 (sg13g2_a21o_1)
     1    0.001765    0.017755    0.092679    0.930198 ^ _134_/X (sg13g2_a21o_1)
                                                         _014_ (net)
                      0.017755    0.000067    0.930265 ^ hold44/A (sg13g2_dlygate4sd3_1)
     1    0.003099    0.034916    0.351878    1.282143 ^ hold44/X (sg13g2_dlygate4sd3_1)
                                                         net127 (net)
                      0.034916    0.000190    1.282333 ^ B[11]$_SDFFE_PP1P_/D (sg13g2_dfrbpq_2)
                                              1.282333   data arrival time

                                  0.000000    0.000000   clock clk (rise edge)
                                  0.000000    0.000000   clock source latency
     1    0.014542    0.030506    0.012754    0.012754 ^ clk (in)
                                                         clk (net)
                      0.030523    0.000000    0.012754 ^ clkbuf_0_clk/A (sg13g2_buf_8)
     4    0.046420    0.035476    0.078162    0.090916 ^ clkbuf_0_clk/X (sg13g2_buf_8)
                                                         clknet_0_clk (net)
                      0.035802    0.002568    0.093484 ^ clkbuf_2_2__f_clk/A (sg13g2_buf_8)
     8    0.031727    0.029025    0.075856    0.169340 ^ clkbuf_2_2__f_clk/X (sg13g2_buf_8)
                                                         clknet_2_2__leaf_clk (net)
                      0.029040    0.001024    0.170365 ^ B[11]$_SDFFE_PP1P_/CLK (sg13g2_dfrbpq_2)
                                  0.250000    0.420365   clock uncertainty
                                  0.000000    0.420365   clock reconvergence pessimism
                                 -0.064460    0.355904   library hold time
                                              0.355904   data required time
---------------------------------------------------------------------------------------------
                                              0.355904   data required time
                                             -1.282333   data arrival time
---------------------------------------------------------------------------------------------
                                              0.926429   slack (MET)


Startpoint: BN[1]$_SDFFE_PP1P_ (rising edge-triggered flip-flop clocked by clk)
Endpoint: BN[1] (output port clocked by clk)
Path Group: clk
Path Type: min

Fanout         Cap        Slew       Delay        Time   Description
---------------------------------------------------------------------------------------------
                                  0.000000    0.000000   clock clk (rise edge)
                                  0.000000    0.000000   clock source latency
     1    0.014542    0.030506    0.012754    0.012754 ^ clk (in)
                                                         clk (net)
                      0.030523    0.000000    0.012754 ^ clkbuf_0_clk/A (sg13g2_buf_8)
     4    0.046420    0.035476    0.078162    0.090916 ^ clkbuf_0_clk/X (sg13g2_buf_8)
                                                         clknet_0_clk (net)
                      0.035802    0.002568    0.093484 ^ clkbuf_2_2__f_clk/A (sg13g2_buf_8)
     8    0.031727    0.029025    0.075856    0.169340 ^ clkbuf_2_2__f_clk/X (sg13g2_buf_8)
                                                         clknet_2_2__leaf_clk (net)
                      0.029052    0.001446    0.170786 ^ BN[1]$_SDFFE_PP1P_/CLK (sg13g2_dfrbpq_1)
     3    0.009192    0.036981    0.179206    0.349992 v BN[1]$_SDFFE_PP1P_/Q (sg13g2_dfrbpq_1)
                                                         net22 (net)
                      0.036981    0.000239    0.350231 v output6/A (sg13g2_buf_1)
     1    0.006763    0.030549    0.074444    0.424675 v output6/X (sg13g2_buf_1)
                                                         BN[1] (net)
                      0.030560    0.000543    0.425218 v BN[1] (out)
                                              0.425218   data arrival time

                                  0.000000    0.000000   clock clk (rise edge)
                                  0.000000    0.000000   clock network delay (propagated)
                                  0.250000    0.250000   clock uncertainty
                                  0.000000    0.250000   clock reconvergence pessimism
                                 -2.000000   -1.750000   output external delay
                                             -1.750000   data required time
---------------------------------------------------------------------------------------------
                                             -1.750000   data required time
                                             -0.425218   data arrival time
---------------------------------------------------------------------------------------------
                                              2.175218   slack (MET)


Startpoint: B[10]$_SDFFE_PP1P_ (rising edge-triggered flip-flop clocked by clk)
Endpoint: B[10] (output port clocked by clk)
Path Group: clk
Path Type: min

Fanout         Cap        Slew       Delay        Time   Description
---------------------------------------------------------------------------------------------
                                  0.000000    0.000000   clock clk (rise edge)
                                  0.000000    0.000000   clock source latency
     1    0.014542    0.030506    0.012754    0.012754 ^ clk (in)
                                                         clk (net)
                      0.030523    0.000000    0.012754 ^ clkbuf_0_clk/A (sg13g2_buf_8)
     4    0.046420    0.035476    0.078162    0.090916 ^ clkbuf_0_clk/X (sg13g2_buf_8)
                                                         clknet_0_clk (net)
                      0.035802    0.002568    0.093484 ^ clkbuf_2_2__f_clk/A (sg13g2_buf_8)
     8    0.031727    0.029025    0.075856    0.169340 ^ clkbuf_2_2__f_clk/X (sg13g2_buf_8)
                                                         clknet_2_2__leaf_clk (net)
                      0.029041    0.001061    0.170401 ^ B[10]$_SDFFE_PP1P_/CLK (sg13g2_dfrbpq_1)
     3    0.008401    0.034675    0.177305    0.347706 v B[10]$_SDFFE_PP1P_/Q (sg13g2_dfrbpq_1)
                                                         net32 (net)
                      0.034675    0.000227    0.347933 v output16/A (sg13g2_buf_1)
     1    0.008594    0.035833    0.078119    0.426052 v output16/X (sg13g2_buf_1)
                                                         B[10] (net)
                      0.035834    0.000273    0.426325 v B[10] (out)
                                              0.426325   data arrival time

                                  0.000000    0.000000   clock clk (rise edge)
                                  0.000000    0.000000   clock network delay (propagated)
                                  0.250000    0.250000   clock uncertainty
                                  0.000000    0.250000   clock reconvergence pessimism
                                 -2.000000   -1.750000   output external delay
                                             -1.750000   data required time
---------------------------------------------------------------------------------------------
                                             -1.750000   data required time
                                             -0.426325   data arrival time
---------------------------------------------------------------------------------------------
                                              2.176325   slack (MET)


Startpoint: BN[5]$_SDFFE_PP1P_ (rising edge-triggered flip-flop clocked by clk)
Endpoint: BN[5] (output port clocked by clk)
Path Group: clk
Path Type: min

Fanout         Cap        Slew       Delay        Time   Description
---------------------------------------------------------------------------------------------
                                  0.000000    0.000000   clock clk (rise edge)
                                  0.000000    0.000000   clock source latency
     1    0.014542    0.030506    0.012754    0.012754 ^ clk (in)
                                                         clk (net)
                      0.030523    0.000000    0.012754 ^ clkbuf_0_clk/A (sg13g2_buf_8)
     4    0.046420    0.035476    0.078162    0.090916 ^ clkbuf_0_clk/X (sg13g2_buf_8)
                                                         clknet_0_clk (net)
                      0.035802    0.002568    0.093484 ^ clkbuf_2_2__f_clk/A (sg13g2_buf_8)
     8    0.031727    0.029025    0.075856    0.169340 ^ clkbuf_2_2__f_clk/X (sg13g2_buf_8)
                                                         clknet_2_2__leaf_clk (net)
                      0.029035    0.000794    0.170135 ^ BN[5]$_SDFFE_PP1P_/CLK (sg13g2_dfrbpq_1)
     3    0.009016    0.036458    0.178795    0.348929 v BN[5]$_SDFFE_PP1P_/Q (sg13g2_dfrbpq_1)
                                                         net26 (net)
                      0.036460    0.000268    0.349197 v output10/A (sg13g2_buf_1)
     1    0.008524    0.035668    0.078709    0.427907 v output10/X (sg13g2_buf_1)
                                                         BN[5] (net)
                      0.035669    0.000267    0.428174 v BN[5] (out)
                                              0.428174   data arrival time

                                  0.000000    0.000000   clock clk (rise edge)
                                  0.000000    0.000000   clock network delay (propagated)
                                  0.250000    0.250000   clock uncertainty
                                  0.000000    0.250000   clock reconvergence pessimism
                                 -2.000000   -1.750000   output external delay
                                             -1.750000   data required time
---------------------------------------------------------------------------------------------
                                             -1.750000   data required time
                                             -0.428174   data arrival time
---------------------------------------------------------------------------------------------
                                              2.178174   slack (MET)


Startpoint: B[1]$_SDFFE_PP1P_ (rising edge-triggered flip-flop clocked by clk)
Endpoint: B[1] (output port clocked by clk)
Path Group: clk
Path Type: min

Fanout         Cap        Slew       Delay        Time   Description
---------------------------------------------------------------------------------------------
                                  0.000000    0.000000   clock clk (rise edge)
                                  0.000000    0.000000   clock source latency
     1    0.014542    0.030506    0.012754    0.012754 ^ clk (in)
                                                         clk (net)
                      0.030523    0.000000    0.012754 ^ clkbuf_0_clk/A (sg13g2_buf_8)
     4    0.046420    0.035476    0.078162    0.090916 ^ clkbuf_0_clk/X (sg13g2_buf_8)
                                                         clknet_0_clk (net)
                      0.035893    0.002945    0.093862 ^ clkbuf_2_0__f_clk/A (sg13g2_buf_8)
     8    0.031241    0.028769    0.075502    0.169364 ^ clkbuf_2_0__f_clk/X (sg13g2_buf_8)
                                                         clknet_2_0__leaf_clk (net)
                      0.028884    0.001848    0.171212 ^ B[1]$_SDFFE_PP1P_/CLK (sg13g2_dfrbpq_1)
     3    0.009976    0.039297    0.180954    0.352166 v B[1]$_SDFFE_PP1P_/Q (sg13g2_dfrbpq_1)
                                                         net34 (net)
                      0.039298    0.000268    0.352435 v output18/A (sg13g2_buf_1)
     1    0.007313    0.032184    0.076907    0.429342 v output18/X (sg13g2_buf_1)
                                                         B[1] (net)
                      0.032186    0.000317    0.429659 v B[1] (out)
                                              0.429659   data arrival time

                                  0.000000    0.000000   clock clk (rise edge)
                                  0.000000    0.000000   clock network delay (propagated)
                                  0.250000    0.250000   clock uncertainty
                                  0.000000    0.250000   clock reconvergence pessimism
                                 -2.000000   -1.750000   output external delay
                                             -1.750000   data required time
---------------------------------------------------------------------------------------------
                                             -1.750000   data required time
                                             -0.429659   data arrival time
---------------------------------------------------------------------------------------------
                                              2.179659   slack (MET)


Startpoint: BN[4]$_SDFFE_PP1P_ (rising edge-triggered flip-flop clocked by clk)
Endpoint: BN[4] (output port clocked by clk)
Path Group: clk
Path Type: min

Fanout         Cap        Slew       Delay        Time   Description
---------------------------------------------------------------------------------------------
                                  0.000000    0.000000   clock clk (rise edge)
                                  0.000000    0.000000   clock source latency
     1    0.014542    0.030506    0.012754    0.012754 ^ clk (in)
                                                         clk (net)
                      0.030523    0.000000    0.012754 ^ clkbuf_0_clk/A (sg13g2_buf_8)
     4    0.046420    0.035476    0.078162    0.090916 ^ clkbuf_0_clk/X (sg13g2_buf_8)
                                                         clknet_0_clk (net)
                      0.035893    0.002945    0.093862 ^ clkbuf_2_0__f_clk/A (sg13g2_buf_8)
     8    0.031241    0.028769    0.075502    0.169364 ^ clkbuf_2_0__f_clk/X (sg13g2_buf_8)
                                                         clknet_2_0__leaf_clk (net)
                      0.028880    0.001823    0.171187 ^ BN[4]$_SDFFE_PP1P_/CLK (sg13g2_dfrbpq_1)
     3    0.009430    0.037692    0.179651    0.350839 v BN[4]$_SDFFE_PP1P_/Q (sg13g2_dfrbpq_1)
                                                         net25 (net)
                      0.037693    0.000256    0.351094 v output9/A (sg13g2_buf_1)
     1    0.008169    0.034618    0.078318    0.429412 v output9/X (sg13g2_buf_1)
                                                         BN[4] (net)
                      0.034622    0.000373    0.429785 v BN[4] (out)
                                              0.429785   data arrival time

                                  0.000000    0.000000   clock clk (rise edge)
                                  0.000000    0.000000   clock network delay (propagated)
                                  0.250000    0.250000   clock uncertainty
                                  0.000000    0.250000   clock reconvergence pessimism
                                 -2.000000   -1.750000   output external delay
                                             -1.750000   data required time
---------------------------------------------------------------------------------------------
                                             -1.750000   data required time
                                             -0.429785   data arrival time
---------------------------------------------------------------------------------------------
                                              2.179785   slack (MET)


Startpoint: B[5]$_SDFFE_PP1P_ (rising edge-triggered flip-flop clocked by clk)
Endpoint: B[5] (output port clocked by clk)
Path Group: clk
Path Type: min

Fanout         Cap        Slew       Delay        Time   Description
---------------------------------------------------------------------------------------------
                                  0.000000    0.000000   clock clk (rise edge)
                                  0.000000    0.000000   clock source latency
     1    0.014542    0.030506    0.012754    0.012754 ^ clk (in)
                                                         clk (net)
                      0.030523    0.000000    0.012754 ^ clkbuf_0_clk/A (sg13g2_buf_8)
     4    0.046420    0.035476    0.078162    0.090916 ^ clkbuf_0_clk/X (sg13g2_buf_8)
                                                         clknet_0_clk (net)
                      0.035802    0.002568    0.093484 ^ clkbuf_2_2__f_clk/A (sg13g2_buf_8)
     8    0.031727    0.029025    0.075856    0.169340 ^ clkbuf_2_2__f_clk/X (sg13g2_buf_8)
                                                         clknet_2_2__leaf_clk (net)
                      0.029035    0.000798    0.170139 ^ B[5]$_SDFFE_PP1P_/CLK (sg13g2_dfrbpq_1)
     3    0.009358    0.037462    0.179611    0.349749 v B[5]$_SDFFE_PP1P_/Q (sg13g2_dfrbpq_1)
                                                         net38 (net)
                      0.037463    0.000279    0.350029 v output22/A (sg13g2_buf_1)
     1    0.008751    0.036359    0.079691    0.429720 v output22/X (sg13g2_buf_1)
                                                         B[5] (net)
                      0.036361    0.000282    0.430002 v B[5] (out)
                                              0.430002   data arrival time

                                  0.000000    0.000000   clock clk (rise edge)
                                  0.000000    0.000000   clock network delay (propagated)
                                  0.250000    0.250000   clock uncertainty
                                  0.000000    0.250000   clock reconvergence pessimism
                                 -2.000000   -1.750000   output external delay
                                             -1.750000   data required time
---------------------------------------------------------------------------------------------
                                             -1.750000   data required time
                                             -0.430002   data arrival time
---------------------------------------------------------------------------------------------
                                              2.180002   slack (MET)


Startpoint: BN[0]$_SDFFE_PP1P_ (rising edge-triggered flip-flop clocked by clk)
Endpoint: BN[0] (output port clocked by clk)
Path Group: clk
Path Type: min

Fanout         Cap        Slew       Delay        Time   Description
---------------------------------------------------------------------------------------------
                                  0.000000    0.000000   clock clk (rise edge)
                                  0.000000    0.000000   clock source latency
     1    0.014542    0.030506    0.012754    0.012754 ^ clk (in)
                                                         clk (net)
                      0.030523    0.000000    0.012754 ^ clkbuf_0_clk/A (sg13g2_buf_8)
     4    0.046420    0.035476    0.078162    0.090916 ^ clkbuf_0_clk/X (sg13g2_buf_8)
                                                         clknet_0_clk (net)
                      0.035893    0.002945    0.093862 ^ clkbuf_2_0__f_clk/A (sg13g2_buf_8)
     8    0.031241    0.028769    0.075502    0.169364 ^ clkbuf_2_0__f_clk/X (sg13g2_buf_8)
                                                         clknet_2_0__leaf_clk (net)
                      0.028849    0.001578    0.170942 ^ BN[0]$_SDFFE_PP1P_/CLK (sg13g2_dfrbpq_1)
     3    0.010107    0.039684    0.181247    0.352189 v BN[0]$_SDFFE_PP1P_/Q (sg13g2_dfrbpq_1)
                                                         net19 (net)
                      0.039692    0.000532    0.352722 v output3/A (sg13g2_buf_1)
     1    0.007404    0.032457    0.077295    0.430017 v output3/X (sg13g2_buf_1)
                                                         BN[0] (net)
                      0.032460    0.000326    0.430343 v BN[0] (out)
                                              0.430343   data arrival time

                                  0.000000    0.000000   clock clk (rise edge)
                                  0.000000    0.000000   clock network delay (propagated)
                                  0.250000    0.250000   clock uncertainty
                                  0.000000    0.250000   clock reconvergence pessimism
                                 -2.000000   -1.750000   output external delay
                                             -1.750000   data required time
---------------------------------------------------------------------------------------------
                                             -1.750000   data required time
                                             -0.430343   data arrival time
---------------------------------------------------------------------------------------------
                                              2.180343   slack (MET)


Startpoint: BN[9]$_SDFFE_PP1P_ (rising edge-triggered flip-flop clocked by clk)
Endpoint: BN[9] (output port clocked by clk)
Path Group: clk
Path Type: min

Fanout         Cap        Slew       Delay        Time   Description
---------------------------------------------------------------------------------------------
                                  0.000000    0.000000   clock clk (rise edge)
                                  0.000000    0.000000   clock source latency
     1    0.014542    0.030506    0.012754    0.012754 ^ clk (in)
                                                         clk (net)
                      0.030523    0.000000    0.012754 ^ clkbuf_0_clk/A (sg13g2_buf_8)
     4    0.046420    0.035476    0.078162    0.090916 ^ clkbuf_0_clk/X (sg13g2_buf_8)
                                                         clknet_0_clk (net)
                      0.035802    0.002568    0.093484 ^ clkbuf_2_2__f_clk/A (sg13g2_buf_8)
     8    0.031727    0.029025    0.075856    0.169340 ^ clkbuf_2_2__f_clk/X (sg13g2_buf_8)
                                                         clknet_2_2__leaf_clk (net)
                      0.029050    0.001401    0.170741 ^ BN[9]$_SDFFE_PP1P_/CLK (sg13g2_dfrbpq_1)
     3    0.010644    0.041267    0.182642    0.353383 v BN[9]$_SDFFE_PP1P_/Q (sg13g2_dfrbpq_1)
                                                         net30 (net)
                      0.041268    0.000290    0.353673 v output14/A (sg13g2_buf_1)
     1    0.006809    0.030799    0.076382    0.430055 v output14/X (sg13g2_buf_1)
                                                         BN[9] (net)
                      0.030810    0.000545    0.430600 v BN[9] (out)
                                              0.430600   data arrival time

                                  0.000000    0.000000   clock clk (rise edge)
                                  0.000000    0.000000   clock network delay (propagated)
                                  0.250000    0.250000   clock uncertainty
                                  0.000000    0.250000   clock reconvergence pessimism
                                 -2.000000   -1.750000   output external delay
                                             -1.750000   data required time
---------------------------------------------------------------------------------------------
                                             -1.750000   data required time
                                             -0.430600   data arrival time
---------------------------------------------------------------------------------------------
                                              2.180600   slack (MET)


Startpoint: B[9]$_SDFFE_PP1P_ (rising edge-triggered flip-flop clocked by clk)
Endpoint: B[9] (output port clocked by clk)
Path Group: clk
Path Type: min

Fanout         Cap        Slew       Delay        Time   Description
---------------------------------------------------------------------------------------------
                                  0.000000    0.000000   clock clk (rise edge)
                                  0.000000    0.000000   clock source latency
     1    0.014542    0.030506    0.012754    0.012754 ^ clk (in)
                                                         clk (net)
                      0.030523    0.000000    0.012754 ^ clkbuf_0_clk/A (sg13g2_buf_8)
     4    0.046420    0.035476    0.078162    0.090916 ^ clkbuf_0_clk/X (sg13g2_buf_8)
                                                         clknet_0_clk (net)
                      0.035802    0.002568    0.093484 ^ clkbuf_2_2__f_clk/A (sg13g2_buf_8)
     8    0.031727    0.029025    0.075856    0.169340 ^ clkbuf_2_2__f_clk/X (sg13g2_buf_8)
                                                         clknet_2_2__leaf_clk (net)
                      0.029051    0.001419    0.170759 ^ B[9]$_SDFFE_PP1P_/CLK (sg13g2_dfrbpq_1)
     3    0.010390    0.040507    0.182058    0.352817 v B[9]$_SDFFE_PP1P_/Q (sg13g2_dfrbpq_1)
                                                         net42 (net)
                      0.040508    0.000276    0.353093 v output26/A (sg13g2_buf_1)
     1    0.007528    0.032835    0.077945    0.431039 v output26/X (sg13g2_buf_1)
                                                         B[9] (net)
                      0.032838    0.000335    0.431374 v B[9] (out)
                                              0.431374   data arrival time

                                  0.000000    0.000000   clock clk (rise edge)
                                  0.000000    0.000000   clock network delay (propagated)
                                  0.250000    0.250000   clock uncertainty
                                  0.000000    0.250000   clock reconvergence pessimism
                                 -2.000000   -1.750000   output external delay
                                             -1.750000   data required time
---------------------------------------------------------------------------------------------
                                             -1.750000   data required time
                                             -0.431374   data arrival time
---------------------------------------------------------------------------------------------
                                              2.181374   slack (MET)


Startpoint: B[3]$_SDFFE_PP1P_ (rising edge-triggered flip-flop clocked by clk)
Endpoint: B[3] (output port clocked by clk)
Path Group: clk
Path Type: min

Fanout         Cap        Slew       Delay        Time   Description
---------------------------------------------------------------------------------------------
                                  0.000000    0.000000   clock clk (rise edge)
                                  0.000000    0.000000   clock source latency
     1    0.014542    0.030506    0.012754    0.012754 ^ clk (in)
                                                         clk (net)
                      0.030523    0.000000    0.012754 ^ clkbuf_0_clk/A (sg13g2_buf_8)
     4    0.046420    0.035476    0.078162    0.090916 ^ clkbuf_0_clk/X (sg13g2_buf_8)
                                                         clknet_0_clk (net)
                      0.035871    0.002856    0.093772 ^ clkbuf_2_1__f_clk/A (sg13g2_buf_8)
     7    0.029409    0.027983    0.074855    0.168627 ^ clkbuf_2_1__f_clk/X (sg13g2_buf_8)
                                                         clknet_2_1__leaf_clk (net)
                      0.028024    0.001442    0.170069 ^ B[3]$_SDFFE_PP1P_/CLK (sg13g2_dfrbpq_1)
     3    0.009965    0.039233    0.180609    0.350678 v B[3]$_SDFFE_PP1P_/Q (sg13g2_dfrbpq_1)
                                                         net36 (net)
                      0.039235    0.000309    0.350987 v output20/A (sg13g2_buf_1)
     1    0.008607    0.035937    0.080032    0.431019 v output20/X (sg13g2_buf_1)
                                                         B[3] (net)
                      0.035942    0.000419    0.431438 v B[3] (out)
                                              0.431438   data arrival time

                                  0.000000    0.000000   clock clk (rise edge)
                                  0.000000    0.000000   clock network delay (propagated)
                                  0.250000    0.250000   clock uncertainty
                                  0.000000    0.250000   clock reconvergence pessimism
                                 -2.000000   -1.750000   output external delay
                                             -1.750000   data required time
---------------------------------------------------------------------------------------------
                                             -1.750000   data required time
                                             -0.431438   data arrival time
---------------------------------------------------------------------------------------------
                                              2.181438   slack (MET)


Startpoint: BN[6]$_SDFFE_PP1P_ (rising edge-triggered flip-flop clocked by clk)
Endpoint: BN[6] (output port clocked by clk)
Path Group: clk
Path Type: min

Fanout         Cap        Slew       Delay        Time   Description
---------------------------------------------------------------------------------------------
                                  0.000000    0.000000   clock clk (rise edge)
                                  0.000000    0.000000   clock source latency
     1    0.014542    0.030506    0.012754    0.012754 ^ clk (in)
                                                         clk (net)
                      0.030523    0.000000    0.012754 ^ clkbuf_0_clk/A (sg13g2_buf_8)
     4    0.046420    0.035476    0.078162    0.090916 ^ clkbuf_0_clk/X (sg13g2_buf_8)
                                                         clknet_0_clk (net)
                      0.035889    0.002929    0.093846 ^ clkbuf_2_3__f_clk/A (sg13g2_buf_8)
     8    0.031336    0.028861    0.075767    0.169613 ^ clkbuf_2_3__f_clk/X (sg13g2_buf_8)
                                                         clknet_2_3__leaf_clk (net)
                      0.028881    0.001235    0.170848 ^ BN[6]$_SDFFE_PP1P_/CLK (sg13g2_dfrbpq_1)
     3    0.010562    0.041009    0.182405    0.353253 v BN[6]$_SDFFE_PP1P_/Q (sg13g2_dfrbpq_1)
                                                         net27 (net)
                      0.041015    0.000500    0.353753 v output11/A (sg13g2_buf_1)
     1    0.007220    0.031969    0.077283    0.431036 v output11/X (sg13g2_buf_1)
                                                         BN[6] (net)
                      0.031981    0.000574    0.431609 v BN[6] (out)
                                              0.431609   data arrival time

                                  0.000000    0.000000   clock clk (rise edge)
                                  0.000000    0.000000   clock network delay (propagated)
                                  0.250000    0.250000   clock uncertainty
                                  0.000000    0.250000   clock reconvergence pessimism
                                 -2.000000   -1.750000   output external delay
                                             -1.750000   data required time
---------------------------------------------------------------------------------------------
                                             -1.750000   data required time
                                             -0.431609   data arrival time
---------------------------------------------------------------------------------------------
                                              2.181609   slack (MET)


Startpoint: BN[3]$_SDFFE_PP1P_ (rising edge-triggered flip-flop clocked by clk)
Endpoint: BN[3] (output port clocked by clk)
Path Group: clk
Path Type: min

Fanout         Cap        Slew       Delay        Time   Description
---------------------------------------------------------------------------------------------
                                  0.000000    0.000000   clock clk (rise edge)
                                  0.000000    0.000000   clock source latency
     1    0.014542    0.030506    0.012754    0.012754 ^ clk (in)
                                                         clk (net)
                      0.030523    0.000000    0.012754 ^ clkbuf_0_clk/A (sg13g2_buf_8)
     4    0.046420    0.035476    0.078162    0.090916 ^ clkbuf_0_clk/X (sg13g2_buf_8)
                                                         clknet_0_clk (net)
                      0.035871    0.002856    0.093772 ^ clkbuf_2_1__f_clk/A (sg13g2_buf_8)
     7    0.029409    0.027983    0.074855    0.168627 ^ clkbuf_2_1__f_clk/X (sg13g2_buf_8)
                                                         clknet_2_1__leaf_clk (net)
                      0.028027    0.001475    0.170102 ^ BN[3]$_SDFFE_PP1P_/CLK (sg13g2_dfrbpq_1)
     3    0.010540    0.040925    0.181996    0.352098 v BN[3]$_SDFFE_PP1P_/Q (sg13g2_dfrbpq_1)
                                                         net24 (net)
                      0.040926    0.000302    0.352400 v output8/A (sg13g2_buf_1)
     1    0.007864    0.033818    0.078951    0.431351 v output8/X (sg13g2_buf_1)
                                                         BN[3] (net)
                      0.033821    0.000354    0.431705 v BN[3] (out)
                                              0.431705   data arrival time

                                  0.000000    0.000000   clock clk (rise edge)
                                  0.000000    0.000000   clock network delay (propagated)
                                  0.250000    0.250000   clock uncertainty
                                  0.000000    0.250000   clock reconvergence pessimism
                                 -2.000000   -1.750000   output external delay
                                             -1.750000   data required time
---------------------------------------------------------------------------------------------
                                             -1.750000   data required time
                                             -0.431705   data arrival time
---------------------------------------------------------------------------------------------
                                              2.181705   slack (MET)


Startpoint: B[4]$_SDFFE_PP1P_ (rising edge-triggered flip-flop clocked by clk)
Endpoint: B[4] (output port clocked by clk)
Path Group: clk
Path Type: min

Fanout         Cap        Slew       Delay        Time   Description
---------------------------------------------------------------------------------------------
                                  0.000000    0.000000   clock clk (rise edge)
                                  0.000000    0.000000   clock source latency
     1    0.014542    0.030506    0.012754    0.012754 ^ clk (in)
                                                         clk (net)
                      0.030523    0.000000    0.012754 ^ clkbuf_0_clk/A (sg13g2_buf_8)
     4    0.046420    0.035476    0.078162    0.090916 ^ clkbuf_0_clk/X (sg13g2_buf_8)
                                                         clknet_0_clk (net)
                      0.035893    0.002945    0.093862 ^ clkbuf_2_0__f_clk/A (sg13g2_buf_8)
     8    0.031241    0.028769    0.075502    0.169364 ^ clkbuf_2_0__f_clk/X (sg13g2_buf_8)
                                                         clknet_2_0__leaf_clk (net)
                      0.028880    0.001821    0.171185 ^ B[4]$_SDFFE_PP1P_/CLK (sg13g2_dfrbpq_1)
     3    0.010206    0.039965    0.181530    0.352715 v B[4]$_SDFFE_PP1P_/Q (sg13g2_dfrbpq_1)
                                                         net37 (net)
                      0.039966    0.000286    0.353000 v output21/A (sg13g2_buf_1)
     1    0.008140    0.034593    0.079217    0.432217 v output21/X (sg13g2_buf_1)
                                                         B[4] (net)
                      0.034597    0.000372    0.432589 v B[4] (out)
                                              0.432589   data arrival time

                                  0.000000    0.000000   clock clk (rise edge)
                                  0.000000    0.000000   clock network delay (propagated)
                                  0.250000    0.250000   clock uncertainty
                                  0.000000    0.250000   clock reconvergence pessimism
                                 -2.000000   -1.750000   output external delay
                                             -1.750000   data required time
---------------------------------------------------------------------------------------------
                                             -1.750000   data required time
                                             -0.432589   data arrival time
---------------------------------------------------------------------------------------------
                                              2.182590   slack (MET)


Startpoint: BN[7]$_SDFFE_PP1P_ (rising edge-triggered flip-flop clocked by clk)
Endpoint: BN[7] (output port clocked by clk)
Path Group: clk
Path Type: min

Fanout         Cap        Slew       Delay        Time   Description
---------------------------------------------------------------------------------------------
                                  0.000000    0.000000   clock clk (rise edge)
                                  0.000000    0.000000   clock source latency
     1    0.014542    0.030506    0.012754    0.012754 ^ clk (in)
                                                         clk (net)
                      0.030523    0.000000    0.012754 ^ clkbuf_0_clk/A (sg13g2_buf_8)
     4    0.046420    0.035476    0.078162    0.090916 ^ clkbuf_0_clk/X (sg13g2_buf_8)
                                                         clknet_0_clk (net)
                      0.035889    0.002929    0.093846 ^ clkbuf_2_3__f_clk/A (sg13g2_buf_8)
     8    0.031336    0.028861    0.075767    0.169613 ^ clkbuf_2_3__f_clk/X (sg13g2_buf_8)
                                                         clknet_2_3__leaf_clk (net)
                      0.028882    0.001254    0.170867 ^ BN[7]$_SDFFE_PP1P_/CLK (sg13g2_dfrbpq_1)
     3    0.010382    0.040465    0.182014    0.352881 v BN[7]$_SDFFE_PP1P_/Q (sg13g2_dfrbpq_1)
                                                         net28 (net)
                      0.040467    0.000334    0.353215 v output12/A (sg13g2_buf_1)
     1    0.008284    0.035024    0.079785    0.433001 v output12/X (sg13g2_buf_1)
                                                         BN[7] (net)
                      0.035027    0.000379    0.433379 v BN[7] (out)
                                              0.433379   data arrival time

                                  0.000000    0.000000   clock clk (rise edge)
                                  0.000000    0.000000   clock network delay (propagated)
                                  0.250000    0.250000   clock uncertainty
                                  0.000000    0.250000   clock reconvergence pessimism
                                 -2.000000   -1.750000   output external delay
                                             -1.750000   data required time
---------------------------------------------------------------------------------------------
                                             -1.750000   data required time
                                             -0.433379   data arrival time
---------------------------------------------------------------------------------------------
                                              2.183379   slack (MET)


Startpoint: BN[2]$_SDFFE_PP1P_ (rising edge-triggered flip-flop clocked by clk)
Endpoint: BN[2] (output port clocked by clk)
Path Group: clk
Path Type: min

Fanout         Cap        Slew       Delay        Time   Description
---------------------------------------------------------------------------------------------
                                  0.000000    0.000000   clock clk (rise edge)
                                  0.000000    0.000000   clock source latency
     1    0.014542    0.030506    0.012754    0.012754 ^ clk (in)
                                                         clk (net)
                      0.030523    0.000000    0.012754 ^ clkbuf_0_clk/A (sg13g2_buf_8)
     4    0.046420    0.035476    0.078162    0.090916 ^ clkbuf_0_clk/X (sg13g2_buf_8)
                                                         clknet_0_clk (net)
                      0.035889    0.002929    0.093846 ^ clkbuf_2_3__f_clk/A (sg13g2_buf_8)
     8    0.031336    0.028861    0.075767    0.169613 ^ clkbuf_2_3__f_clk/X (sg13g2_buf_8)
                                                         clknet_2_3__leaf_clk (net)
                      0.028882    0.001263    0.170876 ^ BN[2]$_SDFFE_PP1P_/CLK (sg13g2_dfrbpq_1)
     3    0.010133    0.039682    0.181266    0.352142 v BN[2]$_SDFFE_PP1P_/Q (sg13g2_dfrbpq_1)
                                                         net23 (net)
                      0.039692    0.000627    0.352769 v output7/A (sg13g2_buf_1)
     1    0.008750    0.036366    0.080584    0.433353 v output7/X (sg13g2_buf_1)
                                                         BN[2] (net)
                      0.036370    0.000423    0.433776 v BN[2] (out)
                                              0.433776   data arrival time

                                  0.000000    0.000000   clock clk (rise edge)
                                  0.000000    0.000000   clock network delay (propagated)
                                  0.250000    0.250000   clock uncertainty
                                  0.000000    0.250000   clock reconvergence pessimism
                                 -2.000000   -1.750000   output external delay
                                             -1.750000   data required time
---------------------------------------------------------------------------------------------
                                             -1.750000   data required time
                                             -0.433776   data arrival time
---------------------------------------------------------------------------------------------
                                              2.183776   slack (MET)


Startpoint: BN[10]$_SDFFE_PP1P_ (rising edge-triggered flip-flop clocked by clk)
Endpoint: BN[10] (output port clocked by clk)
Path Group: clk
Path Type: min

Fanout         Cap        Slew       Delay        Time   Description
---------------------------------------------------------------------------------------------
                                  0.000000    0.000000   clock clk (rise edge)
                                  0.000000    0.000000   clock source latency
     1    0.014542    0.030506    0.012754    0.012754 ^ clk (in)
                                                         clk (net)
                      0.030523    0.000000    0.012754 ^ clkbuf_0_clk/A (sg13g2_buf_8)
     4    0.046420    0.035476    0.078162    0.090916 ^ clkbuf_0_clk/X (sg13g2_buf_8)
                                                         clknet_0_clk (net)
                      0.035889    0.002929    0.093846 ^ clkbuf_2_3__f_clk/A (sg13g2_buf_8)
     8    0.031336    0.028861    0.075767    0.169613 ^ clkbuf_2_3__f_clk/X (sg13g2_buf_8)
                                                         clknet_2_3__leaf_clk (net)
                      0.028880    0.001203    0.170816 ^ BN[10]$_SDFFE_PP1P_/CLK (sg13g2_dfrbpq_1)
     3    0.009951    0.039225    0.180891    0.351707 v BN[10]$_SDFFE_PP1P_/Q (sg13g2_dfrbpq_1)
                                                         net20 (net)
                      0.039232    0.000527    0.352234 v output4/A (sg13g2_buf_1)
     1    0.009371    0.038181    0.081850    0.434085 v output4/X (sg13g2_buf_1)
                                                         BN[10] (net)
                      0.038191    0.000596    0.434681 v BN[10] (out)
                                              0.434681   data arrival time

                                  0.000000    0.000000   clock clk (rise edge)
                                  0.000000    0.000000   clock network delay (propagated)
                                  0.250000    0.250000   clock uncertainty
                                  0.000000    0.250000   clock reconvergence pessimism
                                 -2.000000   -1.750000   output external delay
                                             -1.750000   data required time
---------------------------------------------------------------------------------------------
                                             -1.750000   data required time
                                             -0.434681   data arrival time
---------------------------------------------------------------------------------------------
                                              2.184680   slack (MET)


Startpoint: B[6]$_SDFFE_PP1P_ (rising edge-triggered flip-flop clocked by clk)
Endpoint: B[6] (output port clocked by clk)
Path Group: clk
Path Type: min

Fanout         Cap        Slew       Delay        Time   Description
---------------------------------------------------------------------------------------------
                                  0.000000    0.000000   clock clk (rise edge)
                                  0.000000    0.000000   clock source latency
     1    0.014542    0.030506    0.012754    0.012754 ^ clk (in)
                                                         clk (net)
                      0.030523    0.000000    0.012754 ^ clkbuf_0_clk/A (sg13g2_buf_8)
     4    0.046420    0.035476    0.078162    0.090916 ^ clkbuf_0_clk/X (sg13g2_buf_8)
                                                         clknet_0_clk (net)
                      0.035889    0.002929    0.093846 ^ clkbuf_2_3__f_clk/A (sg13g2_buf_8)
     8    0.031336    0.028861    0.075767    0.169613 ^ clkbuf_2_3__f_clk/X (sg13g2_buf_8)
                                                         clknet_2_3__leaf_clk (net)
                      0.028881    0.001229    0.170842 ^ B[6]$_SDFFE_PP1P_/CLK (sg13g2_dfrbpq_1)
     3    0.009884    0.039025    0.180740    0.351582 v B[6]$_SDFFE_PP1P_/Q (sg13g2_dfrbpq_1)
                                                         net39 (net)
                      0.039032    0.000528    0.352109 v output23/A (sg13g2_buf_1)
     1    0.009463    0.038446    0.081992    0.434102 v output23/X (sg13g2_buf_1)
                                                         B[6] (net)
                      0.038456    0.000600    0.434702 v B[6] (out)
                                              0.434702   data arrival time

                                  0.000000    0.000000   clock clk (rise edge)
                                  0.000000    0.000000   clock network delay (propagated)
                                  0.250000    0.250000   clock uncertainty
                                  0.000000    0.250000   clock reconvergence pessimism
                                 -2.000000   -1.750000   output external delay
                                             -1.750000   data required time
---------------------------------------------------------------------------------------------
                                             -1.750000   data required time
                                             -0.434702   data arrival time
---------------------------------------------------------------------------------------------
                                              2.184702   slack (MET)


Startpoint: BN[8]$_SDFFE_PP1P_ (rising edge-triggered flip-flop clocked by clk)
Endpoint: BN[8] (output port clocked by clk)
Path Group: clk
Path Type: min

Fanout         Cap        Slew       Delay        Time   Description
---------------------------------------------------------------------------------------------
                                  0.000000    0.000000   clock clk (rise edge)
                                  0.000000    0.000000   clock source latency
     1    0.014542    0.030506    0.012754    0.012754 ^ clk (in)
                                                         clk (net)
                      0.030523    0.000000    0.012754 ^ clkbuf_0_clk/A (sg13g2_buf_8)
     4    0.046420    0.035476    0.078162    0.090916 ^ clkbuf_0_clk/X (sg13g2_buf_8)
                                                         clknet_0_clk (net)
                      0.035893    0.002945    0.093862 ^ clkbuf_2_0__f_clk/A (sg13g2_buf_8)
     8    0.031241    0.028769    0.075502    0.169364 ^ clkbuf_2_0__f_clk/X (sg13g2_buf_8)
                                                         clknet_2_0__leaf_clk (net)
                      0.028876    0.001793    0.171157 ^ BN[8]$_SDFFE_PP1P_/CLK (sg13g2_dfrbpq_1)
     3    0.010666    0.041323    0.182639    0.353796 v BN[8]$_SDFFE_PP1P_/Q (sg13g2_dfrbpq_1)
                                                         net29 (net)
                      0.041324    0.000286    0.354082 v output13/A (sg13g2_buf_1)
     1    0.008545    0.035806    0.080789    0.434871 v output13/X (sg13g2_buf_1)
                                                         BN[8] (net)
                      0.035810    0.000397    0.435269 v BN[8] (out)
                                              0.435269   data arrival time

                                  0.000000    0.000000   clock clk (rise edge)
                                  0.000000    0.000000   clock network delay (propagated)
                                  0.250000    0.250000   clock uncertainty
                                  0.000000    0.250000   clock reconvergence pessimism
                                 -2.000000   -1.750000   output external delay
                                             -1.750000   data required time
---------------------------------------------------------------------------------------------
                                             -1.750000   data required time
                                             -0.435269   data arrival time
---------------------------------------------------------------------------------------------
                                              2.185269   slack (MET)


Startpoint: B[7]$_SDFFE_PP1P_ (rising edge-triggered flip-flop clocked by clk)
Endpoint: B[7] (output port clocked by clk)
Path Group: clk
Path Type: min

Fanout         Cap        Slew       Delay        Time   Description
---------------------------------------------------------------------------------------------
                                  0.000000    0.000000   clock clk (rise edge)
                                  0.000000    0.000000   clock source latency
     1    0.014542    0.030506    0.012754    0.012754 ^ clk (in)
                                                         clk (net)
                      0.030523    0.000000    0.012754 ^ clkbuf_0_clk/A (sg13g2_buf_8)
     4    0.046420    0.035476    0.078162    0.090916 ^ clkbuf_0_clk/X (sg13g2_buf_8)
                                                         clknet_0_clk (net)
                      0.035889    0.002929    0.093846 ^ clkbuf_2_3__f_clk/A (sg13g2_buf_8)
     8    0.031336    0.028861    0.075767    0.169613 ^ clkbuf_2_3__f_clk/X (sg13g2_buf_8)
                                                         clknet_2_3__leaf_clk (net)
                      0.028873    0.000911    0.170524 ^ B[7]$_SDFFE_PP1P_/CLK (sg13g2_dfrbpq_1)
     3    0.010579    0.041036    0.182510    0.353034 v B[7]$_SDFFE_PP1P_/Q (sg13g2_dfrbpq_1)
                                                         net40 (net)
                      0.041038    0.000297    0.353330 v output24/A (sg13g2_buf_1)
     1    0.009189    0.037705    0.082045    0.435375 v output24/X (sg13g2_buf_1)
                                                         B[7] (net)
                      0.037724    0.000786    0.436161 v B[7] (out)
                                              0.436161   data arrival time

                                  0.000000    0.000000   clock clk (rise edge)
                                  0.000000    0.000000   clock network delay (propagated)
                                  0.250000    0.250000   clock uncertainty
                                  0.000000    0.250000   clock reconvergence pessimism
                                 -2.000000   -1.750000   output external delay
                                             -1.750000   data required time
---------------------------------------------------------------------------------------------
                                             -1.750000   data required time
                                             -0.436161   data arrival time
---------------------------------------------------------------------------------------------
                                              2.186161   slack (MET)


Startpoint: B[0]$_SDFFE_PP1P_ (rising edge-triggered flip-flop clocked by clk)
Endpoint: B[0] (output port clocked by clk)
Path Group: clk
Path Type: min

Fanout         Cap        Slew       Delay        Time   Description
---------------------------------------------------------------------------------------------
                                  0.000000    0.000000   clock clk (rise edge)
                                  0.000000    0.000000   clock source latency
     1    0.014542    0.030506    0.012754    0.012754 ^ clk (in)
                                                         clk (net)
                      0.030523    0.000000    0.012754 ^ clkbuf_0_clk/A (sg13g2_buf_8)
     4    0.046420    0.035476    0.078162    0.090916 ^ clkbuf_0_clk/X (sg13g2_buf_8)
                                                         clknet_0_clk (net)
                      0.035893    0.002945    0.093862 ^ clkbuf_2_0__f_clk/A (sg13g2_buf_8)
     8    0.031241    0.028769    0.075502    0.169364 ^ clkbuf_2_0__f_clk/X (sg13g2_buf_8)
                                                         clknet_2_0__leaf_clk (net)
                      0.028851    0.001595    0.170959 ^ B[0]$_SDFFE_PP1P_/CLK (sg13g2_dfrbpq_1)
     3    0.011328    0.043280    0.184215    0.355174 v B[0]$_SDFFE_PP1P_/Q (sg13g2_dfrbpq_1)
                                                         net31 (net)
                      0.043286    0.000550    0.355724 v output15/A (sg13g2_buf_1)
     1    0.008434    0.035540    0.081264    0.436988 v output15/X (sg13g2_buf_1)
                                                         B[0] (net)
                      0.035550    0.000554    0.437542 v B[0] (out)
                                              0.437542   data arrival time

                                  0.000000    0.000000   clock clk (rise edge)
                                  0.000000    0.000000   clock network delay (propagated)
                                  0.250000    0.250000   clock uncertainty
                                  0.000000    0.250000   clock reconvergence pessimism
                                 -2.000000   -1.750000   output external delay
                                             -1.750000   data required time
---------------------------------------------------------------------------------------------
                                             -1.750000   data required time
                                             -0.437542   data arrival time
---------------------------------------------------------------------------------------------
                                              2.187542   slack (MET)


Startpoint: B[8]$_SDFFE_PP1P_ (rising edge-triggered flip-flop clocked by clk)
Endpoint: B[8] (output port clocked by clk)
Path Group: clk
Path Type: min

Fanout         Cap        Slew       Delay        Time   Description
---------------------------------------------------------------------------------------------
                                  0.000000    0.000000   clock clk (rise edge)
                                  0.000000    0.000000   clock source latency
     1    0.014542    0.030506    0.012754    0.012754 ^ clk (in)
                                                         clk (net)
                      0.030523    0.000000    0.012754 ^ clkbuf_0_clk/A (sg13g2_buf_8)
     4    0.046420    0.035476    0.078162    0.090916 ^ clkbuf_0_clk/X (sg13g2_buf_8)
                                                         clknet_0_clk (net)
                      0.035893    0.002945    0.093862 ^ clkbuf_2_0__f_clk/A (sg13g2_buf_8)
     8    0.031241    0.028769    0.075502    0.169364 ^ clkbuf_2_0__f_clk/X (sg13g2_buf_8)
                                                         clknet_2_0__leaf_clk (net)
                      0.028876    0.001788    0.171152 ^ B[8]$_SDFFE_PP1P_/CLK (sg13g2_dfrbpq_1)
     3    0.010900    0.042010    0.183212    0.354363 v B[8]$_SDFFE_PP1P_/Q (sg13g2_dfrbpq_1)
                                                         net41 (net)
                      0.042017    0.000556    0.354920 v output25/A (sg13g2_buf_1)
     1    0.009064    0.037342    0.082342    0.437262 v output25/X (sg13g2_buf_1)
                                                         B[8] (net)
                      0.037348    0.000448    0.437710 v B[8] (out)
                                              0.437710   data arrival time

                                  0.000000    0.000000   clock clk (rise edge)
                                  0.000000    0.000000   clock network delay (propagated)
                                  0.250000    0.250000   clock uncertainty
                                  0.000000    0.250000   clock reconvergence pessimism
                                 -2.000000   -1.750000   output external delay
                                             -1.750000   data required time
---------------------------------------------------------------------------------------------
                                             -1.750000   data required time
                                             -0.437710   data arrival time
---------------------------------------------------------------------------------------------
                                              2.187710   slack (MET)


Startpoint: B[2]$_SDFFE_PP1P_ (rising edge-triggered flip-flop clocked by clk)
Endpoint: B[2] (output port clocked by clk)
Path Group: clk
Path Type: min

Fanout         Cap        Slew       Delay        Time   Description
---------------------------------------------------------------------------------------------
                                  0.000000    0.000000   clock clk (rise edge)
                                  0.000000    0.000000   clock source latency
     1    0.014542    0.030506    0.012754    0.012754 ^ clk (in)
                                                         clk (net)
                      0.030523    0.000000    0.012754 ^ clkbuf_0_clk/A (sg13g2_buf_8)
     4    0.046420    0.035476    0.078162    0.090916 ^ clkbuf_0_clk/X (sg13g2_buf_8)
                                                         clknet_0_clk (net)
                      0.035889    0.002929    0.093846 ^ clkbuf_2_3__f_clk/A (sg13g2_buf_8)
     8    0.031336    0.028861    0.075767    0.169613 ^ clkbuf_2_3__f_clk/X (sg13g2_buf_8)
                                                         clknet_2_3__leaf_clk (net)
                      0.028872    0.000838    0.170451 ^ B[2]$_SDFFE_PP1P_/CLK (sg13g2_dfrbpq_1)
     3    0.011175    0.042805    0.183917    0.354368 v B[2]$_SDFFE_PP1P_/Q (sg13g2_dfrbpq_1)
                                                         net35 (net)
                      0.042807    0.000371    0.354739 v output19/A (sg13g2_buf_1)
     1    0.009380    0.038361    0.083451    0.438190 v output19/X (sg13g2_buf_1)
                                                         B[2] (net)
                      0.038367    0.000460    0.438650 v B[2] (out)
                                              0.438650   data arrival time

                                  0.000000    0.000000   clock clk (rise edge)
                                  0.000000    0.000000   clock network delay (propagated)
                                  0.250000    0.250000   clock uncertainty
                                  0.000000    0.250000   clock reconvergence pessimism
                                 -2.000000   -1.750000   output external delay
                                             -1.750000   data required time
---------------------------------------------------------------------------------------------
                                             -1.750000   data required time
                                             -0.438650   data arrival time
---------------------------------------------------------------------------------------------
                                              2.188650   slack (MET)


Startpoint: BN[11]$_SDFFE_PP1P_ (rising edge-triggered flip-flop clocked by clk)
Endpoint: sign (output port clocked by clk)
Path Group: clk
Path Type: min

Fanout         Cap        Slew       Delay        Time   Description
---------------------------------------------------------------------------------------------
                                  0.000000    0.000000   clock clk (rise edge)
                                  0.000000    0.000000   clock source latency
     1    0.014542    0.030506    0.012754    0.012754 ^ clk (in)
                                                         clk (net)
                      0.030523    0.000000    0.012754 ^ clkbuf_0_clk/A (sg13g2_buf_8)
     4    0.046420    0.035476    0.078162    0.090916 ^ clkbuf_0_clk/X (sg13g2_buf_8)
                                                         clknet_0_clk (net)
                      0.035871    0.002856    0.093772 ^ clkbuf_2_1__f_clk/A (sg13g2_buf_8)
     7    0.029409    0.027983    0.074855    0.168627 ^ clkbuf_2_1__f_clk/X (sg13g2_buf_8)
                                                         clknet_2_1__leaf_clk (net)
                      0.028028    0.001485    0.170112 ^ BN[11]$_SDFFE_PP1P_/CLK (sg13g2_dfrbpq_1)
     4    0.011938    0.045053    0.185386    0.355498 v BN[11]$_SDFFE_PP1P_/Q (sg13g2_dfrbpq_1)
                                                         net55 (net)
                      0.045058    0.000463    0.355961 v output39/A (sg13g2_buf_1)
     1    0.008617    0.036106    0.082555    0.438516 v output39/X (sg13g2_buf_1)
                                                         sign (net)
                      0.036110    0.000405    0.438920 v sign (out)
                                              0.438920   data arrival time

                                  0.000000    0.000000   clock clk (rise edge)
                                  0.000000    0.000000   clock network delay (propagated)
                                  0.250000    0.250000   clock uncertainty
                                  0.000000    0.250000   clock reconvergence pessimism
                                 -2.000000   -1.750000   output external delay
                                             -1.750000   data required time
---------------------------------------------------------------------------------------------
                                             -1.750000   data required time
                                             -0.438920   data arrival time
---------------------------------------------------------------------------------------------
                                              2.188920   slack (MET)


Startpoint: BN[11]$_SDFFE_PP1P_ (rising edge-triggered flip-flop clocked by clk)
Endpoint: BN[11] (output port clocked by clk)
Path Group: clk
Path Type: min

Fanout         Cap        Slew       Delay        Time   Description
---------------------------------------------------------------------------------------------
                                  0.000000    0.000000   clock clk (rise edge)
                                  0.000000    0.000000   clock source latency
     1    0.014542    0.030506    0.012754    0.012754 ^ clk (in)
                                                         clk (net)
                      0.030523    0.000000    0.012754 ^ clkbuf_0_clk/A (sg13g2_buf_8)
     4    0.046420    0.035476    0.078162    0.090916 ^ clkbuf_0_clk/X (sg13g2_buf_8)
                                                         clknet_0_clk (net)
                      0.035871    0.002856    0.093772 ^ clkbuf_2_1__f_clk/A (sg13g2_buf_8)
     7    0.029409    0.027983    0.074855    0.168627 ^ clkbuf_2_1__f_clk/X (sg13g2_buf_8)
                                                         clknet_2_1__leaf_clk (net)
                      0.028028    0.001485    0.170112 ^ BN[11]$_SDFFE_PP1P_/CLK (sg13g2_dfrbpq_1)
     4    0.011938    0.045053    0.185386    0.355498 v BN[11]$_SDFFE_PP1P_/Q (sg13g2_dfrbpq_1)
                                                         net55 (net)
                      0.045055    0.000330    0.355828 v _204_/A (sg13g2_buf_1)
     1    0.003837    0.022767    0.070802    0.426629 v _204_/X (sg13g2_buf_1)
                                                         net21 (net)
                      0.022772    0.000251    0.426881 v output5/A (sg13g2_buf_1)
     1    0.008395    0.034925    0.072304    0.499185 v output5/X (sg13g2_buf_1)
                                                         BN[11] (net)
                      0.034942    0.000728    0.499913 v BN[11] (out)
                                              0.499913   data arrival time

                                  0.000000    0.000000   clock clk (rise edge)
                                  0.000000    0.000000   clock network delay (propagated)
                                  0.250000    0.250000   clock uncertainty
                                  0.000000    0.250000   clock reconvergence pessimism
                                 -2.000000   -1.750000   output external delay
                                             -1.750000   data required time
---------------------------------------------------------------------------------------------
                                             -1.750000   data required time
                                             -0.499913   data arrival time
---------------------------------------------------------------------------------------------
                                              2.249913   slack (MET)


Startpoint: BN[11]$_SDFFE_PP1P_ (rising edge-triggered flip-flop clocked by clk)
Endpoint: D[0] (output port clocked by clk)
Path Group: clk
Path Type: min

Fanout         Cap        Slew       Delay        Time   Description
---------------------------------------------------------------------------------------------
                                  0.000000    0.000000   clock clk (rise edge)
                                  0.000000    0.000000   clock source latency
     1    0.014542    0.030506    0.012754    0.012754 ^ clk (in)
                                                         clk (net)
                      0.030523    0.000000    0.012754 ^ clkbuf_0_clk/A (sg13g2_buf_8)
     4    0.046420    0.035476    0.078162    0.090916 ^ clkbuf_0_clk/X (sg13g2_buf_8)
                                                         clknet_0_clk (net)
                      0.035871    0.002856    0.093772 ^ clkbuf_2_1__f_clk/A (sg13g2_buf_8)
     7    0.029409    0.027983    0.074855    0.168627 ^ clkbuf_2_1__f_clk/X (sg13g2_buf_8)
                                                         clknet_2_1__leaf_clk (net)
                      0.028028    0.001485    0.170112 ^ BN[11]$_SDFFE_PP1P_/CLK (sg13g2_dfrbpq_1)
     4    0.012122    0.058181    0.193074    0.363187 ^ BN[11]$_SDFFE_PP1P_/Q (sg13g2_dfrbpq_1)
                                                         net55 (net)
                      0.058181    0.000317    0.363504 ^ _153_/B (sg13g2_or2_1)
     1    0.003334    0.024492    0.076335    0.439839 ^ _153_/X (sg13g2_or2_1)
                                                         net43 (net)
                      0.024496    0.000246    0.440085 ^ output27/A (sg13g2_buf_1)
     1    0.008973    0.045061    0.075204    0.515289 ^ output27/X (sg13g2_buf_1)
                                                         D[0] (net)
                      0.045075    0.000763    0.516051 ^ D[0] (out)
                                              0.516051   data arrival time

                                  0.000000    0.000000   clock clk (rise edge)
                                  0.000000    0.000000   clock network delay (propagated)
                                  0.250000    0.250000   clock uncertainty
                                  0.000000    0.250000   clock reconvergence pessimism
                                 -2.000000   -1.750000   output external delay
                                             -1.750000   data required time
---------------------------------------------------------------------------------------------
                                             -1.750000   data required time
                                             -0.516051   data arrival time
---------------------------------------------------------------------------------------------
                                              2.266051   slack (MET)


Startpoint: B[5]$_SDFFE_PP1P_ (rising edge-triggered flip-flop clocked by clk)
Endpoint: D[6] (output port clocked by clk)
Path Group: clk
Path Type: min

Fanout         Cap        Slew       Delay        Time   Description
---------------------------------------------------------------------------------------------
                                  0.000000    0.000000   clock clk (rise edge)
                                  0.000000    0.000000   clock source latency
     1    0.014542    0.030506    0.012754    0.012754 ^ clk (in)
                                                         clk (net)
                      0.030523    0.000000    0.012754 ^ clkbuf_0_clk/A (sg13g2_buf_8)
     4    0.046420    0.035476    0.078162    0.090916 ^ clkbuf_0_clk/X (sg13g2_buf_8)
                                                         clknet_0_clk (net)
                      0.035802    0.002568    0.093484 ^ clkbuf_2_2__f_clk/A (sg13g2_buf_8)
     8    0.031727    0.029025    0.075856    0.169340 ^ clkbuf_2_2__f_clk/X (sg13g2_buf_8)
                                                         clknet_2_2__leaf_clk (net)
                      0.029035    0.000798    0.170139 ^ B[5]$_SDFFE_PP1P_/CLK (sg13g2_dfrbpq_1)
     3    0.009464    0.048034    0.185863    0.356002 ^ B[5]$_SDFFE_PP1P_/Q (sg13g2_dfrbpq_1)
                                                         net38 (net)
                      0.048035    0.000301    0.356303 ^ _161_/A1 (sg13g2_mux2_1)
     1    0.002813    0.027150    0.092345    0.448648 ^ _161_/X (sg13g2_mux2_1)
                                                         net51 (net)
                      0.027150    0.000110    0.448758 ^ output35/A (sg13g2_buf_1)
     1    0.008483    0.043304    0.075151    0.523909 ^ output35/X (sg13g2_buf_1)
                                                         D[6] (net)
                      0.043305    0.000266    0.524175 ^ D[6] (out)
                                              0.524175   data arrival time

                                  0.000000    0.000000   clock clk (rise edge)
                                  0.000000    0.000000   clock network delay (propagated)
                                  0.250000    0.250000   clock uncertainty
                                  0.000000    0.250000   clock reconvergence pessimism
                                 -2.000000   -1.750000   output external delay
                                             -1.750000   data required time
---------------------------------------------------------------------------------------------
                                             -1.750000   data required time
                                             -0.524175   data arrival time
---------------------------------------------------------------------------------------------
                                              2.274175   slack (MET)


Startpoint: B[1]$_SDFFE_PP1P_ (rising edge-triggered flip-flop clocked by clk)
Endpoint: D[2] (output port clocked by clk)
Path Group: clk
Path Type: min

Fanout         Cap        Slew       Delay        Time   Description
---------------------------------------------------------------------------------------------
                                  0.000000    0.000000   clock clk (rise edge)
                                  0.000000    0.000000   clock source latency
     1    0.014542    0.030506    0.012754    0.012754 ^ clk (in)
                                                         clk (net)
                      0.030523    0.000000    0.012754 ^ clkbuf_0_clk/A (sg13g2_buf_8)
     4    0.046420    0.035476    0.078162    0.090916 ^ clkbuf_0_clk/X (sg13g2_buf_8)
                                                         clknet_0_clk (net)
                      0.035893    0.002945    0.093862 ^ clkbuf_2_0__f_clk/A (sg13g2_buf_8)
     8    0.031241    0.028769    0.075502    0.169364 ^ clkbuf_2_0__f_clk/X (sg13g2_buf_8)
                                                         clknet_2_0__leaf_clk (net)
                      0.028884    0.001848    0.171212 ^ B[1]$_SDFFE_PP1P_/CLK (sg13g2_dfrbpq_1)
     3    0.010082    0.050311    0.187513    0.358725 ^ B[1]$_SDFFE_PP1P_/Q (sg13g2_dfrbpq_1)
                                                         net34 (net)
                      0.050317    0.000564    0.359289 ^ _157_/A1 (sg13g2_mux2_1)
     1    0.003977    0.031239    0.097096    0.456385 ^ _157_/X (sg13g2_mux2_1)
                                                         net47 (net)
                      0.031244    0.000294    0.456679 ^ output31/A (sg13g2_buf_1)
     1    0.006857    0.037066    0.072020    0.528699 ^ output31/X (sg13g2_buf_1)
                                                         D[2] (net)
                      0.037074    0.000543    0.529242 ^ D[2] (out)
                                              0.529242   data arrival time

                                  0.000000    0.000000   clock clk (rise edge)
                                  0.000000    0.000000   clock network delay (propagated)
                                  0.250000    0.250000   clock uncertainty
                                  0.000000    0.250000   clock reconvergence pessimism
                                 -2.000000   -1.750000   output external delay
                                             -1.750000   data required time
---------------------------------------------------------------------------------------------
                                             -1.750000   data required time
                                             -0.529242   data arrival time
---------------------------------------------------------------------------------------------
                                              2.279242   slack (MET)


Startpoint: B[6]$_SDFFE_PP1P_ (rising edge-triggered flip-flop clocked by clk)
Endpoint: D[7] (output port clocked by clk)
Path Group: clk
Path Type: min

Fanout         Cap        Slew       Delay        Time   Description
---------------------------------------------------------------------------------------------
                                  0.000000    0.000000   clock clk (rise edge)
                                  0.000000    0.000000   clock source latency
     1    0.014542    0.030506    0.012754    0.012754 ^ clk (in)
                                                         clk (net)
                      0.030523    0.000000    0.012754 ^ clkbuf_0_clk/A (sg13g2_buf_8)
     4    0.046420    0.035476    0.078162    0.090916 ^ clkbuf_0_clk/X (sg13g2_buf_8)
                                                         clknet_0_clk (net)
                      0.035889    0.002929    0.093846 ^ clkbuf_2_3__f_clk/A (sg13g2_buf_8)
     8    0.031336    0.028861    0.075767    0.169613 ^ clkbuf_2_3__f_clk/X (sg13g2_buf_8)
                                                         clknet_2_3__leaf_clk (net)
                      0.028881    0.001229    0.170842 ^ B[6]$_SDFFE_PP1P_/CLK (sg13g2_dfrbpq_1)
     3    0.009990    0.049964    0.187255    0.358097 ^ B[6]$_SDFFE_PP1P_/Q (sg13g2_dfrbpq_1)
                                                         net39 (net)
                      0.049965    0.000314    0.358411 ^ _162_/A1 (sg13g2_mux2_1)
     1    0.004644    0.033508    0.099143    0.457554 ^ _162_/X (sg13g2_mux2_1)
                                                         net52 (net)
                      0.033509    0.000313    0.457867 ^ output36/A (sg13g2_buf_1)
     1    0.006803    0.036931    0.072835    0.530702 ^ output36/X (sg13g2_buf_1)
                                                         D[7] (net)
                      0.036939    0.000540    0.531242 ^ D[7] (out)
                                              0.531242   data arrival time

                                  0.000000    0.000000   clock clk (rise edge)
                                  0.000000    0.000000   clock network delay (propagated)
                                  0.250000    0.250000   clock uncertainty
                                  0.000000    0.250000   clock reconvergence pessimism
                                 -2.000000   -1.750000   output external delay
                                             -1.750000   data required time
---------------------------------------------------------------------------------------------
                                             -1.750000   data required time
                                             -0.531242   data arrival time
---------------------------------------------------------------------------------------------
                                              2.281242   slack (MET)


Startpoint: B[10]$_SDFFE_PP1P_ (rising edge-triggered flip-flop clocked by clk)
Endpoint: D[11] (output port clocked by clk)
Path Group: clk
Path Type: min

Fanout         Cap        Slew       Delay        Time   Description
---------------------------------------------------------------------------------------------
                                  0.000000    0.000000   clock clk (rise edge)
                                  0.000000    0.000000   clock source latency
     1    0.014542    0.030506    0.012754    0.012754 ^ clk (in)
                                                         clk (net)
                      0.030523    0.000000    0.012754 ^ clkbuf_0_clk/A (sg13g2_buf_8)
     4    0.046420    0.035476    0.078162    0.090916 ^ clkbuf_0_clk/X (sg13g2_buf_8)
                                                         clknet_0_clk (net)
                      0.035802    0.002568    0.093484 ^ clkbuf_2_2__f_clk/A (sg13g2_buf_8)
     8    0.031727    0.029025    0.075856    0.169340 ^ clkbuf_2_2__f_clk/X (sg13g2_buf_8)
                                                         clknet_2_2__leaf_clk (net)
                      0.029041    0.001061    0.170401 ^ B[10]$_SDFFE_PP1P_/CLK (sg13g2_dfrbpq_1)
     3    0.008507    0.044410    0.183106    0.353507 ^ B[10]$_SDFFE_PP1P_/Q (sg13g2_dfrbpq_1)
                                                         net32 (net)
                      0.044411    0.000269    0.353776 ^ _155_/A1 (sg13g2_mux2_1)
     1    0.004794    0.034030    0.097259    0.451035 ^ _155_/X (sg13g2_mux2_1)
                                                         net45 (net)
                      0.034031    0.000341    0.451376 ^ output29/A (sg13g2_buf_1)
     1    0.009191    0.046182    0.080056    0.531432 ^ output29/X (sg13g2_buf_1)
                                                         D[11] (net)
                      0.046189    0.000582    0.532014 ^ D[11] (out)
                                              0.532014   data arrival time

                                  0.000000    0.000000   clock clk (rise edge)
                                  0.000000    0.000000   clock network delay (propagated)
                                  0.250000    0.250000   clock uncertainty
                                  0.000000    0.250000   clock reconvergence pessimism
                                 -2.000000   -1.750000   output external delay
                                             -1.750000   data required time
---------------------------------------------------------------------------------------------
                                             -1.750000   data required time
                                             -0.532014   data arrival time
---------------------------------------------------------------------------------------------
                                              2.282014   slack (MET)


Startpoint: BN[2]$_SDFFE_PP1P_ (rising edge-triggered flip-flop clocked by clk)
Endpoint: D[3] (output port clocked by clk)
Path Group: clk
Path Type: min

Fanout         Cap        Slew       Delay        Time   Description
---------------------------------------------------------------------------------------------
                                  0.000000    0.000000   clock clk (rise edge)
                                  0.000000    0.000000   clock source latency
     1    0.014542    0.030506    0.012754    0.012754 ^ clk (in)
                                                         clk (net)
                      0.030523    0.000000    0.012754 ^ clkbuf_0_clk/A (sg13g2_buf_8)
     4    0.046420    0.035476    0.078162    0.090916 ^ clkbuf_0_clk/X (sg13g2_buf_8)
                                                         clknet_0_clk (net)
                      0.035889    0.002929    0.093846 ^ clkbuf_2_3__f_clk/A (sg13g2_buf_8)
     8    0.031336    0.028861    0.075767    0.169613 ^ clkbuf_2_3__f_clk/X (sg13g2_buf_8)
                                                         clknet_2_3__leaf_clk (net)
                      0.028882    0.001263    0.170876 ^ BN[2]$_SDFFE_PP1P_/CLK (sg13g2_dfrbpq_1)
     3    0.010239    0.050906    0.187893    0.358768 ^ BN[2]$_SDFFE_PP1P_/Q (sg13g2_dfrbpq_1)
                                                         net23 (net)
                      0.050912    0.000589    0.359357 ^ _158_/A0 (sg13g2_mux2_1)
     1    0.003351    0.028958    0.099522    0.458879 ^ _158_/X (sg13g2_mux2_1)
                                                         net48 (net)
                      0.028958    0.000130    0.459008 ^ output32/A (sg13g2_buf_1)
     1    0.007472    0.039384    0.072943    0.531952 ^ output32/X (sg13g2_buf_1)
                                                         D[3] (net)
                      0.039386    0.000332    0.532284 ^ D[3] (out)
                                              0.532284   data arrival time

                                  0.000000    0.000000   clock clk (rise edge)
                                  0.000000    0.000000   clock network delay (propagated)
                                  0.250000    0.250000   clock uncertainty
                                  0.000000    0.250000   clock reconvergence pessimism
                                 -2.000000   -1.750000   output external delay
                                             -1.750000   data required time
---------------------------------------------------------------------------------------------
                                             -1.750000   data required time
                                             -0.532284   data arrival time
---------------------------------------------------------------------------------------------
                                              2.282284   slack (MET)


Startpoint: B[3]$_SDFFE_PP1P_ (rising edge-triggered flip-flop clocked by clk)
Endpoint: D[4] (output port clocked by clk)
Path Group: clk
Path Type: min

Fanout         Cap        Slew       Delay        Time   Description
---------------------------------------------------------------------------------------------
                                  0.000000    0.000000   clock clk (rise edge)
                                  0.000000    0.000000   clock source latency
     1    0.014542    0.030506    0.012754    0.012754 ^ clk (in)
                                                         clk (net)
                      0.030523    0.000000    0.012754 ^ clkbuf_0_clk/A (sg13g2_buf_8)
     4    0.046420    0.035476    0.078162    0.090916 ^ clkbuf_0_clk/X (sg13g2_buf_8)
                                                         clknet_0_clk (net)
                      0.035871    0.002856    0.093772 ^ clkbuf_2_1__f_clk/A (sg13g2_buf_8)
     7    0.029409    0.027983    0.074855    0.168627 ^ clkbuf_2_1__f_clk/X (sg13g2_buf_8)
                                                         clknet_2_1__leaf_clk (net)
                      0.028024    0.001442    0.170069 ^ B[3]$_SDFFE_PP1P_/CLK (sg13g2_dfrbpq_1)
     3    0.010072    0.050340    0.187144    0.357213 ^ B[3]$_SDFFE_PP1P_/Q (sg13g2_dfrbpq_1)
                                                         net36 (net)
                      0.050340    0.000296    0.357509 ^ _159_/A1 (sg13g2_mux2_1)
     1    0.004734    0.033834    0.099627    0.457136 ^ _159_/X (sg13g2_mux2_1)
                                                         net49 (net)
                      0.033835    0.000188    0.457324 ^ output33/A (sg13g2_buf_1)
     1    0.008341    0.042883    0.077549    0.534873 ^ output33/X (sg13g2_buf_1)
                                                         D[4] (net)
                      0.042886    0.000400    0.535273 ^ D[4] (out)
                                              0.535273   data arrival time

                                  0.000000    0.000000   clock clk (rise edge)
                                  0.000000    0.000000   clock network delay (propagated)
                                  0.250000    0.250000   clock uncertainty
                                  0.000000    0.250000   clock reconvergence pessimism
                                 -2.000000   -1.750000   output external delay
                                             -1.750000   data required time
---------------------------------------------------------------------------------------------
                                             -1.750000   data required time
                                             -0.535273   data arrival time
---------------------------------------------------------------------------------------------
                                              2.285273   slack (MET)


Startpoint: BN[0]$_SDFFE_PP1P_ (rising edge-triggered flip-flop clocked by clk)
Endpoint: D[1] (output port clocked by clk)
Path Group: clk
Path Type: min

Fanout         Cap        Slew       Delay        Time   Description
---------------------------------------------------------------------------------------------
                                  0.000000    0.000000   clock clk (rise edge)
                                  0.000000    0.000000   clock source latency
     1    0.014542    0.030506    0.012754    0.012754 ^ clk (in)
                                                         clk (net)
                      0.030523    0.000000    0.012754 ^ clkbuf_0_clk/A (sg13g2_buf_8)
     4    0.046420    0.035476    0.078162    0.090916 ^ clkbuf_0_clk/X (sg13g2_buf_8)
                                                         clknet_0_clk (net)
                      0.035893    0.002945    0.093862 ^ clkbuf_2_0__f_clk/A (sg13g2_buf_8)
     8    0.031241    0.028769    0.075502    0.169364 ^ clkbuf_2_0__f_clk/X (sg13g2_buf_8)
                                                         clknet_2_0__leaf_clk (net)
                      0.028849    0.001578    0.170942 ^ BN[0]$_SDFFE_PP1P_/CLK (sg13g2_dfrbpq_1)
     3    0.010213    0.050810    0.187868    0.358809 ^ BN[0]$_SDFFE_PP1P_/Q (sg13g2_dfrbpq_1)
                                                         net19 (net)
                      0.050814    0.000531    0.359341 ^ _156_/A0 (sg13g2_mux2_1)
     1    0.003370    0.029120    0.099537    0.458878 ^ _156_/X (sg13g2_mux2_1)
                                                         net46 (net)
                      0.029120    0.000130    0.459008 ^ output30/A (sg13g2_buf_1)
     1    0.008543    0.043525    0.076032    0.535040 ^ output30/X (sg13g2_buf_1)
                                                         D[1] (net)
                      0.043532    0.000569    0.535609 ^ D[1] (out)
                                              0.535609   data arrival time

                                  0.000000    0.000000   clock clk (rise edge)
                                  0.000000    0.000000   clock network delay (propagated)
                                  0.250000    0.250000   clock uncertainty
                                  0.000000    0.250000   clock reconvergence pessimism
                                 -2.000000   -1.750000   output external delay
                                             -1.750000   data required time
---------------------------------------------------------------------------------------------
                                             -1.750000   data required time
                                             -0.535609   data arrival time
---------------------------------------------------------------------------------------------
                                              2.285609   slack (MET)


Startpoint: B[4]$_SDFFE_PP1P_ (rising edge-triggered flip-flop clocked by clk)
Endpoint: D[5] (output port clocked by clk)
Path Group: clk
Path Type: min

Fanout         Cap        Slew       Delay        Time   Description
---------------------------------------------------------------------------------------------
                                  0.000000    0.000000   clock clk (rise edge)
                                  0.000000    0.000000   clock source latency
     1    0.014542    0.030506    0.012754    0.012754 ^ clk (in)
                                                         clk (net)
                      0.030523    0.000000    0.012754 ^ clkbuf_0_clk/A (sg13g2_buf_8)
     4    0.046420    0.035476    0.078162    0.090916 ^ clkbuf_0_clk/X (sg13g2_buf_8)
                                                         clknet_0_clk (net)
                      0.035893    0.002945    0.093862 ^ clkbuf_2_0__f_clk/A (sg13g2_buf_8)
     8    0.031241    0.028769    0.075502    0.169364 ^ clkbuf_2_0__f_clk/X (sg13g2_buf_8)
                                                         clknet_2_0__leaf_clk (net)
                      0.028880    0.001821    0.171185 ^ B[4]$_SDFFE_PP1P_/CLK (sg13g2_dfrbpq_1)
     3    0.010312    0.051266    0.188186    0.359371 ^ B[4]$_SDFFE_PP1P_/Q (sg13g2_dfrbpq_1)
                                                         net37 (net)
                      0.051271    0.000529    0.359900 ^ _160_/A1 (sg13g2_mux2_1)
     1    0.004111    0.031712    0.097947    0.457846 ^ _160_/X (sg13g2_mux2_1)
                                                         net50 (net)
                      0.031717    0.000289    0.458136 ^ output34/A (sg13g2_buf_1)
     1    0.008825    0.044703    0.078049    0.536185 ^ output34/X (sg13g2_buf_1)
                                                         D[5] (net)
                      0.044706    0.000430    0.536615 ^ D[5] (out)
                                              0.536615   data arrival time

                                  0.000000    0.000000   clock clk (rise edge)
                                  0.000000    0.000000   clock network delay (propagated)
                                  0.250000    0.250000   clock uncertainty
                                  0.000000    0.250000   clock reconvergence pessimism
                                 -2.000000   -1.750000   output external delay
                                             -1.750000   data required time
---------------------------------------------------------------------------------------------
                                             -1.750000   data required time
                                             -0.536615   data arrival time
---------------------------------------------------------------------------------------------
                                              2.286615   slack (MET)


Startpoint: B[8]$_SDFFE_PP1P_ (rising edge-triggered flip-flop clocked by clk)
Endpoint: D[9] (output port clocked by clk)
Path Group: clk
Path Type: min

Fanout         Cap        Slew       Delay        Time   Description
---------------------------------------------------------------------------------------------
                                  0.000000    0.000000   clock clk (rise edge)
                                  0.000000    0.000000   clock source latency
     1    0.014542    0.030506    0.012754    0.012754 ^ clk (in)
                                                         clk (net)
                      0.030523    0.000000    0.012754 ^ clkbuf_0_clk/A (sg13g2_buf_8)
     4    0.046420    0.035476    0.078162    0.090916 ^ clkbuf_0_clk/X (sg13g2_buf_8)
                                                         clknet_0_clk (net)
                      0.035893    0.002945    0.093862 ^ clkbuf_2_0__f_clk/A (sg13g2_buf_8)
     8    0.031241    0.028769    0.075502    0.169364 ^ clkbuf_2_0__f_clk/X (sg13g2_buf_8)
                                                         clknet_2_0__leaf_clk (net)
                      0.028876    0.001788    0.171152 ^ B[8]$_SDFFE_PP1P_/CLK (sg13g2_dfrbpq_1)
     3    0.011006    0.053918    0.190195    0.361347 ^ B[8]$_SDFFE_PP1P_/Q (sg13g2_dfrbpq_1)
                                                         net41 (net)
                      0.053919    0.000317    0.361664 ^ _164_/A1 (sg13g2_mux2_1)
     1    0.004724    0.033879    0.101079    0.462743 ^ _164_/X (sg13g2_mux2_1)
                                                         net54 (net)
                      0.033880    0.000335    0.463078 ^ output38/A (sg13g2_buf_1)
     1    0.007828    0.040904    0.076093    0.539171 ^ output38/X (sg13g2_buf_1)
                                                         D[9] (net)
                      0.040906    0.000350    0.539521 ^ D[9] (out)
                                              0.539521   data arrival time

                                  0.000000    0.000000   clock clk (rise edge)
                                  0.000000    0.000000   clock network delay (propagated)
                                  0.250000    0.250000   clock uncertainty
                                  0.000000    0.250000   clock reconvergence pessimism
                                 -2.000000   -1.750000   output external delay
                                             -1.750000   data required time
---------------------------------------------------------------------------------------------
                                             -1.750000   data required time
                                             -0.539521   data arrival time
---------------------------------------------------------------------------------------------
                                              2.289521   slack (MET)


Startpoint: B[9]$_SDFFE_PP1P_ (rising edge-triggered flip-flop clocked by clk)
Endpoint: D[10] (output port clocked by clk)
Path Group: clk
Path Type: min

Fanout         Cap        Slew       Delay        Time   Description
---------------------------------------------------------------------------------------------
                                  0.000000    0.000000   clock clk (rise edge)
                                  0.000000    0.000000   clock source latency
     1    0.014542    0.030506    0.012754    0.012754 ^ clk (in)
                                                         clk (net)
                      0.030523    0.000000    0.012754 ^ clkbuf_0_clk/A (sg13g2_buf_8)
     4    0.046420    0.035476    0.078162    0.090916 ^ clkbuf_0_clk/X (sg13g2_buf_8)
                                                         clknet_0_clk (net)
                      0.035802    0.002568    0.093484 ^ clkbuf_2_2__f_clk/A (sg13g2_buf_8)
     8    0.031727    0.029025    0.075856    0.169340 ^ clkbuf_2_2__f_clk/X (sg13g2_buf_8)
                                                         clknet_2_2__leaf_clk (net)
                      0.029051    0.001419    0.170759 ^ B[9]$_SDFFE_PP1P_/CLK (sg13g2_dfrbpq_1)
     3    0.010496    0.051969    0.188801    0.359560 ^ B[9]$_SDFFE_PP1P_/Q (sg13g2_dfrbpq_1)
                                                         net42 (net)
                      0.051974    0.000535    0.360096 ^ _154_/A1 (sg13g2_mux2_1)
     1    0.005337    0.036029    0.102248    0.462344 ^ _154_/X (sg13g2_mux2_1)
                                                         net44 (net)
                      0.036030    0.000389    0.462733 ^ output28/A (sg13g2_buf_1)
     1    0.007815    0.040916    0.076966    0.539699 ^ output28/X (sg13g2_buf_1)
                                                         D[10] (net)
                      0.040918    0.000363    0.540062 ^ D[10] (out)
                                              0.540062   data arrival time

                                  0.000000    0.000000   clock clk (rise edge)
                                  0.000000    0.000000   clock network delay (propagated)
                                  0.250000    0.250000   clock uncertainty
                                  0.000000    0.250000   clock reconvergence pessimism
                                 -2.000000   -1.750000   output external delay
                                             -1.750000   data required time
---------------------------------------------------------------------------------------------
                                             -1.750000   data required time
                                             -0.540062   data arrival time
---------------------------------------------------------------------------------------------
                                              2.290062   slack (MET)


Startpoint: B[7]$_SDFFE_PP1P_ (rising edge-triggered flip-flop clocked by clk)
Endpoint: D[8] (output port clocked by clk)
Path Group: clk
Path Type: min

Fanout         Cap        Slew       Delay        Time   Description
---------------------------------------------------------------------------------------------
                                  0.000000    0.000000   clock clk (rise edge)
                                  0.000000    0.000000   clock source latency
     1    0.014542    0.030506    0.012754    0.012754 ^ clk (in)
                                                         clk (net)
                      0.030523    0.000000    0.012754 ^ clkbuf_0_clk/A (sg13g2_buf_8)
     4    0.046420    0.035476    0.078162    0.090916 ^ clkbuf_0_clk/X (sg13g2_buf_8)
                                                         clknet_0_clk (net)
                      0.035889    0.002929    0.093846 ^ clkbuf_2_3__f_clk/A (sg13g2_buf_8)
     8    0.031336    0.028861    0.075767    0.169613 ^ clkbuf_2_3__f_clk/X (sg13g2_buf_8)
                                                         clknet_2_3__leaf_clk (net)
                      0.028873    0.000911    0.170524 ^ B[7]$_SDFFE_PP1P_/CLK (sg13g2_dfrbpq_1)
     3    0.010686    0.052680    0.189336    0.359859 ^ B[7]$_SDFFE_PP1P_/Q (sg13g2_dfrbpq_1)
                                                         net40 (net)
                      0.052681    0.000300    0.360160 ^ _163_/A1 (sg13g2_mux2_1)
     1    0.004548    0.033178    0.100012    0.460172 ^ _163_/X (sg13g2_mux2_1)
                                                         net53 (net)
                      0.033178    0.000180    0.460352 ^ output37/A (sg13g2_buf_1)
     1    0.009224    0.046293    0.079841    0.540193 ^ output37/X (sg13g2_buf_1)
                                                         D[8] (net)
                      0.046297    0.000449    0.540642 ^ D[8] (out)
                                              0.540642   data arrival time

                                  0.000000    0.000000   clock clk (rise edge)
                                  0.000000    0.000000   clock network delay (propagated)
                                  0.250000    0.250000   clock uncertainty
                                  0.000000    0.250000   clock reconvergence pessimism
                                 -2.000000   -1.750000   output external delay
                                             -1.750000   data required time
---------------------------------------------------------------------------------------------
                                             -1.750000   data required time
                                             -0.540642   data arrival time
---------------------------------------------------------------------------------------------
                                              2.290642   slack (MET)


Startpoint: B[11]$_SDFFE_PP1P_ (rising edge-triggered flip-flop clocked by clk)
Endpoint: B[11] (output port clocked by clk)
Path Group: clk
Path Type: min

Fanout         Cap        Slew       Delay        Time   Description
---------------------------------------------------------------------------------------------
                                  0.000000    0.000000   clock clk (rise edge)
                                  0.000000    0.000000   clock source latency
     1    0.014542    0.030506    0.012754    0.012754 ^ clk (in)
                                                         clk (net)
                      0.030523    0.000000    0.012754 ^ clkbuf_0_clk/A (sg13g2_buf_8)
     4    0.046420    0.035476    0.078162    0.090916 ^ clkbuf_0_clk/X (sg13g2_buf_8)
                                                         clknet_0_clk (net)
                      0.035802    0.002568    0.093484 ^ clkbuf_2_2__f_clk/A (sg13g2_buf_8)
     8    0.031727    0.029025    0.075856    0.169340 ^ clkbuf_2_2__f_clk/X (sg13g2_buf_8)
                                                         clknet_2_2__leaf_clk (net)
                      0.029040    0.001024    0.170365 ^ B[11]$_SDFFE_PP1P_/CLK (sg13g2_dfrbpq_2)
     2    0.011642    0.037516    0.189000    0.359365 ^ B[11]$_SDFFE_PP1P_/Q (sg13g2_dfrbpq_2)
                                                         net10 (net)
                      0.037516    0.000289    0.359654 ^ hold43/A (sg13g2_dlygate4sd3_1)
     1    0.009042    0.056069    0.382677    0.742331 ^ hold43/X (sg13g2_dlygate4sd3_1)
                                                         net126 (net)
                      0.056069    0.000371    0.742702 ^ fanout10/A (sg13g2_buf_8)
     8    0.051831    0.038974    0.092318    0.835021 ^ fanout10/X (sg13g2_buf_8)
                                                         net33 (net)
                      0.039270    0.002501    0.837521 ^ output17/A (sg13g2_buf_1)
     1    0.007078    0.038183    0.076210    0.913731 ^ output17/X (sg13g2_buf_1)
                                                         B[11] (net)
                      0.038186    0.000320    0.914052 ^ B[11] (out)
                                              0.914052   data arrival time

                                  0.000000    0.000000   clock clk (rise edge)
                                  0.000000    0.000000   clock network delay (propagated)
                                  0.250000    0.250000   clock uncertainty
                                  0.000000    0.250000   clock reconvergence pessimism
                                 -2.000000   -1.750000   output external delay
                                             -1.750000   data required time
---------------------------------------------------------------------------------------------
                                             -1.750000   data required time
                                             -0.914052   data arrival time
---------------------------------------------------------------------------------------------
                                              2.664052   slack (MET)



