
===========================================================================
report_checks -path_delay max (Setup)
============================================================================
======================= nom_typ_1p20V_25C Corner ===================================

Startpoint: Op (input port clocked by clk)
Endpoint: B[11]$_SDFFE_PP1P_ (rising edge-triggered flip-flop clocked by clk)
Path Group: clk
Path Type: max

Fanout         Cap        Slew       Delay        Time   Description
---------------------------------------------------------------------------------------------
                      0.150000    0.000000    0.000000   clock clk (rise edge)
                                  0.000000    0.000000   clock network delay (ideal)
                                  2.000000    2.000000 ^ input external delay
     3    0.010948    0.027834    0.008906    2.008906 ^ Op (in)
                                                         Op (net)
                      0.027834    0.000000    2.008906 ^ _128_/B_N (sg13g2_nor2b_1)
    12    0.037266    0.319182    0.287042    2.295948 ^ _128_/Y (sg13g2_nor2b_1)
                                                         _030_ (net)
                      0.319182    0.000000    2.295948 ^ _133_/D (sg13g2_nand4_1)
     1    0.002763    0.089347    0.166569    2.462517 v _133_/Y (sg13g2_nand4_1)
                                                         _033_ (net)
                      0.089347    0.000000    2.462517 v _134_/A2 (sg13g2_a21o_1)
     1    0.001430    0.025805    0.130147    2.592664 v _134_/X (sg13g2_a21o_1)
                                                         _014_ (net)
                      0.025805    0.000000    2.592664 v B[11]$_SDFFE_PP1P_/D (sg13g2_dfrbpq_1)
                                              2.592664   data arrival time

                      0.150000   10.000000   10.000000   clock clk (rise edge)
                                  0.000000   10.000000   clock network delay (ideal)
                                 -0.250000    9.750000   clock uncertainty
                                  0.000000    9.750000   clock reconvergence pessimism
                                              9.750000 ^ B[11]$_SDFFE_PP1P_/CLK (sg13g2_dfrbpq_1)
                                 -0.081507    9.668493   library setup time
                                              9.668493   data required time
---------------------------------------------------------------------------------------------
                                              9.668493   data required time
                                             -2.592664   data arrival time
---------------------------------------------------------------------------------------------
                                              7.075829   slack (MET)


Startpoint: Op (input port clocked by clk)
Endpoint: B[3]$_SDFFE_PP1P_ (rising edge-triggered flip-flop clocked by clk)
Path Group: clk
Path Type: max

Fanout         Cap        Slew       Delay        Time   Description
---------------------------------------------------------------------------------------------
                      0.150000    0.000000    0.000000   clock clk (rise edge)
                                  0.000000    0.000000   clock network delay (ideal)
                                  2.000000    2.000000 ^ input external delay
     3    0.010948    0.027834    0.008906    2.008906 ^ Op (in)
                                                         Op (net)
                      0.027834    0.000000    2.008906 ^ _128_/B_N (sg13g2_nor2b_1)
    12    0.037266    0.319182    0.287042    2.295948 ^ _128_/Y (sg13g2_nor2b_1)
                                                         _030_ (net)
                      0.319182    0.000000    2.295948 ^ _139_/D (sg13g2_nand4_1)
     1    0.002763    0.091166    0.166569    2.462517 v _139_/Y (sg13g2_nand4_1)
                                                         _036_ (net)
                      0.091166    0.000000    2.462517 v _140_/A2 (sg13g2_a21o_1)
     1    0.001430    0.023687    0.130876    2.593393 v _140_/X (sg13g2_a21o_1)
                                                         _017_ (net)
                      0.023687    0.000000    2.593393 v B[3]$_SDFFE_PP1P_/D (sg13g2_dfrbpq_1)
                                              2.593393   data arrival time

                      0.150000   10.000000   10.000000   clock clk (rise edge)
                                  0.000000   10.000000   clock network delay (ideal)
                                 -0.250000    9.750000   clock uncertainty
                                  0.000000    9.750000   clock reconvergence pessimism
                                              9.750000 ^ B[3]$_SDFFE_PP1P_/CLK (sg13g2_dfrbpq_1)
                                 -0.080740    9.669260   library setup time
                                              9.669260   data required time
---------------------------------------------------------------------------------------------
                                              9.669260   data required time
                                             -2.593393   data arrival time
---------------------------------------------------------------------------------------------
                                              7.075867   slack (MET)


Startpoint: Op (input port clocked by clk)
Endpoint: B[7]$_SDFFE_PP1P_ (rising edge-triggered flip-flop clocked by clk)
Path Group: clk
Path Type: max

Fanout         Cap        Slew       Delay        Time   Description
---------------------------------------------------------------------------------------------
                      0.150000    0.000000    0.000000   clock clk (rise edge)
                                  0.000000    0.000000   clock network delay (ideal)
                                  2.000000    2.000000 ^ input external delay
     3    0.010948    0.027834    0.008906    2.008906 ^ Op (in)
                                                         Op (net)
                      0.027834    0.000000    2.008906 ^ _128_/B_N (sg13g2_nor2b_1)
    12    0.037266    0.319182    0.287042    2.295948 ^ _128_/Y (sg13g2_nor2b_1)
                                                         _030_ (net)
                      0.319182    0.000000    2.295948 ^ _147_/D (sg13g2_nand4_1)
     1    0.002763    0.089004    0.166569    2.462517 v _147_/Y (sg13g2_nand4_1)
                                                         _040_ (net)
                      0.089004    0.000000    2.462517 v _148_/A2 (sg13g2_a21o_1)
     1    0.001430    0.023687    0.130009    2.592526 v _148_/X (sg13g2_a21o_1)
                                                         _021_ (net)
                      0.023687    0.000000    2.592526 v B[7]$_SDFFE_PP1P_/D (sg13g2_dfrbpq_1)
                                              2.592526   data arrival time

                      0.150000   10.000000   10.000000   clock clk (rise edge)
                                  0.000000   10.000000   clock network delay (ideal)
                                 -0.250000    9.750000   clock uncertainty
                                  0.000000    9.750000   clock reconvergence pessimism
                                              9.750000 ^ B[7]$_SDFFE_PP1P_/CLK (sg13g2_dfrbpq_1)
                                 -0.080740    9.669260   library setup time
                                              9.669260   data required time
---------------------------------------------------------------------------------------------
                                              9.669260   data required time
                                             -2.592526   data arrival time
---------------------------------------------------------------------------------------------
                                              7.076734   slack (MET)


Startpoint: Om (input port clocked by clk)
Endpoint: BN[11]$_SDFFE_PP1P_ (rising edge-triggered flip-flop clocked by clk)
Path Group: clk
Path Type: max

Fanout         Cap        Slew       Delay        Time   Description
---------------------------------------------------------------------------------------------
                      0.150000    0.000000    0.000000   clock clk (rise edge)
                                  0.000000    0.000000   clock network delay (ideal)
                                  2.000000    2.000000 ^ input external delay
     3    0.010403    0.027313    0.008463    2.008463 ^ Om (in)
                                                         Om (net)
                      0.027313    0.000000    2.008463 ^ _096_/B_N (sg13g2_nor2b_1)
    12    0.035657    0.306257    0.277549    2.286012 ^ _096_/Y (sg13g2_nor2b_1)
                                                         _050_ (net)
                      0.306257    0.000000    2.286012 ^ _106_/C (sg13g2_nand4_1)
     1    0.002763    0.096196    0.161646    2.447658 v _106_/Y (sg13g2_nand4_1)
                                                         _058_ (net)
                      0.096196    0.000000    2.447658 v _107_/A2 (sg13g2_a21o_1)
     1    0.001430    0.023687    0.132892    2.580550 v _107_/X (sg13g2_a21o_1)
                                                         _002_ (net)
                      0.023687    0.000000    2.580550 v BN[11]$_SDFFE_PP1P_/D (sg13g2_dfrbpq_1)
                                              2.580550   data arrival time

                      0.150000   10.000000   10.000000   clock clk (rise edge)
                                  0.000000   10.000000   clock network delay (ideal)
                                 -0.250000    9.750000   clock uncertainty
                                  0.000000    9.750000   clock reconvergence pessimism
                                              9.750000 ^ BN[11]$_SDFFE_PP1P_/CLK (sg13g2_dfrbpq_1)
                                 -0.080740    9.669260   library setup time
                                              9.669260   data required time
---------------------------------------------------------------------------------------------
                                              9.669260   data required time
                                             -2.580550   data arrival time
---------------------------------------------------------------------------------------------
                                              7.088711   slack (MET)


Startpoint: Om (input port clocked by clk)
Endpoint: BN[3]$_SDFFE_PP1P_ (rising edge-triggered flip-flop clocked by clk)
Path Group: clk
Path Type: max

Fanout         Cap        Slew       Delay        Time   Description
---------------------------------------------------------------------------------------------
                      0.150000    0.000000    0.000000   clock clk (rise edge)
                                  0.000000    0.000000   clock network delay (ideal)
                                  2.000000    2.000000 ^ input external delay
     3    0.010403    0.027313    0.008463    2.008463 ^ Om (in)
                                                         Om (net)
                      0.027313    0.000000    2.008463 ^ _096_/B_N (sg13g2_nor2b_1)
    12    0.035657    0.306257    0.277549    2.286012 ^ _096_/Y (sg13g2_nor2b_1)
                                                         _050_ (net)
                      0.306257    0.000000    2.286012 ^ _113_/C (sg13g2_nand4_1)
     1    0.002763    0.096196    0.161646    2.447658 v _113_/Y (sg13g2_nand4_1)
                                                         _062_ (net)
                      0.096196    0.000000    2.447658 v _114_/A2 (sg13g2_a21o_1)
     1    0.001430    0.023687    0.132892    2.580550 v _114_/X (sg13g2_a21o_1)
                                                         _005_ (net)
                      0.023687    0.000000    2.580550 v BN[3]$_SDFFE_PP1P_/D (sg13g2_dfrbpq_1)
                                              2.580550   data arrival time

                      0.150000   10.000000   10.000000   clock clk (rise edge)
                                  0.000000   10.000000   clock network delay (ideal)
                                 -0.250000    9.750000   clock uncertainty
                                  0.000000    9.750000   clock reconvergence pessimism
                                              9.750000 ^ BN[3]$_SDFFE_PP1P_/CLK (sg13g2_dfrbpq_1)
                                 -0.080740    9.669260   library setup time
                                              9.669260   data required time
---------------------------------------------------------------------------------------------
                                              9.669260   data required time
                                             -2.580550   data arrival time
---------------------------------------------------------------------------------------------
                                              7.088711   slack (MET)


Startpoint: Om (input port clocked by clk)
Endpoint: BN[7]$_SDFFE_PP1P_ (rising edge-triggered flip-flop clocked by clk)
Path Group: clk
Path Type: max

Fanout         Cap        Slew       Delay        Time   Description
---------------------------------------------------------------------------------------------
                      0.150000    0.000000    0.000000   clock clk (rise edge)
                                  0.000000    0.000000   clock network delay (ideal)
                                  2.000000    2.000000 ^ input external delay
     3    0.010403    0.027313    0.008463    2.008463 ^ Om (in)
                                                         Om (net)
                      0.027313    0.000000    2.008463 ^ _096_/B_N (sg13g2_nor2b_1)
    12    0.035657    0.306257    0.277549    2.286012 ^ _096_/Y (sg13g2_nor2b_1)
                                                         _050_ (net)
                      0.306257    0.000000    2.286012 ^ _122_/C (sg13g2_nand4_1)
     1    0.002763    0.096196    0.161646    2.447658 v _122_/Y (sg13g2_nand4_1)
                                                         _067_ (net)
                      0.096196    0.000000    2.447658 v _123_/A2 (sg13g2_a21o_1)
     1    0.001430    0.023687    0.132892    2.580550 v _123_/X (sg13g2_a21o_1)
                                                         _009_ (net)
                      0.023687    0.000000    2.580550 v BN[7]$_SDFFE_PP1P_/D (sg13g2_dfrbpq_1)
                                              2.580550   data arrival time

                      0.150000   10.000000   10.000000   clock clk (rise edge)
                                  0.000000   10.000000   clock network delay (ideal)
                                 -0.250000    9.750000   clock uncertainty
                                  0.000000    9.750000   clock reconvergence pessimism
                                              9.750000 ^ BN[7]$_SDFFE_PP1P_/CLK (sg13g2_dfrbpq_1)
                                 -0.080740    9.669260   library setup time
                                              9.669260   data required time
---------------------------------------------------------------------------------------------
                                              9.669260   data required time
                                             -2.580550   data arrival time
---------------------------------------------------------------------------------------------
                                              7.088711   slack (MET)


Startpoint: Op (input port clocked by clk)
Endpoint: B[1]$_SDFFE_PP1P_ (rising edge-triggered flip-flop clocked by clk)
Path Group: clk
Path Type: max

Fanout         Cap        Slew       Delay        Time   Description
---------------------------------------------------------------------------------------------
                      0.150000    0.000000    0.000000   clock clk (rise edge)
                                  0.000000    0.000000   clock network delay (ideal)
                                  2.000000    2.000000 ^ input external delay
     3    0.010948    0.027834    0.008906    2.008906 ^ Op (in)
                                                         Op (net)
                      0.027834    0.000000    2.008906 ^ _128_/B_N (sg13g2_nor2b_1)
    12    0.037266    0.319182    0.287042    2.295948 ^ _128_/Y (sg13g2_nor2b_1)
                                                         _030_ (net)
                      0.319182    0.000000    2.295948 ^ _135_/C (sg13g2_nand3_1)
     1    0.002763    0.087337    0.135153    2.431102 v _135_/Y (sg13g2_nand3_1)
                                                         _034_ (net)
                      0.087337    0.000000    2.431102 v _136_/A2 (sg13g2_a21o_1)
     1    0.001430    0.023687    0.129341    2.560443 v _136_/X (sg13g2_a21o_1)
                                                         _015_ (net)
                      0.023687    0.000000    2.560443 v B[1]$_SDFFE_PP1P_/D (sg13g2_dfrbpq_1)
                                              2.560443   data arrival time

                      0.150000   10.000000   10.000000   clock clk (rise edge)
                                  0.000000   10.000000   clock network delay (ideal)
                                 -0.250000    9.750000   clock uncertainty
                                  0.000000    9.750000   clock reconvergence pessimism
                                              9.750000 ^ B[1]$_SDFFE_PP1P_/CLK (sg13g2_dfrbpq_1)
                                 -0.080740    9.669260   library setup time
                                              9.669260   data required time
---------------------------------------------------------------------------------------------
                                              9.669260   data required time
                                             -2.560443   data arrival time
---------------------------------------------------------------------------------------------
                                              7.108818   slack (MET)


Startpoint: Op (input port clocked by clk)
Endpoint: B[2]$_SDFFE_PP1P_ (rising edge-triggered flip-flop clocked by clk)
Path Group: clk
Path Type: max

Fanout         Cap        Slew       Delay        Time   Description
---------------------------------------------------------------------------------------------
                      0.150000    0.000000    0.000000   clock clk (rise edge)
                                  0.000000    0.000000   clock network delay (ideal)
                                  2.000000    2.000000 ^ input external delay
     3    0.010948    0.027834    0.008906    2.008906 ^ Op (in)
                                                         Op (net)
                      0.027834    0.000000    2.008906 ^ _128_/B_N (sg13g2_nor2b_1)
    12    0.037266    0.319182    0.287042    2.295948 ^ _128_/Y (sg13g2_nor2b_1)
                                                         _030_ (net)
                      0.319182    0.000000    2.295948 ^ _137_/C (sg13g2_nand3_1)
     1    0.002763    0.087337    0.135153    2.431102 v _137_/Y (sg13g2_nand3_1)
                                                         _035_ (net)
                      0.087337    0.000000    2.431102 v _138_/A2 (sg13g2_a21o_1)
     1    0.001430    0.023687    0.129341    2.560443 v _138_/X (sg13g2_a21o_1)
                                                         _016_ (net)
                      0.023687    0.000000    2.560443 v B[2]$_SDFFE_PP1P_/D (sg13g2_dfrbpq_1)
                                              2.560443   data arrival time

                      0.150000   10.000000   10.000000   clock clk (rise edge)
                                  0.000000   10.000000   clock network delay (ideal)
                                 -0.250000    9.750000   clock uncertainty
                                  0.000000    9.750000   clock reconvergence pessimism
                                              9.750000 ^ B[2]$_SDFFE_PP1P_/CLK (sg13g2_dfrbpq_1)
                                 -0.080740    9.669260   library setup time
                                              9.669260   data required time
---------------------------------------------------------------------------------------------
                                              9.669260   data required time
                                             -2.560443   data arrival time
---------------------------------------------------------------------------------------------
                                              7.108818   slack (MET)


Startpoint: Op (input port clocked by clk)
Endpoint: B[9]$_SDFFE_PP1P_ (rising edge-triggered flip-flop clocked by clk)
Path Group: clk
Path Type: max

Fanout         Cap        Slew       Delay        Time   Description
---------------------------------------------------------------------------------------------
                      0.150000    0.000000    0.000000   clock clk (rise edge)
                                  0.000000    0.000000   clock network delay (ideal)
                                  2.000000    2.000000 ^ input external delay
     3    0.010948    0.027834    0.008906    2.008906 ^ Op (in)
                                                         Op (net)
                      0.027834    0.000000    2.008906 ^ _128_/B_N (sg13g2_nor2b_1)
    12    0.037266    0.319182    0.287042    2.295948 ^ _128_/Y (sg13g2_nor2b_1)
                                                         _030_ (net)
                      0.319182    0.000000    2.295948 ^ _151_/C (sg13g2_nand3_1)
     1    0.002763    0.084852    0.135153    2.431102 v _151_/Y (sg13g2_nand3_1)
                                                         _042_ (net)
                      0.084852    0.000000    2.431102 v _152_/A2 (sg13g2_a21o_1)
     1    0.001430    0.023687    0.128345    2.559447 v _152_/X (sg13g2_a21o_1)
                                                         _023_ (net)
                      0.023687    0.000000    2.559447 v B[9]$_SDFFE_PP1P_/D (sg13g2_dfrbpq_1)
                                              2.559447   data arrival time

                      0.150000   10.000000   10.000000   clock clk (rise edge)
                                  0.000000   10.000000   clock network delay (ideal)
                                 -0.250000    9.750000   clock uncertainty
                                  0.000000    9.750000   clock reconvergence pessimism
                                              9.750000 ^ B[9]$_SDFFE_PP1P_/CLK (sg13g2_dfrbpq_1)
                                 -0.080740    9.669260   library setup time
                                              9.669260   data required time
---------------------------------------------------------------------------------------------
                                              9.669260   data required time
                                             -2.559447   data arrival time
---------------------------------------------------------------------------------------------
                                              7.109814   slack (MET)


Startpoint: Op (input port clocked by clk)
Endpoint: B[0]$_SDFFE_PP1P_ (rising edge-triggered flip-flop clocked by clk)
Path Group: clk
Path Type: max

Fanout         Cap        Slew       Delay        Time   Description
---------------------------------------------------------------------------------------------
                      0.150000    0.000000    0.000000   clock clk (rise edge)
                                  0.000000    0.000000   clock network delay (ideal)
                                  2.000000    2.000000 ^ input external delay
     3    0.010948    0.027834    0.008906    2.008906 ^ Op (in)
                                                         Op (net)
                      0.027834    0.000000    2.008906 ^ _128_/B_N (sg13g2_nor2b_1)
    12    0.037266    0.319182    0.287042    2.295948 ^ _128_/Y (sg13g2_nor2b_1)
                                                         _030_ (net)
                      0.319182    0.000000    2.295948 ^ _129_/C (sg13g2_nand3_1)
     1    0.002763    0.080876    0.135153    2.431102 v _129_/Y (sg13g2_nand3_1)
                                                         _031_ (net)
                      0.080876    0.000000    2.431102 v _130_/A2 (sg13g2_a21o_1)
     1    0.001430    0.023687    0.126751    2.557853 v _130_/X (sg13g2_a21o_1)
                                                         _012_ (net)
                      0.023687    0.000000    2.557853 v B[0]$_SDFFE_PP1P_/D (sg13g2_dfrbpq_1)
                                              2.557853   data arrival time

                      0.150000   10.000000   10.000000   clock clk (rise edge)
                                  0.000000   10.000000   clock network delay (ideal)
                                 -0.250000    9.750000   clock uncertainty
                                  0.000000    9.750000   clock reconvergence pessimism
                                              9.750000 ^ B[0]$_SDFFE_PP1P_/CLK (sg13g2_dfrbpq_1)
                                 -0.080740    9.669260   library setup time
                                              9.669260   data required time
---------------------------------------------------------------------------------------------
                                              9.669260   data required time
                                             -2.557853   data arrival time
---------------------------------------------------------------------------------------------
                                              7.111408   slack (MET)


Startpoint: Op (input port clocked by clk)
Endpoint: B[4]$_SDFFE_PP1P_ (rising edge-triggered flip-flop clocked by clk)
Path Group: clk
Path Type: max

Fanout         Cap        Slew       Delay        Time   Description
---------------------------------------------------------------------------------------------
                      0.150000    0.000000    0.000000   clock clk (rise edge)
                                  0.000000    0.000000   clock network delay (ideal)
                                  2.000000    2.000000 ^ input external delay
     3    0.010948    0.027834    0.008906    2.008906 ^ Op (in)
                                                         Op (net)
                      0.027834    0.000000    2.008906 ^ _128_/B_N (sg13g2_nor2b_1)
    12    0.037266    0.319182    0.287042    2.295948 ^ _128_/Y (sg13g2_nor2b_1)
                                                         _030_ (net)
                      0.319182    0.000000    2.295948 ^ _141_/C (sg13g2_nand3_1)
     1    0.002763    0.080876    0.135153    2.431102 v _141_/Y (sg13g2_nand3_1)
                                                         _037_ (net)
                      0.080876    0.000000    2.431102 v _142_/A2 (sg13g2_a21o_1)
     1    0.001430    0.023687    0.126751    2.557853 v _142_/X (sg13g2_a21o_1)
                                                         _018_ (net)
                      0.023687    0.000000    2.557853 v B[4]$_SDFFE_PP1P_/D (sg13g2_dfrbpq_1)
                                              2.557853   data arrival time

                      0.150000   10.000000   10.000000   clock clk (rise edge)
                                  0.000000   10.000000   clock network delay (ideal)
                                 -0.250000    9.750000   clock uncertainty
                                  0.000000    9.750000   clock reconvergence pessimism
                                              9.750000 ^ B[4]$_SDFFE_PP1P_/CLK (sg13g2_dfrbpq_1)
                                 -0.080740    9.669260   library setup time
                                              9.669260   data required time
---------------------------------------------------------------------------------------------
                                              9.669260   data required time
                                             -2.557853   data arrival time
---------------------------------------------------------------------------------------------
                                              7.111408   slack (MET)


Startpoint: Op (input port clocked by clk)
Endpoint: B[8]$_SDFFE_PP1P_ (rising edge-triggered flip-flop clocked by clk)
Path Group: clk
Path Type: max

Fanout         Cap        Slew       Delay        Time   Description
---------------------------------------------------------------------------------------------
                      0.150000    0.000000    0.000000   clock clk (rise edge)
                                  0.000000    0.000000   clock network delay (ideal)
                                  2.000000    2.000000 ^ input external delay
     3    0.010948    0.027834    0.008906    2.008906 ^ Op (in)
                                                         Op (net)
                      0.027834    0.000000    2.008906 ^ _128_/B_N (sg13g2_nor2b_1)
    12    0.037266    0.319182    0.287042    2.295948 ^ _128_/Y (sg13g2_nor2b_1)
                                                         _030_ (net)
                      0.319182    0.000000    2.295948 ^ _149_/C (sg13g2_nand3_1)
     1    0.002763    0.080876    0.135153    2.431102 v _149_/Y (sg13g2_nand3_1)
                                                         _041_ (net)
                      0.080876    0.000000    2.431102 v _150_/A2 (sg13g2_a21o_1)
     1    0.001430    0.023687    0.126751    2.557853 v _150_/X (sg13g2_a21o_1)
                                                         _022_ (net)
                      0.023687    0.000000    2.557853 v B[8]$_SDFFE_PP1P_/D (sg13g2_dfrbpq_1)
                                              2.557853   data arrival time

                      0.150000   10.000000   10.000000   clock clk (rise edge)
                                  0.000000   10.000000   clock network delay (ideal)
                                 -0.250000    9.750000   clock uncertainty
                                  0.000000    9.750000   clock reconvergence pessimism
                                              9.750000 ^ B[8]$_SDFFE_PP1P_/CLK (sg13g2_dfrbpq_1)
                                 -0.080740    9.669260   library setup time
                                              9.669260   data required time
---------------------------------------------------------------------------------------------
                                              9.669260   data required time
                                             -2.557853   data arrival time
---------------------------------------------------------------------------------------------
                                              7.111408   slack (MET)


Startpoint: Op (input port clocked by clk)
Endpoint: B[10]$_SDFFE_PP1P_ (rising edge-triggered flip-flop clocked by clk)
Path Group: clk
Path Type: max

Fanout         Cap        Slew       Delay        Time   Description
---------------------------------------------------------------------------------------------
                      0.150000    0.000000    0.000000   clock clk (rise edge)
                                  0.000000    0.000000   clock network delay (ideal)
                                  2.000000    2.000000 ^ input external delay
     3    0.010948    0.027834    0.008906    2.008906 ^ Op (in)
                                                         Op (net)
                      0.027834    0.000000    2.008906 ^ _128_/B_N (sg13g2_nor2b_1)
    12    0.037266    0.319182    0.287042    2.295948 ^ _128_/Y (sg13g2_nor2b_1)
                                                         _030_ (net)
                      0.319182    0.000000    2.295948 ^ _131_/C (sg13g2_nand3_1)
     1    0.002763    0.076793    0.135153    2.431102 v _131_/Y (sg13g2_nand3_1)
                                                         _032_ (net)
                      0.076793    0.000000    2.431102 v _132_/A2 (sg13g2_a21o_1)
     1    0.001430    0.023687    0.125115    2.556216 v _132_/X (sg13g2_a21o_1)
                                                         _013_ (net)
                      0.023687    0.000000    2.556216 v B[10]$_SDFFE_PP1P_/D (sg13g2_dfrbpq_1)
                                              2.556216   data arrival time

                      0.150000   10.000000   10.000000   clock clk (rise edge)
                                  0.000000   10.000000   clock network delay (ideal)
                                 -0.250000    9.750000   clock uncertainty
                                  0.000000    9.750000   clock reconvergence pessimism
                                              9.750000 ^ B[10]$_SDFFE_PP1P_/CLK (sg13g2_dfrbpq_1)
                                 -0.080740    9.669260   library setup time
                                              9.669260   data required time
---------------------------------------------------------------------------------------------
                                              9.669260   data required time
                                             -2.556216   data arrival time
---------------------------------------------------------------------------------------------
                                              7.113044   slack (MET)


Startpoint: Op (input port clocked by clk)
Endpoint: B[5]$_SDFFE_PP1P_ (rising edge-triggered flip-flop clocked by clk)
Path Group: clk
Path Type: max

Fanout         Cap        Slew       Delay        Time   Description
---------------------------------------------------------------------------------------------
                      0.150000    0.000000    0.000000   clock clk (rise edge)
                                  0.000000    0.000000   clock network delay (ideal)
                                  2.000000    2.000000 ^ input external delay
     3    0.010948    0.027834    0.008906    2.008906 ^ Op (in)
                                                         Op (net)
                      0.027834    0.000000    2.008906 ^ _128_/B_N (sg13g2_nor2b_1)
    12    0.037266    0.319182    0.287042    2.295948 ^ _128_/Y (sg13g2_nor2b_1)
                                                         _030_ (net)
                      0.319182    0.000000    2.295948 ^ _143_/C (sg13g2_nand3_1)
     1    0.002763    0.075735    0.135153    2.431102 v _143_/Y (sg13g2_nand3_1)
                                                         _038_ (net)
                      0.075735    0.000000    2.431102 v _144_/A2 (sg13g2_a21o_1)
     1    0.001430    0.023687    0.124691    2.555792 v _144_/X (sg13g2_a21o_1)
                                                         _019_ (net)
                      0.023687    0.000000    2.555792 v B[5]$_SDFFE_PP1P_/D (sg13g2_dfrbpq_1)
                                              2.555792   data arrival time

                      0.150000   10.000000   10.000000   clock clk (rise edge)
                                  0.000000   10.000000   clock network delay (ideal)
                                 -0.250000    9.750000   clock uncertainty
                                  0.000000    9.750000   clock reconvergence pessimism
                                              9.750000 ^ B[5]$_SDFFE_PP1P_/CLK (sg13g2_dfrbpq_1)
                                 -0.080740    9.669260   library setup time
                                              9.669260   data required time
---------------------------------------------------------------------------------------------
                                              9.669260   data required time
                                             -2.555792   data arrival time
---------------------------------------------------------------------------------------------
                                              7.113468   slack (MET)


Startpoint: Op (input port clocked by clk)
Endpoint: B[6]$_SDFFE_PP1P_ (rising edge-triggered flip-flop clocked by clk)
Path Group: clk
Path Type: max

Fanout         Cap        Slew       Delay        Time   Description
---------------------------------------------------------------------------------------------
                      0.150000    0.000000    0.000000   clock clk (rise edge)
                                  0.000000    0.000000   clock network delay (ideal)
                                  2.000000    2.000000 ^ input external delay
     3    0.010948    0.027834    0.008906    2.008906 ^ Op (in)
                                                         Op (net)
                      0.027834    0.000000    2.008906 ^ _128_/B_N (sg13g2_nor2b_1)
    12    0.037266    0.319182    0.287042    2.295948 ^ _128_/Y (sg13g2_nor2b_1)
                                                         _030_ (net)
                      0.319182    0.000000    2.295948 ^ _145_/C (sg13g2_nand3_1)
     1    0.002763    0.075735    0.135153    2.431102 v _145_/Y (sg13g2_nand3_1)
                                                         _039_ (net)
                      0.075735    0.000000    2.431102 v _146_/A2 (sg13g2_a21o_1)
     1    0.001430    0.023687    0.124691    2.555792 v _146_/X (sg13g2_a21o_1)
                                                         _020_ (net)
                      0.023687    0.000000    2.555792 v B[6]$_SDFFE_PP1P_/D (sg13g2_dfrbpq_1)
                                              2.555792   data arrival time

                      0.150000   10.000000   10.000000   clock clk (rise edge)
                                  0.000000   10.000000   clock network delay (ideal)
                                 -0.250000    9.750000   clock uncertainty
                                  0.000000    9.750000   clock reconvergence pessimism
                                              9.750000 ^ B[6]$_SDFFE_PP1P_/CLK (sg13g2_dfrbpq_1)
                                 -0.080740    9.669260   library setup time
                                              9.669260   data required time
---------------------------------------------------------------------------------------------
                                              9.669260   data required time
                                             -2.555792   data arrival time
---------------------------------------------------------------------------------------------
                                              7.113468   slack (MET)


Startpoint: B[11]$_SDFFE_PP1P_ (rising edge-triggered flip-flop clocked by clk)
Endpoint: D[10] (output port clocked by clk)
Path Group: clk
Path Type: max

Fanout         Cap        Slew       Delay        Time   Description
---------------------------------------------------------------------------------------------
                      0.150000    0.000000    0.000000   clock clk (rise edge)
                                  0.000000    0.000000   clock network delay (ideal)
                      0.150000    0.000000    0.000000 ^ B[11]$_SDFFE_PP1P_/CLK (sg13g2_dfrbpq_1)
    14    0.067232    0.278846    0.398989    0.398989 ^ B[11]$_SDFFE_PP1P_/Q (sg13g2_dfrbpq_1)
                                                         B[11] (net)
                      0.278846    0.000000    0.398989 ^ _154_/S (sg13g2_mux2_1)
     1    0.006000    0.044154    0.228576    0.627565 v _154_/X (sg13g2_mux2_1)
                                                         D[10] (net)
                      0.044154    0.000000    0.627565 v D[10] (out)
                                              0.627565   data arrival time

                      0.150000   10.000000   10.000000   clock clk (rise edge)
                                  0.000000   10.000000   clock network delay (ideal)
                                 -0.250000    9.750000   clock uncertainty
                                  0.000000    9.750000   clock reconvergence pessimism
                                 -2.000000    7.750000   output external delay
                                              7.750000   data required time
---------------------------------------------------------------------------------------------
                                              7.750000   data required time
                                             -0.627565   data arrival time
---------------------------------------------------------------------------------------------
                                              7.122435   slack (MET)


Startpoint: B[11]$_SDFFE_PP1P_ (rising edge-triggered flip-flop clocked by clk)
Endpoint: D[11] (output port clocked by clk)
Path Group: clk
Path Type: max

Fanout         Cap        Slew       Delay        Time   Description
---------------------------------------------------------------------------------------------
                      0.150000    0.000000    0.000000   clock clk (rise edge)
                                  0.000000    0.000000   clock network delay (ideal)
                      0.150000    0.000000    0.000000 ^ B[11]$_SDFFE_PP1P_/CLK (sg13g2_dfrbpq_1)
    14    0.067232    0.278846    0.398989    0.398989 ^ B[11]$_SDFFE_PP1P_/Q (sg13g2_dfrbpq_1)
                                                         B[11] (net)
                      0.278846    0.000000    0.398989 ^ _155_/S (sg13g2_mux2_1)
     1    0.006000    0.044154    0.228576    0.627565 v _155_/X (sg13g2_mux2_1)
                                                         D[11] (net)
                      0.044154    0.000000    0.627565 v D[11] (out)
                                              0.627565   data arrival time

                      0.150000   10.000000   10.000000   clock clk (rise edge)
                                  0.000000   10.000000   clock network delay (ideal)
                                 -0.250000    9.750000   clock uncertainty
                                  0.000000    9.750000   clock reconvergence pessimism
                                 -2.000000    7.750000   output external delay
                                              7.750000   data required time
---------------------------------------------------------------------------------------------
                                              7.750000   data required time
                                             -0.627565   data arrival time
---------------------------------------------------------------------------------------------
                                              7.122435   slack (MET)


Startpoint: B[11]$_SDFFE_PP1P_ (rising edge-triggered flip-flop clocked by clk)
Endpoint: D[1] (output port clocked by clk)
Path Group: clk
Path Type: max

Fanout         Cap        Slew       Delay        Time   Description
---------------------------------------------------------------------------------------------
                      0.150000    0.000000    0.000000   clock clk (rise edge)
                                  0.000000    0.000000   clock network delay (ideal)
                      0.150000    0.000000    0.000000 ^ B[11]$_SDFFE_PP1P_/CLK (sg13g2_dfrbpq_1)
    14    0.067232    0.278846    0.398989    0.398989 ^ B[11]$_SDFFE_PP1P_/Q (sg13g2_dfrbpq_1)
                                                         B[11] (net)
                      0.278846    0.000000    0.398989 ^ _156_/S (sg13g2_mux2_1)
     1    0.006000    0.044154    0.228576    0.627565 v _156_/X (sg13g2_mux2_1)
                                                         D[1] (net)
                      0.044154    0.000000    0.627565 v D[1] (out)
                                              0.627565   data arrival time

                      0.150000   10.000000   10.000000   clock clk (rise edge)
                                  0.000000   10.000000   clock network delay (ideal)
                                 -0.250000    9.750000   clock uncertainty
                                  0.000000    9.750000   clock reconvergence pessimism
                                 -2.000000    7.750000   output external delay
                                              7.750000   data required time
---------------------------------------------------------------------------------------------
                                              7.750000   data required time
                                             -0.627565   data arrival time
---------------------------------------------------------------------------------------------
                                              7.122435   slack (MET)


Startpoint: B[11]$_SDFFE_PP1P_ (rising edge-triggered flip-flop clocked by clk)
Endpoint: D[2] (output port clocked by clk)
Path Group: clk
Path Type: max

Fanout         Cap        Slew       Delay        Time   Description
---------------------------------------------------------------------------------------------
                      0.150000    0.000000    0.000000   clock clk (rise edge)
                                  0.000000    0.000000   clock network delay (ideal)
                      0.150000    0.000000    0.000000 ^ B[11]$_SDFFE_PP1P_/CLK (sg13g2_dfrbpq_1)
    14    0.067232    0.278846    0.398989    0.398989 ^ B[11]$_SDFFE_PP1P_/Q (sg13g2_dfrbpq_1)
                                                         B[11] (net)
                      0.278846    0.000000    0.398989 ^ _157_/S (sg13g2_mux2_1)
     1    0.006000    0.044154    0.228576    0.627565 v _157_/X (sg13g2_mux2_1)
                                                         D[2] (net)
                      0.044154    0.000000    0.627565 v D[2] (out)
                                              0.627565   data arrival time

                      0.150000   10.000000   10.000000   clock clk (rise edge)
                                  0.000000   10.000000   clock network delay (ideal)
                                 -0.250000    9.750000   clock uncertainty
                                  0.000000    9.750000   clock reconvergence pessimism
                                 -2.000000    7.750000   output external delay
                                              7.750000   data required time
---------------------------------------------------------------------------------------------
                                              7.750000   data required time
                                             -0.627565   data arrival time
---------------------------------------------------------------------------------------------
                                              7.122435   slack (MET)


Startpoint: B[11]$_SDFFE_PP1P_ (rising edge-triggered flip-flop clocked by clk)
Endpoint: D[3] (output port clocked by clk)
Path Group: clk
Path Type: max

Fanout         Cap        Slew       Delay        Time   Description
---------------------------------------------------------------------------------------------
                      0.150000    0.000000    0.000000   clock clk (rise edge)
                                  0.000000    0.000000   clock network delay (ideal)
                      0.150000    0.000000    0.000000 ^ B[11]$_SDFFE_PP1P_/CLK (sg13g2_dfrbpq_1)
    14    0.067232    0.278846    0.398989    0.398989 ^ B[11]$_SDFFE_PP1P_/Q (sg13g2_dfrbpq_1)
                                                         B[11] (net)
                      0.278846    0.000000    0.398989 ^ _158_/S (sg13g2_mux2_1)
     1    0.006000    0.044154    0.228576    0.627565 v _158_/X (sg13g2_mux2_1)
                                                         D[3] (net)
                      0.044154    0.000000    0.627565 v D[3] (out)
                                              0.627565   data arrival time

                      0.150000   10.000000   10.000000   clock clk (rise edge)
                                  0.000000   10.000000   clock network delay (ideal)
                                 -0.250000    9.750000   clock uncertainty
                                  0.000000    9.750000   clock reconvergence pessimism
                                 -2.000000    7.750000   output external delay
                                              7.750000   data required time
---------------------------------------------------------------------------------------------
                                              7.750000   data required time
                                             -0.627565   data arrival time
---------------------------------------------------------------------------------------------
                                              7.122435   slack (MET)


Startpoint: B[11]$_SDFFE_PP1P_ (rising edge-triggered flip-flop clocked by clk)
Endpoint: D[4] (output port clocked by clk)
Path Group: clk
Path Type: max

Fanout         Cap        Slew       Delay        Time   Description
---------------------------------------------------------------------------------------------
                      0.150000    0.000000    0.000000   clock clk (rise edge)
                                  0.000000    0.000000   clock network delay (ideal)
                      0.150000    0.000000    0.000000 ^ B[11]$_SDFFE_PP1P_/CLK (sg13g2_dfrbpq_1)
    14    0.067232    0.278846    0.398989    0.398989 ^ B[11]$_SDFFE_PP1P_/Q (sg13g2_dfrbpq_1)
                                                         B[11] (net)
                      0.278846    0.000000    0.398989 ^ _159_/S (sg13g2_mux2_1)
     1    0.006000    0.044154    0.228576    0.627565 v _159_/X (sg13g2_mux2_1)
                                                         D[4] (net)
                      0.044154    0.000000    0.627565 v D[4] (out)
                                              0.627565   data arrival time

                      0.150000   10.000000   10.000000   clock clk (rise edge)
                                  0.000000   10.000000   clock network delay (ideal)
                                 -0.250000    9.750000   clock uncertainty
                                  0.000000    9.750000   clock reconvergence pessimism
                                 -2.000000    7.750000   output external delay
                                              7.750000   data required time
---------------------------------------------------------------------------------------------
                                              7.750000   data required time
                                             -0.627565   data arrival time
---------------------------------------------------------------------------------------------
                                              7.122435   slack (MET)


Startpoint: B[11]$_SDFFE_PP1P_ (rising edge-triggered flip-flop clocked by clk)
Endpoint: D[5] (output port clocked by clk)
Path Group: clk
Path Type: max

Fanout         Cap        Slew       Delay        Time   Description
---------------------------------------------------------------------------------------------
                      0.150000    0.000000    0.000000   clock clk (rise edge)
                                  0.000000    0.000000   clock network delay (ideal)
                      0.150000    0.000000    0.000000 ^ B[11]$_SDFFE_PP1P_/CLK (sg13g2_dfrbpq_1)
    14    0.067232    0.278846    0.398989    0.398989 ^ B[11]$_SDFFE_PP1P_/Q (sg13g2_dfrbpq_1)
                                                         B[11] (net)
                      0.278846    0.000000    0.398989 ^ _160_/S (sg13g2_mux2_1)
     1    0.006000    0.044154    0.228576    0.627565 v _160_/X (sg13g2_mux2_1)
                                                         D[5] (net)
                      0.044154    0.000000    0.627565 v D[5] (out)
                                              0.627565   data arrival time

                      0.150000   10.000000   10.000000   clock clk (rise edge)
                                  0.000000   10.000000   clock network delay (ideal)
                                 -0.250000    9.750000   clock uncertainty
                                  0.000000    9.750000   clock reconvergence pessimism
                                 -2.000000    7.750000   output external delay
                                              7.750000   data required time
---------------------------------------------------------------------------------------------
                                              7.750000   data required time
                                             -0.627565   data arrival time
---------------------------------------------------------------------------------------------
                                              7.122435   slack (MET)


Startpoint: B[11]$_SDFFE_PP1P_ (rising edge-triggered flip-flop clocked by clk)
Endpoint: D[6] (output port clocked by clk)
Path Group: clk
Path Type: max

Fanout         Cap        Slew       Delay        Time   Description
---------------------------------------------------------------------------------------------
                      0.150000    0.000000    0.000000   clock clk (rise edge)
                                  0.000000    0.000000   clock network delay (ideal)
                      0.150000    0.000000    0.000000 ^ B[11]$_SDFFE_PP1P_/CLK (sg13g2_dfrbpq_1)
    14    0.067232    0.278846    0.398989    0.398989 ^ B[11]$_SDFFE_PP1P_/Q (sg13g2_dfrbpq_1)
                                                         B[11] (net)
                      0.278846    0.000000    0.398989 ^ _161_/S (sg13g2_mux2_1)
     1    0.006000    0.044154    0.228576    0.627565 v _161_/X (sg13g2_mux2_1)
                                                         D[6] (net)
                      0.044154    0.000000    0.627565 v D[6] (out)
                                              0.627565   data arrival time

                      0.150000   10.000000   10.000000   clock clk (rise edge)
                                  0.000000   10.000000   clock network delay (ideal)
                                 -0.250000    9.750000   clock uncertainty
                                  0.000000    9.750000   clock reconvergence pessimism
                                 -2.000000    7.750000   output external delay
                                              7.750000   data required time
---------------------------------------------------------------------------------------------
                                              7.750000   data required time
                                             -0.627565   data arrival time
---------------------------------------------------------------------------------------------
                                              7.122435   slack (MET)


Startpoint: B[11]$_SDFFE_PP1P_ (rising edge-triggered flip-flop clocked by clk)
Endpoint: D[7] (output port clocked by clk)
Path Group: clk
Path Type: max

Fanout         Cap        Slew       Delay        Time   Description
---------------------------------------------------------------------------------------------
                      0.150000    0.000000    0.000000   clock clk (rise edge)
                                  0.000000    0.000000   clock network delay (ideal)
                      0.150000    0.000000    0.000000 ^ B[11]$_SDFFE_PP1P_/CLK (sg13g2_dfrbpq_1)
    14    0.067232    0.278846    0.398989    0.398989 ^ B[11]$_SDFFE_PP1P_/Q (sg13g2_dfrbpq_1)
                                                         B[11] (net)
                      0.278846    0.000000    0.398989 ^ _162_/S (sg13g2_mux2_1)
     1    0.006000    0.044154    0.228576    0.627565 v _162_/X (sg13g2_mux2_1)
                                                         D[7] (net)
                      0.044154    0.000000    0.627565 v D[7] (out)
                                              0.627565   data arrival time

                      0.150000   10.000000   10.000000   clock clk (rise edge)
                                  0.000000   10.000000   clock network delay (ideal)
                                 -0.250000    9.750000   clock uncertainty
                                  0.000000    9.750000   clock reconvergence pessimism
                                 -2.000000    7.750000   output external delay
                                              7.750000   data required time
---------------------------------------------------------------------------------------------
                                              7.750000   data required time
                                             -0.627565   data arrival time
---------------------------------------------------------------------------------------------
                                              7.122435   slack (MET)


Startpoint: B[11]$_SDFFE_PP1P_ (rising edge-triggered flip-flop clocked by clk)
Endpoint: D[8] (output port clocked by clk)
Path Group: clk
Path Type: max

Fanout         Cap        Slew       Delay        Time   Description
---------------------------------------------------------------------------------------------
                      0.150000    0.000000    0.000000   clock clk (rise edge)
                                  0.000000    0.000000   clock network delay (ideal)
                      0.150000    0.000000    0.000000 ^ B[11]$_SDFFE_PP1P_/CLK (sg13g2_dfrbpq_1)
    14    0.067232    0.278846    0.398989    0.398989 ^ B[11]$_SDFFE_PP1P_/Q (sg13g2_dfrbpq_1)
                                                         B[11] (net)
                      0.278846    0.000000    0.398989 ^ _163_/S (sg13g2_mux2_1)
     1    0.006000    0.044154    0.228576    0.627565 v _163_/X (sg13g2_mux2_1)
                                                         D[8] (net)
                      0.044154    0.000000    0.627565 v D[8] (out)
                                              0.627565   data arrival time

                      0.150000   10.000000   10.000000   clock clk (rise edge)
                                  0.000000   10.000000   clock network delay (ideal)
                                 -0.250000    9.750000   clock uncertainty
                                  0.000000    9.750000   clock reconvergence pessimism
                                 -2.000000    7.750000   output external delay
                                              7.750000   data required time
---------------------------------------------------------------------------------------------
                                              7.750000   data required time
                                             -0.627565   data arrival time
---------------------------------------------------------------------------------------------
                                              7.122435   slack (MET)


Startpoint: B[11]$_SDFFE_PP1P_ (rising edge-triggered flip-flop clocked by clk)
Endpoint: D[9] (output port clocked by clk)
Path Group: clk
Path Type: max

Fanout         Cap        Slew       Delay        Time   Description
---------------------------------------------------------------------------------------------
                      0.150000    0.000000    0.000000   clock clk (rise edge)
                                  0.000000    0.000000   clock network delay (ideal)
                      0.150000    0.000000    0.000000 ^ B[11]$_SDFFE_PP1P_/CLK (sg13g2_dfrbpq_1)
    14    0.067232    0.278846    0.398989    0.398989 ^ B[11]$_SDFFE_PP1P_/Q (sg13g2_dfrbpq_1)
                                                         B[11] (net)
                      0.278846    0.000000    0.398989 ^ _164_/S (sg13g2_mux2_1)
     1    0.006000    0.044154    0.228576    0.627565 v _164_/X (sg13g2_mux2_1)
                                                         D[9] (net)
                      0.044154    0.000000    0.627565 v D[9] (out)
                                              0.627565   data arrival time

                      0.150000   10.000000   10.000000   clock clk (rise edge)
                                  0.000000   10.000000   clock network delay (ideal)
                                 -0.250000    9.750000   clock uncertainty
                                  0.000000    9.750000   clock reconvergence pessimism
                                 -2.000000    7.750000   output external delay
                                              7.750000   data required time
---------------------------------------------------------------------------------------------
                                              7.750000   data required time
                                             -0.627565   data arrival time
---------------------------------------------------------------------------------------------
                                              7.122435   slack (MET)


Startpoint: Om (input port clocked by clk)
Endpoint: BN[0]$_SDFFE_PP1P_ (rising edge-triggered flip-flop clocked by clk)
Path Group: clk
Path Type: max

Fanout         Cap        Slew       Delay        Time   Description
---------------------------------------------------------------------------------------------
                      0.150000    0.000000    0.000000   clock clk (rise edge)
                                  0.000000    0.000000   clock network delay (ideal)
                                  2.000000    2.000000 ^ input external delay
     3    0.010403    0.027313    0.008463    2.008463 ^ Om (in)
                                                         Om (net)
                      0.027313    0.000000    2.008463 ^ _096_/B_N (sg13g2_nor2b_1)
    12    0.035657    0.306257    0.277549    2.286012 ^ _096_/Y (sg13g2_nor2b_1)
                                                         _050_ (net)
                      0.306257    0.000000    2.286012 ^ _100_/A (sg13g2_nand3_1)
     1    0.002763    0.094208    0.120352    2.406363 v _100_/Y (sg13g2_nand3_1)
                                                         _054_ (net)
                      0.094208    0.000000    2.406363 v _101_/A2 (sg13g2_a21o_1)
     1    0.001430    0.023687    0.132095    2.538458 v _101_/X (sg13g2_a21o_1)
                                                         _000_ (net)
                      0.023687    0.000000    2.538458 v BN[0]$_SDFFE_PP1P_/D (sg13g2_dfrbpq_1)
                                              2.538458   data arrival time

                      0.150000   10.000000   10.000000   clock clk (rise edge)
                                  0.000000   10.000000   clock network delay (ideal)
                                 -0.250000    9.750000   clock uncertainty
                                  0.000000    9.750000   clock reconvergence pessimism
                                              9.750000 ^ BN[0]$_SDFFE_PP1P_/CLK (sg13g2_dfrbpq_1)
                                 -0.080740    9.669260   library setup time
                                              9.669260   data required time
---------------------------------------------------------------------------------------------
                                              9.669260   data required time
                                             -2.538458   data arrival time
---------------------------------------------------------------------------------------------
                                              7.130802   slack (MET)


Startpoint: Om (input port clocked by clk)
Endpoint: BN[10]$_SDFFE_PP1P_ (rising edge-triggered flip-flop clocked by clk)
Path Group: clk
Path Type: max

Fanout         Cap        Slew       Delay        Time   Description
---------------------------------------------------------------------------------------------
                      0.150000    0.000000    0.000000   clock clk (rise edge)
                                  0.000000    0.000000   clock network delay (ideal)
                                  2.000000    2.000000 ^ input external delay
     3    0.010403    0.027313    0.008463    2.008463 ^ Om (in)
                                                         Om (net)
                      0.027313    0.000000    2.008463 ^ _096_/B_N (sg13g2_nor2b_1)
    12    0.035657    0.306257    0.277549    2.286012 ^ _096_/Y (sg13g2_nor2b_1)
                                                         _050_ (net)
                      0.306257    0.000000    2.286012 ^ _104_/A (sg13g2_nand3_1)
     1    0.002763    0.094208    0.120352    2.406363 v _104_/Y (sg13g2_nand3_1)
                                                         _057_ (net)
                      0.094208    0.000000    2.406363 v _105_/A2 (sg13g2_a21o_1)
     1    0.001430    0.023687    0.132095    2.538458 v _105_/X (sg13g2_a21o_1)
                                                         _001_ (net)
                      0.023687    0.000000    2.538458 v BN[10]$_SDFFE_PP1P_/D (sg13g2_dfrbpq_1)
                                              2.538458   data arrival time

                      0.150000   10.000000   10.000000   clock clk (rise edge)
                                  0.000000   10.000000   clock network delay (ideal)
                                 -0.250000    9.750000   clock uncertainty
                                  0.000000    9.750000   clock reconvergence pessimism
                                              9.750000 ^ BN[10]$_SDFFE_PP1P_/CLK (sg13g2_dfrbpq_1)
                                 -0.080740    9.669260   library setup time
                                              9.669260   data required time
---------------------------------------------------------------------------------------------
                                              9.669260   data required time
                                             -2.538458   data arrival time
---------------------------------------------------------------------------------------------
                                              7.130802   slack (MET)


Startpoint: Om (input port clocked by clk)
Endpoint: BN[1]$_SDFFE_PP1P_ (rising edge-triggered flip-flop clocked by clk)
Path Group: clk
Path Type: max

Fanout         Cap        Slew       Delay        Time   Description
---------------------------------------------------------------------------------------------
                      0.150000    0.000000    0.000000   clock clk (rise edge)
                                  0.000000    0.000000   clock network delay (ideal)
                                  2.000000    2.000000 ^ input external delay
     3    0.010403    0.027313    0.008463    2.008463 ^ Om (in)
                                                         Om (net)
                      0.027313    0.000000    2.008463 ^ _096_/B_N (sg13g2_nor2b_1)
    12    0.035657    0.306257    0.277549    2.286012 ^ _096_/Y (sg13g2_nor2b_1)
                                                         _050_ (net)
                      0.306257    0.000000    2.286012 ^ _109_/A (sg13g2_nand3_1)
     1    0.002763    0.094208    0.120352    2.406363 v _109_/Y (sg13g2_nand3_1)
                                                         _060_ (net)
                      0.094208    0.000000    2.406363 v _110_/A2 (sg13g2_a21o_1)
     1    0.001430    0.023687    0.132095    2.538458 v _110_/X (sg13g2_a21o_1)
                                                         _003_ (net)
                      0.023687    0.000000    2.538458 v BN[1]$_SDFFE_PP1P_/D (sg13g2_dfrbpq_1)
                                              2.538458   data arrival time

                      0.150000   10.000000   10.000000   clock clk (rise edge)
                                  0.000000   10.000000   clock network delay (ideal)
                                 -0.250000    9.750000   clock uncertainty
                                  0.000000    9.750000   clock reconvergence pessimism
                                              9.750000 ^ BN[1]$_SDFFE_PP1P_/CLK (sg13g2_dfrbpq_1)
                                 -0.080740    9.669260   library setup time
                                              9.669260   data required time
---------------------------------------------------------------------------------------------
                                              9.669260   data required time
                                             -2.538458   data arrival time
---------------------------------------------------------------------------------------------
                                              7.130802   slack (MET)


Startpoint: Om (input port clocked by clk)
Endpoint: BN[2]$_SDFFE_PP1P_ (rising edge-triggered flip-flop clocked by clk)
Path Group: clk
Path Type: max

Fanout         Cap        Slew       Delay        Time   Description
---------------------------------------------------------------------------------------------
                      0.150000    0.000000    0.000000   clock clk (rise edge)
                                  0.000000    0.000000   clock network delay (ideal)
                                  2.000000    2.000000 ^ input external delay
     3    0.010403    0.027313    0.008463    2.008463 ^ Om (in)
                                                         Om (net)
                      0.027313    0.000000    2.008463 ^ _096_/B_N (sg13g2_nor2b_1)
    12    0.035657    0.306257    0.277549    2.286012 ^ _096_/Y (sg13g2_nor2b_1)
                                                         _050_ (net)
                      0.306257    0.000000    2.286012 ^ _111_/A (sg13g2_nand3_1)
     1    0.002763    0.094208    0.120352    2.406363 v _111_/Y (sg13g2_nand3_1)
                                                         _061_ (net)
                      0.094208    0.000000    2.406363 v _112_/A2 (sg13g2_a21o_1)
     1    0.001430    0.023687    0.132095    2.538458 v _112_/X (sg13g2_a21o_1)
                                                         _004_ (net)
                      0.023687    0.000000    2.538458 v BN[2]$_SDFFE_PP1P_/D (sg13g2_dfrbpq_1)
                                              2.538458   data arrival time

                      0.150000   10.000000   10.000000   clock clk (rise edge)
                                  0.000000   10.000000   clock network delay (ideal)
                                 -0.250000    9.750000   clock uncertainty
                                  0.000000    9.750000   clock reconvergence pessimism
                                              9.750000 ^ BN[2]$_SDFFE_PP1P_/CLK (sg13g2_dfrbpq_1)
                                 -0.080740    9.669260   library setup time
                                              9.669260   data required time
---------------------------------------------------------------------------------------------
                                              9.669260   data required time
                                             -2.538458   data arrival time
---------------------------------------------------------------------------------------------
                                              7.130802   slack (MET)


Startpoint: Om (input port clocked by clk)
Endpoint: BN[4]$_SDFFE_PP1P_ (rising edge-triggered flip-flop clocked by clk)
Path Group: clk
Path Type: max

Fanout         Cap        Slew       Delay        Time   Description
---------------------------------------------------------------------------------------------
                      0.150000    0.000000    0.000000   clock clk (rise edge)
                                  0.000000    0.000000   clock network delay (ideal)
                                  2.000000    2.000000 ^ input external delay
     3    0.010403    0.027313    0.008463    2.008463 ^ Om (in)
                                                         Om (net)
                      0.027313    0.000000    2.008463 ^ _096_/B_N (sg13g2_nor2b_1)
    12    0.035657    0.306257    0.277549    2.286012 ^ _096_/Y (sg13g2_nor2b_1)
                                                         _050_ (net)
                      0.306257    0.000000    2.286012 ^ _116_/A (sg13g2_nand3_1)
     1    0.002763    0.094208    0.120352    2.406363 v _116_/Y (sg13g2_nand3_1)
                                                         _064_ (net)
                      0.094208    0.000000    2.406363 v _117_/A2 (sg13g2_a21o_1)
     1    0.001430    0.023687    0.132095    2.538458 v _117_/X (sg13g2_a21o_1)
                                                         _006_ (net)
                      0.023687    0.000000    2.538458 v BN[4]$_SDFFE_PP1P_/D (sg13g2_dfrbpq_1)
                                              2.538458   data arrival time

                      0.150000   10.000000   10.000000   clock clk (rise edge)
                                  0.000000   10.000000   clock network delay (ideal)
                                 -0.250000    9.750000   clock uncertainty
                                  0.000000    9.750000   clock reconvergence pessimism
                                              9.750000 ^ BN[4]$_SDFFE_PP1P_/CLK (sg13g2_dfrbpq_1)
                                 -0.080740    9.669260   library setup time
                                              9.669260   data required time
---------------------------------------------------------------------------------------------
                                              9.669260   data required time
                                             -2.538458   data arrival time
---------------------------------------------------------------------------------------------
                                              7.130802   slack (MET)


Startpoint: Om (input port clocked by clk)
Endpoint: BN[5]$_SDFFE_PP1P_ (rising edge-triggered flip-flop clocked by clk)
Path Group: clk
Path Type: max

Fanout         Cap        Slew       Delay        Time   Description
---------------------------------------------------------------------------------------------
                      0.150000    0.000000    0.000000   clock clk (rise edge)
                                  0.000000    0.000000   clock network delay (ideal)
                                  2.000000    2.000000 ^ input external delay
     3    0.010403    0.027313    0.008463    2.008463 ^ Om (in)
                                                         Om (net)
                      0.027313    0.000000    2.008463 ^ _096_/B_N (sg13g2_nor2b_1)
    12    0.035657    0.306257    0.277549    2.286012 ^ _096_/Y (sg13g2_nor2b_1)
                                                         _050_ (net)
                      0.306257    0.000000    2.286012 ^ _118_/A (sg13g2_nand3_1)
     1    0.002763    0.094208    0.120352    2.406363 v _118_/Y (sg13g2_nand3_1)
                                                         _065_ (net)
                      0.094208    0.000000    2.406363 v _119_/A2 (sg13g2_a21o_1)
     1    0.001430    0.023687    0.132095    2.538458 v _119_/X (sg13g2_a21o_1)
                                                         _007_ (net)
                      0.023687    0.000000    2.538458 v BN[5]$_SDFFE_PP1P_/D (sg13g2_dfrbpq_1)
                                              2.538458   data arrival time

                      0.150000   10.000000   10.000000   clock clk (rise edge)
                                  0.000000   10.000000   clock network delay (ideal)
                                 -0.250000    9.750000   clock uncertainty
                                  0.000000    9.750000   clock reconvergence pessimism
                                              9.750000 ^ BN[5]$_SDFFE_PP1P_/CLK (sg13g2_dfrbpq_1)
                                 -0.080740    9.669260   library setup time
                                              9.669260   data required time
---------------------------------------------------------------------------------------------
                                              9.669260   data required time
                                             -2.538458   data arrival time
---------------------------------------------------------------------------------------------
                                              7.130802   slack (MET)


Startpoint: Om (input port clocked by clk)
Endpoint: BN[6]$_SDFFE_PP1P_ (rising edge-triggered flip-flop clocked by clk)
Path Group: clk
Path Type: max

Fanout         Cap        Slew       Delay        Time   Description
---------------------------------------------------------------------------------------------
                      0.150000    0.000000    0.000000   clock clk (rise edge)
                                  0.000000    0.000000   clock network delay (ideal)
                                  2.000000    2.000000 ^ input external delay
     3    0.010403    0.027313    0.008463    2.008463 ^ Om (in)
                                                         Om (net)
                      0.027313    0.000000    2.008463 ^ _096_/B_N (sg13g2_nor2b_1)
    12    0.035657    0.306257    0.277549    2.286012 ^ _096_/Y (sg13g2_nor2b_1)
                                                         _050_ (net)
                      0.306257    0.000000    2.286012 ^ _120_/A (sg13g2_nand3_1)
     1    0.002763    0.094208    0.120352    2.406363 v _120_/Y (sg13g2_nand3_1)
                                                         _066_ (net)
                      0.094208    0.000000    2.406363 v _121_/A2 (sg13g2_a21o_1)
     1    0.001430    0.023687    0.132095    2.538458 v _121_/X (sg13g2_a21o_1)
                                                         _008_ (net)
                      0.023687    0.000000    2.538458 v BN[6]$_SDFFE_PP1P_/D (sg13g2_dfrbpq_1)
                                              2.538458   data arrival time

                      0.150000   10.000000   10.000000   clock clk (rise edge)
                                  0.000000   10.000000   clock network delay (ideal)
                                 -0.250000    9.750000   clock uncertainty
                                  0.000000    9.750000   clock reconvergence pessimism
                                              9.750000 ^ BN[6]$_SDFFE_PP1P_/CLK (sg13g2_dfrbpq_1)
                                 -0.080740    9.669260   library setup time
                                              9.669260   data required time
---------------------------------------------------------------------------------------------
                                              9.669260   data required time
                                             -2.538458   data arrival time
---------------------------------------------------------------------------------------------
                                              7.130802   slack (MET)


Startpoint: Om (input port clocked by clk)
Endpoint: BN[8]$_SDFFE_PP1P_ (rising edge-triggered flip-flop clocked by clk)
Path Group: clk
Path Type: max

Fanout         Cap        Slew       Delay        Time   Description
---------------------------------------------------------------------------------------------
                      0.150000    0.000000    0.000000   clock clk (rise edge)
                                  0.000000    0.000000   clock network delay (ideal)
                                  2.000000    2.000000 ^ input external delay
     3    0.010403    0.027313    0.008463    2.008463 ^ Om (in)
                                                         Om (net)
                      0.027313    0.000000    2.008463 ^ _096_/B_N (sg13g2_nor2b_1)
    12    0.035657    0.306257    0.277549    2.286012 ^ _096_/Y (sg13g2_nor2b_1)
                                                         _050_ (net)
                      0.306257    0.000000    2.286012 ^ _124_/A (sg13g2_nand3_1)
     1    0.002763    0.094208    0.120352    2.406363 v _124_/Y (sg13g2_nand3_1)
                                                         _028_ (net)
                      0.094208    0.000000    2.406363 v _125_/A2 (sg13g2_a21o_1)
     1    0.001430    0.023687    0.132095    2.538458 v _125_/X (sg13g2_a21o_1)
                                                         _010_ (net)
                      0.023687    0.000000    2.538458 v BN[8]$_SDFFE_PP1P_/D (sg13g2_dfrbpq_1)
                                              2.538458   data arrival time

                      0.150000   10.000000   10.000000   clock clk (rise edge)
                                  0.000000   10.000000   clock network delay (ideal)
                                 -0.250000    9.750000   clock uncertainty
                                  0.000000    9.750000   clock reconvergence pessimism
                                              9.750000 ^ BN[8]$_SDFFE_PP1P_/CLK (sg13g2_dfrbpq_1)
                                 -0.080740    9.669260   library setup time
                                              9.669260   data required time
---------------------------------------------------------------------------------------------
                                              9.669260   data required time
                                             -2.538458   data arrival time
---------------------------------------------------------------------------------------------
                                              7.130802   slack (MET)


Startpoint: Om (input port clocked by clk)
Endpoint: BN[9]$_SDFFE_PP1P_ (rising edge-triggered flip-flop clocked by clk)
Path Group: clk
Path Type: max

Fanout         Cap        Slew       Delay        Time   Description
---------------------------------------------------------------------------------------------
                      0.150000    0.000000    0.000000   clock clk (rise edge)
                                  0.000000    0.000000   clock network delay (ideal)
                                  2.000000    2.000000 ^ input external delay
     3    0.010403    0.027313    0.008463    2.008463 ^ Om (in)
                                                         Om (net)
                      0.027313    0.000000    2.008463 ^ _096_/B_N (sg13g2_nor2b_1)
    12    0.035657    0.306257    0.277549    2.286012 ^ _096_/Y (sg13g2_nor2b_1)
                                                         _050_ (net)
                      0.306257    0.000000    2.286012 ^ _126_/A (sg13g2_nand3_1)
     1    0.002763    0.094208    0.120352    2.406363 v _126_/Y (sg13g2_nand3_1)
                                                         _029_ (net)
                      0.094208    0.000000    2.406363 v _127_/A2 (sg13g2_a21o_1)
     1    0.001430    0.023687    0.132095    2.538458 v _127_/X (sg13g2_a21o_1)
                                                         _011_ (net)
                      0.023687    0.000000    2.538458 v BN[9]$_SDFFE_PP1P_/D (sg13g2_dfrbpq_1)
                                              2.538458   data arrival time

                      0.150000   10.000000   10.000000   clock clk (rise edge)
                                  0.000000   10.000000   clock network delay (ideal)
                                 -0.250000    9.750000   clock uncertainty
                                  0.000000    9.750000   clock reconvergence pessimism
                                              9.750000 ^ BN[9]$_SDFFE_PP1P_/CLK (sg13g2_dfrbpq_1)
                                 -0.080740    9.669260   library setup time
                                              9.669260   data required time
---------------------------------------------------------------------------------------------
                                              9.669260   data required time
                                             -2.538458   data arrival time
---------------------------------------------------------------------------------------------
                                              7.130802   slack (MET)


Startpoint: B[11]$_SDFFE_PP1P_ (rising edge-triggered flip-flop clocked by clk)
Endpoint: D[0] (output port clocked by clk)
Path Group: clk
Path Type: max

Fanout         Cap        Slew       Delay        Time   Description
---------------------------------------------------------------------------------------------
                      0.150000    0.000000    0.000000   clock clk (rise edge)
                                  0.000000    0.000000   clock network delay (ideal)
                      0.150000    0.000000    0.000000 ^ B[11]$_SDFFE_PP1P_/CLK (sg13g2_dfrbpq_1)
    14    0.067232    0.278846    0.398989    0.398989 ^ B[11]$_SDFFE_PP1P_/Q (sg13g2_dfrbpq_1)
                                                         B[11] (net)
                      0.278846    0.000000    0.398989 ^ _153_/A (sg13g2_or2_1)
     1    0.006000    0.043165    0.156225    0.555214 ^ _153_/X (sg13g2_or2_1)
                                                         D[0] (net)
                      0.043165    0.000000    0.555214 ^ D[0] (out)
                                              0.555214   data arrival time

                      0.150000   10.000000   10.000000   clock clk (rise edge)
                                  0.000000   10.000000   clock network delay (ideal)
                                 -0.250000    9.750000   clock uncertainty
                                  0.000000    9.750000   clock reconvergence pessimism
                                 -2.000000    7.750000   output external delay
                                              7.750000   data required time
---------------------------------------------------------------------------------------------
                                              7.750000   data required time
                                             -0.555214   data arrival time
---------------------------------------------------------------------------------------------
                                              7.194786   slack (MET)


Startpoint: Op (input port clocked by clk)
Endpoint: dbit[3]$_SDFFE_PP1P_ (rising edge-triggered flip-flop clocked by clk)
Path Group: clk
Path Type: max

Fanout         Cap        Slew       Delay        Time   Description
---------------------------------------------------------------------------------------------
                      0.150000    0.000000    0.000000   clock clk (rise edge)
                                  0.000000    0.000000   clock network delay (ideal)
                                  2.000000    2.000000 v input external delay
     3    0.010674    0.022817    0.007373    2.007373 v Op (in)
                                                         Op (net)
                      0.022817    0.000000    2.007373 v _165_/A (sg13g2_xnor2_1)
     6    0.016377    0.113476    0.139544    2.146917 v _165_/Y (sg13g2_xnor2_1)
                                                         _043_ (net)
                      0.113476    0.000000    2.146917 v _172_/A_N (sg13g2_nand3b_1)
     2    0.005805    0.101102    0.141535    2.288452 v _172_/Y (sg13g2_nand3b_1)
                                                         _048_ (net)
                      0.101102    0.000000    2.288452 v _175_/A2 (sg13g2_a21o_1)
     1    0.001430    0.023768    0.134320    2.422772 v _175_/X (sg13g2_a21o_1)
                                                         _027_ (net)
                      0.023768    0.000000    2.422772 v dbit[3]$_SDFFE_PP1P_/D (sg13g2_dfrbpq_1)
                                              2.422772   data arrival time

                      0.150000   10.000000   10.000000   clock clk (rise edge)
                                  0.000000   10.000000   clock network delay (ideal)
                                 -0.250000    9.750000   clock uncertainty
                                  0.000000    9.750000   clock reconvergence pessimism
                                              9.750000 ^ dbit[3]$_SDFFE_PP1P_/CLK (sg13g2_dfrbpq_1)
                                 -0.080769    9.669231   library setup time
                                              9.669231   data required time
---------------------------------------------------------------------------------------------
                                              9.669231   data required time
                                             -2.422772   data arrival time
---------------------------------------------------------------------------------------------
                                              7.246459   slack (MET)


Startpoint: Op (input port clocked by clk)
Endpoint: dbit[2]$_SDFFE_PP0P_ (rising edge-triggered flip-flop clocked by clk)
Path Group: clk
Path Type: max

Fanout         Cap        Slew       Delay        Time   Description
---------------------------------------------------------------------------------------------
                      0.150000    0.000000    0.000000   clock clk (rise edge)
                                  0.000000    0.000000   clock network delay (ideal)
                                  2.000000    2.000000 v input external delay
     3    0.010674    0.022817    0.007373    2.007373 v Op (in)
                                                         Op (net)
                      0.022817    0.000000    2.007373 v _165_/A (sg13g2_xnor2_1)
     6    0.016377    0.113476    0.139544    2.146917 v _165_/Y (sg13g2_xnor2_1)
                                                         _043_ (net)
                      0.113476    0.000000    2.146917 v _172_/A_N (sg13g2_nand3b_1)
     2    0.005805    0.101102    0.141535    2.288452 v _172_/Y (sg13g2_nand3b_1)
                                                         _048_ (net)
                      0.101102    0.000000    2.288452 v _174_/A1 (sg13g2_a21oi_1)
     1    0.001410    0.047607    0.076014    2.364466 ^ _174_/Y (sg13g2_a21oi_1)
                                                         _026_ (net)
                      0.047607    0.000000    2.364466 ^ dbit[2]$_SDFFE_PP0P_/D (sg13g2_dfrbpq_1)
                                              2.364466   data arrival time

                      0.150000   10.000000   10.000000   clock clk (rise edge)
                                  0.000000   10.000000   clock network delay (ideal)
                                 -0.250000    9.750000   clock uncertainty
                                  0.000000    9.750000   clock reconvergence pessimism
                                              9.750000 ^ dbit[2]$_SDFFE_PP0P_/CLK (sg13g2_dfrbpq_1)
                                 -0.102575    9.647425   library setup time
                                              9.647425   data required time
---------------------------------------------------------------------------------------------
                                              9.647425   data required time
                                             -2.364466   data arrival time
---------------------------------------------------------------------------------------------
                                              7.282959   slack (MET)


Startpoint: Op (input port clocked by clk)
Endpoint: dbit[0]$_SDFFE_PP1P_ (rising edge-triggered flip-flop clocked by clk)
Path Group: clk
Path Type: max

Fanout         Cap        Slew       Delay        Time   Description
---------------------------------------------------------------------------------------------
                      0.150000    0.000000    0.000000   clock clk (rise edge)
                                  0.000000    0.000000   clock network delay (ideal)
                                  2.000000    2.000000 v input external delay
     3    0.010674    0.022817    0.007373    2.007373 v Op (in)
                                                         Op (net)
                      0.022817    0.000000    2.007373 v _165_/A (sg13g2_xnor2_1)
     6    0.016377    0.113476    0.139544    2.146917 v _165_/Y (sg13g2_xnor2_1)
                                                         _043_ (net)
                      0.113476    0.000000    2.146917 v _166_/B1 (sg13g2_a21o_1)
     1    0.003154    0.029540    0.133977    2.280894 v _166_/X (sg13g2_a21o_1)
                                                         _044_ (net)
                      0.029540    0.000000    2.280894 v _168_/A2 (sg13g2_o21ai_1)
     1    0.001410    0.060364    0.065512    2.346406 ^ _168_/Y (sg13g2_o21ai_1)
                                                         _024_ (net)
                      0.060364    0.000000    2.346406 ^ dbit[0]$_SDFFE_PP1P_/D (sg13g2_dfrbpq_1)
                                              2.346406   data arrival time

                      0.150000   10.000000   10.000000   clock clk (rise edge)
                                  0.000000   10.000000   clock network delay (ideal)
                                 -0.250000    9.750000   clock uncertainty
                                  0.000000    9.750000   clock reconvergence pessimism
                                              9.750000 ^ dbit[0]$_SDFFE_PP1P_/CLK (sg13g2_dfrbpq_1)
                                 -0.106614    9.643387   library setup time
                                              9.643387   data required time
---------------------------------------------------------------------------------------------
                                              9.643387   data required time
                                             -2.346406   data arrival time
---------------------------------------------------------------------------------------------
                                              7.296981   slack (MET)


Startpoint: Op (input port clocked by clk)
Endpoint: dbit[1]$_SDFFE_PP1P_ (rising edge-triggered flip-flop clocked by clk)
Path Group: clk
Path Type: max

Fanout         Cap        Slew       Delay        Time   Description
---------------------------------------------------------------------------------------------
                      0.150000    0.000000    0.000000   clock clk (rise edge)
                                  0.000000    0.000000   clock network delay (ideal)
                                  2.000000    2.000000 ^ input external delay
     3    0.010948    0.027834    0.008906    2.008906 ^ Op (in)
                                                         Op (net)
                      0.027834    0.000000    2.008906 ^ _165_/A (sg13g2_xnor2_1)
     6    0.017599    0.173357    0.155891    2.164797 ^ _165_/Y (sg13g2_xnor2_1)
                                                         _043_ (net)
                      0.173357    0.000000    2.164797 ^ _170_/C (sg13g2_or3_1)
     1    0.003111    0.032579    0.121658    2.286455 ^ _170_/X (sg13g2_or3_1)
                                                         _047_ (net)
                      0.032579    0.000000    2.286455 ^ _171_/C (sg13g2_nand3b_1)
     1    0.001430    0.046690    0.067343    2.353798 v _171_/Y (sg13g2_nand3b_1)
                                                         _025_ (net)
                      0.046690    0.000000    2.353798 v dbit[1]$_SDFFE_PP1P_/D (sg13g2_dfrbpq_1)
                                              2.353798   data arrival time

                      0.150000   10.000000   10.000000   clock clk (rise edge)
                                  0.000000   10.000000   clock network delay (ideal)
                                 -0.250000    9.750000   clock uncertainty
                                  0.000000    9.750000   clock reconvergence pessimism
                                              9.750000 ^ dbit[1]$_SDFFE_PP1P_/CLK (sg13g2_dfrbpq_1)
                                 -0.089068    9.660932   library setup time
                                              9.660932   data required time
---------------------------------------------------------------------------------------------
                                              9.660932   data required time
                                             -2.353798   data arrival time
---------------------------------------------------------------------------------------------
                                              7.307134   slack (MET)


Startpoint: B[11]$_SDFFE_PP1P_ (rising edge-triggered flip-flop clocked by clk)
Endpoint: B[11] (output port clocked by clk)
Path Group: clk
Path Type: max

Fanout         Cap        Slew       Delay        Time   Description
---------------------------------------------------------------------------------------------
                      0.150000    0.000000    0.000000   clock clk (rise edge)
                                  0.000000    0.000000   clock network delay (ideal)
                      0.150000    0.000000    0.000000 ^ B[11]$_SDFFE_PP1P_/CLK (sg13g2_dfrbpq_1)
    14    0.067232    0.278846    0.398989    0.398989 ^ B[11]$_SDFFE_PP1P_/Q (sg13g2_dfrbpq_1)
                                                         B[11] (net)
                      0.278846    0.000000    0.398989 ^ B[11] (out)
                                              0.398989   data arrival time

                      0.150000   10.000000   10.000000   clock clk (rise edge)
                                  0.000000   10.000000   clock network delay (ideal)
                                 -0.250000    9.750000   clock uncertainty
                                  0.000000    9.750000   clock reconvergence pessimism
                                 -2.000000    7.750000   output external delay
                                              7.750000   data required time
---------------------------------------------------------------------------------------------
                                              7.750000   data required time
                                             -0.398989   data arrival time
---------------------------------------------------------------------------------------------
                                              7.351011   slack (MET)


Startpoint: BN[11]$_SDFFE_PP1P_ (rising edge-triggered flip-flop clocked by clk)
Endpoint: BN[11] (output port clocked by clk)
Path Group: clk
Path Type: max

Fanout         Cap        Slew       Delay        Time   Description
---------------------------------------------------------------------------------------------
                      0.150000    0.000000    0.000000   clock clk (rise edge)
                                  0.000000    0.000000   clock network delay (ideal)
                      0.150000    0.000000    0.000000 ^ BN[11]$_SDFFE_PP1P_/CLK (sg13g2_dfrbpq_1)
     4    0.013352    0.064581    0.247840    0.247840 ^ BN[11]$_SDFFE_PP1P_/Q (sg13g2_dfrbpq_1)
                                                         sign (net)
                      0.064581    0.000000    0.247840 ^ _204_/A (sg13g2_buf_1)
     1    0.006000    0.036248    0.084046    0.331886 ^ _204_/X (sg13g2_buf_1)
                                                         BN[11] (net)
                      0.036248    0.000000    0.331886 ^ BN[11] (out)
                                              0.331886   data arrival time

                      0.150000   10.000000   10.000000   clock clk (rise edge)
                                  0.000000   10.000000   clock network delay (ideal)
                                 -0.250000    9.750000   clock uncertainty
                                  0.000000    9.750000   clock reconvergence pessimism
                                 -2.000000    7.750000   output external delay
                                              7.750000   data required time
---------------------------------------------------------------------------------------------
                                              7.750000   data required time
                                             -0.331886   data arrival time
---------------------------------------------------------------------------------------------
                                              7.418114   slack (MET)


Startpoint: BN[11]$_SDFFE_PP1P_ (rising edge-triggered flip-flop clocked by clk)
Endpoint: sign (output port clocked by clk)
Path Group: clk
Path Type: max

Fanout         Cap        Slew       Delay        Time   Description
---------------------------------------------------------------------------------------------
                      0.150000    0.000000    0.000000   clock clk (rise edge)
                                  0.000000    0.000000   clock network delay (ideal)
                      0.150000    0.000000    0.000000 ^ BN[11]$_SDFFE_PP1P_/CLK (sg13g2_dfrbpq_1)
     4    0.013352    0.064581    0.247840    0.247840 ^ BN[11]$_SDFFE_PP1P_/Q (sg13g2_dfrbpq_1)
                                                         sign (net)
                      0.064581    0.000000    0.247840 ^ sign (out)
                                              0.247840   data arrival time

                      0.150000   10.000000   10.000000   clock clk (rise edge)
                                  0.000000   10.000000   clock network delay (ideal)
                                 -0.250000    9.750000   clock uncertainty
                                  0.000000    9.750000   clock reconvergence pessimism
                                 -2.000000    7.750000   output external delay
                                              7.750000   data required time
---------------------------------------------------------------------------------------------
                                              7.750000   data required time
                                             -0.247840   data arrival time
---------------------------------------------------------------------------------------------
                                              7.502160   slack (MET)


Startpoint: B[0]$_SDFFE_PP1P_ (rising edge-triggered flip-flop clocked by clk)
Endpoint: B[0] (output port clocked by clk)
Path Group: clk
Path Type: max

Fanout         Cap        Slew       Delay        Time   Description
---------------------------------------------------------------------------------------------
                      0.150000    0.000000    0.000000   clock clk (rise edge)
                                  0.000000    0.000000   clock network delay (ideal)
                      0.150000    0.000000    0.000000 ^ B[0]$_SDFFE_PP1P_/CLK (sg13g2_dfrbpq_1)
     3    0.011637    0.058002    0.242808    0.242808 ^ B[0]$_SDFFE_PP1P_/Q (sg13g2_dfrbpq_1)
                                                         B[0] (net)
                      0.058002    0.000000    0.242808 ^ B[0] (out)
                                              0.242808   data arrival time

                      0.150000   10.000000   10.000000   clock clk (rise edge)
                                  0.000000   10.000000   clock network delay (ideal)
                                 -0.250000    9.750000   clock uncertainty
                                  0.000000    9.750000   clock reconvergence pessimism
                                 -2.000000    7.750000   output external delay
                                              7.750000   data required time
---------------------------------------------------------------------------------------------
                                              7.750000   data required time
                                             -0.242808   data arrival time
---------------------------------------------------------------------------------------------
                                              7.507193   slack (MET)


Startpoint: B[10]$_SDFFE_PP1P_ (rising edge-triggered flip-flop clocked by clk)
Endpoint: B[10] (output port clocked by clk)
Path Group: clk
Path Type: max

Fanout         Cap        Slew       Delay        Time   Description
---------------------------------------------------------------------------------------------
                      0.150000    0.000000    0.000000   clock clk (rise edge)
                                  0.000000    0.000000   clock network delay (ideal)
                      0.150000    0.000000    0.000000 ^ B[10]$_SDFFE_PP1P_/CLK (sg13g2_dfrbpq_1)
     3    0.011637    0.058002    0.242808    0.242808 ^ B[10]$_SDFFE_PP1P_/Q (sg13g2_dfrbpq_1)
                                                         B[10] (net)
                      0.058002    0.000000    0.242808 ^ B[10] (out)
                                              0.242808   data arrival time

                      0.150000   10.000000   10.000000   clock clk (rise edge)
                                  0.000000   10.000000   clock network delay (ideal)
                                 -0.250000    9.750000   clock uncertainty
                                  0.000000    9.750000   clock reconvergence pessimism
                                 -2.000000    7.750000   output external delay
                                              7.750000   data required time
---------------------------------------------------------------------------------------------
                                              7.750000   data required time
                                             -0.242808   data arrival time
---------------------------------------------------------------------------------------------
                                              7.507193   slack (MET)


Startpoint: B[1]$_SDFFE_PP1P_ (rising edge-triggered flip-flop clocked by clk)
Endpoint: B[1] (output port clocked by clk)
Path Group: clk
Path Type: max

Fanout         Cap        Slew       Delay        Time   Description
---------------------------------------------------------------------------------------------
                      0.150000    0.000000    0.000000   clock clk (rise edge)
                                  0.000000    0.000000   clock network delay (ideal)
                      0.150000    0.000000    0.000000 ^ B[1]$_SDFFE_PP1P_/CLK (sg13g2_dfrbpq_1)
     3    0.011637    0.058002    0.242808    0.242808 ^ B[1]$_SDFFE_PP1P_/Q (sg13g2_dfrbpq_1)
                                                         B[1] (net)
                      0.058002    0.000000    0.242808 ^ B[1] (out)
                                              0.242808   data arrival time

                      0.150000   10.000000   10.000000   clock clk (rise edge)
                                  0.000000   10.000000   clock network delay (ideal)
                                 -0.250000    9.750000   clock uncertainty
                                  0.000000    9.750000   clock reconvergence pessimism
                                 -2.000000    7.750000   output external delay
                                              7.750000   data required time
---------------------------------------------------------------------------------------------
                                              7.750000   data required time
                                             -0.242808   data arrival time
---------------------------------------------------------------------------------------------
                                              7.507193   slack (MET)


Startpoint: B[2]$_SDFFE_PP1P_ (rising edge-triggered flip-flop clocked by clk)
Endpoint: B[2] (output port clocked by clk)
Path Group: clk
Path Type: max

Fanout         Cap        Slew       Delay        Time   Description
---------------------------------------------------------------------------------------------
                      0.150000    0.000000    0.000000   clock clk (rise edge)
                                  0.000000    0.000000   clock network delay (ideal)
                      0.150000    0.000000    0.000000 ^ B[2]$_SDFFE_PP1P_/CLK (sg13g2_dfrbpq_1)
     3    0.011637    0.058002    0.242808    0.242808 ^ B[2]$_SDFFE_PP1P_/Q (sg13g2_dfrbpq_1)
                                                         B[2] (net)
                      0.058002    0.000000    0.242808 ^ B[2] (out)
                                              0.242808   data arrival time

                      0.150000   10.000000   10.000000   clock clk (rise edge)
                                  0.000000   10.000000   clock network delay (ideal)
                                 -0.250000    9.750000   clock uncertainty
                                  0.000000    9.750000   clock reconvergence pessimism
                                 -2.000000    7.750000   output external delay
                                              7.750000   data required time
---------------------------------------------------------------------------------------------
                                              7.750000   data required time
                                             -0.242808   data arrival time
---------------------------------------------------------------------------------------------
                                              7.507193   slack (MET)


Startpoint: B[3]$_SDFFE_PP1P_ (rising edge-triggered flip-flop clocked by clk)
Endpoint: B[3] (output port clocked by clk)
Path Group: clk
Path Type: max

Fanout         Cap        Slew       Delay        Time   Description
---------------------------------------------------------------------------------------------
                      0.150000    0.000000    0.000000   clock clk (rise edge)
                                  0.000000    0.000000   clock network delay (ideal)
                      0.150000    0.000000    0.000000 ^ B[3]$_SDFFE_PP1P_/CLK (sg13g2_dfrbpq_1)
     3    0.011637    0.058002    0.242808    0.242808 ^ B[3]$_SDFFE_PP1P_/Q (sg13g2_dfrbpq_1)
                                                         B[3] (net)
                      0.058002    0.000000    0.242808 ^ B[3] (out)
                                              0.242808   data arrival time

                      0.150000   10.000000   10.000000   clock clk (rise edge)
                                  0.000000   10.000000   clock network delay (ideal)
                                 -0.250000    9.750000   clock uncertainty
                                  0.000000    9.750000   clock reconvergence pessimism
                                 -2.000000    7.750000   output external delay
                                              7.750000   data required time
---------------------------------------------------------------------------------------------
                                              7.750000   data required time
                                             -0.242808   data arrival time
---------------------------------------------------------------------------------------------
                                              7.507193   slack (MET)


Startpoint: B[4]$_SDFFE_PP1P_ (rising edge-triggered flip-flop clocked by clk)
Endpoint: B[4] (output port clocked by clk)
Path Group: clk
Path Type: max

Fanout         Cap        Slew       Delay        Time   Description
---------------------------------------------------------------------------------------------
                      0.150000    0.000000    0.000000   clock clk (rise edge)
                                  0.000000    0.000000   clock network delay (ideal)
                      0.150000    0.000000    0.000000 ^ B[4]$_SDFFE_PP1P_/CLK (sg13g2_dfrbpq_1)
     3    0.011637    0.058002    0.242808    0.242808 ^ B[4]$_SDFFE_PP1P_/Q (sg13g2_dfrbpq_1)
                                                         B[4] (net)
                      0.058002    0.000000    0.242808 ^ B[4] (out)
                                              0.242808   data arrival time

                      0.150000   10.000000   10.000000   clock clk (rise edge)
                                  0.000000   10.000000   clock network delay (ideal)
                                 -0.250000    9.750000   clock uncertainty
                                  0.000000    9.750000   clock reconvergence pessimism
                                 -2.000000    7.750000   output external delay
                                              7.750000   data required time
---------------------------------------------------------------------------------------------
                                              7.750000   data required time
                                             -0.242808   data arrival time
---------------------------------------------------------------------------------------------
                                              7.507193   slack (MET)


Startpoint: B[5]$_SDFFE_PP1P_ (rising edge-triggered flip-flop clocked by clk)
Endpoint: B[5] (output port clocked by clk)
Path Group: clk
Path Type: max

Fanout         Cap        Slew       Delay        Time   Description
---------------------------------------------------------------------------------------------
                      0.150000    0.000000    0.000000   clock clk (rise edge)
                                  0.000000    0.000000   clock network delay (ideal)
                      0.150000    0.000000    0.000000 ^ B[5]$_SDFFE_PP1P_/CLK (sg13g2_dfrbpq_1)
     3    0.011637    0.058002    0.242808    0.242808 ^ B[5]$_SDFFE_PP1P_/Q (sg13g2_dfrbpq_1)
                                                         B[5] (net)
                      0.058002    0.000000    0.242808 ^ B[5] (out)
                                              0.242808   data arrival time

                      0.150000   10.000000   10.000000   clock clk (rise edge)
                                  0.000000   10.000000   clock network delay (ideal)
                                 -0.250000    9.750000   clock uncertainty
                                  0.000000    9.750000   clock reconvergence pessimism
                                 -2.000000    7.750000   output external delay
                                              7.750000   data required time
---------------------------------------------------------------------------------------------
                                              7.750000   data required time
                                             -0.242808   data arrival time
---------------------------------------------------------------------------------------------
                                              7.507193   slack (MET)


Startpoint: B[6]$_SDFFE_PP1P_ (rising edge-triggered flip-flop clocked by clk)
Endpoint: B[6] (output port clocked by clk)
Path Group: clk
Path Type: max

Fanout         Cap        Slew       Delay        Time   Description
---------------------------------------------------------------------------------------------
                      0.150000    0.000000    0.000000   clock clk (rise edge)
                                  0.000000    0.000000   clock network delay (ideal)
                      0.150000    0.000000    0.000000 ^ B[6]$_SDFFE_PP1P_/CLK (sg13g2_dfrbpq_1)
     3    0.011637    0.058002    0.242808    0.242808 ^ B[6]$_SDFFE_PP1P_/Q (sg13g2_dfrbpq_1)
                                                         B[6] (net)
                      0.058002    0.000000    0.242808 ^ B[6] (out)
                                              0.242808   data arrival time

                      0.150000   10.000000   10.000000   clock clk (rise edge)
                                  0.000000   10.000000   clock network delay (ideal)
                                 -0.250000    9.750000   clock uncertainty
                                  0.000000    9.750000   clock reconvergence pessimism
                                 -2.000000    7.750000   output external delay
                                              7.750000   data required time
---------------------------------------------------------------------------------------------
                                              7.750000   data required time
                                             -0.242808   data arrival time
---------------------------------------------------------------------------------------------
                                              7.507193   slack (MET)


Startpoint: B[7]$_SDFFE_PP1P_ (rising edge-triggered flip-flop clocked by clk)
Endpoint: B[7] (output port clocked by clk)
Path Group: clk
Path Type: max

Fanout         Cap        Slew       Delay        Time   Description
---------------------------------------------------------------------------------------------
                      0.150000    0.000000    0.000000   clock clk (rise edge)
                                  0.000000    0.000000   clock network delay (ideal)
                      0.150000    0.000000    0.000000 ^ B[7]$_SDFFE_PP1P_/CLK (sg13g2_dfrbpq_1)
     3    0.011637    0.058002    0.242808    0.242808 ^ B[7]$_SDFFE_PP1P_/Q (sg13g2_dfrbpq_1)
                                                         B[7] (net)
                      0.058002    0.000000    0.242808 ^ B[7] (out)
                                              0.242808   data arrival time

                      0.150000   10.000000   10.000000   clock clk (rise edge)
                                  0.000000   10.000000   clock network delay (ideal)
                                 -0.250000    9.750000   clock uncertainty
                                  0.000000    9.750000   clock reconvergence pessimism
                                 -2.000000    7.750000   output external delay
                                              7.750000   data required time
---------------------------------------------------------------------------------------------
                                              7.750000   data required time
                                             -0.242808   data arrival time
---------------------------------------------------------------------------------------------
                                              7.507193   slack (MET)


Startpoint: B[8]$_SDFFE_PP1P_ (rising edge-triggered flip-flop clocked by clk)
Endpoint: B[8] (output port clocked by clk)
Path Group: clk
Path Type: max

Fanout         Cap        Slew       Delay        Time   Description
---------------------------------------------------------------------------------------------
                      0.150000    0.000000    0.000000   clock clk (rise edge)
                                  0.000000    0.000000   clock network delay (ideal)
                      0.150000    0.000000    0.000000 ^ B[8]$_SDFFE_PP1P_/CLK (sg13g2_dfrbpq_1)
     3    0.011637    0.058002    0.242808    0.242808 ^ B[8]$_SDFFE_PP1P_/Q (sg13g2_dfrbpq_1)
                                                         B[8] (net)
                      0.058002    0.000000    0.242808 ^ B[8] (out)
                                              0.242808   data arrival time

                      0.150000   10.000000   10.000000   clock clk (rise edge)
                                  0.000000   10.000000   clock network delay (ideal)
                                 -0.250000    9.750000   clock uncertainty
                                  0.000000    9.750000   clock reconvergence pessimism
                                 -2.000000    7.750000   output external delay
                                              7.750000   data required time
---------------------------------------------------------------------------------------------
                                              7.750000   data required time
                                             -0.242808   data arrival time
---------------------------------------------------------------------------------------------
                                              7.507193   slack (MET)


Startpoint: B[9]$_SDFFE_PP1P_ (rising edge-triggered flip-flop clocked by clk)
Endpoint: B[9] (output port clocked by clk)
Path Group: clk
Path Type: max

Fanout         Cap        Slew       Delay        Time   Description
---------------------------------------------------------------------------------------------
                      0.150000    0.000000    0.000000   clock clk (rise edge)
                                  0.000000    0.000000   clock network delay (ideal)
                      0.150000    0.000000    0.000000 ^ B[9]$_SDFFE_PP1P_/CLK (sg13g2_dfrbpq_1)
     3    0.011637    0.058002    0.242808    0.242808 ^ B[9]$_SDFFE_PP1P_/Q (sg13g2_dfrbpq_1)
                                                         B[9] (net)
                      0.058002    0.000000    0.242808 ^ B[9] (out)
                                              0.242808   data arrival time

                      0.150000   10.000000   10.000000   clock clk (rise edge)
                                  0.000000   10.000000   clock network delay (ideal)
                                 -0.250000    9.750000   clock uncertainty
                                  0.000000    9.750000   clock reconvergence pessimism
                                 -2.000000    7.750000   output external delay
                                              7.750000   data required time
---------------------------------------------------------------------------------------------
                                              7.750000   data required time
                                             -0.242808   data arrival time
---------------------------------------------------------------------------------------------
                                              7.507193   slack (MET)


Startpoint: BN[0]$_SDFFE_PP1P_ (rising edge-triggered flip-flop clocked by clk)
Endpoint: BN[0] (output port clocked by clk)
Path Group: clk
Path Type: max

Fanout         Cap        Slew       Delay        Time   Description
---------------------------------------------------------------------------------------------
                      0.150000    0.000000    0.000000   clock clk (rise edge)
                                  0.000000    0.000000   clock network delay (ideal)
                      0.150000    0.000000    0.000000 ^ BN[0]$_SDFFE_PP1P_/CLK (sg13g2_dfrbpq_1)
     3    0.011533    0.057603    0.242503    0.242503 ^ BN[0]$_SDFFE_PP1P_/Q (sg13g2_dfrbpq_1)
                                                         BN[0] (net)
                      0.057603    0.000000    0.242503 ^ BN[0] (out)
                                              0.242503   data arrival time

                      0.150000   10.000000   10.000000   clock clk (rise edge)
                                  0.000000   10.000000   clock network delay (ideal)
                                 -0.250000    9.750000   clock uncertainty
                                  0.000000    9.750000   clock reconvergence pessimism
                                 -2.000000    7.750000   output external delay
                                              7.750000   data required time
---------------------------------------------------------------------------------------------
                                              7.750000   data required time
                                             -0.242503   data arrival time
---------------------------------------------------------------------------------------------
                                              7.507497   slack (MET)


Startpoint: BN[10]$_SDFFE_PP1P_ (rising edge-triggered flip-flop clocked by clk)
Endpoint: BN[10] (output port clocked by clk)
Path Group: clk
Path Type: max

Fanout         Cap        Slew       Delay        Time   Description
---------------------------------------------------------------------------------------------
                      0.150000    0.000000    0.000000   clock clk (rise edge)
                                  0.000000    0.000000   clock network delay (ideal)
                      0.150000    0.000000    0.000000 ^ BN[10]$_SDFFE_PP1P_/CLK (sg13g2_dfrbpq_1)
     3    0.011533    0.057603    0.242503    0.242503 ^ BN[10]$_SDFFE_PP1P_/Q (sg13g2_dfrbpq_1)
                                                         BN[10] (net)
                      0.057603    0.000000    0.242503 ^ BN[10] (out)
                                              0.242503   data arrival time

                      0.150000   10.000000   10.000000   clock clk (rise edge)
                                  0.000000   10.000000   clock network delay (ideal)
                                 -0.250000    9.750000   clock uncertainty
                                  0.000000    9.750000   clock reconvergence pessimism
                                 -2.000000    7.750000   output external delay
                                              7.750000   data required time
---------------------------------------------------------------------------------------------
                                              7.750000   data required time
                                             -0.242503   data arrival time
---------------------------------------------------------------------------------------------
                                              7.507497   slack (MET)


Startpoint: BN[1]$_SDFFE_PP1P_ (rising edge-triggered flip-flop clocked by clk)
Endpoint: BN[1] (output port clocked by clk)
Path Group: clk
Path Type: max

Fanout         Cap        Slew       Delay        Time   Description
---------------------------------------------------------------------------------------------
                      0.150000    0.000000    0.000000   clock clk (rise edge)
                                  0.000000    0.000000   clock network delay (ideal)
                      0.150000    0.000000    0.000000 ^ BN[1]$_SDFFE_PP1P_/CLK (sg13g2_dfrbpq_1)
     3    0.011533    0.057603    0.242503    0.242503 ^ BN[1]$_SDFFE_PP1P_/Q (sg13g2_dfrbpq_1)
                                                         BN[1] (net)
                      0.057603    0.000000    0.242503 ^ BN[1] (out)
                                              0.242503   data arrival time

                      0.150000   10.000000   10.000000   clock clk (rise edge)
                                  0.000000   10.000000   clock network delay (ideal)
                                 -0.250000    9.750000   clock uncertainty
                                  0.000000    9.750000   clock reconvergence pessimism
                                 -2.000000    7.750000   output external delay
                                              7.750000   data required time
---------------------------------------------------------------------------------------------
                                              7.750000   data required time
                                             -0.242503   data arrival time
---------------------------------------------------------------------------------------------
                                              7.507497   slack (MET)


Startpoint: BN[2]$_SDFFE_PP1P_ (rising edge-triggered flip-flop clocked by clk)
Endpoint: BN[2] (output port clocked by clk)
Path Group: clk
Path Type: max

Fanout         Cap        Slew       Delay        Time   Description
---------------------------------------------------------------------------------------------
                      0.150000    0.000000    0.000000   clock clk (rise edge)
                                  0.000000    0.000000   clock network delay (ideal)
                      0.150000    0.000000    0.000000 ^ BN[2]$_SDFFE_PP1P_/CLK (sg13g2_dfrbpq_1)
     3    0.011533    0.057603    0.242503    0.242503 ^ BN[2]$_SDFFE_PP1P_/Q (sg13g2_dfrbpq_1)
                                                         BN[2] (net)
                      0.057603    0.000000    0.242503 ^ BN[2] (out)
                                              0.242503   data arrival time

                      0.150000   10.000000   10.000000   clock clk (rise edge)
                                  0.000000   10.000000   clock network delay (ideal)
                                 -0.250000    9.750000   clock uncertainty
                                  0.000000    9.750000   clock reconvergence pessimism
                                 -2.000000    7.750000   output external delay
                                              7.750000   data required time
---------------------------------------------------------------------------------------------
                                              7.750000   data required time
                                             -0.242503   data arrival time
---------------------------------------------------------------------------------------------
                                              7.507497   slack (MET)


Startpoint: BN[3]$_SDFFE_PP1P_ (rising edge-triggered flip-flop clocked by clk)
Endpoint: BN[3] (output port clocked by clk)
Path Group: clk
Path Type: max

Fanout         Cap        Slew       Delay        Time   Description
---------------------------------------------------------------------------------------------
                      0.150000    0.000000    0.000000   clock clk (rise edge)
                                  0.000000    0.000000   clock network delay (ideal)
                      0.150000    0.000000    0.000000 ^ BN[3]$_SDFFE_PP1P_/CLK (sg13g2_dfrbpq_1)
     3    0.011533    0.057603    0.242503    0.242503 ^ BN[3]$_SDFFE_PP1P_/Q (sg13g2_dfrbpq_1)
                                                         BN[3] (net)
                      0.057603    0.000000    0.242503 ^ BN[3] (out)
                                              0.242503   data arrival time

                      0.150000   10.000000   10.000000   clock clk (rise edge)
                                  0.000000   10.000000   clock network delay (ideal)
                                 -0.250000    9.750000   clock uncertainty
                                  0.000000    9.750000   clock reconvergence pessimism
                                 -2.000000    7.750000   output external delay
                                              7.750000   data required time
---------------------------------------------------------------------------------------------
                                              7.750000   data required time
                                             -0.242503   data arrival time
---------------------------------------------------------------------------------------------
                                              7.507497   slack (MET)


Startpoint: BN[4]$_SDFFE_PP1P_ (rising edge-triggered flip-flop clocked by clk)
Endpoint: BN[4] (output port clocked by clk)
Path Group: clk
Path Type: max

Fanout         Cap        Slew       Delay        Time   Description
---------------------------------------------------------------------------------------------
                      0.150000    0.000000    0.000000   clock clk (rise edge)
                                  0.000000    0.000000   clock network delay (ideal)
                      0.150000    0.000000    0.000000 ^ BN[4]$_SDFFE_PP1P_/CLK (sg13g2_dfrbpq_1)
     3    0.011533    0.057603    0.242503    0.242503 ^ BN[4]$_SDFFE_PP1P_/Q (sg13g2_dfrbpq_1)
                                                         BN[4] (net)
                      0.057603    0.000000    0.242503 ^ BN[4] (out)
                                              0.242503   data arrival time

                      0.150000   10.000000   10.000000   clock clk (rise edge)
                                  0.000000   10.000000   clock network delay (ideal)
                                 -0.250000    9.750000   clock uncertainty
                                  0.000000    9.750000   clock reconvergence pessimism
                                 -2.000000    7.750000   output external delay
                                              7.750000   data required time
---------------------------------------------------------------------------------------------
                                              7.750000   data required time
                                             -0.242503   data arrival time
---------------------------------------------------------------------------------------------
                                              7.507497   slack (MET)


Startpoint: BN[5]$_SDFFE_PP1P_ (rising edge-triggered flip-flop clocked by clk)
Endpoint: BN[5] (output port clocked by clk)
Path Group: clk
Path Type: max

Fanout         Cap        Slew       Delay        Time   Description
---------------------------------------------------------------------------------------------
                      0.150000    0.000000    0.000000   clock clk (rise edge)
                                  0.000000    0.000000   clock network delay (ideal)
                      0.150000    0.000000    0.000000 ^ BN[5]$_SDFFE_PP1P_/CLK (sg13g2_dfrbpq_1)
     3    0.011533    0.057603    0.242503    0.242503 ^ BN[5]$_SDFFE_PP1P_/Q (sg13g2_dfrbpq_1)
                                                         BN[5] (net)
                      0.057603    0.000000    0.242503 ^ BN[5] (out)
                                              0.242503   data arrival time

                      0.150000   10.000000   10.000000   clock clk (rise edge)
                                  0.000000   10.000000   clock network delay (ideal)
                                 -0.250000    9.750000   clock uncertainty
                                  0.000000    9.750000   clock reconvergence pessimism
                                 -2.000000    7.750000   output external delay
                                              7.750000   data required time
---------------------------------------------------------------------------------------------
                                              7.750000   data required time
                                             -0.242503   data arrival time
---------------------------------------------------------------------------------------------
                                              7.507497   slack (MET)


Startpoint: BN[6]$_SDFFE_PP1P_ (rising edge-triggered flip-flop clocked by clk)
Endpoint: BN[6] (output port clocked by clk)
Path Group: clk
Path Type: max

Fanout         Cap        Slew       Delay        Time   Description
---------------------------------------------------------------------------------------------
                      0.150000    0.000000    0.000000   clock clk (rise edge)
                                  0.000000    0.000000   clock network delay (ideal)
                      0.150000    0.000000    0.000000 ^ BN[6]$_SDFFE_PP1P_/CLK (sg13g2_dfrbpq_1)
     3    0.011533    0.057603    0.242503    0.242503 ^ BN[6]$_SDFFE_PP1P_/Q (sg13g2_dfrbpq_1)
                                                         BN[6] (net)
                      0.057603    0.000000    0.242503 ^ BN[6] (out)
                                              0.242503   data arrival time

                      0.150000   10.000000   10.000000   clock clk (rise edge)
                                  0.000000   10.000000   clock network delay (ideal)
                                 -0.250000    9.750000   clock uncertainty
                                  0.000000    9.750000   clock reconvergence pessimism
                                 -2.000000    7.750000   output external delay
                                              7.750000   data required time
---------------------------------------------------------------------------------------------
                                              7.750000   data required time
                                             -0.242503   data arrival time
---------------------------------------------------------------------------------------------
                                              7.507497   slack (MET)


Startpoint: BN[7]$_SDFFE_PP1P_ (rising edge-triggered flip-flop clocked by clk)
Endpoint: BN[7] (output port clocked by clk)
Path Group: clk
Path Type: max

Fanout         Cap        Slew       Delay        Time   Description
---------------------------------------------------------------------------------------------
                      0.150000    0.000000    0.000000   clock clk (rise edge)
                                  0.000000    0.000000   clock network delay (ideal)
                      0.150000    0.000000    0.000000 ^ BN[7]$_SDFFE_PP1P_/CLK (sg13g2_dfrbpq_1)
     3    0.011533    0.057603    0.242503    0.242503 ^ BN[7]$_SDFFE_PP1P_/Q (sg13g2_dfrbpq_1)
                                                         BN[7] (net)
                      0.057603    0.000000    0.242503 ^ BN[7] (out)
                                              0.242503   data arrival time

                      0.150000   10.000000   10.000000   clock clk (rise edge)
                                  0.000000   10.000000   clock network delay (ideal)
                                 -0.250000    9.750000   clock uncertainty
                                  0.000000    9.750000   clock reconvergence pessimism
                                 -2.000000    7.750000   output external delay
                                              7.750000   data required time
---------------------------------------------------------------------------------------------
                                              7.750000   data required time
                                             -0.242503   data arrival time
---------------------------------------------------------------------------------------------
                                              7.507497   slack (MET)


Startpoint: BN[8]$_SDFFE_PP1P_ (rising edge-triggered flip-flop clocked by clk)
Endpoint: BN[8] (output port clocked by clk)
Path Group: clk
Path Type: max

Fanout         Cap        Slew       Delay        Time   Description
---------------------------------------------------------------------------------------------
                      0.150000    0.000000    0.000000   clock clk (rise edge)
                                  0.000000    0.000000   clock network delay (ideal)
                      0.150000    0.000000    0.000000 ^ BN[8]$_SDFFE_PP1P_/CLK (sg13g2_dfrbpq_1)
     3    0.011533    0.057603    0.242503    0.242503 ^ BN[8]$_SDFFE_PP1P_/Q (sg13g2_dfrbpq_1)
                                                         BN[8] (net)
                      0.057603    0.000000    0.242503 ^ BN[8] (out)
                                              0.242503   data arrival time

                      0.150000   10.000000   10.000000   clock clk (rise edge)
                                  0.000000   10.000000   clock network delay (ideal)
                                 -0.250000    9.750000   clock uncertainty
                                  0.000000    9.750000   clock reconvergence pessimism
                                 -2.000000    7.750000   output external delay
                                              7.750000   data required time
---------------------------------------------------------------------------------------------
                                              7.750000   data required time
                                             -0.242503   data arrival time
---------------------------------------------------------------------------------------------
                                              7.507497   slack (MET)


Startpoint: BN[9]$_SDFFE_PP1P_ (rising edge-triggered flip-flop clocked by clk)
Endpoint: BN[9] (output port clocked by clk)
Path Group: clk
Path Type: max

Fanout         Cap        Slew       Delay        Time   Description
---------------------------------------------------------------------------------------------
                      0.150000    0.000000    0.000000   clock clk (rise edge)
                                  0.000000    0.000000   clock network delay (ideal)
                      0.150000    0.000000    0.000000 ^ BN[9]$_SDFFE_PP1P_/CLK (sg13g2_dfrbpq_1)
     3    0.011533    0.057603    0.242503    0.242503 ^ BN[9]$_SDFFE_PP1P_/Q (sg13g2_dfrbpq_1)
                                                         BN[9] (net)
                      0.057603    0.000000    0.242503 ^ BN[9] (out)
                                              0.242503   data arrival time

                      0.150000   10.000000   10.000000   clock clk (rise edge)
                                  0.000000   10.000000   clock network delay (ideal)
                                 -0.250000    9.750000   clock uncertainty
                                  0.000000    9.750000   clock reconvergence pessimism
                                 -2.000000    7.750000   output external delay
                                              7.750000   data required time
---------------------------------------------------------------------------------------------
                                              7.750000   data required time
                                             -0.242503   data arrival time
---------------------------------------------------------------------------------------------
                                              7.507497   slack (MET)



