
===========================================================================
report_checks -path_delay min (Hold)
============================================================================
======================= nom_typ_1p20V_25C Corner ===================================

Startpoint: dbit[2]$_SDFFE_PP0P_
            (rising edge-triggered flip-flop clocked by clk)
Endpoint: dbit[2]$_SDFFE_PP0P_ (rising edge-triggered flip-flop clocked by clk)
Path Group: clk
Path Type: min

Fanout         Cap        Slew       Delay        Time   Description
---------------------------------------------------------------------------------------------
                      0.150000    0.000000    0.000000   clock clk (rise edge)
                                  0.000000    0.000000   clock network delay (ideal)
                      0.150000    0.000000    0.000000 ^ dbit[2]$_SDFFE_PP0P_/CLK (sg13g2_dfrbpq_1)
     4    0.011050    0.043349    0.233987    0.233987 v dbit[2]$_SDFFE_PP0P_/Q (sg13g2_dfrbpq_1)
                                                         dbit[2] (net)
                      0.043349    0.000000    0.233987 v _173_/B1 (sg13g2_o21ai_1)
     1    0.003096    0.031618    0.041604    0.275591 ^ _173_/Y (sg13g2_o21ai_1)
                                                         _049_ (net)
                      0.031618    0.000000    0.275591 ^ _174_/A2 (sg13g2_a21oi_1)
     1    0.001430    0.026459    0.050373    0.325965 v _174_/Y (sg13g2_a21oi_1)
                                                         _026_ (net)
                      0.026459    0.000000    0.325965 v dbit[2]$_SDFFE_PP0P_/D (sg13g2_dfrbpq_1)
                                              0.325965   data arrival time

                      0.150000    0.000000    0.000000   clock clk (rise edge)
                                  0.000000    0.000000   clock network delay (ideal)
                                  0.250000    0.250000   clock uncertainty
                                  0.000000    0.250000   clock reconvergence pessimism
                                              0.250000 ^ dbit[2]$_SDFFE_PP0P_/CLK (sg13g2_dfrbpq_1)
                                 -0.009329    0.240671   library hold time
                                              0.240671   data required time
---------------------------------------------------------------------------------------------
                                              0.240671   data required time
                                             -0.325965   data arrival time
---------------------------------------------------------------------------------------------
                                              0.085293   slack (MET)


Startpoint: dbit[3]$_SDFFE_PP1P_
            (rising edge-triggered flip-flop clocked by clk)
Endpoint: dbit[3]$_SDFFE_PP1P_ (rising edge-triggered flip-flop clocked by clk)
Path Group: clk
Path Type: min

Fanout         Cap        Slew       Delay        Time   Description
---------------------------------------------------------------------------------------------
                      0.150000    0.000000    0.000000   clock clk (rise edge)
                                  0.000000    0.000000   clock network delay (ideal)
                      0.150000    0.000000    0.000000 ^ dbit[3]$_SDFFE_PP1P_/CLK (sg13g2_dfrbpq_1)
     4    0.010880    0.042860    0.233569    0.233569 v dbit[3]$_SDFFE_PP1P_/Q (sg13g2_dfrbpq_1)
                                                         dbit[3] (net)
                      0.042860    0.000000    0.233569 v _175_/A1 (sg13g2_a21o_1)
     1    0.001430    0.019875    0.102551    0.336119 v _175_/X (sg13g2_a21o_1)
                                                         _027_ (net)
                      0.019875    0.000000    0.336119 v dbit[3]$_SDFFE_PP1P_/D (sg13g2_dfrbpq_1)
                                              0.336119   data arrival time

                      0.150000    0.000000    0.000000   clock clk (rise edge)
                                  0.000000    0.000000   clock network delay (ideal)
                                  0.250000    0.250000   clock uncertainty
                                  0.000000    0.250000   clock reconvergence pessimism
                                              0.250000 ^ dbit[3]$_SDFFE_PP1P_/CLK (sg13g2_dfrbpq_1)
                                 -0.007221    0.242779   library hold time
                                              0.242779   data required time
---------------------------------------------------------------------------------------------
                                              0.242779   data required time
                                             -0.336119   data arrival time
---------------------------------------------------------------------------------------------
                                              0.093340   slack (MET)


Startpoint: BN[0]$_SDFFE_PP1P_ (rising edge-triggered flip-flop clocked by clk)
Endpoint: BN[0]$_SDFFE_PP1P_ (rising edge-triggered flip-flop clocked by clk)
Path Group: clk
Path Type: min

Fanout         Cap        Slew       Delay        Time   Description
---------------------------------------------------------------------------------------------
                      0.150000    0.000000    0.000000   clock clk (rise edge)
                                  0.000000    0.000000   clock network delay (ideal)
                      0.150000    0.000000    0.000000 ^ BN[0]$_SDFFE_PP1P_/CLK (sg13g2_dfrbpq_1)
     3    0.011463    0.044531    0.235000    0.235000 v BN[0]$_SDFFE_PP1P_/Q (sg13g2_dfrbpq_1)
                                                         BN[0] (net)
                      0.044531    0.000000    0.235000 v _101_/A1 (sg13g2_a21o_1)
     1    0.001430    0.019875    0.103191    0.338191 v _101_/X (sg13g2_a21o_1)
                                                         _000_ (net)
                      0.019875    0.000000    0.338191 v BN[0]$_SDFFE_PP1P_/D (sg13g2_dfrbpq_1)
                                              0.338191   data arrival time

                      0.150000    0.000000    0.000000   clock clk (rise edge)
                                  0.000000    0.000000   clock network delay (ideal)
                                  0.250000    0.250000   clock uncertainty
                                  0.000000    0.250000   clock reconvergence pessimism
                                              0.250000 ^ BN[0]$_SDFFE_PP1P_/CLK (sg13g2_dfrbpq_1)
                                 -0.007221    0.242779   library hold time
                                              0.242779   data required time
---------------------------------------------------------------------------------------------
                                              0.242779   data required time
                                             -0.338191   data arrival time
---------------------------------------------------------------------------------------------
                                              0.095412   slack (MET)


Startpoint: BN[10]$_SDFFE_PP1P_ (rising edge-triggered flip-flop clocked by clk)
Endpoint: BN[10]$_SDFFE_PP1P_ (rising edge-triggered flip-flop clocked by clk)
Path Group: clk
Path Type: min

Fanout         Cap        Slew       Delay        Time   Description
---------------------------------------------------------------------------------------------
                      0.150000    0.000000    0.000000   clock clk (rise edge)
                                  0.000000    0.000000   clock network delay (ideal)
                      0.150000    0.000000    0.000000 ^ BN[10]$_SDFFE_PP1P_/CLK (sg13g2_dfrbpq_1)
     3    0.011463    0.044531    0.235000    0.235000 v BN[10]$_SDFFE_PP1P_/Q (sg13g2_dfrbpq_1)
                                                         BN[10] (net)
                      0.044531    0.000000    0.235000 v _105_/A1 (sg13g2_a21o_1)
     1    0.001430    0.019875    0.103191    0.338191 v _105_/X (sg13g2_a21o_1)
                                                         _001_ (net)
                      0.019875    0.000000    0.338191 v BN[10]$_SDFFE_PP1P_/D (sg13g2_dfrbpq_1)
                                              0.338191   data arrival time

                      0.150000    0.000000    0.000000   clock clk (rise edge)
                                  0.000000    0.000000   clock network delay (ideal)
                                  0.250000    0.250000   clock uncertainty
                                  0.000000    0.250000   clock reconvergence pessimism
                                              0.250000 ^ BN[10]$_SDFFE_PP1P_/CLK (sg13g2_dfrbpq_1)
                                 -0.007221    0.242779   library hold time
                                              0.242779   data required time
---------------------------------------------------------------------------------------------
                                              0.242779   data required time
                                             -0.338191   data arrival time
---------------------------------------------------------------------------------------------
                                              0.095412   slack (MET)


Startpoint: BN[1]$_SDFFE_PP1P_ (rising edge-triggered flip-flop clocked by clk)
Endpoint: BN[1]$_SDFFE_PP1P_ (rising edge-triggered flip-flop clocked by clk)
Path Group: clk
Path Type: min

Fanout         Cap        Slew       Delay        Time   Description
---------------------------------------------------------------------------------------------
                      0.150000    0.000000    0.000000   clock clk (rise edge)
                                  0.000000    0.000000   clock network delay (ideal)
                      0.150000    0.000000    0.000000 ^ BN[1]$_SDFFE_PP1P_/CLK (sg13g2_dfrbpq_1)
     3    0.011463    0.044531    0.235000    0.235000 v BN[1]$_SDFFE_PP1P_/Q (sg13g2_dfrbpq_1)
                                                         BN[1] (net)
                      0.044531    0.000000    0.235000 v _110_/A1 (sg13g2_a21o_1)
     1    0.001430    0.019875    0.103191    0.338191 v _110_/X (sg13g2_a21o_1)
                                                         _003_ (net)
                      0.019875    0.000000    0.338191 v BN[1]$_SDFFE_PP1P_/D (sg13g2_dfrbpq_1)
                                              0.338191   data arrival time

                      0.150000    0.000000    0.000000   clock clk (rise edge)
                                  0.000000    0.000000   clock network delay (ideal)
                                  0.250000    0.250000   clock uncertainty
                                  0.000000    0.250000   clock reconvergence pessimism
                                              0.250000 ^ BN[1]$_SDFFE_PP1P_/CLK (sg13g2_dfrbpq_1)
                                 -0.007221    0.242779   library hold time
                                              0.242779   data required time
---------------------------------------------------------------------------------------------
                                              0.242779   data required time
                                             -0.338191   data arrival time
---------------------------------------------------------------------------------------------
                                              0.095412   slack (MET)


Startpoint: BN[2]$_SDFFE_PP1P_ (rising edge-triggered flip-flop clocked by clk)
Endpoint: BN[2]$_SDFFE_PP1P_ (rising edge-triggered flip-flop clocked by clk)
Path Group: clk
Path Type: min

Fanout         Cap        Slew       Delay        Time   Description
---------------------------------------------------------------------------------------------
                      0.150000    0.000000    0.000000   clock clk (rise edge)
                                  0.000000    0.000000   clock network delay (ideal)
                      0.150000    0.000000    0.000000 ^ BN[2]$_SDFFE_PP1P_/CLK (sg13g2_dfrbpq_1)
     3    0.011463    0.044531    0.235000    0.235000 v BN[2]$_SDFFE_PP1P_/Q (sg13g2_dfrbpq_1)
                                                         BN[2] (net)
                      0.044531    0.000000    0.235000 v _112_/A1 (sg13g2_a21o_1)
     1    0.001430    0.019875    0.103191    0.338191 v _112_/X (sg13g2_a21o_1)
                                                         _004_ (net)
                      0.019875    0.000000    0.338191 v BN[2]$_SDFFE_PP1P_/D (sg13g2_dfrbpq_1)
                                              0.338191   data arrival time

                      0.150000    0.000000    0.000000   clock clk (rise edge)
                                  0.000000    0.000000   clock network delay (ideal)
                                  0.250000    0.250000   clock uncertainty
                                  0.000000    0.250000   clock reconvergence pessimism
                                              0.250000 ^ BN[2]$_SDFFE_PP1P_/CLK (sg13g2_dfrbpq_1)
                                 -0.007221    0.242779   library hold time
                                              0.242779   data required time
---------------------------------------------------------------------------------------------
                                              0.242779   data required time
                                             -0.338191   data arrival time
---------------------------------------------------------------------------------------------
                                              0.095412   slack (MET)


Startpoint: BN[3]$_SDFFE_PP1P_ (rising edge-triggered flip-flop clocked by clk)
Endpoint: BN[3]$_SDFFE_PP1P_ (rising edge-triggered flip-flop clocked by clk)
Path Group: clk
Path Type: min

Fanout         Cap        Slew       Delay        Time   Description
---------------------------------------------------------------------------------------------
                      0.150000    0.000000    0.000000   clock clk (rise edge)
                                  0.000000    0.000000   clock network delay (ideal)
                      0.150000    0.000000    0.000000 ^ BN[3]$_SDFFE_PP1P_/CLK (sg13g2_dfrbpq_1)
     3    0.011463    0.044531    0.235000    0.235000 v BN[3]$_SDFFE_PP1P_/Q (sg13g2_dfrbpq_1)
                                                         BN[3] (net)
                      0.044531    0.000000    0.235000 v _114_/A1 (sg13g2_a21o_1)
     1    0.001430    0.019875    0.103191    0.338191 v _114_/X (sg13g2_a21o_1)
                                                         _005_ (net)
                      0.019875    0.000000    0.338191 v BN[3]$_SDFFE_PP1P_/D (sg13g2_dfrbpq_1)
                                              0.338191   data arrival time

                      0.150000    0.000000    0.000000   clock clk (rise edge)
                                  0.000000    0.000000   clock network delay (ideal)
                                  0.250000    0.250000   clock uncertainty
                                  0.000000    0.250000   clock reconvergence pessimism
                                              0.250000 ^ BN[3]$_SDFFE_PP1P_/CLK (sg13g2_dfrbpq_1)
                                 -0.007221    0.242779   library hold time
                                              0.242779   data required time
---------------------------------------------------------------------------------------------
                                              0.242779   data required time
                                             -0.338191   data arrival time
---------------------------------------------------------------------------------------------
                                              0.095412   slack (MET)


Startpoint: BN[4]$_SDFFE_PP1P_ (rising edge-triggered flip-flop clocked by clk)
Endpoint: BN[4]$_SDFFE_PP1P_ (rising edge-triggered flip-flop clocked by clk)
Path Group: clk
Path Type: min

Fanout         Cap        Slew       Delay        Time   Description
---------------------------------------------------------------------------------------------
                      0.150000    0.000000    0.000000   clock clk (rise edge)
                                  0.000000    0.000000   clock network delay (ideal)
                      0.150000    0.000000    0.000000 ^ BN[4]$_SDFFE_PP1P_/CLK (sg13g2_dfrbpq_1)
     3    0.011463    0.044531    0.235000    0.235000 v BN[4]$_SDFFE_PP1P_/Q (sg13g2_dfrbpq_1)
                                                         BN[4] (net)
                      0.044531    0.000000    0.235000 v _117_/A1 (sg13g2_a21o_1)
     1    0.001430    0.019875    0.103191    0.338191 v _117_/X (sg13g2_a21o_1)
                                                         _006_ (net)
                      0.019875    0.000000    0.338191 v BN[4]$_SDFFE_PP1P_/D (sg13g2_dfrbpq_1)
                                              0.338191   data arrival time

                      0.150000    0.000000    0.000000   clock clk (rise edge)
                                  0.000000    0.000000   clock network delay (ideal)
                                  0.250000    0.250000   clock uncertainty
                                  0.000000    0.250000   clock reconvergence pessimism
                                              0.250000 ^ BN[4]$_SDFFE_PP1P_/CLK (sg13g2_dfrbpq_1)
                                 -0.007221    0.242779   library hold time
                                              0.242779   data required time
---------------------------------------------------------------------------------------------
                                              0.242779   data required time
                                             -0.338191   data arrival time
---------------------------------------------------------------------------------------------
                                              0.095412   slack (MET)


Startpoint: BN[5]$_SDFFE_PP1P_ (rising edge-triggered flip-flop clocked by clk)
Endpoint: BN[5]$_SDFFE_PP1P_ (rising edge-triggered flip-flop clocked by clk)
Path Group: clk
Path Type: min

Fanout         Cap        Slew       Delay        Time   Description
---------------------------------------------------------------------------------------------
                      0.150000    0.000000    0.000000   clock clk (rise edge)
                                  0.000000    0.000000   clock network delay (ideal)
                      0.150000    0.000000    0.000000 ^ BN[5]$_SDFFE_PP1P_/CLK (sg13g2_dfrbpq_1)
     3    0.011463    0.044531    0.235000    0.235000 v BN[5]$_SDFFE_PP1P_/Q (sg13g2_dfrbpq_1)
                                                         BN[5] (net)
                      0.044531    0.000000    0.235000 v _119_/A1 (sg13g2_a21o_1)
     1    0.001430    0.019875    0.103191    0.338191 v _119_/X (sg13g2_a21o_1)
                                                         _007_ (net)
                      0.019875    0.000000    0.338191 v BN[5]$_SDFFE_PP1P_/D (sg13g2_dfrbpq_1)
                                              0.338191   data arrival time

                      0.150000    0.000000    0.000000   clock clk (rise edge)
                                  0.000000    0.000000   clock network delay (ideal)
                                  0.250000    0.250000   clock uncertainty
                                  0.000000    0.250000   clock reconvergence pessimism
                                              0.250000 ^ BN[5]$_SDFFE_PP1P_/CLK (sg13g2_dfrbpq_1)
                                 -0.007221    0.242779   library hold time
                                              0.242779   data required time
---------------------------------------------------------------------------------------------
                                              0.242779   data required time
                                             -0.338191   data arrival time
---------------------------------------------------------------------------------------------
                                              0.095412   slack (MET)


Startpoint: BN[6]$_SDFFE_PP1P_ (rising edge-triggered flip-flop clocked by clk)
Endpoint: BN[6]$_SDFFE_PP1P_ (rising edge-triggered flip-flop clocked by clk)
Path Group: clk
Path Type: min

Fanout         Cap        Slew       Delay        Time   Description
---------------------------------------------------------------------------------------------
                      0.150000    0.000000    0.000000   clock clk (rise edge)
                                  0.000000    0.000000   clock network delay (ideal)
                      0.150000    0.000000    0.000000 ^ BN[6]$_SDFFE_PP1P_/CLK (sg13g2_dfrbpq_1)
     3    0.011463    0.044531    0.235000    0.235000 v BN[6]$_SDFFE_PP1P_/Q (sg13g2_dfrbpq_1)
                                                         BN[6] (net)
                      0.044531    0.000000    0.235000 v _121_/A1 (sg13g2_a21o_1)
     1    0.001430    0.019875    0.103191    0.338191 v _121_/X (sg13g2_a21o_1)
                                                         _008_ (net)
                      0.019875    0.000000    0.338191 v BN[6]$_SDFFE_PP1P_/D (sg13g2_dfrbpq_1)
                                              0.338191   data arrival time

                      0.150000    0.000000    0.000000   clock clk (rise edge)
                                  0.000000    0.000000   clock network delay (ideal)
                                  0.250000    0.250000   clock uncertainty
                                  0.000000    0.250000   clock reconvergence pessimism
                                              0.250000 ^ BN[6]$_SDFFE_PP1P_/CLK (sg13g2_dfrbpq_1)
                                 -0.007221    0.242779   library hold time
                                              0.242779   data required time
---------------------------------------------------------------------------------------------
                                              0.242779   data required time
                                             -0.338191   data arrival time
---------------------------------------------------------------------------------------------
                                              0.095412   slack (MET)


Startpoint: BN[7]$_SDFFE_PP1P_ (rising edge-triggered flip-flop clocked by clk)
Endpoint: BN[7]$_SDFFE_PP1P_ (rising edge-triggered flip-flop clocked by clk)
Path Group: clk
Path Type: min

Fanout         Cap        Slew       Delay        Time   Description
---------------------------------------------------------------------------------------------
                      0.150000    0.000000    0.000000   clock clk (rise edge)
                                  0.000000    0.000000   clock network delay (ideal)
                      0.150000    0.000000    0.000000 ^ BN[7]$_SDFFE_PP1P_/CLK (sg13g2_dfrbpq_1)
     3    0.011463    0.044531    0.235000    0.235000 v BN[7]$_SDFFE_PP1P_/Q (sg13g2_dfrbpq_1)
                                                         BN[7] (net)
                      0.044531    0.000000    0.235000 v _123_/A1 (sg13g2_a21o_1)
     1    0.001430    0.019875    0.103191    0.338191 v _123_/X (sg13g2_a21o_1)
                                                         _009_ (net)
                      0.019875    0.000000    0.338191 v BN[7]$_SDFFE_PP1P_/D (sg13g2_dfrbpq_1)
                                              0.338191   data arrival time

                      0.150000    0.000000    0.000000   clock clk (rise edge)
                                  0.000000    0.000000   clock network delay (ideal)
                                  0.250000    0.250000   clock uncertainty
                                  0.000000    0.250000   clock reconvergence pessimism
                                              0.250000 ^ BN[7]$_SDFFE_PP1P_/CLK (sg13g2_dfrbpq_1)
                                 -0.007221    0.242779   library hold time
                                              0.242779   data required time
---------------------------------------------------------------------------------------------
                                              0.242779   data required time
                                             -0.338191   data arrival time
---------------------------------------------------------------------------------------------
                                              0.095412   slack (MET)


Startpoint: BN[8]$_SDFFE_PP1P_ (rising edge-triggered flip-flop clocked by clk)
Endpoint: BN[8]$_SDFFE_PP1P_ (rising edge-triggered flip-flop clocked by clk)
Path Group: clk
Path Type: min

Fanout         Cap        Slew       Delay        Time   Description
---------------------------------------------------------------------------------------------
                      0.150000    0.000000    0.000000   clock clk (rise edge)
                                  0.000000    0.000000   clock network delay (ideal)
                      0.150000    0.000000    0.000000 ^ BN[8]$_SDFFE_PP1P_/CLK (sg13g2_dfrbpq_1)
     3    0.011463    0.044531    0.235000    0.235000 v BN[8]$_SDFFE_PP1P_/Q (sg13g2_dfrbpq_1)
                                                         BN[8] (net)
                      0.044531    0.000000    0.235000 v _125_/A1 (sg13g2_a21o_1)
     1    0.001430    0.019875    0.103191    0.338191 v _125_/X (sg13g2_a21o_1)
                                                         _010_ (net)
                      0.019875    0.000000    0.338191 v BN[8]$_SDFFE_PP1P_/D (sg13g2_dfrbpq_1)
                                              0.338191   data arrival time

                      0.150000    0.000000    0.000000   clock clk (rise edge)
                                  0.000000    0.000000   clock network delay (ideal)
                                  0.250000    0.250000   clock uncertainty
                                  0.000000    0.250000   clock reconvergence pessimism
                                              0.250000 ^ BN[8]$_SDFFE_PP1P_/CLK (sg13g2_dfrbpq_1)
                                 -0.007221    0.242779   library hold time
                                              0.242779   data required time
---------------------------------------------------------------------------------------------
                                              0.242779   data required time
                                             -0.338191   data arrival time
---------------------------------------------------------------------------------------------
                                              0.095412   slack (MET)


Startpoint: BN[9]$_SDFFE_PP1P_ (rising edge-triggered flip-flop clocked by clk)
Endpoint: BN[9]$_SDFFE_PP1P_ (rising edge-triggered flip-flop clocked by clk)
Path Group: clk
Path Type: min

Fanout         Cap        Slew       Delay        Time   Description
---------------------------------------------------------------------------------------------
                      0.150000    0.000000    0.000000   clock clk (rise edge)
                                  0.000000    0.000000   clock network delay (ideal)
                      0.150000    0.000000    0.000000 ^ BN[9]$_SDFFE_PP1P_/CLK (sg13g2_dfrbpq_1)
     3    0.011463    0.044531    0.235000    0.235000 v BN[9]$_SDFFE_PP1P_/Q (sg13g2_dfrbpq_1)
                                                         BN[9] (net)
                      0.044531    0.000000    0.235000 v _127_/A1 (sg13g2_a21o_1)
     1    0.001430    0.019875    0.103191    0.338191 v _127_/X (sg13g2_a21o_1)
                                                         _011_ (net)
                      0.019875    0.000000    0.338191 v BN[9]$_SDFFE_PP1P_/D (sg13g2_dfrbpq_1)
                                              0.338191   data arrival time

                      0.150000    0.000000    0.000000   clock clk (rise edge)
                                  0.000000    0.000000   clock network delay (ideal)
                                  0.250000    0.250000   clock uncertainty
                                  0.000000    0.250000   clock reconvergence pessimism
                                              0.250000 ^ BN[9]$_SDFFE_PP1P_/CLK (sg13g2_dfrbpq_1)
                                 -0.007221    0.242779   library hold time
                                              0.242779   data required time
---------------------------------------------------------------------------------------------
                                              0.242779   data required time
                                             -0.338191   data arrival time
---------------------------------------------------------------------------------------------
                                              0.095412   slack (MET)


Startpoint: B[0]$_SDFFE_PP1P_ (rising edge-triggered flip-flop clocked by clk)
Endpoint: B[0]$_SDFFE_PP1P_ (rising edge-triggered flip-flop clocked by clk)
Path Group: clk
Path Type: min

Fanout         Cap        Slew       Delay        Time   Description
---------------------------------------------------------------------------------------------
                      0.150000    0.000000    0.000000   clock clk (rise edge)
                                  0.000000    0.000000   clock network delay (ideal)
                      0.150000    0.000000    0.000000 ^ B[0]$_SDFFE_PP1P_/CLK (sg13g2_dfrbpq_1)
     3    0.011568    0.044829    0.235256    0.235256 v B[0]$_SDFFE_PP1P_/Q (sg13g2_dfrbpq_1)
                                                         B[0] (net)
                      0.044829    0.000000    0.235256 v _130_/A1 (sg13g2_a21o_1)
     1    0.001430    0.019875    0.103305    0.338561 v _130_/X (sg13g2_a21o_1)
                                                         _012_ (net)
                      0.019875    0.000000    0.338561 v B[0]$_SDFFE_PP1P_/D (sg13g2_dfrbpq_1)
                                              0.338561   data arrival time

                      0.150000    0.000000    0.000000   clock clk (rise edge)
                                  0.000000    0.000000   clock network delay (ideal)
                                  0.250000    0.250000   clock uncertainty
                                  0.000000    0.250000   clock reconvergence pessimism
                                              0.250000 ^ B[0]$_SDFFE_PP1P_/CLK (sg13g2_dfrbpq_1)
                                 -0.007221    0.242779   library hold time
                                              0.242779   data required time
---------------------------------------------------------------------------------------------
                                              0.242779   data required time
                                             -0.338561   data arrival time
---------------------------------------------------------------------------------------------
                                              0.095782   slack (MET)


Startpoint: B[10]$_SDFFE_PP1P_ (rising edge-triggered flip-flop clocked by clk)
Endpoint: B[10]$_SDFFE_PP1P_ (rising edge-triggered flip-flop clocked by clk)
Path Group: clk
Path Type: min

Fanout         Cap        Slew       Delay        Time   Description
---------------------------------------------------------------------------------------------
                      0.150000    0.000000    0.000000   clock clk (rise edge)
                                  0.000000    0.000000   clock network delay (ideal)
                      0.150000    0.000000    0.000000 ^ B[10]$_SDFFE_PP1P_/CLK (sg13g2_dfrbpq_1)
     3    0.011568    0.044829    0.235256    0.235256 v B[10]$_SDFFE_PP1P_/Q (sg13g2_dfrbpq_1)
                                                         B[10] (net)
                      0.044829    0.000000    0.235256 v _132_/A1 (sg13g2_a21o_1)
     1    0.001430    0.019875    0.103305    0.338561 v _132_/X (sg13g2_a21o_1)
                                                         _013_ (net)
                      0.019875    0.000000    0.338561 v B[10]$_SDFFE_PP1P_/D (sg13g2_dfrbpq_1)
                                              0.338561   data arrival time

                      0.150000    0.000000    0.000000   clock clk (rise edge)
                                  0.000000    0.000000   clock network delay (ideal)
                                  0.250000    0.250000   clock uncertainty
                                  0.000000    0.250000   clock reconvergence pessimism
                                              0.250000 ^ B[10]$_SDFFE_PP1P_/CLK (sg13g2_dfrbpq_1)
                                 -0.007221    0.242779   library hold time
                                              0.242779   data required time
---------------------------------------------------------------------------------------------
                                              0.242779   data required time
                                             -0.338561   data arrival time
---------------------------------------------------------------------------------------------
                                              0.095782   slack (MET)


Startpoint: B[1]$_SDFFE_PP1P_ (rising edge-triggered flip-flop clocked by clk)
Endpoint: B[1]$_SDFFE_PP1P_ (rising edge-triggered flip-flop clocked by clk)
Path Group: clk
Path Type: min

Fanout         Cap        Slew       Delay        Time   Description
---------------------------------------------------------------------------------------------
                      0.150000    0.000000    0.000000   clock clk (rise edge)
                                  0.000000    0.000000   clock network delay (ideal)
                      0.150000    0.000000    0.000000 ^ B[1]$_SDFFE_PP1P_/CLK (sg13g2_dfrbpq_1)
     3    0.011568    0.044829    0.235256    0.235256 v B[1]$_SDFFE_PP1P_/Q (sg13g2_dfrbpq_1)
                                                         B[1] (net)
                      0.044829    0.000000    0.235256 v _136_/A1 (sg13g2_a21o_1)
     1    0.001430    0.019875    0.103305    0.338561 v _136_/X (sg13g2_a21o_1)
                                                         _015_ (net)
                      0.019875    0.000000    0.338561 v B[1]$_SDFFE_PP1P_/D (sg13g2_dfrbpq_1)
                                              0.338561   data arrival time

                      0.150000    0.000000    0.000000   clock clk (rise edge)
                                  0.000000    0.000000   clock network delay (ideal)
                                  0.250000    0.250000   clock uncertainty
                                  0.000000    0.250000   clock reconvergence pessimism
                                              0.250000 ^ B[1]$_SDFFE_PP1P_/CLK (sg13g2_dfrbpq_1)
                                 -0.007221    0.242779   library hold time
                                              0.242779   data required time
---------------------------------------------------------------------------------------------
                                              0.242779   data required time
                                             -0.338561   data arrival time
---------------------------------------------------------------------------------------------
                                              0.095782   slack (MET)


Startpoint: B[2]$_SDFFE_PP1P_ (rising edge-triggered flip-flop clocked by clk)
Endpoint: B[2]$_SDFFE_PP1P_ (rising edge-triggered flip-flop clocked by clk)
Path Group: clk
Path Type: min

Fanout         Cap        Slew       Delay        Time   Description
---------------------------------------------------------------------------------------------
                      0.150000    0.000000    0.000000   clock clk (rise edge)
                                  0.000000    0.000000   clock network delay (ideal)
                      0.150000    0.000000    0.000000 ^ B[2]$_SDFFE_PP1P_/CLK (sg13g2_dfrbpq_1)
     3    0.011568    0.044829    0.235256    0.235256 v B[2]$_SDFFE_PP1P_/Q (sg13g2_dfrbpq_1)
                                                         B[2] (net)
                      0.044829    0.000000    0.235256 v _138_/A1 (sg13g2_a21o_1)
     1    0.001430    0.019875    0.103305    0.338561 v _138_/X (sg13g2_a21o_1)
                                                         _016_ (net)
                      0.019875    0.000000    0.338561 v B[2]$_SDFFE_PP1P_/D (sg13g2_dfrbpq_1)
                                              0.338561   data arrival time

                      0.150000    0.000000    0.000000   clock clk (rise edge)
                                  0.000000    0.000000   clock network delay (ideal)
                                  0.250000    0.250000   clock uncertainty
                                  0.000000    0.250000   clock reconvergence pessimism
                                              0.250000 ^ B[2]$_SDFFE_PP1P_/CLK (sg13g2_dfrbpq_1)
                                 -0.007221    0.242779   library hold time
                                              0.242779   data required time
---------------------------------------------------------------------------------------------
                                              0.242779   data required time
                                             -0.338561   data arrival time
---------------------------------------------------------------------------------------------
                                              0.095782   slack (MET)


Startpoint: B[3]$_SDFFE_PP1P_ (rising edge-triggered flip-flop clocked by clk)
Endpoint: B[3]$_SDFFE_PP1P_ (rising edge-triggered flip-flop clocked by clk)
Path Group: clk
Path Type: min

Fanout         Cap        Slew       Delay        Time   Description
---------------------------------------------------------------------------------------------
                      0.150000    0.000000    0.000000   clock clk (rise edge)
                                  0.000000    0.000000   clock network delay (ideal)
                      0.150000    0.000000    0.000000 ^ B[3]$_SDFFE_PP1P_/CLK (sg13g2_dfrbpq_1)
     3    0.011568    0.044829    0.235256    0.235256 v B[3]$_SDFFE_PP1P_/Q (sg13g2_dfrbpq_1)
                                                         B[3] (net)
                      0.044829    0.000000    0.235256 v _140_/A1 (sg13g2_a21o_1)
     1    0.001430    0.019875    0.103305    0.338561 v _140_/X (sg13g2_a21o_1)
                                                         _017_ (net)
                      0.019875    0.000000    0.338561 v B[3]$_SDFFE_PP1P_/D (sg13g2_dfrbpq_1)
                                              0.338561   data arrival time

                      0.150000    0.000000    0.000000   clock clk (rise edge)
                                  0.000000    0.000000   clock network delay (ideal)
                                  0.250000    0.250000   clock uncertainty
                                  0.000000    0.250000   clock reconvergence pessimism
                                              0.250000 ^ B[3]$_SDFFE_PP1P_/CLK (sg13g2_dfrbpq_1)
                                 -0.007221    0.242779   library hold time
                                              0.242779   data required time
---------------------------------------------------------------------------------------------
                                              0.242779   data required time
                                             -0.338561   data arrival time
---------------------------------------------------------------------------------------------
                                              0.095782   slack (MET)


Startpoint: B[4]$_SDFFE_PP1P_ (rising edge-triggered flip-flop clocked by clk)
Endpoint: B[4]$_SDFFE_PP1P_ (rising edge-triggered flip-flop clocked by clk)
Path Group: clk
Path Type: min

Fanout         Cap        Slew       Delay        Time   Description
---------------------------------------------------------------------------------------------
                      0.150000    0.000000    0.000000   clock clk (rise edge)
                                  0.000000    0.000000   clock network delay (ideal)
                      0.150000    0.000000    0.000000 ^ B[4]$_SDFFE_PP1P_/CLK (sg13g2_dfrbpq_1)
     3    0.011568    0.044829    0.235256    0.235256 v B[4]$_SDFFE_PP1P_/Q (sg13g2_dfrbpq_1)
                                                         B[4] (net)
                      0.044829    0.000000    0.235256 v _142_/A1 (sg13g2_a21o_1)
     1    0.001430    0.019875    0.103305    0.338561 v _142_/X (sg13g2_a21o_1)
                                                         _018_ (net)
                      0.019875    0.000000    0.338561 v B[4]$_SDFFE_PP1P_/D (sg13g2_dfrbpq_1)
                                              0.338561   data arrival time

                      0.150000    0.000000    0.000000   clock clk (rise edge)
                                  0.000000    0.000000   clock network delay (ideal)
                                  0.250000    0.250000   clock uncertainty
                                  0.000000    0.250000   clock reconvergence pessimism
                                              0.250000 ^ B[4]$_SDFFE_PP1P_/CLK (sg13g2_dfrbpq_1)
                                 -0.007221    0.242779   library hold time
                                              0.242779   data required time
---------------------------------------------------------------------------------------------
                                              0.242779   data required time
                                             -0.338561   data arrival time
---------------------------------------------------------------------------------------------
                                              0.095782   slack (MET)


Startpoint: B[5]$_SDFFE_PP1P_ (rising edge-triggered flip-flop clocked by clk)
Endpoint: B[5]$_SDFFE_PP1P_ (rising edge-triggered flip-flop clocked by clk)
Path Group: clk
Path Type: min

Fanout         Cap        Slew       Delay        Time   Description
---------------------------------------------------------------------------------------------
                      0.150000    0.000000    0.000000   clock clk (rise edge)
                                  0.000000    0.000000   clock network delay (ideal)
                      0.150000    0.000000    0.000000 ^ B[5]$_SDFFE_PP1P_/CLK (sg13g2_dfrbpq_1)
     3    0.011568    0.044829    0.235256    0.235256 v B[5]$_SDFFE_PP1P_/Q (sg13g2_dfrbpq_1)
                                                         B[5] (net)
                      0.044829    0.000000    0.235256 v _144_/A1 (sg13g2_a21o_1)
     1    0.001430    0.019875    0.103305    0.338561 v _144_/X (sg13g2_a21o_1)
                                                         _019_ (net)
                      0.019875    0.000000    0.338561 v B[5]$_SDFFE_PP1P_/D (sg13g2_dfrbpq_1)
                                              0.338561   data arrival time

                      0.150000    0.000000    0.000000   clock clk (rise edge)
                                  0.000000    0.000000   clock network delay (ideal)
                                  0.250000    0.250000   clock uncertainty
                                  0.000000    0.250000   clock reconvergence pessimism
                                              0.250000 ^ B[5]$_SDFFE_PP1P_/CLK (sg13g2_dfrbpq_1)
                                 -0.007221    0.242779   library hold time
                                              0.242779   data required time
---------------------------------------------------------------------------------------------
                                              0.242779   data required time
                                             -0.338561   data arrival time
---------------------------------------------------------------------------------------------
                                              0.095782   slack (MET)


Startpoint: B[6]$_SDFFE_PP1P_ (rising edge-triggered flip-flop clocked by clk)
Endpoint: B[6]$_SDFFE_PP1P_ (rising edge-triggered flip-flop clocked by clk)
Path Group: clk
Path Type: min

Fanout         Cap        Slew       Delay        Time   Description
---------------------------------------------------------------------------------------------
                      0.150000    0.000000    0.000000   clock clk (rise edge)
                                  0.000000    0.000000   clock network delay (ideal)
                      0.150000    0.000000    0.000000 ^ B[6]$_SDFFE_PP1P_/CLK (sg13g2_dfrbpq_1)
     3    0.011568    0.044829    0.235256    0.235256 v B[6]$_SDFFE_PP1P_/Q (sg13g2_dfrbpq_1)
                                                         B[6] (net)
                      0.044829    0.000000    0.235256 v _146_/A1 (sg13g2_a21o_1)
     1    0.001430    0.019875    0.103305    0.338561 v _146_/X (sg13g2_a21o_1)
                                                         _020_ (net)
                      0.019875    0.000000    0.338561 v B[6]$_SDFFE_PP1P_/D (sg13g2_dfrbpq_1)
                                              0.338561   data arrival time

                      0.150000    0.000000    0.000000   clock clk (rise edge)
                                  0.000000    0.000000   clock network delay (ideal)
                                  0.250000    0.250000   clock uncertainty
                                  0.000000    0.250000   clock reconvergence pessimism
                                              0.250000 ^ B[6]$_SDFFE_PP1P_/CLK (sg13g2_dfrbpq_1)
                                 -0.007221    0.242779   library hold time
                                              0.242779   data required time
---------------------------------------------------------------------------------------------
                                              0.242779   data required time
                                             -0.338561   data arrival time
---------------------------------------------------------------------------------------------
                                              0.095782   slack (MET)


Startpoint: B[7]$_SDFFE_PP1P_ (rising edge-triggered flip-flop clocked by clk)
Endpoint: B[7]$_SDFFE_PP1P_ (rising edge-triggered flip-flop clocked by clk)
Path Group: clk
Path Type: min

Fanout         Cap        Slew       Delay        Time   Description
---------------------------------------------------------------------------------------------
                      0.150000    0.000000    0.000000   clock clk (rise edge)
                                  0.000000    0.000000   clock network delay (ideal)
                      0.150000    0.000000    0.000000 ^ B[7]$_SDFFE_PP1P_/CLK (sg13g2_dfrbpq_1)
     3    0.011568    0.044829    0.235256    0.235256 v B[7]$_SDFFE_PP1P_/Q (sg13g2_dfrbpq_1)
                                                         B[7] (net)
                      0.044829    0.000000    0.235256 v _148_/A1 (sg13g2_a21o_1)
     1    0.001430    0.019875    0.103305    0.338561 v _148_/X (sg13g2_a21o_1)
                                                         _021_ (net)
                      0.019875    0.000000    0.338561 v B[7]$_SDFFE_PP1P_/D (sg13g2_dfrbpq_1)
                                              0.338561   data arrival time

                      0.150000    0.000000    0.000000   clock clk (rise edge)
                                  0.000000    0.000000   clock network delay (ideal)
                                  0.250000    0.250000   clock uncertainty
                                  0.000000    0.250000   clock reconvergence pessimism
                                              0.250000 ^ B[7]$_SDFFE_PP1P_/CLK (sg13g2_dfrbpq_1)
                                 -0.007221    0.242779   library hold time
                                              0.242779   data required time
---------------------------------------------------------------------------------------------
                                              0.242779   data required time
                                             -0.338561   data arrival time
---------------------------------------------------------------------------------------------
                                              0.095782   slack (MET)


Startpoint: B[8]$_SDFFE_PP1P_ (rising edge-triggered flip-flop clocked by clk)
Endpoint: B[8]$_SDFFE_PP1P_ (rising edge-triggered flip-flop clocked by clk)
Path Group: clk
Path Type: min

Fanout         Cap        Slew       Delay        Time   Description
---------------------------------------------------------------------------------------------
                      0.150000    0.000000    0.000000   clock clk (rise edge)
                                  0.000000    0.000000   clock network delay (ideal)
                      0.150000    0.000000    0.000000 ^ B[8]$_SDFFE_PP1P_/CLK (sg13g2_dfrbpq_1)
     3    0.011568    0.044829    0.235256    0.235256 v B[8]$_SDFFE_PP1P_/Q (sg13g2_dfrbpq_1)
                                                         B[8] (net)
                      0.044829    0.000000    0.235256 v _150_/A1 (sg13g2_a21o_1)
     1    0.001430    0.019875    0.103305    0.338561 v _150_/X (sg13g2_a21o_1)
                                                         _022_ (net)
                      0.019875    0.000000    0.338561 v B[8]$_SDFFE_PP1P_/D (sg13g2_dfrbpq_1)
                                              0.338561   data arrival time

                      0.150000    0.000000    0.000000   clock clk (rise edge)
                                  0.000000    0.000000   clock network delay (ideal)
                                  0.250000    0.250000   clock uncertainty
                                  0.000000    0.250000   clock reconvergence pessimism
                                              0.250000 ^ B[8]$_SDFFE_PP1P_/CLK (sg13g2_dfrbpq_1)
                                 -0.007221    0.242779   library hold time
                                              0.242779   data required time
---------------------------------------------------------------------------------------------
                                              0.242779   data required time
                                             -0.338561   data arrival time
---------------------------------------------------------------------------------------------
                                              0.095782   slack (MET)


Startpoint: B[9]$_SDFFE_PP1P_ (rising edge-triggered flip-flop clocked by clk)
Endpoint: B[9]$_SDFFE_PP1P_ (rising edge-triggered flip-flop clocked by clk)
Path Group: clk
Path Type: min

Fanout         Cap        Slew       Delay        Time   Description
---------------------------------------------------------------------------------------------
                      0.150000    0.000000    0.000000   clock clk (rise edge)
                                  0.000000    0.000000   clock network delay (ideal)
                      0.150000    0.000000    0.000000 ^ B[9]$_SDFFE_PP1P_/CLK (sg13g2_dfrbpq_1)
     3    0.011568    0.044829    0.235256    0.235256 v B[9]$_SDFFE_PP1P_/Q (sg13g2_dfrbpq_1)
                                                         B[9] (net)
                      0.044829    0.000000    0.235256 v _152_/A1 (sg13g2_a21o_1)
     1    0.001430    0.019875    0.103305    0.338561 v _152_/X (sg13g2_a21o_1)
                                                         _023_ (net)
                      0.019875    0.000000    0.338561 v B[9]$_SDFFE_PP1P_/D (sg13g2_dfrbpq_1)
                                              0.338561   data arrival time

                      0.150000    0.000000    0.000000   clock clk (rise edge)
                                  0.000000    0.000000   clock network delay (ideal)
                                  0.250000    0.250000   clock uncertainty
                                  0.000000    0.250000   clock reconvergence pessimism
                                              0.250000 ^ B[9]$_SDFFE_PP1P_/CLK (sg13g2_dfrbpq_1)
                                 -0.007221    0.242779   library hold time
                                              0.242779   data required time
---------------------------------------------------------------------------------------------
                                              0.242779   data required time
                                             -0.338561   data arrival time
---------------------------------------------------------------------------------------------
                                              0.095782   slack (MET)


Startpoint: BN[11]$_SDFFE_PP1P_ (rising edge-triggered flip-flop clocked by clk)
Endpoint: BN[11]$_SDFFE_PP1P_ (rising edge-triggered flip-flop clocked by clk)
Path Group: clk
Path Type: min

Fanout         Cap        Slew       Delay        Time   Description
---------------------------------------------------------------------------------------------
                      0.150000    0.000000    0.000000   clock clk (rise edge)
                                  0.000000    0.000000   clock network delay (ideal)
                      0.150000    0.000000    0.000000 ^ BN[11]$_SDFFE_PP1P_/CLK (sg13g2_dfrbpq_1)
     4    0.013205    0.049516    0.239270    0.239270 v BN[11]$_SDFFE_PP1P_/Q (sg13g2_dfrbpq_1)
                                                         sign (net)
                      0.049516    0.000000    0.239270 v _107_/A1 (sg13g2_a21o_1)
     1    0.001430    0.019875    0.105102    0.344372 v _107_/X (sg13g2_a21o_1)
                                                         _002_ (net)
                      0.019875    0.000000    0.344372 v BN[11]$_SDFFE_PP1P_/D (sg13g2_dfrbpq_1)
                                              0.344372   data arrival time

                      0.150000    0.000000    0.000000   clock clk (rise edge)
                                  0.000000    0.000000   clock network delay (ideal)
                                  0.250000    0.250000   clock uncertainty
                                  0.000000    0.250000   clock reconvergence pessimism
                                              0.250000 ^ BN[11]$_SDFFE_PP1P_/CLK (sg13g2_dfrbpq_1)
                                 -0.007221    0.242779   library hold time
                                              0.242779   data required time
---------------------------------------------------------------------------------------------
                                              0.242779   data required time
                                             -0.344372   data arrival time
---------------------------------------------------------------------------------------------
                                              0.101593   slack (MET)


Startpoint: dbit[0]$_SDFFE_PP1P_
            (rising edge-triggered flip-flop clocked by clk)
Endpoint: dbit[0]$_SDFFE_PP1P_ (rising edge-triggered flip-flop clocked by clk)
Path Group: clk
Path Type: min

Fanout         Cap        Slew       Delay        Time   Description
---------------------------------------------------------------------------------------------
                      0.150000    0.000000    0.000000   clock clk (rise edge)
                                  0.000000    0.000000   clock network delay (ideal)
                      0.150000    0.000000    0.000000 ^ dbit[0]$_SDFFE_PP1P_/CLK (sg13g2_dfrbpq_1)
    13    0.039191    0.166355    0.321283    0.321283 ^ dbit[0]$_SDFFE_PP1P_/Q (sg13g2_dfrbpq_1)
                                                         dbit[0] (net)
                      0.166355    0.000000    0.321283 ^ _168_/A1 (sg13g2_o21ai_1)
     1    0.001430    0.022158    0.090448    0.411731 v _168_/Y (sg13g2_o21ai_1)
                                                         _024_ (net)
                      0.022158    0.000000    0.411731 v dbit[0]$_SDFFE_PP1P_/D (sg13g2_dfrbpq_1)
                                              0.411731   data arrival time

                      0.150000    0.000000    0.000000   clock clk (rise edge)
                                  0.000000    0.000000   clock network delay (ideal)
                                  0.250000    0.250000   clock uncertainty
                                  0.000000    0.250000   clock reconvergence pessimism
                                              0.250000 ^ dbit[0]$_SDFFE_PP1P_/CLK (sg13g2_dfrbpq_1)
                                 -0.007952    0.242048   library hold time
                                              0.242048   data required time
---------------------------------------------------------------------------------------------
                                              0.242048   data required time
                                             -0.411731   data arrival time
---------------------------------------------------------------------------------------------
                                              0.169683   slack (MET)


Startpoint: dbit[1]$_SDFFE_PP1P_
            (rising edge-triggered flip-flop clocked by clk)
Endpoint: dbit[1]$_SDFFE_PP1P_ (rising edge-triggered flip-flop clocked by clk)
Path Group: clk
Path Type: min

Fanout         Cap        Slew       Delay        Time   Description
---------------------------------------------------------------------------------------------
                      0.150000    0.000000    0.000000   clock clk (rise edge)
                                  0.000000    0.000000   clock network delay (ideal)
                      0.150000    0.000000    0.000000 ^ dbit[1]$_SDFFE_PP1P_/CLK (sg13g2_dfrbpq_1)
    11    0.030790    0.100664    0.280725    0.280725 v dbit[1]$_SDFFE_PP1P_/Q (sg13g2_dfrbpq_1)
                                                         dbit[1] (net)
                      0.100664    0.000000    0.280725 v _169_/B1 (sg13g2_o21ai_1)
     1    0.003079    0.043209    0.059791    0.340516 ^ _169_/Y (sg13g2_o21ai_1)
                                                         _046_ (net)
                      0.043209    0.000000    0.340516 ^ _171_/B (sg13g2_nand3b_1)
     1    0.001430    0.040615    0.066720    0.407237 v _171_/Y (sg13g2_nand3b_1)
                                                         _025_ (net)
                      0.040615    0.000000    0.407237 v dbit[1]$_SDFFE_PP1P_/D (sg13g2_dfrbpq_1)
                                              0.407237   data arrival time

                      0.150000    0.000000    0.000000   clock clk (rise edge)
                                  0.000000    0.000000   clock network delay (ideal)
                                  0.250000    0.250000   clock uncertainty
                                  0.000000    0.250000   clock reconvergence pessimism
                                              0.250000 ^ dbit[1]$_SDFFE_PP1P_/CLK (sg13g2_dfrbpq_1)
                                 -0.013860    0.236140   library hold time
                                              0.236140   data required time
---------------------------------------------------------------------------------------------
                                              0.236140   data required time
                                             -0.407237   data arrival time
---------------------------------------------------------------------------------------------
                                              0.171096   slack (MET)


Startpoint: dbit[1]$_SDFFE_PP1P_
            (rising edge-triggered flip-flop clocked by clk)
Endpoint: B[11]$_SDFFE_PP1P_ (rising edge-triggered flip-flop clocked by clk)
Path Group: clk
Path Type: min

Fanout         Cap        Slew       Delay        Time   Description
---------------------------------------------------------------------------------------------
                      0.150000    0.000000    0.000000   clock clk (rise edge)
                                  0.000000    0.000000   clock network delay (ideal)
                      0.150000    0.000000    0.000000 ^ dbit[1]$_SDFFE_PP1P_/CLK (sg13g2_dfrbpq_1)
    11    0.030790    0.100664    0.280725    0.280725 v dbit[1]$_SDFFE_PP1P_/Q (sg13g2_dfrbpq_1)
                                                         dbit[1] (net)
                      0.100664    0.000000    0.280725 v _133_/A (sg13g2_nand4_1)
     1    0.002851    0.044419    0.060013    0.340738 ^ _133_/Y (sg13g2_nand4_1)
                                                         _033_ (net)
                      0.044419    0.000000    0.340738 ^ _134_/A2 (sg13g2_a21o_1)
     1    0.001410    0.018850    0.096980    0.437719 ^ _134_/X (sg13g2_a21o_1)
                                                         _014_ (net)
                      0.018850    0.000000    0.437719 ^ B[11]$_SDFFE_PP1P_/D (sg13g2_dfrbpq_1)
                                              0.437719   data arrival time

                      0.150000    0.000000    0.000000   clock clk (rise edge)
                                  0.000000    0.000000   clock network delay (ideal)
                                  0.250000    0.250000   clock uncertainty
                                  0.000000    0.250000   clock reconvergence pessimism
                                              0.250000 ^ B[11]$_SDFFE_PP1P_/CLK (sg13g2_dfrbpq_1)
                                 -0.044644    0.205356   library hold time
                                              0.205356   data required time
---------------------------------------------------------------------------------------------
                                              0.205356   data required time
                                             -0.437719   data arrival time
---------------------------------------------------------------------------------------------
                                              0.232362   slack (MET)


Startpoint: BN[0]$_SDFFE_PP1P_ (rising edge-triggered flip-flop clocked by clk)
Endpoint: BN[0] (output port clocked by clk)
Path Group: clk
Path Type: min

Fanout         Cap        Slew       Delay        Time   Description
---------------------------------------------------------------------------------------------
                      0.150000    0.000000    0.000000   clock clk (rise edge)
                                  0.000000    0.000000   clock network delay (ideal)
                      0.150000    0.000000    0.000000 ^ BN[0]$_SDFFE_PP1P_/CLK (sg13g2_dfrbpq_1)
     3    0.011463    0.044531    0.235000    0.235000 v BN[0]$_SDFFE_PP1P_/Q (sg13g2_dfrbpq_1)
                                                         BN[0] (net)
                      0.044531    0.000000    0.235000 v BN[0] (out)
                                              0.235000   data arrival time

                      0.150000    0.000000    0.000000   clock clk (rise edge)
                                  0.000000    0.000000   clock network delay (ideal)
                                  0.250000    0.250000   clock uncertainty
                                  0.000000    0.250000   clock reconvergence pessimism
                                 -2.000000   -1.750000   output external delay
                                             -1.750000   data required time
---------------------------------------------------------------------------------------------
                                             -1.750000   data required time
                                             -0.235000   data arrival time
---------------------------------------------------------------------------------------------
                                              1.985000   slack (MET)


Startpoint: BN[10]$_SDFFE_PP1P_ (rising edge-triggered flip-flop clocked by clk)
Endpoint: BN[10] (output port clocked by clk)
Path Group: clk
Path Type: min

Fanout         Cap        Slew       Delay        Time   Description
---------------------------------------------------------------------------------------------
                      0.150000    0.000000    0.000000   clock clk (rise edge)
                                  0.000000    0.000000   clock network delay (ideal)
                      0.150000    0.000000    0.000000 ^ BN[10]$_SDFFE_PP1P_/CLK (sg13g2_dfrbpq_1)
     3    0.011463    0.044531    0.235000    0.235000 v BN[10]$_SDFFE_PP1P_/Q (sg13g2_dfrbpq_1)
                                                         BN[10] (net)
                      0.044531    0.000000    0.235000 v BN[10] (out)
                                              0.235000   data arrival time

                      0.150000    0.000000    0.000000   clock clk (rise edge)
                                  0.000000    0.000000   clock network delay (ideal)
                                  0.250000    0.250000   clock uncertainty
                                  0.000000    0.250000   clock reconvergence pessimism
                                 -2.000000   -1.750000   output external delay
                                             -1.750000   data required time
---------------------------------------------------------------------------------------------
                                             -1.750000   data required time
                                             -0.235000   data arrival time
---------------------------------------------------------------------------------------------
                                              1.985000   slack (MET)


Startpoint: BN[1]$_SDFFE_PP1P_ (rising edge-triggered flip-flop clocked by clk)
Endpoint: BN[1] (output port clocked by clk)
Path Group: clk
Path Type: min

Fanout         Cap        Slew       Delay        Time   Description
---------------------------------------------------------------------------------------------
                      0.150000    0.000000    0.000000   clock clk (rise edge)
                                  0.000000    0.000000   clock network delay (ideal)
                      0.150000    0.000000    0.000000 ^ BN[1]$_SDFFE_PP1P_/CLK (sg13g2_dfrbpq_1)
     3    0.011463    0.044531    0.235000    0.235000 v BN[1]$_SDFFE_PP1P_/Q (sg13g2_dfrbpq_1)
                                                         BN[1] (net)
                      0.044531    0.000000    0.235000 v BN[1] (out)
                                              0.235000   data arrival time

                      0.150000    0.000000    0.000000   clock clk (rise edge)
                                  0.000000    0.000000   clock network delay (ideal)
                                  0.250000    0.250000   clock uncertainty
                                  0.000000    0.250000   clock reconvergence pessimism
                                 -2.000000   -1.750000   output external delay
                                             -1.750000   data required time
---------------------------------------------------------------------------------------------
                                             -1.750000   data required time
                                             -0.235000   data arrival time
---------------------------------------------------------------------------------------------
                                              1.985000   slack (MET)


Startpoint: BN[2]$_SDFFE_PP1P_ (rising edge-triggered flip-flop clocked by clk)
Endpoint: BN[2] (output port clocked by clk)
Path Group: clk
Path Type: min

Fanout         Cap        Slew       Delay        Time   Description
---------------------------------------------------------------------------------------------
                      0.150000    0.000000    0.000000   clock clk (rise edge)
                                  0.000000    0.000000   clock network delay (ideal)
                      0.150000    0.000000    0.000000 ^ BN[2]$_SDFFE_PP1P_/CLK (sg13g2_dfrbpq_1)
     3    0.011463    0.044531    0.235000    0.235000 v BN[2]$_SDFFE_PP1P_/Q (sg13g2_dfrbpq_1)
                                                         BN[2] (net)
                      0.044531    0.000000    0.235000 v BN[2] (out)
                                              0.235000   data arrival time

                      0.150000    0.000000    0.000000   clock clk (rise edge)
                                  0.000000    0.000000   clock network delay (ideal)
                                  0.250000    0.250000   clock uncertainty
                                  0.000000    0.250000   clock reconvergence pessimism
                                 -2.000000   -1.750000   output external delay
                                             -1.750000   data required time
---------------------------------------------------------------------------------------------
                                             -1.750000   data required time
                                             -0.235000   data arrival time
---------------------------------------------------------------------------------------------
                                              1.985000   slack (MET)


Startpoint: BN[3]$_SDFFE_PP1P_ (rising edge-triggered flip-flop clocked by clk)
Endpoint: BN[3] (output port clocked by clk)
Path Group: clk
Path Type: min

Fanout         Cap        Slew       Delay        Time   Description
---------------------------------------------------------------------------------------------
                      0.150000    0.000000    0.000000   clock clk (rise edge)
                                  0.000000    0.000000   clock network delay (ideal)
                      0.150000    0.000000    0.000000 ^ BN[3]$_SDFFE_PP1P_/CLK (sg13g2_dfrbpq_1)
     3    0.011463    0.044531    0.235000    0.235000 v BN[3]$_SDFFE_PP1P_/Q (sg13g2_dfrbpq_1)
                                                         BN[3] (net)
                      0.044531    0.000000    0.235000 v BN[3] (out)
                                              0.235000   data arrival time

                      0.150000    0.000000    0.000000   clock clk (rise edge)
                                  0.000000    0.000000   clock network delay (ideal)
                                  0.250000    0.250000   clock uncertainty
                                  0.000000    0.250000   clock reconvergence pessimism
                                 -2.000000   -1.750000   output external delay
                                             -1.750000   data required time
---------------------------------------------------------------------------------------------
                                             -1.750000   data required time
                                             -0.235000   data arrival time
---------------------------------------------------------------------------------------------
                                              1.985000   slack (MET)


Startpoint: BN[4]$_SDFFE_PP1P_ (rising edge-triggered flip-flop clocked by clk)
Endpoint: BN[4] (output port clocked by clk)
Path Group: clk
Path Type: min

Fanout         Cap        Slew       Delay        Time   Description
---------------------------------------------------------------------------------------------
                      0.150000    0.000000    0.000000   clock clk (rise edge)
                                  0.000000    0.000000   clock network delay (ideal)
                      0.150000    0.000000    0.000000 ^ BN[4]$_SDFFE_PP1P_/CLK (sg13g2_dfrbpq_1)
     3    0.011463    0.044531    0.235000    0.235000 v BN[4]$_SDFFE_PP1P_/Q (sg13g2_dfrbpq_1)
                                                         BN[4] (net)
                      0.044531    0.000000    0.235000 v BN[4] (out)
                                              0.235000   data arrival time

                      0.150000    0.000000    0.000000   clock clk (rise edge)
                                  0.000000    0.000000   clock network delay (ideal)
                                  0.250000    0.250000   clock uncertainty
                                  0.000000    0.250000   clock reconvergence pessimism
                                 -2.000000   -1.750000   output external delay
                                             -1.750000   data required time
---------------------------------------------------------------------------------------------
                                             -1.750000   data required time
                                             -0.235000   data arrival time
---------------------------------------------------------------------------------------------
                                              1.985000   slack (MET)


Startpoint: BN[5]$_SDFFE_PP1P_ (rising edge-triggered flip-flop clocked by clk)
Endpoint: BN[5] (output port clocked by clk)
Path Group: clk
Path Type: min

Fanout         Cap        Slew       Delay        Time   Description
---------------------------------------------------------------------------------------------
                      0.150000    0.000000    0.000000   clock clk (rise edge)
                                  0.000000    0.000000   clock network delay (ideal)
                      0.150000    0.000000    0.000000 ^ BN[5]$_SDFFE_PP1P_/CLK (sg13g2_dfrbpq_1)
     3    0.011463    0.044531    0.235000    0.235000 v BN[5]$_SDFFE_PP1P_/Q (sg13g2_dfrbpq_1)
                                                         BN[5] (net)
                      0.044531    0.000000    0.235000 v BN[5] (out)
                                              0.235000   data arrival time

                      0.150000    0.000000    0.000000   clock clk (rise edge)
                                  0.000000    0.000000   clock network delay (ideal)
                                  0.250000    0.250000   clock uncertainty
                                  0.000000    0.250000   clock reconvergence pessimism
                                 -2.000000   -1.750000   output external delay
                                             -1.750000   data required time
---------------------------------------------------------------------------------------------
                                             -1.750000   data required time
                                             -0.235000   data arrival time
---------------------------------------------------------------------------------------------
                                              1.985000   slack (MET)


Startpoint: BN[6]$_SDFFE_PP1P_ (rising edge-triggered flip-flop clocked by clk)
Endpoint: BN[6] (output port clocked by clk)
Path Group: clk
Path Type: min

Fanout         Cap        Slew       Delay        Time   Description
---------------------------------------------------------------------------------------------
                      0.150000    0.000000    0.000000   clock clk (rise edge)
                                  0.000000    0.000000   clock network delay (ideal)
                      0.150000    0.000000    0.000000 ^ BN[6]$_SDFFE_PP1P_/CLK (sg13g2_dfrbpq_1)
     3    0.011463    0.044531    0.235000    0.235000 v BN[6]$_SDFFE_PP1P_/Q (sg13g2_dfrbpq_1)
                                                         BN[6] (net)
                      0.044531    0.000000    0.235000 v BN[6] (out)
                                              0.235000   data arrival time

                      0.150000    0.000000    0.000000   clock clk (rise edge)
                                  0.000000    0.000000   clock network delay (ideal)
                                  0.250000    0.250000   clock uncertainty
                                  0.000000    0.250000   clock reconvergence pessimism
                                 -2.000000   -1.750000   output external delay
                                             -1.750000   data required time
---------------------------------------------------------------------------------------------
                                             -1.750000   data required time
                                             -0.235000   data arrival time
---------------------------------------------------------------------------------------------
                                              1.985000   slack (MET)


Startpoint: BN[7]$_SDFFE_PP1P_ (rising edge-triggered flip-flop clocked by clk)
Endpoint: BN[7] (output port clocked by clk)
Path Group: clk
Path Type: min

Fanout         Cap        Slew       Delay        Time   Description
---------------------------------------------------------------------------------------------
                      0.150000    0.000000    0.000000   clock clk (rise edge)
                                  0.000000    0.000000   clock network delay (ideal)
                      0.150000    0.000000    0.000000 ^ BN[7]$_SDFFE_PP1P_/CLK (sg13g2_dfrbpq_1)
     3    0.011463    0.044531    0.235000    0.235000 v BN[7]$_SDFFE_PP1P_/Q (sg13g2_dfrbpq_1)
                                                         BN[7] (net)
                      0.044531    0.000000    0.235000 v BN[7] (out)
                                              0.235000   data arrival time

                      0.150000    0.000000    0.000000   clock clk (rise edge)
                                  0.000000    0.000000   clock network delay (ideal)
                                  0.250000    0.250000   clock uncertainty
                                  0.000000    0.250000   clock reconvergence pessimism
                                 -2.000000   -1.750000   output external delay
                                             -1.750000   data required time
---------------------------------------------------------------------------------------------
                                             -1.750000   data required time
                                             -0.235000   data arrival time
---------------------------------------------------------------------------------------------
                                              1.985000   slack (MET)


Startpoint: BN[8]$_SDFFE_PP1P_ (rising edge-triggered flip-flop clocked by clk)
Endpoint: BN[8] (output port clocked by clk)
Path Group: clk
Path Type: min

Fanout         Cap        Slew       Delay        Time   Description
---------------------------------------------------------------------------------------------
                      0.150000    0.000000    0.000000   clock clk (rise edge)
                                  0.000000    0.000000   clock network delay (ideal)
                      0.150000    0.000000    0.000000 ^ BN[8]$_SDFFE_PP1P_/CLK (sg13g2_dfrbpq_1)
     3    0.011463    0.044531    0.235000    0.235000 v BN[8]$_SDFFE_PP1P_/Q (sg13g2_dfrbpq_1)
                                                         BN[8] (net)
                      0.044531    0.000000    0.235000 v BN[8] (out)
                                              0.235000   data arrival time

                      0.150000    0.000000    0.000000   clock clk (rise edge)
                                  0.000000    0.000000   clock network delay (ideal)
                                  0.250000    0.250000   clock uncertainty
                                  0.000000    0.250000   clock reconvergence pessimism
                                 -2.000000   -1.750000   output external delay
                                             -1.750000   data required time
---------------------------------------------------------------------------------------------
                                             -1.750000   data required time
                                             -0.235000   data arrival time
---------------------------------------------------------------------------------------------
                                              1.985000   slack (MET)


Startpoint: BN[9]$_SDFFE_PP1P_ (rising edge-triggered flip-flop clocked by clk)
Endpoint: BN[9] (output port clocked by clk)
Path Group: clk
Path Type: min

Fanout         Cap        Slew       Delay        Time   Description
---------------------------------------------------------------------------------------------
                      0.150000    0.000000    0.000000   clock clk (rise edge)
                                  0.000000    0.000000   clock network delay (ideal)
                      0.150000    0.000000    0.000000 ^ BN[9]$_SDFFE_PP1P_/CLK (sg13g2_dfrbpq_1)
     3    0.011463    0.044531    0.235000    0.235000 v BN[9]$_SDFFE_PP1P_/Q (sg13g2_dfrbpq_1)
                                                         BN[9] (net)
                      0.044531    0.000000    0.235000 v BN[9] (out)
                                              0.235000   data arrival time

                      0.150000    0.000000    0.000000   clock clk (rise edge)
                                  0.000000    0.000000   clock network delay (ideal)
                                  0.250000    0.250000   clock uncertainty
                                  0.000000    0.250000   clock reconvergence pessimism
                                 -2.000000   -1.750000   output external delay
                                             -1.750000   data required time
---------------------------------------------------------------------------------------------
                                             -1.750000   data required time
                                             -0.235000   data arrival time
---------------------------------------------------------------------------------------------
                                              1.985000   slack (MET)


Startpoint: B[0]$_SDFFE_PP1P_ (rising edge-triggered flip-flop clocked by clk)
Endpoint: B[0] (output port clocked by clk)
Path Group: clk
Path Type: min

Fanout         Cap        Slew       Delay        Time   Description
---------------------------------------------------------------------------------------------
                      0.150000    0.000000    0.000000   clock clk (rise edge)
                                  0.000000    0.000000   clock network delay (ideal)
                      0.150000    0.000000    0.000000 ^ B[0]$_SDFFE_PP1P_/CLK (sg13g2_dfrbpq_1)
     3    0.011568    0.044829    0.235256    0.235256 v B[0]$_SDFFE_PP1P_/Q (sg13g2_dfrbpq_1)
                                                         B[0] (net)
                      0.044829    0.000000    0.235256 v B[0] (out)
                                              0.235256   data arrival time

                      0.150000    0.000000    0.000000   clock clk (rise edge)
                                  0.000000    0.000000   clock network delay (ideal)
                                  0.250000    0.250000   clock uncertainty
                                  0.000000    0.250000   clock reconvergence pessimism
                                 -2.000000   -1.750000   output external delay
                                             -1.750000   data required time
---------------------------------------------------------------------------------------------
                                             -1.750000   data required time
                                             -0.235256   data arrival time
---------------------------------------------------------------------------------------------
                                              1.985256   slack (MET)


Startpoint: B[10]$_SDFFE_PP1P_ (rising edge-triggered flip-flop clocked by clk)
Endpoint: B[10] (output port clocked by clk)
Path Group: clk
Path Type: min

Fanout         Cap        Slew       Delay        Time   Description
---------------------------------------------------------------------------------------------
                      0.150000    0.000000    0.000000   clock clk (rise edge)
                                  0.000000    0.000000   clock network delay (ideal)
                      0.150000    0.000000    0.000000 ^ B[10]$_SDFFE_PP1P_/CLK (sg13g2_dfrbpq_1)
     3    0.011568    0.044829    0.235256    0.235256 v B[10]$_SDFFE_PP1P_/Q (sg13g2_dfrbpq_1)
                                                         B[10] (net)
                      0.044829    0.000000    0.235256 v B[10] (out)
                                              0.235256   data arrival time

                      0.150000    0.000000    0.000000   clock clk (rise edge)
                                  0.000000    0.000000   clock network delay (ideal)
                                  0.250000    0.250000   clock uncertainty
                                  0.000000    0.250000   clock reconvergence pessimism
                                 -2.000000   -1.750000   output external delay
                                             -1.750000   data required time
---------------------------------------------------------------------------------------------
                                             -1.750000   data required time
                                             -0.235256   data arrival time
---------------------------------------------------------------------------------------------
                                              1.985256   slack (MET)


Startpoint: B[1]$_SDFFE_PP1P_ (rising edge-triggered flip-flop clocked by clk)
Endpoint: B[1] (output port clocked by clk)
Path Group: clk
Path Type: min

Fanout         Cap        Slew       Delay        Time   Description
---------------------------------------------------------------------------------------------
                      0.150000    0.000000    0.000000   clock clk (rise edge)
                                  0.000000    0.000000   clock network delay (ideal)
                      0.150000    0.000000    0.000000 ^ B[1]$_SDFFE_PP1P_/CLK (sg13g2_dfrbpq_1)
     3    0.011568    0.044829    0.235256    0.235256 v B[1]$_SDFFE_PP1P_/Q (sg13g2_dfrbpq_1)
                                                         B[1] (net)
                      0.044829    0.000000    0.235256 v B[1] (out)
                                              0.235256   data arrival time

                      0.150000    0.000000    0.000000   clock clk (rise edge)
                                  0.000000    0.000000   clock network delay (ideal)
                                  0.250000    0.250000   clock uncertainty
                                  0.000000    0.250000   clock reconvergence pessimism
                                 -2.000000   -1.750000   output external delay
                                             -1.750000   data required time
---------------------------------------------------------------------------------------------
                                             -1.750000   data required time
                                             -0.235256   data arrival time
---------------------------------------------------------------------------------------------
                                              1.985256   slack (MET)


Startpoint: B[2]$_SDFFE_PP1P_ (rising edge-triggered flip-flop clocked by clk)
Endpoint: B[2] (output port clocked by clk)
Path Group: clk
Path Type: min

Fanout         Cap        Slew       Delay        Time   Description
---------------------------------------------------------------------------------------------
                      0.150000    0.000000    0.000000   clock clk (rise edge)
                                  0.000000    0.000000   clock network delay (ideal)
                      0.150000    0.000000    0.000000 ^ B[2]$_SDFFE_PP1P_/CLK (sg13g2_dfrbpq_1)
     3    0.011568    0.044829    0.235256    0.235256 v B[2]$_SDFFE_PP1P_/Q (sg13g2_dfrbpq_1)
                                                         B[2] (net)
                      0.044829    0.000000    0.235256 v B[2] (out)
                                              0.235256   data arrival time

                      0.150000    0.000000    0.000000   clock clk (rise edge)
                                  0.000000    0.000000   clock network delay (ideal)
                                  0.250000    0.250000   clock uncertainty
                                  0.000000    0.250000   clock reconvergence pessimism
                                 -2.000000   -1.750000   output external delay
                                             -1.750000   data required time
---------------------------------------------------------------------------------------------
                                             -1.750000   data required time
                                             -0.235256   data arrival time
---------------------------------------------------------------------------------------------
                                              1.985256   slack (MET)


Startpoint: B[3]$_SDFFE_PP1P_ (rising edge-triggered flip-flop clocked by clk)
Endpoint: B[3] (output port clocked by clk)
Path Group: clk
Path Type: min

Fanout         Cap        Slew       Delay        Time   Description
---------------------------------------------------------------------------------------------
                      0.150000    0.000000    0.000000   clock clk (rise edge)
                                  0.000000    0.000000   clock network delay (ideal)
                      0.150000    0.000000    0.000000 ^ B[3]$_SDFFE_PP1P_/CLK (sg13g2_dfrbpq_1)
     3    0.011568    0.044829    0.235256    0.235256 v B[3]$_SDFFE_PP1P_/Q (sg13g2_dfrbpq_1)
                                                         B[3] (net)
                      0.044829    0.000000    0.235256 v B[3] (out)
                                              0.235256   data arrival time

                      0.150000    0.000000    0.000000   clock clk (rise edge)
                                  0.000000    0.000000   clock network delay (ideal)
                                  0.250000    0.250000   clock uncertainty
                                  0.000000    0.250000   clock reconvergence pessimism
                                 -2.000000   -1.750000   output external delay
                                             -1.750000   data required time
---------------------------------------------------------------------------------------------
                                             -1.750000   data required time
                                             -0.235256   data arrival time
---------------------------------------------------------------------------------------------
                                              1.985256   slack (MET)


Startpoint: B[4]$_SDFFE_PP1P_ (rising edge-triggered flip-flop clocked by clk)
Endpoint: B[4] (output port clocked by clk)
Path Group: clk
Path Type: min

Fanout         Cap        Slew       Delay        Time   Description
---------------------------------------------------------------------------------------------
                      0.150000    0.000000    0.000000   clock clk (rise edge)
                                  0.000000    0.000000   clock network delay (ideal)
                      0.150000    0.000000    0.000000 ^ B[4]$_SDFFE_PP1P_/CLK (sg13g2_dfrbpq_1)
     3    0.011568    0.044829    0.235256    0.235256 v B[4]$_SDFFE_PP1P_/Q (sg13g2_dfrbpq_1)
                                                         B[4] (net)
                      0.044829    0.000000    0.235256 v B[4] (out)
                                              0.235256   data arrival time

                      0.150000    0.000000    0.000000   clock clk (rise edge)
                                  0.000000    0.000000   clock network delay (ideal)
                                  0.250000    0.250000   clock uncertainty
                                  0.000000    0.250000   clock reconvergence pessimism
                                 -2.000000   -1.750000   output external delay
                                             -1.750000   data required time
---------------------------------------------------------------------------------------------
                                             -1.750000   data required time
                                             -0.235256   data arrival time
---------------------------------------------------------------------------------------------
                                              1.985256   slack (MET)


Startpoint: B[5]$_SDFFE_PP1P_ (rising edge-triggered flip-flop clocked by clk)
Endpoint: B[5] (output port clocked by clk)
Path Group: clk
Path Type: min

Fanout         Cap        Slew       Delay        Time   Description
---------------------------------------------------------------------------------------------
                      0.150000    0.000000    0.000000   clock clk (rise edge)
                                  0.000000    0.000000   clock network delay (ideal)
                      0.150000    0.000000    0.000000 ^ B[5]$_SDFFE_PP1P_/CLK (sg13g2_dfrbpq_1)
     3    0.011568    0.044829    0.235256    0.235256 v B[5]$_SDFFE_PP1P_/Q (sg13g2_dfrbpq_1)
                                                         B[5] (net)
                      0.044829    0.000000    0.235256 v B[5] (out)
                                              0.235256   data arrival time

                      0.150000    0.000000    0.000000   clock clk (rise edge)
                                  0.000000    0.000000   clock network delay (ideal)
                                  0.250000    0.250000   clock uncertainty
                                  0.000000    0.250000   clock reconvergence pessimism
                                 -2.000000   -1.750000   output external delay
                                             -1.750000   data required time
---------------------------------------------------------------------------------------------
                                             -1.750000   data required time
                                             -0.235256   data arrival time
---------------------------------------------------------------------------------------------
                                              1.985256   slack (MET)


Startpoint: B[6]$_SDFFE_PP1P_ (rising edge-triggered flip-flop clocked by clk)
Endpoint: B[6] (output port clocked by clk)
Path Group: clk
Path Type: min

Fanout         Cap        Slew       Delay        Time   Description
---------------------------------------------------------------------------------------------
                      0.150000    0.000000    0.000000   clock clk (rise edge)
                                  0.000000    0.000000   clock network delay (ideal)
                      0.150000    0.000000    0.000000 ^ B[6]$_SDFFE_PP1P_/CLK (sg13g2_dfrbpq_1)
     3    0.011568    0.044829    0.235256    0.235256 v B[6]$_SDFFE_PP1P_/Q (sg13g2_dfrbpq_1)
                                                         B[6] (net)
                      0.044829    0.000000    0.235256 v B[6] (out)
                                              0.235256   data arrival time

                      0.150000    0.000000    0.000000   clock clk (rise edge)
                                  0.000000    0.000000   clock network delay (ideal)
                                  0.250000    0.250000   clock uncertainty
                                  0.000000    0.250000   clock reconvergence pessimism
                                 -2.000000   -1.750000   output external delay
                                             -1.750000   data required time
---------------------------------------------------------------------------------------------
                                             -1.750000   data required time
                                             -0.235256   data arrival time
---------------------------------------------------------------------------------------------
                                              1.985256   slack (MET)


Startpoint: B[7]$_SDFFE_PP1P_ (rising edge-triggered flip-flop clocked by clk)
Endpoint: B[7] (output port clocked by clk)
Path Group: clk
Path Type: min

Fanout         Cap        Slew       Delay        Time   Description
---------------------------------------------------------------------------------------------
                      0.150000    0.000000    0.000000   clock clk (rise edge)
                                  0.000000    0.000000   clock network delay (ideal)
                      0.150000    0.000000    0.000000 ^ B[7]$_SDFFE_PP1P_/CLK (sg13g2_dfrbpq_1)
     3    0.011568    0.044829    0.235256    0.235256 v B[7]$_SDFFE_PP1P_/Q (sg13g2_dfrbpq_1)
                                                         B[7] (net)
                      0.044829    0.000000    0.235256 v B[7] (out)
                                              0.235256   data arrival time

                      0.150000    0.000000    0.000000   clock clk (rise edge)
                                  0.000000    0.000000   clock network delay (ideal)
                                  0.250000    0.250000   clock uncertainty
                                  0.000000    0.250000   clock reconvergence pessimism
                                 -2.000000   -1.750000   output external delay
                                             -1.750000   data required time
---------------------------------------------------------------------------------------------
                                             -1.750000   data required time
                                             -0.235256   data arrival time
---------------------------------------------------------------------------------------------
                                              1.985256   slack (MET)


Startpoint: B[8]$_SDFFE_PP1P_ (rising edge-triggered flip-flop clocked by clk)
Endpoint: B[8] (output port clocked by clk)
Path Group: clk
Path Type: min

Fanout         Cap        Slew       Delay        Time   Description
---------------------------------------------------------------------------------------------
                      0.150000    0.000000    0.000000   clock clk (rise edge)
                                  0.000000    0.000000   clock network delay (ideal)
                      0.150000    0.000000    0.000000 ^ B[8]$_SDFFE_PP1P_/CLK (sg13g2_dfrbpq_1)
     3    0.011568    0.044829    0.235256    0.235256 v B[8]$_SDFFE_PP1P_/Q (sg13g2_dfrbpq_1)
                                                         B[8] (net)
                      0.044829    0.000000    0.235256 v B[8] (out)
                                              0.235256   data arrival time

                      0.150000    0.000000    0.000000   clock clk (rise edge)
                                  0.000000    0.000000   clock network delay (ideal)
                                  0.250000    0.250000   clock uncertainty
                                  0.000000    0.250000   clock reconvergence pessimism
                                 -2.000000   -1.750000   output external delay
                                             -1.750000   data required time
---------------------------------------------------------------------------------------------
                                             -1.750000   data required time
                                             -0.235256   data arrival time
---------------------------------------------------------------------------------------------
                                              1.985256   slack (MET)


Startpoint: B[9]$_SDFFE_PP1P_ (rising edge-triggered flip-flop clocked by clk)
Endpoint: B[9] (output port clocked by clk)
Path Group: clk
Path Type: min

Fanout         Cap        Slew       Delay        Time   Description
---------------------------------------------------------------------------------------------
                      0.150000    0.000000    0.000000   clock clk (rise edge)
                                  0.000000    0.000000   clock network delay (ideal)
                      0.150000    0.000000    0.000000 ^ B[9]$_SDFFE_PP1P_/CLK (sg13g2_dfrbpq_1)
     3    0.011568    0.044829    0.235256    0.235256 v B[9]$_SDFFE_PP1P_/Q (sg13g2_dfrbpq_1)
                                                         B[9] (net)
                      0.044829    0.000000    0.235256 v B[9] (out)
                                              0.235256   data arrival time

                      0.150000    0.000000    0.000000   clock clk (rise edge)
                                  0.000000    0.000000   clock network delay (ideal)
                                  0.250000    0.250000   clock uncertainty
                                  0.000000    0.250000   clock reconvergence pessimism
                                 -2.000000   -1.750000   output external delay
                                             -1.750000   data required time
---------------------------------------------------------------------------------------------
                                             -1.750000   data required time
                                             -0.235256   data arrival time
---------------------------------------------------------------------------------------------
                                              1.985256   slack (MET)


Startpoint: BN[11]$_SDFFE_PP1P_ (rising edge-triggered flip-flop clocked by clk)
Endpoint: sign (output port clocked by clk)
Path Group: clk
Path Type: min

Fanout         Cap        Slew       Delay        Time   Description
---------------------------------------------------------------------------------------------
                      0.150000    0.000000    0.000000   clock clk (rise edge)
                                  0.000000    0.000000   clock network delay (ideal)
                      0.150000    0.000000    0.000000 ^ BN[11]$_SDFFE_PP1P_/CLK (sg13g2_dfrbpq_1)
     4    0.013205    0.049516    0.239270    0.239270 v BN[11]$_SDFFE_PP1P_/Q (sg13g2_dfrbpq_1)
                                                         sign (net)
                      0.049516    0.000000    0.239270 v sign (out)
                                              0.239270   data arrival time

                      0.150000    0.000000    0.000000   clock clk (rise edge)
                                  0.000000    0.000000   clock network delay (ideal)
                                  0.250000    0.250000   clock uncertainty
                                  0.000000    0.250000   clock reconvergence pessimism
                                 -2.000000   -1.750000   output external delay
                                             -1.750000   data required time
---------------------------------------------------------------------------------------------
                                             -1.750000   data required time
                                             -0.239270   data arrival time
---------------------------------------------------------------------------------------------
                                              1.989271   slack (MET)


Startpoint: BN[11]$_SDFFE_PP1P_ (rising edge-triggered flip-flop clocked by clk)
Endpoint: BN[11] (output port clocked by clk)
Path Group: clk
Path Type: min

Fanout         Cap        Slew       Delay        Time   Description
---------------------------------------------------------------------------------------------
                      0.150000    0.000000    0.000000   clock clk (rise edge)
                                  0.000000    0.000000   clock network delay (ideal)
                      0.150000    0.000000    0.000000 ^ BN[11]$_SDFFE_PP1P_/CLK (sg13g2_dfrbpq_1)
     4    0.013205    0.049516    0.239270    0.239270 v BN[11]$_SDFFE_PP1P_/Q (sg13g2_dfrbpq_1)
                                                         sign (net)
                      0.049516    0.000000    0.239270 v _204_/A (sg13g2_buf_1)
     1    0.006000    0.029814    0.078141    0.317412 v _204_/X (sg13g2_buf_1)
                                                         BN[11] (net)
                      0.029814    0.000000    0.317412 v BN[11] (out)
                                              0.317412   data arrival time

                      0.150000    0.000000    0.000000   clock clk (rise edge)
                                  0.000000    0.000000   clock network delay (ideal)
                                  0.250000    0.250000   clock uncertainty
                                  0.000000    0.250000   clock reconvergence pessimism
                                 -2.000000   -1.750000   output external delay
                                             -1.750000   data required time
---------------------------------------------------------------------------------------------
                                             -1.750000   data required time
                                             -0.317412   data arrival time
---------------------------------------------------------------------------------------------
                                              2.067412   slack (MET)


Startpoint: BN[11]$_SDFFE_PP1P_ (rising edge-triggered flip-flop clocked by clk)
Endpoint: D[0] (output port clocked by clk)
Path Group: clk
Path Type: min

Fanout         Cap        Slew       Delay        Time   Description
---------------------------------------------------------------------------------------------
                      0.150000    0.000000    0.000000   clock clk (rise edge)
                                  0.000000    0.000000   clock network delay (ideal)
                      0.150000    0.000000    0.000000 ^ BN[11]$_SDFFE_PP1P_/CLK (sg13g2_dfrbpq_1)
     4    0.013352    0.064581    0.247840    0.247840 ^ BN[11]$_SDFFE_PP1P_/Q (sg13g2_dfrbpq_1)
                                                         sign (net)
                      0.064581    0.000000    0.247840 ^ _153_/B (sg13g2_or2_1)
     1    0.006000    0.036138    0.087076    0.334916 ^ _153_/X (sg13g2_or2_1)
                                                         D[0] (net)
                      0.036138    0.000000    0.334916 ^ D[0] (out)
                                              0.334916   data arrival time

                      0.150000    0.000000    0.000000   clock clk (rise edge)
                                  0.000000    0.000000   clock network delay (ideal)
                                  0.250000    0.250000   clock uncertainty
                                  0.000000    0.250000   clock reconvergence pessimism
                                 -2.000000   -1.750000   output external delay
                                             -1.750000   data required time
---------------------------------------------------------------------------------------------
                                             -1.750000   data required time
                                             -0.334916   data arrival time
---------------------------------------------------------------------------------------------
                                              2.084916   slack (MET)


Startpoint: B[9]$_SDFFE_PP1P_ (rising edge-triggered flip-flop clocked by clk)
Endpoint: D[10] (output port clocked by clk)
Path Group: clk
Path Type: min

Fanout         Cap        Slew       Delay        Time   Description
---------------------------------------------------------------------------------------------
                      0.150000    0.000000    0.000000   clock clk (rise edge)
                                  0.000000    0.000000   clock network delay (ideal)
                      0.150000    0.000000    0.000000 ^ B[9]$_SDFFE_PP1P_/CLK (sg13g2_dfrbpq_1)
     3    0.011637    0.058002    0.242808    0.242808 ^ B[9]$_SDFFE_PP1P_/Q (sg13g2_dfrbpq_1)
                                                         B[9] (net)
                      0.058002    0.000000    0.242808 ^ _154_/A1 (sg13g2_mux2_1)
     1    0.006000    0.040112    0.107123    0.349931 ^ _154_/X (sg13g2_mux2_1)
                                                         D[10] (net)
                      0.040112    0.000000    0.349931 ^ D[10] (out)
                                              0.349931   data arrival time

                      0.150000    0.000000    0.000000   clock clk (rise edge)
                                  0.000000    0.000000   clock network delay (ideal)
                                  0.250000    0.250000   clock uncertainty
                                  0.000000    0.250000   clock reconvergence pessimism
                                 -2.000000   -1.750000   output external delay
                                             -1.750000   data required time
---------------------------------------------------------------------------------------------
                                             -1.750000   data required time
                                             -0.349931   data arrival time
---------------------------------------------------------------------------------------------
                                              2.099931   slack (MET)


Startpoint: B[10]$_SDFFE_PP1P_ (rising edge-triggered flip-flop clocked by clk)
Endpoint: D[11] (output port clocked by clk)
Path Group: clk
Path Type: min

Fanout         Cap        Slew       Delay        Time   Description
---------------------------------------------------------------------------------------------
                      0.150000    0.000000    0.000000   clock clk (rise edge)
                                  0.000000    0.000000   clock network delay (ideal)
                      0.150000    0.000000    0.000000 ^ B[10]$_SDFFE_PP1P_/CLK (sg13g2_dfrbpq_1)
     3    0.011637    0.058002    0.242808    0.242808 ^ B[10]$_SDFFE_PP1P_/Q (sg13g2_dfrbpq_1)
                                                         B[10] (net)
                      0.058002    0.000000    0.242808 ^ _155_/A1 (sg13g2_mux2_1)
     1    0.006000    0.040112    0.107123    0.349931 ^ _155_/X (sg13g2_mux2_1)
                                                         D[11] (net)
                      0.040112    0.000000    0.349931 ^ D[11] (out)
                                              0.349931   data arrival time

                      0.150000    0.000000    0.000000   clock clk (rise edge)
                                  0.000000    0.000000   clock network delay (ideal)
                                  0.250000    0.250000   clock uncertainty
                                  0.000000    0.250000   clock reconvergence pessimism
                                 -2.000000   -1.750000   output external delay
                                             -1.750000   data required time
---------------------------------------------------------------------------------------------
                                             -1.750000   data required time
                                             -0.349931   data arrival time
---------------------------------------------------------------------------------------------
                                              2.099931   slack (MET)


Startpoint: B[0]$_SDFFE_PP1P_ (rising edge-triggered flip-flop clocked by clk)
Endpoint: D[1] (output port clocked by clk)
Path Group: clk
Path Type: min

Fanout         Cap        Slew       Delay        Time   Description
---------------------------------------------------------------------------------------------
                      0.150000    0.000000    0.000000   clock clk (rise edge)
                                  0.000000    0.000000   clock network delay (ideal)
                      0.150000    0.000000    0.000000 ^ B[0]$_SDFFE_PP1P_/CLK (sg13g2_dfrbpq_1)
     3    0.011637    0.058002    0.242808    0.242808 ^ B[0]$_SDFFE_PP1P_/Q (sg13g2_dfrbpq_1)
                                                         B[0] (net)
                      0.058002    0.000000    0.242808 ^ _156_/A1 (sg13g2_mux2_1)
     1    0.006000    0.040112    0.107123    0.349931 ^ _156_/X (sg13g2_mux2_1)
                                                         D[1] (net)
                      0.040112    0.000000    0.349931 ^ D[1] (out)
                                              0.349931   data arrival time

                      0.150000    0.000000    0.000000   clock clk (rise edge)
                                  0.000000    0.000000   clock network delay (ideal)
                                  0.250000    0.250000   clock uncertainty
                                  0.000000    0.250000   clock reconvergence pessimism
                                 -2.000000   -1.750000   output external delay
                                             -1.750000   data required time
---------------------------------------------------------------------------------------------
                                             -1.750000   data required time
                                             -0.349931   data arrival time
---------------------------------------------------------------------------------------------
                                              2.099931   slack (MET)


Startpoint: B[1]$_SDFFE_PP1P_ (rising edge-triggered flip-flop clocked by clk)
Endpoint: D[2] (output port clocked by clk)
Path Group: clk
Path Type: min

Fanout         Cap        Slew       Delay        Time   Description
---------------------------------------------------------------------------------------------
                      0.150000    0.000000    0.000000   clock clk (rise edge)
                                  0.000000    0.000000   clock network delay (ideal)
                      0.150000    0.000000    0.000000 ^ B[1]$_SDFFE_PP1P_/CLK (sg13g2_dfrbpq_1)
     3    0.011637    0.058002    0.242808    0.242808 ^ B[1]$_SDFFE_PP1P_/Q (sg13g2_dfrbpq_1)
                                                         B[1] (net)
                      0.058002    0.000000    0.242808 ^ _157_/A1 (sg13g2_mux2_1)
     1    0.006000    0.040112    0.107123    0.349931 ^ _157_/X (sg13g2_mux2_1)
                                                         D[2] (net)
                      0.040112    0.000000    0.349931 ^ D[2] (out)
                                              0.349931   data arrival time

                      0.150000    0.000000    0.000000   clock clk (rise edge)
                                  0.000000    0.000000   clock network delay (ideal)
                                  0.250000    0.250000   clock uncertainty
                                  0.000000    0.250000   clock reconvergence pessimism
                                 -2.000000   -1.750000   output external delay
                                             -1.750000   data required time
---------------------------------------------------------------------------------------------
                                             -1.750000   data required time
                                             -0.349931   data arrival time
---------------------------------------------------------------------------------------------
                                              2.099931   slack (MET)


Startpoint: B[2]$_SDFFE_PP1P_ (rising edge-triggered flip-flop clocked by clk)
Endpoint: D[3] (output port clocked by clk)
Path Group: clk
Path Type: min

Fanout         Cap        Slew       Delay        Time   Description
---------------------------------------------------------------------------------------------
                      0.150000    0.000000    0.000000   clock clk (rise edge)
                                  0.000000    0.000000   clock network delay (ideal)
                      0.150000    0.000000    0.000000 ^ B[2]$_SDFFE_PP1P_/CLK (sg13g2_dfrbpq_1)
     3    0.011637    0.058002    0.242808    0.242808 ^ B[2]$_SDFFE_PP1P_/Q (sg13g2_dfrbpq_1)
                                                         B[2] (net)
                      0.058002    0.000000    0.242808 ^ _158_/A1 (sg13g2_mux2_1)
     1    0.006000    0.040112    0.107123    0.349931 ^ _158_/X (sg13g2_mux2_1)
                                                         D[3] (net)
                      0.040112    0.000000    0.349931 ^ D[3] (out)
                                              0.349931   data arrival time

                      0.150000    0.000000    0.000000   clock clk (rise edge)
                                  0.000000    0.000000   clock network delay (ideal)
                                  0.250000    0.250000   clock uncertainty
                                  0.000000    0.250000   clock reconvergence pessimism
                                 -2.000000   -1.750000   output external delay
                                             -1.750000   data required time
---------------------------------------------------------------------------------------------
                                             -1.750000   data required time
                                             -0.349931   data arrival time
---------------------------------------------------------------------------------------------
                                              2.099931   slack (MET)


Startpoint: B[3]$_SDFFE_PP1P_ (rising edge-triggered flip-flop clocked by clk)
Endpoint: D[4] (output port clocked by clk)
Path Group: clk
Path Type: min

Fanout         Cap        Slew       Delay        Time   Description
---------------------------------------------------------------------------------------------
                      0.150000    0.000000    0.000000   clock clk (rise edge)
                                  0.000000    0.000000   clock network delay (ideal)
                      0.150000    0.000000    0.000000 ^ B[3]$_SDFFE_PP1P_/CLK (sg13g2_dfrbpq_1)
     3    0.011637    0.058002    0.242808    0.242808 ^ B[3]$_SDFFE_PP1P_/Q (sg13g2_dfrbpq_1)
                                                         B[3] (net)
                      0.058002    0.000000    0.242808 ^ _159_/A1 (sg13g2_mux2_1)
     1    0.006000    0.040112    0.107123    0.349931 ^ _159_/X (sg13g2_mux2_1)
                                                         D[4] (net)
                      0.040112    0.000000    0.349931 ^ D[4] (out)
                                              0.349931   data arrival time

                      0.150000    0.000000    0.000000   clock clk (rise edge)
                                  0.000000    0.000000   clock network delay (ideal)
                                  0.250000    0.250000   clock uncertainty
                                  0.000000    0.250000   clock reconvergence pessimism
                                 -2.000000   -1.750000   output external delay
                                             -1.750000   data required time
---------------------------------------------------------------------------------------------
                                             -1.750000   data required time
                                             -0.349931   data arrival time
---------------------------------------------------------------------------------------------
                                              2.099931   slack (MET)


Startpoint: B[4]$_SDFFE_PP1P_ (rising edge-triggered flip-flop clocked by clk)
Endpoint: D[5] (output port clocked by clk)
Path Group: clk
Path Type: min

Fanout         Cap        Slew       Delay        Time   Description
---------------------------------------------------------------------------------------------
                      0.150000    0.000000    0.000000   clock clk (rise edge)
                                  0.000000    0.000000   clock network delay (ideal)
                      0.150000    0.000000    0.000000 ^ B[4]$_SDFFE_PP1P_/CLK (sg13g2_dfrbpq_1)
     3    0.011637    0.058002    0.242808    0.242808 ^ B[4]$_SDFFE_PP1P_/Q (sg13g2_dfrbpq_1)
                                                         B[4] (net)
                      0.058002    0.000000    0.242808 ^ _160_/A1 (sg13g2_mux2_1)
     1    0.006000    0.040112    0.107123    0.349931 ^ _160_/X (sg13g2_mux2_1)
                                                         D[5] (net)
                      0.040112    0.000000    0.349931 ^ D[5] (out)
                                              0.349931   data arrival time

                      0.150000    0.000000    0.000000   clock clk (rise edge)
                                  0.000000    0.000000   clock network delay (ideal)
                                  0.250000    0.250000   clock uncertainty
                                  0.000000    0.250000   clock reconvergence pessimism
                                 -2.000000   -1.750000   output external delay
                                             -1.750000   data required time
---------------------------------------------------------------------------------------------
                                             -1.750000   data required time
                                             -0.349931   data arrival time
---------------------------------------------------------------------------------------------
                                              2.099931   slack (MET)


Startpoint: B[5]$_SDFFE_PP1P_ (rising edge-triggered flip-flop clocked by clk)
Endpoint: D[6] (output port clocked by clk)
Path Group: clk
Path Type: min

Fanout         Cap        Slew       Delay        Time   Description
---------------------------------------------------------------------------------------------
                      0.150000    0.000000    0.000000   clock clk (rise edge)
                                  0.000000    0.000000   clock network delay (ideal)
                      0.150000    0.000000    0.000000 ^ B[5]$_SDFFE_PP1P_/CLK (sg13g2_dfrbpq_1)
     3    0.011637    0.058002    0.242808    0.242808 ^ B[5]$_SDFFE_PP1P_/Q (sg13g2_dfrbpq_1)
                                                         B[5] (net)
                      0.058002    0.000000    0.242808 ^ _161_/A1 (sg13g2_mux2_1)
     1    0.006000    0.040112    0.107123    0.349931 ^ _161_/X (sg13g2_mux2_1)
                                                         D[6] (net)
                      0.040112    0.000000    0.349931 ^ D[6] (out)
                                              0.349931   data arrival time

                      0.150000    0.000000    0.000000   clock clk (rise edge)
                                  0.000000    0.000000   clock network delay (ideal)
                                  0.250000    0.250000   clock uncertainty
                                  0.000000    0.250000   clock reconvergence pessimism
                                 -2.000000   -1.750000   output external delay
                                             -1.750000   data required time
---------------------------------------------------------------------------------------------
                                             -1.750000   data required time
                                             -0.349931   data arrival time
---------------------------------------------------------------------------------------------
                                              2.099931   slack (MET)


Startpoint: B[6]$_SDFFE_PP1P_ (rising edge-triggered flip-flop clocked by clk)
Endpoint: D[7] (output port clocked by clk)
Path Group: clk
Path Type: min

Fanout         Cap        Slew       Delay        Time   Description
---------------------------------------------------------------------------------------------
                      0.150000    0.000000    0.000000   clock clk (rise edge)
                                  0.000000    0.000000   clock network delay (ideal)
                      0.150000    0.000000    0.000000 ^ B[6]$_SDFFE_PP1P_/CLK (sg13g2_dfrbpq_1)
     3    0.011637    0.058002    0.242808    0.242808 ^ B[6]$_SDFFE_PP1P_/Q (sg13g2_dfrbpq_1)
                                                         B[6] (net)
                      0.058002    0.000000    0.242808 ^ _162_/A1 (sg13g2_mux2_1)
     1    0.006000    0.040112    0.107123    0.349931 ^ _162_/X (sg13g2_mux2_1)
                                                         D[7] (net)
                      0.040112    0.000000    0.349931 ^ D[7] (out)
                                              0.349931   data arrival time

                      0.150000    0.000000    0.000000   clock clk (rise edge)
                                  0.000000    0.000000   clock network delay (ideal)
                                  0.250000    0.250000   clock uncertainty
                                  0.000000    0.250000   clock reconvergence pessimism
                                 -2.000000   -1.750000   output external delay
                                             -1.750000   data required time
---------------------------------------------------------------------------------------------
                                             -1.750000   data required time
                                             -0.349931   data arrival time
---------------------------------------------------------------------------------------------
                                              2.099931   slack (MET)


Startpoint: B[7]$_SDFFE_PP1P_ (rising edge-triggered flip-flop clocked by clk)
Endpoint: D[8] (output port clocked by clk)
Path Group: clk
Path Type: min

Fanout         Cap        Slew       Delay        Time   Description
---------------------------------------------------------------------------------------------
                      0.150000    0.000000    0.000000   clock clk (rise edge)
                                  0.000000    0.000000   clock network delay (ideal)
                      0.150000    0.000000    0.000000 ^ B[7]$_SDFFE_PP1P_/CLK (sg13g2_dfrbpq_1)
     3    0.011637    0.058002    0.242808    0.242808 ^ B[7]$_SDFFE_PP1P_/Q (sg13g2_dfrbpq_1)
                                                         B[7] (net)
                      0.058002    0.000000    0.242808 ^ _163_/A1 (sg13g2_mux2_1)
     1    0.006000    0.040112    0.107123    0.349931 ^ _163_/X (sg13g2_mux2_1)
                                                         D[8] (net)
                      0.040112    0.000000    0.349931 ^ D[8] (out)
                                              0.349931   data arrival time

                      0.150000    0.000000    0.000000   clock clk (rise edge)
                                  0.000000    0.000000   clock network delay (ideal)
                                  0.250000    0.250000   clock uncertainty
                                  0.000000    0.250000   clock reconvergence pessimism
                                 -2.000000   -1.750000   output external delay
                                             -1.750000   data required time
---------------------------------------------------------------------------------------------
                                             -1.750000   data required time
                                             -0.349931   data arrival time
---------------------------------------------------------------------------------------------
                                              2.099931   slack (MET)


Startpoint: B[8]$_SDFFE_PP1P_ (rising edge-triggered flip-flop clocked by clk)
Endpoint: D[9] (output port clocked by clk)
Path Group: clk
Path Type: min

Fanout         Cap        Slew       Delay        Time   Description
---------------------------------------------------------------------------------------------
                      0.150000    0.000000    0.000000   clock clk (rise edge)
                                  0.000000    0.000000   clock network delay (ideal)
                      0.150000    0.000000    0.000000 ^ B[8]$_SDFFE_PP1P_/CLK (sg13g2_dfrbpq_1)
     3    0.011637    0.058002    0.242808    0.242808 ^ B[8]$_SDFFE_PP1P_/Q (sg13g2_dfrbpq_1)
                                                         B[8] (net)
                      0.058002    0.000000    0.242808 ^ _164_/A1 (sg13g2_mux2_1)
     1    0.006000    0.040112    0.107123    0.349931 ^ _164_/X (sg13g2_mux2_1)
                                                         D[9] (net)
                      0.040112    0.000000    0.349931 ^ D[9] (out)
                                              0.349931   data arrival time

                      0.150000    0.000000    0.000000   clock clk (rise edge)
                                  0.000000    0.000000   clock network delay (ideal)
                                  0.250000    0.250000   clock uncertainty
                                  0.000000    0.250000   clock reconvergence pessimism
                                 -2.000000   -1.750000   output external delay
                                             -1.750000   data required time
---------------------------------------------------------------------------------------------
                                             -1.750000   data required time
                                             -0.349931   data arrival time
---------------------------------------------------------------------------------------------
                                              2.099931   slack (MET)


Startpoint: B[11]$_SDFFE_PP1P_ (rising edge-triggered flip-flop clocked by clk)
Endpoint: B[11] (output port clocked by clk)
Path Group: clk
Path Type: min

Fanout         Cap        Slew       Delay        Time   Description
---------------------------------------------------------------------------------------------
                      0.150000    0.000000    0.000000   clock clk (rise edge)
                                  0.000000    0.000000   clock network delay (ideal)
                      0.150000    0.000000    0.000000 ^ B[11]$_SDFFE_PP1P_/CLK (sg13g2_dfrbpq_1)
    14    0.066248    0.206368    0.359284    0.359284 v B[11]$_SDFFE_PP1P_/Q (sg13g2_dfrbpq_1)
                                                         B[11] (net)
                      0.206368    0.000000    0.359284 v B[11] (out)
                                              0.359284   data arrival time

                      0.150000    0.000000    0.000000   clock clk (rise edge)
                                  0.000000    0.000000   clock network delay (ideal)
                                  0.250000    0.250000   clock uncertainty
                                  0.000000    0.250000   clock reconvergence pessimism
                                 -2.000000   -1.750000   output external delay
                                             -1.750000   data required time
---------------------------------------------------------------------------------------------
                                             -1.750000   data required time
                                             -0.359284   data arrival time
---------------------------------------------------------------------------------------------
                                              2.109284   slack (MET)



