
===========================================================================
report_checks -path_delay max (Setup)
============================================================================
======================= nom_fast_1p32V_m40C Corner ===================================

Startpoint: B[11]$_SDFFE_PP1P_ (rising edge-triggered flip-flop clocked by clk)
Endpoint: D[9] (output port clocked by clk)
Path Group: clk
Path Type: max

Fanout         Cap        Slew       Delay        Time   Description
---------------------------------------------------------------------------------------------
                                  0.000000    0.000000   clock clk (rise edge)
                                  0.000000    0.000000   clock source latency
     1    0.017718    0.022106    0.010538    0.010538 ^ clk (in)
                                                         clk (net)
                      0.022190    0.000000    0.010538 ^ clkbuf_0_clk/A (sg13g2_buf_8)
     4    0.053526    0.025923    0.054212    0.064750 ^ clkbuf_0_clk/X (sg13g2_buf_8)
                                                         clknet_0_clk (net)
                      0.026496    0.002961    0.067711 ^ clkbuf_2_2__f_clk/A (sg13g2_buf_8)
     8    0.034554    0.020282    0.051784    0.119495 ^ clkbuf_2_2__f_clk/X (sg13g2_buf_8)
                                                         clknet_2_2__leaf_clk (net)
                      0.020422    0.001479    0.120975 ^ B[11]$_SDFFE_PP1P_/CLK (sg13g2_dfrbpq_2)
     2    0.012022    0.025266    0.125458    0.246433 ^ B[11]$_SDFFE_PP1P_/Q (sg13g2_dfrbpq_2)
                                                         net10 (net)
                      0.025266    0.000083    0.246517 ^ hold43/A (sg13g2_dlygate4sd3_1)
     1    0.009768    0.038391    0.262680    0.509196 ^ hold43/X (sg13g2_dlygate4sd3_1)
                                                         net126 (net)
                      0.038391    0.000401    0.509598 ^ fanout10/A (sg13g2_buf_8)
     8    0.063176    0.029577    0.062498    0.572095 ^ fanout10/X (sg13g2_buf_8)
                                                         net33 (net)
                      0.030665    0.004423    0.576519 ^ _164_/S (sg13g2_mux2_1)
     1    0.005649    0.027751    0.105553    0.682071 v _164_/X (sg13g2_mux2_1)
                                                         net54 (net)
                      0.027752    0.000365    0.682437 v output38/A (sg13g2_buf_1)
     1    0.008814    0.024839    0.052730    0.735167 v output38/X (sg13g2_buf_1)
                                                         D[9] (net)
                      0.024845    0.000391    0.735558 v D[9] (out)
                                              0.735558   data arrival time

                                 10.000000   10.000000   clock clk (rise edge)
                                  0.000000   10.000000   clock network delay (propagated)
                                 -0.250000    9.750000   clock uncertainty
                                  0.000000    9.750000   clock reconvergence pessimism
                                 -2.000000    7.750000   output external delay
                                              7.750000   data required time
---------------------------------------------------------------------------------------------
                                              7.750000   data required time
                                             -0.735558   data arrival time
---------------------------------------------------------------------------------------------
                                              7.014442   slack (MET)


Startpoint: B[11]$_SDFFE_PP1P_ (rising edge-triggered flip-flop clocked by clk)
Endpoint: D[2] (output port clocked by clk)
Path Group: clk
Path Type: max

Fanout         Cap        Slew       Delay        Time   Description
---------------------------------------------------------------------------------------------
                                  0.000000    0.000000   clock clk (rise edge)
                                  0.000000    0.000000   clock source latency
     1    0.017718    0.022106    0.010538    0.010538 ^ clk (in)
                                                         clk (net)
                      0.022190    0.000000    0.010538 ^ clkbuf_0_clk/A (sg13g2_buf_8)
     4    0.053526    0.025923    0.054212    0.064750 ^ clkbuf_0_clk/X (sg13g2_buf_8)
                                                         clknet_0_clk (net)
                      0.026496    0.002961    0.067711 ^ clkbuf_2_2__f_clk/A (sg13g2_buf_8)
     8    0.034554    0.020282    0.051784    0.119495 ^ clkbuf_2_2__f_clk/X (sg13g2_buf_8)
                                                         clknet_2_2__leaf_clk (net)
                      0.020422    0.001479    0.120975 ^ B[11]$_SDFFE_PP1P_/CLK (sg13g2_dfrbpq_2)
     2    0.012022    0.025266    0.125458    0.246433 ^ B[11]$_SDFFE_PP1P_/Q (sg13g2_dfrbpq_2)
                                                         net10 (net)
                      0.025266    0.000083    0.246517 ^ hold43/A (sg13g2_dlygate4sd3_1)
     1    0.009768    0.038391    0.262680    0.509196 ^ hold43/X (sg13g2_dlygate4sd3_1)
                                                         net126 (net)
                      0.038391    0.000401    0.509598 ^ fanout10/A (sg13g2_buf_8)
     8    0.063176    0.029577    0.062498    0.572095 ^ fanout10/X (sg13g2_buf_8)
                                                         net33 (net)
                      0.030105    0.003008    0.575103 ^ _157_/S (sg13g2_mux2_1)
     1    0.006364    0.028849    0.106761    0.681864 v _157_/X (sg13g2_mux2_1)
                                                         net47 (net)
                      0.028856    0.000402    0.682266 v output31/A (sg13g2_buf_1)
     1    0.007280    0.021836    0.050573    0.732839 v output31/X (sg13g2_buf_1)
                                                         D[2] (net)
                      0.021840    0.000302    0.733141 v D[2] (out)
                                              0.733141   data arrival time

                                 10.000000   10.000000   clock clk (rise edge)
                                  0.000000   10.000000   clock network delay (propagated)
                                 -0.250000    9.750000   clock uncertainty
                                  0.000000    9.750000   clock reconvergence pessimism
                                 -2.000000    7.750000   output external delay
                                              7.750000   data required time
---------------------------------------------------------------------------------------------
                                              7.750000   data required time
                                             -0.733141   data arrival time
---------------------------------------------------------------------------------------------
                                              7.016859   slack (MET)


Startpoint: B[11]$_SDFFE_PP1P_ (rising edge-triggered flip-flop clocked by clk)
Endpoint: D[10] (output port clocked by clk)
Path Group: clk
Path Type: max

Fanout         Cap        Slew       Delay        Time   Description
---------------------------------------------------------------------------------------------
                                  0.000000    0.000000   clock clk (rise edge)
                                  0.000000    0.000000   clock source latency
     1    0.017718    0.022106    0.010538    0.010538 ^ clk (in)
                                                         clk (net)
                      0.022190    0.000000    0.010538 ^ clkbuf_0_clk/A (sg13g2_buf_8)
     4    0.053526    0.025923    0.054212    0.064750 ^ clkbuf_0_clk/X (sg13g2_buf_8)
                                                         clknet_0_clk (net)
                      0.026496    0.002961    0.067711 ^ clkbuf_2_2__f_clk/A (sg13g2_buf_8)
     8    0.034554    0.020282    0.051784    0.119495 ^ clkbuf_2_2__f_clk/X (sg13g2_buf_8)
                                                         clknet_2_2__leaf_clk (net)
                      0.020422    0.001479    0.120975 ^ B[11]$_SDFFE_PP1P_/CLK (sg13g2_dfrbpq_2)
     2    0.012022    0.025266    0.125458    0.246433 ^ B[11]$_SDFFE_PP1P_/Q (sg13g2_dfrbpq_2)
                                                         net10 (net)
                      0.025266    0.000083    0.246517 ^ hold43/A (sg13g2_dlygate4sd3_1)
     1    0.009768    0.038391    0.262680    0.509196 ^ hold43/X (sg13g2_dlygate4sd3_1)
                                                         net126 (net)
                      0.038391    0.000401    0.509598 ^ fanout10/A (sg13g2_buf_8)
     8    0.063176    0.029577    0.062498    0.572095 ^ fanout10/X (sg13g2_buf_8)
                                                         net33 (net)
                      0.030290    0.003525    0.575621 ^ _154_/S (sg13g2_mux2_1)
     1    0.004742    0.026140    0.103659    0.679280 v _154_/X (sg13g2_mux2_1)
                                                         net44 (net)
                      0.026145    0.000342    0.679622 v output28/A (sg13g2_buf_1)
     1    0.007262    0.021711    0.049698    0.729320 v output28/X (sg13g2_buf_1)
                                                         D[10] (net)
                      0.021715    0.000304    0.729625 v D[10] (out)
                                              0.729625   data arrival time

                                 10.000000   10.000000   clock clk (rise edge)
                                  0.000000   10.000000   clock network delay (propagated)
                                 -0.250000    9.750000   clock uncertainty
                                  0.000000    9.750000   clock reconvergence pessimism
                                 -2.000000    7.750000   output external delay
                                              7.750000   data required time
---------------------------------------------------------------------------------------------
                                              7.750000   data required time
                                             -0.729625   data arrival time
---------------------------------------------------------------------------------------------
                                              7.020376   slack (MET)


Startpoint: B[11]$_SDFFE_PP1P_ (rising edge-triggered flip-flop clocked by clk)
Endpoint: D[5] (output port clocked by clk)
Path Group: clk
Path Type: max

Fanout         Cap        Slew       Delay        Time   Description
---------------------------------------------------------------------------------------------
                                  0.000000    0.000000   clock clk (rise edge)
                                  0.000000    0.000000   clock source latency
     1    0.017718    0.022106    0.010538    0.010538 ^ clk (in)
                                                         clk (net)
                      0.022190    0.000000    0.010538 ^ clkbuf_0_clk/A (sg13g2_buf_8)
     4    0.053526    0.025923    0.054212    0.064750 ^ clkbuf_0_clk/X (sg13g2_buf_8)
                                                         clknet_0_clk (net)
                      0.026496    0.002961    0.067711 ^ clkbuf_2_2__f_clk/A (sg13g2_buf_8)
     8    0.034554    0.020282    0.051784    0.119495 ^ clkbuf_2_2__f_clk/X (sg13g2_buf_8)
                                                         clknet_2_2__leaf_clk (net)
                      0.020422    0.001479    0.120975 ^ B[11]$_SDFFE_PP1P_/CLK (sg13g2_dfrbpq_2)
     2    0.012022    0.025266    0.125458    0.246433 ^ B[11]$_SDFFE_PP1P_/Q (sg13g2_dfrbpq_2)
                                                         net10 (net)
                      0.025266    0.000083    0.246517 ^ hold43/A (sg13g2_dlygate4sd3_1)
     1    0.009768    0.038391    0.262680    0.509196 ^ hold43/X (sg13g2_dlygate4sd3_1)
                                                         net126 (net)
                      0.038391    0.000401    0.509598 ^ fanout10/A (sg13g2_buf_8)
     8    0.063176    0.029577    0.062498    0.572095 ^ fanout10/X (sg13g2_buf_8)
                                                         net33 (net)
                      0.030464    0.003963    0.576059 ^ _160_/S (sg13g2_mux2_1)
     1    0.004035    0.024850    0.102359    0.678418 v _160_/X (sg13g2_mux2_1)
                                                         net50 (net)
                      0.024850    0.000253    0.678672 v output34/A (sg13g2_buf_1)
     1    0.007689    0.022510    0.049996    0.728668 v output34/X (sg13g2_buf_1)
                                                         D[5] (net)
                      0.022515    0.000328    0.728996 v D[5] (out)
                                              0.728996   data arrival time

                                 10.000000   10.000000   clock clk (rise edge)
                                  0.000000   10.000000   clock network delay (propagated)
                                 -0.250000    9.750000   clock uncertainty
                                  0.000000    9.750000   clock reconvergence pessimism
                                 -2.000000    7.750000   output external delay
                                              7.750000   data required time
---------------------------------------------------------------------------------------------
                                              7.750000   data required time
                                             -0.728996   data arrival time
---------------------------------------------------------------------------------------------
                                              7.021004   slack (MET)


Startpoint: B[11]$_SDFFE_PP1P_ (rising edge-triggered flip-flop clocked by clk)
Endpoint: D[1] (output port clocked by clk)
Path Group: clk
Path Type: max

Fanout         Cap        Slew       Delay        Time   Description
---------------------------------------------------------------------------------------------
                                  0.000000    0.000000   clock clk (rise edge)
                                  0.000000    0.000000   clock source latency
     1    0.017718    0.022106    0.010538    0.010538 ^ clk (in)
                                                         clk (net)
                      0.022190    0.000000    0.010538 ^ clkbuf_0_clk/A (sg13g2_buf_8)
     4    0.053526    0.025923    0.054212    0.064750 ^ clkbuf_0_clk/X (sg13g2_buf_8)
                                                         clknet_0_clk (net)
                      0.026496    0.002961    0.067711 ^ clkbuf_2_2__f_clk/A (sg13g2_buf_8)
     8    0.034554    0.020282    0.051784    0.119495 ^ clkbuf_2_2__f_clk/X (sg13g2_buf_8)
                                                         clknet_2_2__leaf_clk (net)
                      0.020422    0.001479    0.120975 ^ B[11]$_SDFFE_PP1P_/CLK (sg13g2_dfrbpq_2)
     2    0.012022    0.025266    0.125458    0.246433 ^ B[11]$_SDFFE_PP1P_/Q (sg13g2_dfrbpq_2)
                                                         net10 (net)
                      0.025266    0.000083    0.246517 ^ hold43/A (sg13g2_dlygate4sd3_1)
     1    0.009768    0.038391    0.262680    0.509196 ^ hold43/X (sg13g2_dlygate4sd3_1)
                                                         net126 (net)
                      0.038391    0.000401    0.509598 ^ fanout10/A (sg13g2_buf_8)
     8    0.063176    0.029577    0.062498    0.572095 ^ fanout10/X (sg13g2_buf_8)
                                                         net33 (net)
                      0.030688    0.004473    0.576568 ^ _156_/S (sg13g2_mux2_1)
     1    0.003313    0.023578    0.101033    0.677601 v _156_/X (sg13g2_mux2_1)
                                                         net46 (net)
                      0.023578    0.000128    0.677729 v output30/A (sg13g2_buf_1)
     1    0.007987    0.023064    0.050011    0.727739 v output30/X (sg13g2_buf_1)
                                                         D[1] (net)
                      0.023077    0.000501    0.728240 v D[1] (out)
                                              0.728240   data arrival time

                                 10.000000   10.000000   clock clk (rise edge)
                                  0.000000   10.000000   clock network delay (propagated)
                                 -0.250000    9.750000   clock uncertainty
                                  0.000000    9.750000   clock reconvergence pessimism
                                 -2.000000    7.750000   output external delay
                                              7.750000   data required time
---------------------------------------------------------------------------------------------
                                              7.750000   data required time
                                             -0.728240   data arrival time
---------------------------------------------------------------------------------------------
                                              7.021760   slack (MET)


Startpoint: B[11]$_SDFFE_PP1P_ (rising edge-triggered flip-flop clocked by clk)
Endpoint: D[6] (output port clocked by clk)
Path Group: clk
Path Type: max

Fanout         Cap        Slew       Delay        Time   Description
---------------------------------------------------------------------------------------------
                                  0.000000    0.000000   clock clk (rise edge)
                                  0.000000    0.000000   clock source latency
     1    0.017718    0.022106    0.010538    0.010538 ^ clk (in)
                                                         clk (net)
                      0.022190    0.000000    0.010538 ^ clkbuf_0_clk/A (sg13g2_buf_8)
     4    0.053526    0.025923    0.054212    0.064750 ^ clkbuf_0_clk/X (sg13g2_buf_8)
                                                         clknet_0_clk (net)
                      0.026496    0.002961    0.067711 ^ clkbuf_2_2__f_clk/A (sg13g2_buf_8)
     8    0.034554    0.020282    0.051784    0.119495 ^ clkbuf_2_2__f_clk/X (sg13g2_buf_8)
                                                         clknet_2_2__leaf_clk (net)
                      0.020422    0.001479    0.120975 ^ B[11]$_SDFFE_PP1P_/CLK (sg13g2_dfrbpq_2)
     2    0.012022    0.025266    0.125458    0.246433 ^ B[11]$_SDFFE_PP1P_/Q (sg13g2_dfrbpq_2)
                                                         net10 (net)
                      0.025266    0.000083    0.246517 ^ hold43/A (sg13g2_dlygate4sd3_1)
     1    0.009768    0.038391    0.262680    0.509196 ^ hold43/X (sg13g2_dlygate4sd3_1)
                                                         net126 (net)
                      0.038391    0.000401    0.509598 ^ fanout10/A (sg13g2_buf_8)
     8    0.063176    0.029577    0.062498    0.572095 ^ fanout10/X (sg13g2_buf_8)
                                                         net33 (net)
                      0.030201    0.003285    0.575381 ^ _161_/S (sg13g2_mux2_1)
     1    0.002797    0.022659    0.099866    0.675247 v _161_/X (sg13g2_mux2_1)
                                                         net51 (net)
                      0.022659    0.000110    0.675357 v output35/A (sg13g2_buf_1)
     1    0.008464    0.024015    0.050647    0.726004 v output35/X (sg13g2_buf_1)
                                                         D[6] (net)
                      0.024016    0.000227    0.726231 v D[6] (out)
                                              0.726231   data arrival time

                                 10.000000   10.000000   clock clk (rise edge)
                                  0.000000   10.000000   clock network delay (propagated)
                                 -0.250000    9.750000   clock uncertainty
                                  0.000000    9.750000   clock reconvergence pessimism
                                 -2.000000    7.750000   output external delay
                                              7.750000   data required time
---------------------------------------------------------------------------------------------
                                              7.750000   data required time
                                             -0.726231   data arrival time
---------------------------------------------------------------------------------------------
                                              7.023769   slack (MET)


Startpoint: Op (input port clocked by clk)
Endpoint: B[3]$_SDFFE_PP1P_ (rising edge-triggered flip-flop clocked by clk)
Path Group: clk
Path Type: max

Fanout         Cap        Slew       Delay        Time   Description
---------------------------------------------------------------------------------------------
                                  0.000000    0.000000   clock clk (rise edge)
                                  0.000000    0.000000   clock network delay (propagated)
                                  2.000000    2.000000 ^ input external delay
     1    0.004225    0.014433    0.002358    2.002358 ^ Op (in)
                                                         Op (net)
                      0.014433    0.000000    2.002358 ^ input2/A (sg13g2_buf_1)
     3    0.018600    0.053611    0.067015    2.069373 ^ input2/X (sg13g2_buf_1)
                                                         net18 (net)
                      0.053646    0.001126    2.070499 ^ _128_/B_N (sg13g2_nor2b_1)
     2    0.015671    0.094463    0.115530    2.186029 ^ _128_/Y (sg13g2_nor2b_1)
                                                         _030_ (net)
                      0.094465    0.000317    2.186346 ^ fanout7/A (sg13g2_buf_1)
     4    0.020635    0.059962    0.096664    2.283010 ^ fanout7/X (sg13g2_buf_1)
                                                         net7 (net)
                      0.059984    0.001090    2.284100 ^ _139_/D (sg13g2_nand4_1)
     1    0.007351    0.086572    0.103711    2.387811 v _139_/Y (sg13g2_nand4_1)
                                                         _036_ (net)
                      0.086579    0.000782    2.388593 v _140_/A2 (sg13g2_a21o_1)
     1    0.003838    0.020773    0.093018    2.481611 v _140_/X (sg13g2_a21o_1)
                                                         _017_ (net)
                      0.020773    0.000147    2.481758 v hold17/A (sg13g2_dlygate4sd3_1)
     1    0.001637    0.023006    0.246465    2.728223 v hold17/X (sg13g2_dlygate4sd3_1)
                                                         net100 (net)
                      0.023006    0.000125    2.728348 v B[3]$_SDFFE_PP1P_/D (sg13g2_dfrbpq_1)
                                              2.728348   data arrival time

                                 10.000000   10.000000   clock clk (rise edge)
                                  0.000000   10.000000   clock source latency
     1    0.017718    0.022106    0.010538   10.010538 ^ clk (in)
                                                         clk (net)
                      0.022190    0.000000   10.010538 ^ clkbuf_0_clk/A (sg13g2_buf_8)
     4    0.053526    0.025923    0.054212   10.064751 ^ clkbuf_0_clk/X (sg13g2_buf_8)
                                                         clknet_0_clk (net)
                      0.026410    0.002711   10.067461 ^ clkbuf_2_1__f_clk/A (sg13g2_buf_8)
     7    0.030098    0.019021    0.050593   10.118054 ^ clkbuf_2_1__f_clk/X (sg13g2_buf_8)
                                                         clknet_2_1__leaf_clk (net)
                      0.019117    0.001495   10.119549 ^ B[3]$_SDFFE_PP1P_/CLK (sg13g2_dfrbpq_1)
                                 -0.250000    9.869549   clock uncertainty
                                  0.000000    9.869549   clock reconvergence pessimism
                                 -0.069550    9.799999   library setup time
                                              9.799999   data required time
---------------------------------------------------------------------------------------------
                                              9.799999   data required time
                                             -2.728348   data arrival time
---------------------------------------------------------------------------------------------
                                              7.071651   slack (MET)


Startpoint: Om (input port clocked by clk)
Endpoint: BN[3]$_SDFFE_PP1P_ (rising edge-triggered flip-flop clocked by clk)
Path Group: clk
Path Type: max

Fanout         Cap        Slew       Delay        Time   Description
---------------------------------------------------------------------------------------------
                                  0.000000    0.000000   clock clk (rise edge)
                                  0.000000    0.000000   clock network delay (propagated)
                                  2.000000    2.000000 ^ input external delay
     1    0.004228    0.014435    0.002360    2.002360 ^ Om (in)
                                                         Om (net)
                      0.014435    0.000000    2.002360 ^ input1/A (sg13g2_buf_1)
     3    0.016037    0.047330    0.061670    2.064029 ^ input1/X (sg13g2_buf_1)
                                                         net17 (net)
                      0.047469    0.002079    2.066108 ^ _096_/B_N (sg13g2_nor2b_1)
     2    0.012838    0.080832    0.103029    2.169137 ^ _096_/Y (sg13g2_nor2b_1)
                                                         _050_ (net)
                      0.080834    0.000335    2.169472 ^ fanout9/A (sg13g2_buf_1)
     4    0.021985    0.063276    0.095057    2.264529 ^ fanout9/X (sg13g2_buf_1)
                                                         net9 (net)
                      0.063323    0.001010    2.265539 ^ _113_/C (sg13g2_nand4_1)
     1    0.006254    0.079307    0.096628    2.362168 v _113_/Y (sg13g2_nand4_1)
                                                         _062_ (net)
                      0.079308    0.000221    2.362389 v _114_/A2 (sg13g2_a21o_1)
     1    0.005969    0.024418    0.094909    2.457298 v _114_/X (sg13g2_a21o_1)
                                                         _005_ (net)
                      0.024449    0.000530    2.457829 v hold10/A (sg13g2_dlygate4sd3_1)
     1    0.002252    0.024209    0.249736    2.707565 v hold10/X (sg13g2_dlygate4sd3_1)
                                                         net93 (net)
                      0.024209    0.000082    2.707647 v BN[3]$_SDFFE_PP1P_/D (sg13g2_dfrbpq_1)
                                              2.707647   data arrival time

                                 10.000000   10.000000   clock clk (rise edge)
                                  0.000000   10.000000   clock source latency
     1    0.017718    0.022106    0.010538   10.010538 ^ clk (in)
                                                         clk (net)
                      0.022190    0.000000   10.010538 ^ clkbuf_0_clk/A (sg13g2_buf_8)
     4    0.053526    0.025923    0.054212   10.064751 ^ clkbuf_0_clk/X (sg13g2_buf_8)
                                                         clknet_0_clk (net)
                      0.026410    0.002711   10.067461 ^ clkbuf_2_1__f_clk/A (sg13g2_buf_8)
     7    0.030098    0.019021    0.050593   10.118054 ^ clkbuf_2_1__f_clk/X (sg13g2_buf_8)
                                                         clknet_2_1__leaf_clk (net)
                      0.019115    0.001482   10.119536 ^ BN[3]$_SDFFE_PP1P_/CLK (sg13g2_dfrbpq_1)
                                 -0.250000    9.869536   clock uncertainty
                                  0.000000    9.869536   clock reconvergence pessimism
                                 -0.069873    9.799664   library setup time
                                              9.799664   data required time
---------------------------------------------------------------------------------------------
                                              9.799664   data required time
                                             -2.707647   data arrival time
---------------------------------------------------------------------------------------------
                                              7.092017   slack (MET)


Startpoint: Op (input port clocked by clk)
Endpoint: B[7]$_SDFFE_PP1P_ (rising edge-triggered flip-flop clocked by clk)
Path Group: clk
Path Type: max

Fanout         Cap        Slew       Delay        Time   Description
---------------------------------------------------------------------------------------------
                                  0.000000    0.000000   clock clk (rise edge)
                                  0.000000    0.000000   clock network delay (propagated)
                                  2.000000    2.000000 ^ input external delay
     1    0.004225    0.014433    0.002358    2.002358 ^ Op (in)
                                                         Op (net)
                      0.014433    0.000000    2.002358 ^ input2/A (sg13g2_buf_1)
     3    0.018600    0.053611    0.067015    2.069373 ^ input2/X (sg13g2_buf_1)
                                                         net18 (net)
                      0.053646    0.001126    2.070499 ^ _128_/B_N (sg13g2_nor2b_1)
     2    0.015671    0.094463    0.115530    2.186029 ^ _128_/Y (sg13g2_nor2b_1)
                                                         _030_ (net)
                      0.094465    0.000317    2.186346 ^ fanout7/A (sg13g2_buf_1)
     4    0.020635    0.059962    0.096664    2.283010 ^ fanout7/X (sg13g2_buf_1)
                                                         net7 (net)
                      0.059986    0.001124    2.284134 ^ _147_/D (sg13g2_nand4_1)
     1    0.004426    0.069728    0.087439    2.371573 v _147_/Y (sg13g2_nand4_1)
                                                         _040_ (net)
                      0.069728    0.000332    2.371905 v _148_/A2 (sg13g2_a21o_1)
     1    0.004169    0.021178    0.088620    2.460525 v _148_/X (sg13g2_a21o_1)
                                                         _021_ (net)
                      0.021178    0.000234    2.460759 v hold12/A (sg13g2_dlygate4sd3_1)
     1    0.002173    0.024054    0.247944    2.708704 v hold12/X (sg13g2_dlygate4sd3_1)
                                                         net95 (net)
                      0.024054    0.000083    2.708786 v B[7]$_SDFFE_PP1P_/D (sg13g2_dfrbpq_1)
                                              2.708786   data arrival time

                                 10.000000   10.000000   clock clk (rise edge)
                                  0.000000   10.000000   clock source latency
     1    0.017718    0.022106    0.010538   10.010538 ^ clk (in)
                                                         clk (net)
                      0.022190    0.000000   10.010538 ^ clkbuf_0_clk/A (sg13g2_buf_8)
     4    0.053526    0.025923    0.054212   10.064751 ^ clkbuf_0_clk/X (sg13g2_buf_8)
                                                         clknet_0_clk (net)
                      0.026429    0.002768   10.067518 ^ clkbuf_2_3__f_clk/A (sg13g2_buf_8)
     8    0.035624    0.020601    0.052115   10.119634 ^ clkbuf_2_3__f_clk/X (sg13g2_buf_8)
                                                         clknet_2_3__leaf_clk (net)
                      0.020706    0.001234   10.120867 ^ B[7]$_SDFFE_PP1P_/CLK (sg13g2_dfrbpq_1)
                                 -0.250000    9.870867   clock uncertainty
                                  0.000000    9.870867   clock reconvergence pessimism
                                 -0.069534    9.801333   library setup time
                                              9.801333   data required time
---------------------------------------------------------------------------------------------
                                              9.801333   data required time
                                             -2.708786   data arrival time
---------------------------------------------------------------------------------------------
                                              7.092547   slack (MET)


Startpoint: Op (input port clocked by clk)
Endpoint: B[6]$_SDFFE_PP1P_ (rising edge-triggered flip-flop clocked by clk)
Path Group: clk
Path Type: max

Fanout         Cap        Slew       Delay        Time   Description
---------------------------------------------------------------------------------------------
                                  0.000000    0.000000   clock clk (rise edge)
                                  0.000000    0.000000   clock network delay (propagated)
                                  2.000000    2.000000 ^ input external delay
     1    0.004225    0.014433    0.002358    2.002358 ^ Op (in)
                                                         Op (net)
                      0.014433    0.000000    2.002358 ^ input2/A (sg13g2_buf_1)
     3    0.018600    0.053611    0.067015    2.069373 ^ input2/X (sg13g2_buf_1)
                                                         net18 (net)
                      0.053646    0.001126    2.070499 ^ _128_/B_N (sg13g2_nor2b_1)
     2    0.015671    0.094463    0.115530    2.186029 ^ _128_/Y (sg13g2_nor2b_1)
                                                         _030_ (net)
                      0.094465    0.000317    2.186346 ^ fanout7/A (sg13g2_buf_1)
     4    0.020635    0.059962    0.096664    2.283010 ^ fanout7/X (sg13g2_buf_1)
                                                         net7 (net)
                      0.059981    0.001035    2.284045 ^ _145_/C (sg13g2_nand3_1)
     1    0.005889    0.063097    0.071317    2.355362 v _145_/Y (sg13g2_nand3_1)
                                                         _039_ (net)
                      0.063098    0.000392    2.355754 v _146_/A2 (sg13g2_a21o_1)
     1    0.003991    0.020863    0.086305    2.442060 v _146_/X (sg13g2_a21o_1)
                                                         _020_ (net)
                      0.020863    0.000157    2.442216 v hold34/A (sg13g2_dlygate4sd3_1)
     1    0.002653    0.024988    0.248928    2.691144 v hold34/X (sg13g2_dlygate4sd3_1)
                                                         net117 (net)
                      0.024988    0.000104    2.691248 v B[6]$_SDFFE_PP1P_/D (sg13g2_dfrbpq_1)
                                              2.691248   data arrival time

                                 10.000000   10.000000   clock clk (rise edge)
                                  0.000000   10.000000   clock source latency
     1    0.017718    0.022106    0.010538   10.010538 ^ clk (in)
                                                         clk (net)
                      0.022190    0.000000   10.010538 ^ clkbuf_0_clk/A (sg13g2_buf_8)
     4    0.053526    0.025923    0.054212   10.064751 ^ clkbuf_0_clk/X (sg13g2_buf_8)
                                                         clknet_0_clk (net)
                      0.026429    0.002768   10.067518 ^ clkbuf_2_3__f_clk/A (sg13g2_buf_8)
     8    0.035624    0.020601    0.052115   10.119634 ^ clkbuf_2_3__f_clk/X (sg13g2_buf_8)
                                                         clknet_2_3__leaf_clk (net)
                      0.020709    0.001258   10.120891 ^ B[6]$_SDFFE_PP1P_/CLK (sg13g2_dfrbpq_1)
                                 -0.250000    9.870891   clock uncertainty
                                  0.000000    9.870891   clock reconvergence pessimism
                                 -0.069783    9.801107   library setup time
                                              9.801107   data required time
---------------------------------------------------------------------------------------------
                                              9.801107   data required time
                                             -2.691248   data arrival time
---------------------------------------------------------------------------------------------
                                              7.109859   slack (MET)


Startpoint: Om (input port clocked by clk)
Endpoint: BN[11]$_SDFFE_PP1P_ (rising edge-triggered flip-flop clocked by clk)
Path Group: clk
Path Type: max

Fanout         Cap        Slew       Delay        Time   Description
---------------------------------------------------------------------------------------------
                                  0.000000    0.000000   clock clk (rise edge)
                                  0.000000    0.000000   clock network delay (propagated)
                                  2.000000    2.000000 ^ input external delay
     1    0.004228    0.014435    0.002360    2.002360 ^ Om (in)
                                                         Om (net)
                      0.014435    0.000000    2.002360 ^ input1/A (sg13g2_buf_1)
     3    0.016037    0.047330    0.061670    2.064029 ^ input1/X (sg13g2_buf_1)
                                                         net17 (net)
                      0.047469    0.002079    2.066108 ^ _096_/B_N (sg13g2_nor2b_1)
     2    0.012838    0.080832    0.103029    2.169137 ^ _096_/Y (sg13g2_nor2b_1)
                                                         _050_ (net)
                      0.080836    0.000461    2.169598 ^ fanout8/A (sg13g2_buf_8)
     8    0.042583    0.024595    0.072566    2.242164 ^ fanout8/X (sg13g2_buf_8)
                                                         net8 (net)
                      0.028157    0.007276    2.249440 ^ _106_/C (sg13g2_nand4_1)
     1    0.007304    0.086248    0.093619    2.343059 v _106_/Y (sg13g2_nand4_1)
                                                         _058_ (net)
                      0.086250    0.000518    2.343578 v _107_/A2 (sg13g2_a21o_1)
     1    0.004578    0.022071    0.094336    2.437914 v _107_/X (sg13g2_a21o_1)
                                                         _002_ (net)
                      0.022071    0.000308    2.438222 v hold38/A (sg13g2_dlygate4sd3_1)
     1    0.002609    0.024905    0.249418    2.687640 v hold38/X (sg13g2_dlygate4sd3_1)
                                                         net121 (net)
                      0.024905    0.000100    2.687740 v BN[11]$_SDFFE_PP1P_/D (sg13g2_dfrbpq_1)
                                              2.687740   data arrival time

                                 10.000000   10.000000   clock clk (rise edge)
                                  0.000000   10.000000   clock source latency
     1    0.017718    0.022106    0.010538   10.010538 ^ clk (in)
                                                         clk (net)
                      0.022190    0.000000   10.010538 ^ clkbuf_0_clk/A (sg13g2_buf_8)
     4    0.053526    0.025923    0.054212   10.064751 ^ clkbuf_0_clk/X (sg13g2_buf_8)
                                                         clknet_0_clk (net)
                      0.026410    0.002711   10.067461 ^ clkbuf_2_1__f_clk/A (sg13g2_buf_8)
     7    0.030098    0.019021    0.050593   10.118054 ^ clkbuf_2_1__f_clk/X (sg13g2_buf_8)
                                                         clknet_2_1__leaf_clk (net)
                      0.019098    0.001378   10.119432 ^ BN[11]$_SDFFE_PP1P_/CLK (sg13g2_dfrbpq_1)
                                 -0.250000    9.869432   clock uncertainty
                                  0.000000    9.869432   clock reconvergence pessimism
                                 -0.070062    9.799371   library setup time
                                              9.799371   data required time
---------------------------------------------------------------------------------------------
                                              9.799371   data required time
                                             -2.687740   data arrival time
---------------------------------------------------------------------------------------------
                                              7.111630   slack (MET)


Startpoint: Om (input port clocked by clk)
Endpoint: BN[7]$_SDFFE_PP1P_ (rising edge-triggered flip-flop clocked by clk)
Path Group: clk
Path Type: max

Fanout         Cap        Slew       Delay        Time   Description
---------------------------------------------------------------------------------------------
                                  0.000000    0.000000   clock clk (rise edge)
                                  0.000000    0.000000   clock network delay (propagated)
                                  2.000000    2.000000 ^ input external delay
     1    0.004228    0.014435    0.002360    2.002360 ^ Om (in)
                                                         Om (net)
                      0.014435    0.000000    2.002360 ^ input1/A (sg13g2_buf_1)
     3    0.016037    0.047330    0.061670    2.064029 ^ input1/X (sg13g2_buf_1)
                                                         net17 (net)
                      0.047469    0.002079    2.066108 ^ _096_/B_N (sg13g2_nor2b_1)
     2    0.012838    0.080832    0.103029    2.169137 ^ _096_/Y (sg13g2_nor2b_1)
                                                         _050_ (net)
                      0.080834    0.000335    2.169472 ^ fanout9/A (sg13g2_buf_1)
     4    0.021985    0.063276    0.095057    2.264529 ^ fanout9/X (sg13g2_buf_1)
                                                         net9 (net)
                      0.063276    0.000193    2.264722 ^ _122_/C (sg13g2_nand4_1)
     1    0.004333    0.066783    0.085725    2.350447 v _122_/Y (sg13g2_nand4_1)
                                                         _067_ (net)
                      0.066783    0.000174    2.350621 v _123_/A2 (sg13g2_a21o_1)
     1    0.004745    0.022054    0.088850    2.439471 v _123_/X (sg13g2_a21o_1)
                                                         _009_ (net)
                      0.022054    0.000285    2.439756 v hold2/A (sg13g2_dlygate4sd3_1)
     1    0.002049    0.023828    0.248079    2.687835 v hold2/X (sg13g2_dlygate4sd3_1)
                                                         net85 (net)
                      0.023828    0.000079    2.687914 v BN[7]$_SDFFE_PP1P_/D (sg13g2_dfrbpq_1)
                                              2.687914   data arrival time

                                 10.000000   10.000000   clock clk (rise edge)
                                  0.000000   10.000000   clock source latency
     1    0.017718    0.022106    0.010538   10.010538 ^ clk (in)
                                                         clk (net)
                      0.022190    0.000000   10.010538 ^ clkbuf_0_clk/A (sg13g2_buf_8)
     4    0.053526    0.025923    0.054212   10.064751 ^ clkbuf_0_clk/X (sg13g2_buf_8)
                                                         clknet_0_clk (net)
                      0.026429    0.002768   10.067518 ^ clkbuf_2_3__f_clk/A (sg13g2_buf_8)
     8    0.035624    0.020601    0.052115   10.119634 ^ clkbuf_2_3__f_clk/X (sg13g2_buf_8)
                                                         clknet_2_3__leaf_clk (net)
                      0.020726    0.001365   10.120998 ^ BN[7]$_SDFFE_PP1P_/CLK (sg13g2_dfrbpq_1)
                                 -0.250000    9.870998   clock uncertainty
                                  0.000000    9.870998   clock reconvergence pessimism
                                 -0.069469    9.801530   library setup time
                                              9.801530   data required time
---------------------------------------------------------------------------------------------
                                              9.801530   data required time
                                             -2.687914   data arrival time
---------------------------------------------------------------------------------------------
                                              7.113616   slack (MET)


Startpoint: B[11]$_SDFFE_PP1P_ (rising edge-triggered flip-flop clocked by clk)
Endpoint: B[11] (output port clocked by clk)
Path Group: clk
Path Type: max

Fanout         Cap        Slew       Delay        Time   Description
---------------------------------------------------------------------------------------------
                                  0.000000    0.000000   clock clk (rise edge)
                                  0.000000    0.000000   clock source latency
     1    0.017718    0.022106    0.010538    0.010538 ^ clk (in)
                                                         clk (net)
                      0.022190    0.000000    0.010538 ^ clkbuf_0_clk/A (sg13g2_buf_8)
     4    0.053526    0.025923    0.054212    0.064750 ^ clkbuf_0_clk/X (sg13g2_buf_8)
                                                         clknet_0_clk (net)
                      0.026496    0.002961    0.067711 ^ clkbuf_2_2__f_clk/A (sg13g2_buf_8)
     8    0.034554    0.020282    0.051784    0.119495 ^ clkbuf_2_2__f_clk/X (sg13g2_buf_8)
                                                         clknet_2_2__leaf_clk (net)
                      0.020422    0.001479    0.120975 ^ B[11]$_SDFFE_PP1P_/CLK (sg13g2_dfrbpq_2)
     2    0.011818    0.021527    0.124959    0.245934 v B[11]$_SDFFE_PP1P_/Q (sg13g2_dfrbpq_2)
                                                         net10 (net)
                      0.021527    0.000084    0.246018 v hold43/A (sg13g2_dlygate4sd3_1)
     1    0.009541    0.038770    0.265493    0.511511 v hold43/X (sg13g2_dlygate4sd3_1)
                                                         net126 (net)
                      0.038770    0.000392    0.511903 v fanout10/A (sg13g2_buf_8)
     8    0.062948    0.026887    0.064874    0.576777 v fanout10/X (sg13g2_buf_8)
                                                         net33 (net)
                      0.027133    0.001962    0.578739 v output17/A (sg13g2_buf_1)
     1    0.007490    0.022191    0.050378    0.629117 v output17/X (sg13g2_buf_1)
                                                         B[11] (net)
                      0.022195    0.000318    0.629434 v B[11] (out)
                                              0.629434   data arrival time

                                 10.000000   10.000000   clock clk (rise edge)
                                  0.000000   10.000000   clock network delay (propagated)
                                 -0.250000    9.750000   clock uncertainty
                                  0.000000    9.750000   clock reconvergence pessimism
                                 -2.000000    7.750000   output external delay
                                              7.750000   data required time
---------------------------------------------------------------------------------------------
                                              7.750000   data required time
                                             -0.629434   data arrival time
---------------------------------------------------------------------------------------------
                                              7.120566   slack (MET)


Startpoint: Om (input port clocked by clk)
Endpoint: BN[6]$_SDFFE_PP1P_ (rising edge-triggered flip-flop clocked by clk)
Path Group: clk
Path Type: max

Fanout         Cap        Slew       Delay        Time   Description
---------------------------------------------------------------------------------------------
                                  0.000000    0.000000   clock clk (rise edge)
                                  0.000000    0.000000   clock network delay (propagated)
                                  2.000000    2.000000 ^ input external delay
     1    0.004228    0.014435    0.002360    2.002360 ^ Om (in)
                                                         Om (net)
                      0.014435    0.000000    2.002360 ^ input1/A (sg13g2_buf_1)
     3    0.016037    0.047330    0.061670    2.064029 ^ input1/X (sg13g2_buf_1)
                                                         net17 (net)
                      0.047469    0.002079    2.066108 ^ _096_/B_N (sg13g2_nor2b_1)
     2    0.012838    0.080832    0.103029    2.169137 ^ _096_/Y (sg13g2_nor2b_1)
                                                         _050_ (net)
                      0.080834    0.000335    2.169472 ^ fanout9/A (sg13g2_buf_1)
     4    0.021985    0.063276    0.095057    2.264529 ^ fanout9/X (sg13g2_buf_1)
                                                         net9 (net)
                      0.063326    0.001081    2.265611 ^ _120_/A (sg13g2_nand3_1)
     1    0.008430    0.071691    0.077227    2.342838 v _120_/Y (sg13g2_nand3_1)
                                                         _066_ (net)
                      0.071692    0.000439    2.343277 v _121_/A2 (sg13g2_a21o_1)
     1    0.001797    0.016946    0.084578    2.427855 v _121_/X (sg13g2_a21o_1)
                                                         _008_ (net)
                      0.016946    0.000070    2.427926 v hold28/A (sg13g2_dlygate4sd3_1)
     1    0.003055    0.025761    0.247967    2.675892 v hold28/X (sg13g2_dlygate4sd3_1)
                                                         net111 (net)
                      0.025761    0.000113    2.676006 v BN[6]$_SDFFE_PP1P_/D (sg13g2_dfrbpq_1)
                                              2.676006   data arrival time

                                 10.000000   10.000000   clock clk (rise edge)
                                  0.000000   10.000000   clock source latency
     1    0.017718    0.022106    0.010538   10.010538 ^ clk (in)
                                                         clk (net)
                      0.022190    0.000000   10.010538 ^ clkbuf_0_clk/A (sg13g2_buf_8)
     4    0.053526    0.025923    0.054212   10.064751 ^ clkbuf_0_clk/X (sg13g2_buf_8)
                                                         clknet_0_clk (net)
                      0.026429    0.002768   10.067518 ^ clkbuf_2_3__f_clk/A (sg13g2_buf_8)
     8    0.035624    0.020601    0.052115   10.119634 ^ clkbuf_2_3__f_clk/X (sg13g2_buf_8)
                                                         clknet_2_3__leaf_clk (net)
                      0.020703    0.001217   10.120851 ^ BN[6]$_SDFFE_PP1P_/CLK (sg13g2_dfrbpq_1)
                                 -0.250000    9.870851   clock uncertainty
                                  0.000000    9.870851   clock reconvergence pessimism
                                 -0.069992    9.800858   library setup time
                                              9.800858   data required time
---------------------------------------------------------------------------------------------
                                              9.800858   data required time
                                             -2.676006   data arrival time
---------------------------------------------------------------------------------------------
                                              7.124853   slack (MET)


Startpoint: Op (input port clocked by clk)
Endpoint: B[2]$_SDFFE_PP1P_ (rising edge-triggered flip-flop clocked by clk)
Path Group: clk
Path Type: max

Fanout         Cap        Slew       Delay        Time   Description
---------------------------------------------------------------------------------------------
                                  0.000000    0.000000   clock clk (rise edge)
                                  0.000000    0.000000   clock network delay (propagated)
                                  2.000000    2.000000 ^ input external delay
     1    0.004225    0.014433    0.002358    2.002358 ^ Op (in)
                                                         Op (net)
                      0.014433    0.000000    2.002358 ^ input2/A (sg13g2_buf_1)
     3    0.018600    0.053611    0.067015    2.069373 ^ input2/X (sg13g2_buf_1)
                                                         net18 (net)
                      0.053646    0.001126    2.070499 ^ _128_/B_N (sg13g2_nor2b_1)
     2    0.015671    0.094463    0.115530    2.186029 ^ _128_/Y (sg13g2_nor2b_1)
                                                         _030_ (net)
                      0.094465    0.000317    2.186346 ^ fanout7/A (sg13g2_buf_1)
     4    0.020635    0.059962    0.096664    2.283010 ^ fanout7/X (sg13g2_buf_1)
                                                         net7 (net)
                      0.059997    0.001328    2.284338 ^ _137_/C (sg13g2_nand3_1)
     1    0.003569    0.045682    0.061254    2.345592 v _137_/Y (sg13g2_nand3_1)
                                                         _035_ (net)
                      0.045682    0.000262    2.345854 v _138_/A2 (sg13g2_a21o_1)
     1    0.002500    0.018219    0.078208    2.424062 v _138_/X (sg13g2_a21o_1)
                                                         _016_ (net)
                      0.018220    0.000160    2.424222 v hold23/A (sg13g2_dlygate4sd3_1)
     1    0.002247    0.024198    0.246670    2.670892 v hold23/X (sg13g2_dlygate4sd3_1)
                                                         net106 (net)
                      0.024198    0.000082    2.670974 v B[2]$_SDFFE_PP1P_/D (sg13g2_dfrbpq_1)
                                              2.670974   data arrival time

                                 10.000000   10.000000   clock clk (rise edge)
                                  0.000000   10.000000   clock source latency
     1    0.017718    0.022106    0.010538   10.010538 ^ clk (in)
                                                         clk (net)
                      0.022190    0.000000   10.010538 ^ clkbuf_0_clk/A (sg13g2_buf_8)
     4    0.053526    0.025923    0.054212   10.064751 ^ clkbuf_0_clk/X (sg13g2_buf_8)
                                                         clknet_0_clk (net)
                      0.026429    0.002768   10.067518 ^ clkbuf_2_3__f_clk/A (sg13g2_buf_8)
     8    0.035624    0.020601    0.052115   10.119634 ^ clkbuf_2_3__f_clk/X (sg13g2_buf_8)
                                                         clknet_2_3__leaf_clk (net)
                      0.020652    0.000823   10.120457 ^ B[2]$_SDFFE_PP1P_/CLK (sg13g2_dfrbpq_1)
                                 -0.250000    9.870457   clock uncertainty
                                  0.000000    9.870457   clock reconvergence pessimism
                                 -0.069582    9.800874   library setup time
                                              9.800874   data required time
---------------------------------------------------------------------------------------------
                                              9.800874   data required time
                                             -2.670974   data arrival time
---------------------------------------------------------------------------------------------
                                              7.129900   slack (MET)


Startpoint: Op (input port clocked by clk)
Endpoint: B[11]$_SDFFE_PP1P_ (rising edge-triggered flip-flop clocked by clk)
Path Group: clk
Path Type: max

Fanout         Cap        Slew       Delay        Time   Description
---------------------------------------------------------------------------------------------
                                  0.000000    0.000000   clock clk (rise edge)
                                  0.000000    0.000000   clock network delay (propagated)
                                  2.000000    2.000000 ^ input external delay
     1    0.004225    0.014433    0.002358    2.002358 ^ Op (in)
                                                         Op (net)
                      0.014433    0.000000    2.002358 ^ input2/A (sg13g2_buf_1)
     3    0.018600    0.053611    0.067015    2.069373 ^ input2/X (sg13g2_buf_1)
                                                         net18 (net)
                      0.053646    0.001126    2.070499 ^ _128_/B_N (sg13g2_nor2b_1)
     2    0.015671    0.094463    0.115530    2.186029 ^ _128_/Y (sg13g2_nor2b_1)
                                                         _030_ (net)
                      0.094466    0.000441    2.186470 ^ fanout6/A (sg13g2_buf_8)
     8    0.046972    0.026713    0.079780    2.266250 ^ fanout6/X (sg13g2_buf_8)
                                                         net6 (net)
                      0.027173    0.002271    2.268521 ^ _133_/D (sg13g2_nand4_1)
     1    0.003306    0.055467    0.073637    2.342158 v _133_/Y (sg13g2_nand4_1)
                                                         _033_ (net)
                      0.055468    0.000130    2.342288 v _134_/A2 (sg13g2_a21o_1)
     1    0.001865    0.016737    0.079891    2.422179 v _134_/X (sg13g2_a21o_1)
                                                         _014_ (net)
                      0.016738    0.000073    2.422251 v hold44/A (sg13g2_dlygate4sd3_1)
     1    0.002686    0.025055    0.246977    2.669228 v hold44/X (sg13g2_dlygate4sd3_1)
                                                         net127 (net)
                      0.025055    0.000173    2.669401 v B[11]$_SDFFE_PP1P_/D (sg13g2_dfrbpq_2)
                                              2.669401   data arrival time

                                 10.000000   10.000000   clock clk (rise edge)
                                  0.000000   10.000000   clock source latency
     1    0.017718    0.022106    0.010538   10.010538 ^ clk (in)
                                                         clk (net)
                      0.022190    0.000000   10.010538 ^ clkbuf_0_clk/A (sg13g2_buf_8)
     4    0.053526    0.025923    0.054212   10.064751 ^ clkbuf_0_clk/X (sg13g2_buf_8)
                                                         clknet_0_clk (net)
                      0.026496    0.002961   10.067712 ^ clkbuf_2_2__f_clk/A (sg13g2_buf_8)
     8    0.034554    0.020282    0.051784   10.119495 ^ clkbuf_2_2__f_clk/X (sg13g2_buf_8)
                                                         clknet_2_2__leaf_clk (net)
                      0.020422    0.001479   10.120975 ^ B[11]$_SDFFE_PP1P_/CLK (sg13g2_dfrbpq_2)
                                 -0.250000    9.870975   clock uncertainty
                                  0.000000    9.870975   clock reconvergence pessimism
                                 -0.069814    9.801161   library setup time
                                              9.801161   data required time
---------------------------------------------------------------------------------------------
                                              9.801161   data required time
                                             -2.669401   data arrival time
---------------------------------------------------------------------------------------------
                                              7.131760   slack (MET)


Startpoint: Op (input port clocked by clk)
Endpoint: B[9]$_SDFFE_PP1P_ (rising edge-triggered flip-flop clocked by clk)
Path Group: clk
Path Type: max

Fanout         Cap        Slew       Delay        Time   Description
---------------------------------------------------------------------------------------------
                                  0.000000    0.000000   clock clk (rise edge)
                                  0.000000    0.000000   clock network delay (propagated)
                                  2.000000    2.000000 ^ input external delay
     1    0.004225    0.014433    0.002358    2.002358 ^ Op (in)
                                                         Op (net)
                      0.014433    0.000000    2.002358 ^ input2/A (sg13g2_buf_1)
     3    0.018600    0.053611    0.067015    2.069373 ^ input2/X (sg13g2_buf_1)
                                                         net18 (net)
                      0.053646    0.001126    2.070499 ^ _128_/B_N (sg13g2_nor2b_1)
     2    0.015671    0.094463    0.115530    2.186029 ^ _128_/Y (sg13g2_nor2b_1)
                                                         _030_ (net)
                      0.094466    0.000441    2.186470 ^ fanout6/A (sg13g2_buf_8)
     8    0.046972    0.026713    0.079780    2.266250 ^ fanout6/X (sg13g2_buf_8)
                                                         net6 (net)
                      0.027785    0.003985    2.270235 ^ _151_/C (sg13g2_nand3_1)
     1    0.006030    0.058071    0.064112    2.334347 v _151_/Y (sg13g2_nand3_1)
                                                         _042_ (net)
                      0.058075    0.000451    2.334798 v _152_/A2 (sg13g2_a21o_1)
     1    0.003278    0.019805    0.083407    2.418204 v _152_/X (sg13g2_a21o_1)
                                                         _023_ (net)
                      0.019805    0.000207    2.418411 v hold32/A (sg13g2_dlygate4sd3_1)
     1    0.001688    0.023102    0.246117    2.664528 v hold32/X (sg13g2_dlygate4sd3_1)
                                                         net115 (net)
                      0.023102    0.000066    2.664594 v B[9]$_SDFFE_PP1P_/D (sg13g2_dfrbpq_1)
                                              2.664594   data arrival time

                                 10.000000   10.000000   clock clk (rise edge)
                                  0.000000   10.000000   clock source latency
     1    0.017718    0.022106    0.010538   10.010538 ^ clk (in)
                                                         clk (net)
                      0.022190    0.000000   10.010538 ^ clkbuf_0_clk/A (sg13g2_buf_8)
     4    0.053526    0.025923    0.054212   10.064751 ^ clkbuf_0_clk/X (sg13g2_buf_8)
                                                         clknet_0_clk (net)
                      0.026496    0.002961   10.067712 ^ clkbuf_2_2__f_clk/A (sg13g2_buf_8)
     8    0.034554    0.020282    0.051784   10.119495 ^ clkbuf_2_2__f_clk/X (sg13g2_buf_8)
                                                         clknet_2_2__leaf_clk (net)
                      0.020467    0.001716   10.121212 ^ B[9]$_SDFFE_PP1P_/CLK (sg13g2_dfrbpq_1)
                                 -0.250000    9.871212   clock uncertainty
                                  0.000000    9.871212   clock reconvergence pessimism
                                 -0.069323    9.801888   library setup time
                                              9.801888   data required time
---------------------------------------------------------------------------------------------
                                              9.801888   data required time
                                             -2.664594   data arrival time
---------------------------------------------------------------------------------------------
                                              7.137294   slack (MET)


Startpoint: Op (input port clocked by clk)
Endpoint: B[5]$_SDFFE_PP1P_ (rising edge-triggered flip-flop clocked by clk)
Path Group: clk
Path Type: max

Fanout         Cap        Slew       Delay        Time   Description
---------------------------------------------------------------------------------------------
                                  0.000000    0.000000   clock clk (rise edge)
                                  0.000000    0.000000   clock network delay (propagated)
                                  2.000000    2.000000 ^ input external delay
     1    0.004225    0.014433    0.002358    2.002358 ^ Op (in)
                                                         Op (net)
                      0.014433    0.000000    2.002358 ^ input2/A (sg13g2_buf_1)
     3    0.018600    0.053611    0.067015    2.069373 ^ input2/X (sg13g2_buf_1)
                                                         net18 (net)
                      0.053646    0.001126    2.070499 ^ _128_/B_N (sg13g2_nor2b_1)
     2    0.015671    0.094463    0.115530    2.186029 ^ _128_/Y (sg13g2_nor2b_1)
                                                         _030_ (net)
                      0.094466    0.000441    2.186470 ^ fanout6/A (sg13g2_buf_8)
     8    0.046972    0.026713    0.079780    2.266250 ^ fanout6/X (sg13g2_buf_8)
                                                         net6 (net)
                      0.027569    0.003451    2.269701 ^ _143_/C (sg13g2_nand3_1)
     1    0.003474    0.051509    0.053359    2.323060 v _143_/Y (sg13g2_nand3_1)
                                                         _038_ (net)
                      0.051510    0.000138    2.323198 v _144_/A2 (sg13g2_a21o_1)
     1    0.002911    0.019151    0.080741    2.403939 v _144_/X (sg13g2_a21o_1)
                                                         _019_ (net)
                      0.019151    0.000176    2.404115 v hold21/A (sg13g2_dlygate4sd3_1)
     1    0.002579    0.024847    0.247917    2.652032 v hold21/X (sg13g2_dlygate4sd3_1)
                                                         net104 (net)
                      0.024847    0.000098    2.652129 v B[5]$_SDFFE_PP1P_/D (sg13g2_dfrbpq_1)
                                              2.652129   data arrival time

                                 10.000000   10.000000   clock clk (rise edge)
                                  0.000000   10.000000   clock source latency
     1    0.017718    0.022106    0.010538   10.010538 ^ clk (in)
                                                         clk (net)
                      0.022190    0.000000   10.010538 ^ clkbuf_0_clk/A (sg13g2_buf_8)
     4    0.053526    0.025923    0.054212   10.064751 ^ clkbuf_0_clk/X (sg13g2_buf_8)
                                                         clknet_0_clk (net)
                      0.026496    0.002961   10.067712 ^ clkbuf_2_2__f_clk/A (sg13g2_buf_8)
     8    0.034554    0.020282    0.051784   10.119495 ^ clkbuf_2_2__f_clk/X (sg13g2_buf_8)
                                                         clknet_2_2__leaf_clk (net)
                      0.020322    0.000805   10.120300 ^ B[5]$_SDFFE_PP1P_/CLK (sg13g2_dfrbpq_1)
                                 -0.250000    9.870300   clock uncertainty
                                  0.000000    9.870300   clock reconvergence pessimism
                                 -0.069818    9.800483   library setup time
                                              9.800483   data required time
---------------------------------------------------------------------------------------------
                                              9.800483   data required time
                                             -2.652129   data arrival time
---------------------------------------------------------------------------------------------
                                              7.148353   slack (MET)


Startpoint: Op (input port clocked by clk)
Endpoint: B[4]$_SDFFE_PP1P_ (rising edge-triggered flip-flop clocked by clk)
Path Group: clk
Path Type: max

Fanout         Cap        Slew       Delay        Time   Description
---------------------------------------------------------------------------------------------
                                  0.000000    0.000000   clock clk (rise edge)
                                  0.000000    0.000000   clock network delay (propagated)
                                  2.000000    2.000000 ^ input external delay
     1    0.004225    0.014433    0.002358    2.002358 ^ Op (in)
                                                         Op (net)
                      0.014433    0.000000    2.002358 ^ input2/A (sg13g2_buf_1)
     3    0.018600    0.053611    0.067015    2.069373 ^ input2/X (sg13g2_buf_1)
                                                         net18 (net)
                      0.053646    0.001126    2.070499 ^ _128_/B_N (sg13g2_nor2b_1)
     2    0.015671    0.094463    0.115530    2.186029 ^ _128_/Y (sg13g2_nor2b_1)
                                                         _030_ (net)
                      0.094466    0.000441    2.186470 ^ fanout6/A (sg13g2_buf_8)
     8    0.046972    0.026713    0.079780    2.266250 ^ fanout6/X (sg13g2_buf_8)
                                                         net6 (net)
                      0.027502    0.003272    2.269521 ^ _141_/C (sg13g2_nand3_1)
     1    0.003216    0.050281    0.052219    2.321740 v _141_/Y (sg13g2_nand3_1)
                                                         _037_ (net)
                      0.050282    0.000250    2.321990 v _142_/A2 (sg13g2_a21o_1)
     1    0.001810    0.016550    0.078244    2.400234 v _142_/X (sg13g2_a21o_1)
                                                         _018_ (net)
                      0.016550    0.000070    2.400305 v hold6/A (sg13g2_dlygate4sd3_1)
     1    0.001618    0.022960    0.244355    2.644660 v hold6/X (sg13g2_dlygate4sd3_1)
                                                         net89 (net)
                      0.022960    0.000064    2.644723 v B[4]$_SDFFE_PP1P_/D (sg13g2_dfrbpq_1)
                                              2.644723   data arrival time

                                 10.000000   10.000000   clock clk (rise edge)
                                  0.000000   10.000000   clock source latency
     1    0.017718    0.022106    0.010538   10.010538 ^ clk (in)
                                                         clk (net)
                      0.022190    0.000000   10.010538 ^ clkbuf_0_clk/A (sg13g2_buf_8)
     4    0.053526    0.025923    0.054212   10.064751 ^ clkbuf_0_clk/X (sg13g2_buf_8)
                                                         clknet_0_clk (net)
                      0.026468    0.002883   10.067634 ^ clkbuf_2_0__f_clk/A (sg13g2_buf_8)
     8    0.033783    0.020022    0.051435   10.119068 ^ clkbuf_2_0__f_clk/X (sg13g2_buf_8)
                                                         clknet_2_0__leaf_clk (net)
                      0.020278    0.001922   10.120991 ^ B[4]$_SDFFE_PP1P_/CLK (sg13g2_dfrbpq_1)
                                 -0.250000    9.870991   clock uncertainty
                                  0.000000    9.870991   clock reconvergence pessimism
                                 -0.069320    9.801670   library setup time
                                              9.801670   data required time
---------------------------------------------------------------------------------------------
                                              9.801670   data required time
                                             -2.644723   data arrival time
---------------------------------------------------------------------------------------------
                                              7.156946   slack (MET)


Startpoint: Om (input port clocked by clk)
Endpoint: BN[9]$_SDFFE_PP1P_ (rising edge-triggered flip-flop clocked by clk)
Path Group: clk
Path Type: max

Fanout         Cap        Slew       Delay        Time   Description
---------------------------------------------------------------------------------------------
                                  0.000000    0.000000   clock clk (rise edge)
                                  0.000000    0.000000   clock network delay (propagated)
                                  2.000000    2.000000 ^ input external delay
     1    0.004228    0.014435    0.002360    2.002360 ^ Om (in)
                                                         Om (net)
                      0.014435    0.000000    2.002360 ^ input1/A (sg13g2_buf_1)
     3    0.016037    0.047330    0.061670    2.064029 ^ input1/X (sg13g2_buf_1)
                                                         net17 (net)
                      0.047469    0.002079    2.066108 ^ _096_/B_N (sg13g2_nor2b_1)
     2    0.012838    0.080832    0.103029    2.169137 ^ _096_/Y (sg13g2_nor2b_1)
                                                         _050_ (net)
                      0.080836    0.000461    2.169598 ^ fanout8/A (sg13g2_buf_8)
     8    0.042583    0.024595    0.072566    2.242164 ^ fanout8/X (sg13g2_buf_8)
                                                         net8 (net)
                      0.026980    0.005744    2.247909 ^ _126_/A (sg13g2_nand3_1)
     1    0.006367    0.056866    0.056973    2.304882 v _126_/Y (sg13g2_nand3_1)
                                                         _029_ (net)
                      0.056869    0.000442    2.305324 v _127_/A2 (sg13g2_a21o_1)
     1    0.002611    0.018615    0.081755    2.387079 v _127_/X (sg13g2_a21o_1)
                                                         _011_ (net)
                      0.018616    0.000162    2.387240 v hold30/A (sg13g2_dlygate4sd3_1)
     1    0.002726    0.025130    0.248003    2.635244 v hold30/X (sg13g2_dlygate4sd3_1)
                                                         net113 (net)
                      0.025130    0.000103    2.635347 v BN[9]$_SDFFE_PP1P_/D (sg13g2_dfrbpq_1)
                                              2.635347   data arrival time

                                 10.000000   10.000000   clock clk (rise edge)
                                  0.000000   10.000000   clock source latency
     1    0.017718    0.022106    0.010538   10.010538 ^ clk (in)
                                                         clk (net)
                      0.022190    0.000000   10.010538 ^ clkbuf_0_clk/A (sg13g2_buf_8)
     4    0.053526    0.025923    0.054212   10.064751 ^ clkbuf_0_clk/X (sg13g2_buf_8)
                                                         clknet_0_clk (net)
                      0.026496    0.002961   10.067712 ^ clkbuf_2_2__f_clk/A (sg13g2_buf_8)
     8    0.034554    0.020282    0.051784   10.119495 ^ clkbuf_2_2__f_clk/X (sg13g2_buf_8)
                                                         clknet_2_2__leaf_clk (net)
                      0.020465    0.001704   10.121201 ^ BN[9]$_SDFFE_PP1P_/CLK (sg13g2_dfrbpq_1)
                                 -0.250000    9.871201   clock uncertainty
                                  0.000000    9.871201   clock reconvergence pessimism
                                 -0.069867    9.801333   library setup time
                                              9.801333   data required time
---------------------------------------------------------------------------------------------
                                              9.801333   data required time
                                             -2.635347   data arrival time
---------------------------------------------------------------------------------------------
                                              7.165987   slack (MET)


Startpoint: Om (input port clocked by clk)
Endpoint: BN[4]$_SDFFE_PP1P_ (rising edge-triggered flip-flop clocked by clk)
Path Group: clk
Path Type: max

Fanout         Cap        Slew       Delay        Time   Description
---------------------------------------------------------------------------------------------
                                  0.000000    0.000000   clock clk (rise edge)
                                  0.000000    0.000000   clock network delay (propagated)
                                  2.000000    2.000000 ^ input external delay
     1    0.004228    0.014435    0.002360    2.002360 ^ Om (in)
                                                         Om (net)
                      0.014435    0.000000    2.002360 ^ input1/A (sg13g2_buf_1)
     3    0.016037    0.047330    0.061670    2.064029 ^ input1/X (sg13g2_buf_1)
                                                         net17 (net)
                      0.047469    0.002079    2.066108 ^ _096_/B_N (sg13g2_nor2b_1)
     2    0.012838    0.080832    0.103029    2.169137 ^ _096_/Y (sg13g2_nor2b_1)
                                                         _050_ (net)
                      0.080836    0.000461    2.169598 ^ fanout8/A (sg13g2_buf_8)
     8    0.042583    0.024595    0.072566    2.242164 ^ fanout8/X (sg13g2_buf_8)
                                                         net8 (net)
                      0.028145    0.007262    2.249426 ^ _116_/A (sg13g2_nand3_1)
     1    0.004978    0.054722    0.051352    2.300778 v _116_/Y (sg13g2_nand3_1)
                                                         _064_ (net)
                      0.054723    0.000383    2.301160 v _117_/A2 (sg13g2_a21o_1)
     1    0.001828    0.017203    0.079597    2.380758 v _117_/X (sg13g2_a21o_1)
                                                         _006_ (net)
                      0.017203    0.000071    2.380829 v hold14/A (sg13g2_dlygate4sd3_1)
     1    0.001812    0.023353    0.245137    2.625966 v hold14/X (sg13g2_dlygate4sd3_1)
                                                         net97 (net)
                      0.023353    0.000069    2.626035 v BN[4]$_SDFFE_PP1P_/D (sg13g2_dfrbpq_1)
                                              2.626035   data arrival time

                                 10.000000   10.000000   clock clk (rise edge)
                                  0.000000   10.000000   clock source latency
     1    0.017718    0.022106    0.010538   10.010538 ^ clk (in)
                                                         clk (net)
                      0.022190    0.000000   10.010538 ^ clkbuf_0_clk/A (sg13g2_buf_8)
     4    0.053526    0.025923    0.054212   10.064751 ^ clkbuf_0_clk/X (sg13g2_buf_8)
                                                         clknet_0_clk (net)
                      0.026468    0.002883   10.067634 ^ clkbuf_2_0__f_clk/A (sg13g2_buf_8)
     8    0.033783    0.020022    0.051435   10.119068 ^ clkbuf_2_0__f_clk/X (sg13g2_buf_8)
                                                         clknet_2_0__leaf_clk (net)
                      0.020282    0.001940   10.121008 ^ BN[4]$_SDFFE_PP1P_/CLK (sg13g2_dfrbpq_1)
                                 -0.250000    9.871008   clock uncertainty
                                  0.000000    9.871008   clock reconvergence pessimism
                                 -0.069425    9.801584   library setup time
                                              9.801584   data required time
---------------------------------------------------------------------------------------------
                                              9.801584   data required time
                                             -2.626035   data arrival time
---------------------------------------------------------------------------------------------
                                              7.175549   slack (MET)


Startpoint: Op (input port clocked by clk)
Endpoint: dbit[2]$_SDFFE_PP0P_ (rising edge-triggered flip-flop clocked by clk)
Path Group: clk
Path Type: max

Fanout         Cap        Slew       Delay        Time   Description
---------------------------------------------------------------------------------------------
                                  0.000000    0.000000   clock clk (rise edge)
                                  0.000000    0.000000   clock network delay (propagated)
                                  2.000000    2.000000 v input external delay
     1    0.004182    0.011691    0.002025    2.002025 v Op (in)
                                                         Op (net)
                      0.011691    0.000000    2.002025 v input2/A (sg13g2_buf_1)
     3    0.018359    0.044022    0.062987    2.065012 v input2/X (sg13g2_buf_1)
                                                         net18 (net)
                      0.044078    0.001123    2.066134 v _165_/A (sg13g2_xnor2_1)
     6    0.024672    0.112138    0.128257    2.194391 v _165_/Y (sg13g2_xnor2_1)
                                                         _043_ (net)
                      0.112193    0.002043    2.196434 v _172_/A_N (sg13g2_nand3b_1)
     2    0.009754    0.077423    0.115990    2.312424 v _172_/Y (sg13g2_nand3b_1)
                                                         _048_ (net)
                      0.077470    0.000903    2.313327 v _174_/A1 (sg13g2_a21oi_1)
     1    0.003588    0.039284    0.054901    2.368228 ^ _174_/Y (sg13g2_a21oi_1)
                                                         _026_ (net)
                      0.039285    0.000197    2.368425 ^ hold40/A (sg13g2_dlygate4sd3_1)
     1    0.002181    0.021081    0.251688    2.620113 ^ hold40/X (sg13g2_dlygate4sd3_1)
                                                         net123 (net)
                      0.021081    0.000084    2.620197 ^ dbit[2]$_SDFFE_PP0P_/D (sg13g2_dfrbpq_2)
                                              2.620197   data arrival time

                                 10.000000   10.000000   clock clk (rise edge)
                                  0.000000   10.000000   clock source latency
     1    0.017718    0.022106    0.010538   10.010538 ^ clk (in)
                                                         clk (net)
                      0.022190    0.000000   10.010538 ^ clkbuf_0_clk/A (sg13g2_buf_8)
     4    0.053526    0.025923    0.054212   10.064751 ^ clkbuf_0_clk/X (sg13g2_buf_8)
                                                         clknet_0_clk (net)
                      0.026410    0.002711   10.067461 ^ clkbuf_2_1__f_clk/A (sg13g2_buf_8)
     7    0.030098    0.019021    0.050593   10.118054 ^ clkbuf_2_1__f_clk/X (sg13g2_buf_8)
                                                         clknet_2_1__leaf_clk (net)
                      0.019201    0.001924   10.119978 ^ dbit[2]$_SDFFE_PP0P_/CLK (sg13g2_dfrbpq_2)
                                 -0.250000    9.869978   clock uncertainty
                                  0.000000    9.869978   clock reconvergence pessimism
                                 -0.073907    9.796071   library setup time
                                              9.796071   data required time
---------------------------------------------------------------------------------------------
                                              9.796071   data required time
                                             -2.620197   data arrival time
---------------------------------------------------------------------------------------------
                                              7.175874   slack (MET)


Startpoint: Om (input port clocked by clk)
Endpoint: BN[8]$_SDFFE_PP1P_ (rising edge-triggered flip-flop clocked by clk)
Path Group: clk
Path Type: max

Fanout         Cap        Slew       Delay        Time   Description
---------------------------------------------------------------------------------------------
                                  0.000000    0.000000   clock clk (rise edge)
                                  0.000000    0.000000   clock network delay (propagated)
                                  2.000000    2.000000 ^ input external delay
     1    0.004228    0.014435    0.002360    2.002360 ^ Om (in)
                                                         Om (net)
                      0.014435    0.000000    2.002360 ^ input1/A (sg13g2_buf_1)
     3    0.016037    0.047330    0.061670    2.064029 ^ input1/X (sg13g2_buf_1)
                                                         net17 (net)
                      0.047469    0.002079    2.066108 ^ _096_/B_N (sg13g2_nor2b_1)
     2    0.012838    0.080832    0.103029    2.169137 ^ _096_/Y (sg13g2_nor2b_1)
                                                         _050_ (net)
                      0.080836    0.000461    2.169598 ^ fanout8/A (sg13g2_buf_8)
     8    0.042583    0.024595    0.072566    2.242164 ^ fanout8/X (sg13g2_buf_8)
                                                         net8 (net)
                      0.028424    0.007591    2.249755 ^ _124_/A (sg13g2_nand3_1)
     1    0.004326    0.051585    0.048664    2.298419 v _124_/Y (sg13g2_nand3_1)
                                                         _028_ (net)
                      0.051585    0.000299    2.298718 v _125_/A2 (sg13g2_a21o_1)
     1    0.002078    0.017060    0.079152    2.377870 v _125_/X (sg13g2_a21o_1)
                                                         _010_ (net)
                      0.017060    0.000078    2.377948 v hold8/A (sg13g2_dlygate4sd3_1)
     1    0.001618    0.022960    0.244605    2.622553 v hold8/X (sg13g2_dlygate4sd3_1)
                                                         net91 (net)
                      0.022960    0.000064    2.622617 v BN[8]$_SDFFE_PP1P_/D (sg13g2_dfrbpq_1)
                                              2.622617   data arrival time

                                 10.000000   10.000000   clock clk (rise edge)
                                  0.000000   10.000000   clock source latency
     1    0.017718    0.022106    0.010538   10.010538 ^ clk (in)
                                                         clk (net)
                      0.022190    0.000000   10.010538 ^ clkbuf_0_clk/A (sg13g2_buf_8)
     4    0.053526    0.025923    0.054212   10.064751 ^ clkbuf_0_clk/X (sg13g2_buf_8)
                                                         clknet_0_clk (net)
                      0.026468    0.002883   10.067634 ^ clkbuf_2_0__f_clk/A (sg13g2_buf_8)
     8    0.033783    0.020022    0.051435   10.119068 ^ clkbuf_2_0__f_clk/X (sg13g2_buf_8)
                                                         clknet_2_0__leaf_clk (net)
                      0.020276    0.001914   10.120982 ^ BN[8]$_SDFFE_PP1P_/CLK (sg13g2_dfrbpq_1)
                                 -0.250000    9.870982   clock uncertainty
                                  0.000000    9.870982   clock reconvergence pessimism
                                 -0.069321    9.801662   library setup time
                                              9.801662   data required time
---------------------------------------------------------------------------------------------
                                              9.801662   data required time
                                             -2.622617   data arrival time
---------------------------------------------------------------------------------------------
                                              7.179045   slack (MET)


Startpoint: Om (input port clocked by clk)
Endpoint: BN[5]$_SDFFE_PP1P_ (rising edge-triggered flip-flop clocked by clk)
Path Group: clk
Path Type: max

Fanout         Cap        Slew       Delay        Time   Description
---------------------------------------------------------------------------------------------
                                  0.000000    0.000000   clock clk (rise edge)
                                  0.000000    0.000000   clock network delay (propagated)
                                  2.000000    2.000000 ^ input external delay
     1    0.004228    0.014435    0.002360    2.002360 ^ Om (in)
                                                         Om (net)
                      0.014435    0.000000    2.002360 ^ input1/A (sg13g2_buf_1)
     3    0.016037    0.047330    0.061670    2.064029 ^ input1/X (sg13g2_buf_1)
                                                         net17 (net)
                      0.047469    0.002079    2.066108 ^ _096_/B_N (sg13g2_nor2b_1)
     2    0.012838    0.080832    0.103029    2.169137 ^ _096_/Y (sg13g2_nor2b_1)
                                                         _050_ (net)
                      0.080836    0.000461    2.169598 ^ fanout8/A (sg13g2_buf_8)
     8    0.042583    0.024595    0.072566    2.242164 ^ fanout8/X (sg13g2_buf_8)
                                                         net8 (net)
                      0.026243    0.004552    2.246716 ^ _118_/A (sg13g2_nand3_1)
     1    0.003839    0.048331    0.045969    2.292686 v _118_/Y (sg13g2_nand3_1)
                                                         _065_ (net)
                      0.048331    0.000276    2.292961 v _119_/A2 (sg13g2_a21o_1)
     1    0.003211    0.019682    0.080391    2.373352 v _119_/X (sg13g2_a21o_1)
                                                         _007_ (net)
                      0.019682    0.000115    2.373467 v hold36/A (sg13g2_dlygate4sd3_1)
     1    0.002055    0.023849    0.246922    2.620389 v hold36/X (sg13g2_dlygate4sd3_1)
                                                         net119 (net)
                      0.023850    0.000150    2.620539 v BN[5]$_SDFFE_PP1P_/D (sg13g2_dfrbpq_1)
                                              2.620539   data arrival time

                                 10.000000   10.000000   clock clk (rise edge)
                                  0.000000   10.000000   clock source latency
     1    0.017718    0.022106    0.010538   10.010538 ^ clk (in)
                                                         clk (net)
                      0.022190    0.000000   10.010538 ^ clkbuf_0_clk/A (sg13g2_buf_8)
     4    0.053526    0.025923    0.054212   10.064751 ^ clkbuf_0_clk/X (sg13g2_buf_8)
                                                         clknet_0_clk (net)
                      0.026496    0.002961   10.067712 ^ clkbuf_2_2__f_clk/A (sg13g2_buf_8)
     8    0.034554    0.020282    0.051784   10.119495 ^ clkbuf_2_2__f_clk/X (sg13g2_buf_8)
                                                         clknet_2_2__leaf_clk (net)
                      0.020325    0.000824   10.120320 ^ BN[5]$_SDFFE_PP1P_/CLK (sg13g2_dfrbpq_1)
                                 -0.250000    9.870320   clock uncertainty
                                  0.000000    9.870320   clock reconvergence pessimism
                                 -0.069550    9.800770   library setup time
                                              9.800770   data required time
---------------------------------------------------------------------------------------------
                                              9.800770   data required time
                                             -2.620539   data arrival time
---------------------------------------------------------------------------------------------
                                              7.180232   slack (MET)


Startpoint: B[11]$_SDFFE_PP1P_ (rising edge-triggered flip-flop clocked by clk)
Endpoint: D[8] (output port clocked by clk)
Path Group: clk
Path Type: max

Fanout         Cap        Slew       Delay        Time   Description
---------------------------------------------------------------------------------------------
                                  0.000000    0.000000   clock clk (rise edge)
                                  0.000000    0.000000   clock source latency
     1    0.017718    0.022106    0.010538    0.010538 ^ clk (in)
                                                         clk (net)
                      0.022190    0.000000    0.010538 ^ clkbuf_0_clk/A (sg13g2_buf_8)
     4    0.053526    0.025923    0.054212    0.064750 ^ clkbuf_0_clk/X (sg13g2_buf_8)
                                                         clknet_0_clk (net)
                      0.026496    0.002961    0.067711 ^ clkbuf_2_2__f_clk/A (sg13g2_buf_8)
     8    0.034554    0.020282    0.051784    0.119495 ^ clkbuf_2_2__f_clk/X (sg13g2_buf_8)
                                                         clknet_2_2__leaf_clk (net)
                      0.020422    0.001479    0.120975 ^ B[11]$_SDFFE_PP1P_/CLK (sg13g2_dfrbpq_2)
     2    0.012022    0.025266    0.125458    0.246433 ^ B[11]$_SDFFE_PP1P_/Q (sg13g2_dfrbpq_2)
                                                         net10 (net)
                      0.025270    0.000403    0.246836 ^ fanout11/A (sg13g2_buf_8)
     6    0.045305    0.023371    0.053775    0.300611 ^ fanout11/X (sg13g2_buf_8)
                                                         net11 (net)
                      0.023770    0.002341    0.302952 ^ _163_/S (sg13g2_mux2_1)
     1    0.005681    0.027714    0.103400    0.406352 v _163_/X (sg13g2_mux2_1)
                                                         net53 (net)
                      0.027716    0.000507    0.406860 v output37/A (sg13g2_buf_1)
     1    0.010834    0.028902    0.056065    0.462925 v output37/X (sg13g2_buf_1)
                                                         D[8] (net)
                      0.028909    0.000454    0.463378 v D[8] (out)
                                              0.463378   data arrival time

                                 10.000000   10.000000   clock clk (rise edge)
                                  0.000000   10.000000   clock network delay (propagated)
                                 -0.250000    9.750000   clock uncertainty
                                  0.000000    9.750000   clock reconvergence pessimism
                                 -2.000000    7.750000   output external delay
                                              7.750000   data required time
---------------------------------------------------------------------------------------------
                                              7.750000   data required time
                                             -0.463378   data arrival time
---------------------------------------------------------------------------------------------
                                              7.286622   slack (MET)


Startpoint: B[11]$_SDFFE_PP1P_ (rising edge-triggered flip-flop clocked by clk)
Endpoint: D[4] (output port clocked by clk)
Path Group: clk
Path Type: max

Fanout         Cap        Slew       Delay        Time   Description
---------------------------------------------------------------------------------------------
                                  0.000000    0.000000   clock clk (rise edge)
                                  0.000000    0.000000   clock source latency
     1    0.017718    0.022106    0.010538    0.010538 ^ clk (in)
                                                         clk (net)
                      0.022190    0.000000    0.010538 ^ clkbuf_0_clk/A (sg13g2_buf_8)
     4    0.053526    0.025923    0.054212    0.064750 ^ clkbuf_0_clk/X (sg13g2_buf_8)
                                                         clknet_0_clk (net)
                      0.026496    0.002961    0.067711 ^ clkbuf_2_2__f_clk/A (sg13g2_buf_8)
     8    0.034554    0.020282    0.051784    0.119495 ^ clkbuf_2_2__f_clk/X (sg13g2_buf_8)
                                                         clknet_2_2__leaf_clk (net)
                      0.020422    0.001479    0.120975 ^ B[11]$_SDFFE_PP1P_/CLK (sg13g2_dfrbpq_2)
     2    0.012022    0.025266    0.125458    0.246433 ^ B[11]$_SDFFE_PP1P_/Q (sg13g2_dfrbpq_2)
                                                         net10 (net)
                      0.025270    0.000403    0.246836 ^ fanout11/A (sg13g2_buf_8)
     6    0.045305    0.023371    0.053775    0.300611 ^ fanout11/X (sg13g2_buf_8)
                                                         net11 (net)
                      0.023777    0.002364    0.302975 ^ _159_/S (sg13g2_mux2_1)
     1    0.006036    0.028409    0.104197    0.407172 v _159_/X (sg13g2_mux2_1)
                                                         net49 (net)
                      0.028411    0.000203    0.407375 v output33/A (sg13g2_buf_1)
     1    0.008807    0.024860    0.052744    0.460119 v output33/X (sg13g2_buf_1)
                                                         D[4] (net)
                      0.024886    0.000722    0.460840 v D[4] (out)
                                              0.460840   data arrival time

                                 10.000000   10.000000   clock clk (rise edge)
                                  0.000000   10.000000   clock network delay (propagated)
                                 -0.250000    9.750000   clock uncertainty
                                  0.000000    9.750000   clock reconvergence pessimism
                                 -2.000000    7.750000   output external delay
                                              7.750000   data required time
---------------------------------------------------------------------------------------------
                                              7.750000   data required time
                                             -0.460840   data arrival time
---------------------------------------------------------------------------------------------
                                              7.289160   slack (MET)


Startpoint: B[11]$_SDFFE_PP1P_ (rising edge-triggered flip-flop clocked by clk)
Endpoint: D[11] (output port clocked by clk)
Path Group: clk
Path Type: max

Fanout         Cap        Slew       Delay        Time   Description
---------------------------------------------------------------------------------------------
                                  0.000000    0.000000   clock clk (rise edge)
                                  0.000000    0.000000   clock source latency
     1    0.017718    0.022106    0.010538    0.010538 ^ clk (in)
                                                         clk (net)
                      0.022190    0.000000    0.010538 ^ clkbuf_0_clk/A (sg13g2_buf_8)
     4    0.053526    0.025923    0.054212    0.064750 ^ clkbuf_0_clk/X (sg13g2_buf_8)
                                                         clknet_0_clk (net)
                      0.026496    0.002961    0.067711 ^ clkbuf_2_2__f_clk/A (sg13g2_buf_8)
     8    0.034554    0.020282    0.051784    0.119495 ^ clkbuf_2_2__f_clk/X (sg13g2_buf_8)
                                                         clknet_2_2__leaf_clk (net)
                      0.020422    0.001479    0.120975 ^ B[11]$_SDFFE_PP1P_/CLK (sg13g2_dfrbpq_2)
     2    0.012022    0.025266    0.125458    0.246433 ^ B[11]$_SDFFE_PP1P_/Q (sg13g2_dfrbpq_2)
                                                         net10 (net)
                      0.025270    0.000403    0.246836 ^ fanout11/A (sg13g2_buf_8)
     6    0.045305    0.023371    0.053775    0.300611 ^ fanout11/X (sg13g2_buf_8)
                                                         net11 (net)
                      0.023489    0.001141    0.301752 ^ _155_/S (sg13g2_mux2_1)
     1    0.005404    0.027161    0.102809    0.404561 v _155_/X (sg13g2_mux2_1)
                                                         net45 (net)
                      0.027162    0.000373    0.404934 v output29/A (sg13g2_buf_1)
     1    0.009541    0.026289    0.053627    0.458562 v output29/X (sg13g2_buf_1)
                                                         D[11] (net)
                      0.026307    0.000629    0.459190 v D[11] (out)
                                              0.459190   data arrival time

                                 10.000000   10.000000   clock clk (rise edge)
                                  0.000000   10.000000   clock network delay (propagated)
                                 -0.250000    9.750000   clock uncertainty
                                  0.000000    9.750000   clock reconvergence pessimism
                                 -2.000000    7.750000   output external delay
                                              7.750000   data required time
---------------------------------------------------------------------------------------------
                                              7.750000   data required time
                                             -0.459190   data arrival time
---------------------------------------------------------------------------------------------
                                              7.290810   slack (MET)


Startpoint: B[11]$_SDFFE_PP1P_ (rising edge-triggered flip-flop clocked by clk)
Endpoint: D[3] (output port clocked by clk)
Path Group: clk
Path Type: max

Fanout         Cap        Slew       Delay        Time   Description
---------------------------------------------------------------------------------------------
                                  0.000000    0.000000   clock clk (rise edge)
                                  0.000000    0.000000   clock source latency
     1    0.017718    0.022106    0.010538    0.010538 ^ clk (in)
                                                         clk (net)
                      0.022190    0.000000    0.010538 ^ clkbuf_0_clk/A (sg13g2_buf_8)
     4    0.053526    0.025923    0.054212    0.064750 ^ clkbuf_0_clk/X (sg13g2_buf_8)
                                                         clknet_0_clk (net)
                      0.026496    0.002961    0.067711 ^ clkbuf_2_2__f_clk/A (sg13g2_buf_8)
     8    0.034554    0.020282    0.051784    0.119495 ^ clkbuf_2_2__f_clk/X (sg13g2_buf_8)
                                                         clknet_2_2__leaf_clk (net)
                      0.020422    0.001479    0.120975 ^ B[11]$_SDFFE_PP1P_/CLK (sg13g2_dfrbpq_2)
     2    0.012022    0.025266    0.125458    0.246433 ^ B[11]$_SDFFE_PP1P_/Q (sg13g2_dfrbpq_2)
                                                         net10 (net)
                      0.025270    0.000403    0.246836 ^ fanout11/A (sg13g2_buf_8)
     6    0.045305    0.023371    0.053775    0.300611 ^ fanout11/X (sg13g2_buf_8)
                                                         net11 (net)
                      0.023688    0.002044    0.302655 ^ _158_/S (sg13g2_mux2_1)
     1    0.004366    0.025693    0.100853    0.403508 v _158_/X (sg13g2_mux2_1)
                                                         net48 (net)
                      0.025693    0.000304    0.403812 v output32/A (sg13g2_buf_1)
     1    0.008008    0.023170    0.050781    0.454593 v output32/X (sg13g2_buf_1)
                                                         D[3] (net)
                      0.023175    0.000340    0.454933 v D[3] (out)
                                              0.454933   data arrival time

                                 10.000000   10.000000   clock clk (rise edge)
                                  0.000000   10.000000   clock network delay (propagated)
                                 -0.250000    9.750000   clock uncertainty
                                  0.000000    9.750000   clock reconvergence pessimism
                                 -2.000000    7.750000   output external delay
                                              7.750000   data required time
---------------------------------------------------------------------------------------------
                                              7.750000   data required time
                                             -0.454933   data arrival time
---------------------------------------------------------------------------------------------
                                              7.295067   slack (MET)


Startpoint: B[11]$_SDFFE_PP1P_ (rising edge-triggered flip-flop clocked by clk)
Endpoint: D[7] (output port clocked by clk)
Path Group: clk
Path Type: max

Fanout         Cap        Slew       Delay        Time   Description
---------------------------------------------------------------------------------------------
                                  0.000000    0.000000   clock clk (rise edge)
                                  0.000000    0.000000   clock source latency
     1    0.017718    0.022106    0.010538    0.010538 ^ clk (in)
                                                         clk (net)
                      0.022190    0.000000    0.010538 ^ clkbuf_0_clk/A (sg13g2_buf_8)
     4    0.053526    0.025923    0.054212    0.064750 ^ clkbuf_0_clk/X (sg13g2_buf_8)
                                                         clknet_0_clk (net)
                      0.026496    0.002961    0.067711 ^ clkbuf_2_2__f_clk/A (sg13g2_buf_8)
     8    0.034554    0.020282    0.051784    0.119495 ^ clkbuf_2_2__f_clk/X (sg13g2_buf_8)
                                                         clknet_2_2__leaf_clk (net)
                      0.020422    0.001479    0.120975 ^ B[11]$_SDFFE_PP1P_/CLK (sg13g2_dfrbpq_2)
     2    0.012022    0.025266    0.125458    0.246433 ^ B[11]$_SDFFE_PP1P_/Q (sg13g2_dfrbpq_2)
                                                         net10 (net)
                      0.025270    0.000403    0.246836 ^ fanout11/A (sg13g2_buf_8)
     6    0.045305    0.023371    0.053775    0.300611 ^ fanout11/X (sg13g2_buf_8)
                                                         net11 (net)
                      0.023576    0.001576    0.302188 ^ _162_/S (sg13g2_mux2_1)
     1    0.004547    0.025632    0.101164    0.403352 v _162_/X (sg13g2_mux2_1)
                                                         net52 (net)
                      0.025636    0.000333    0.403684 v output36/A (sg13g2_buf_1)
     1    0.006700    0.020594    0.048619    0.452304 v output36/X (sg13g2_buf_1)
                                                         D[7] (net)
                      0.020598    0.000277    0.452581 v D[7] (out)
                                              0.452581   data arrival time

                                 10.000000   10.000000   clock clk (rise edge)
                                  0.000000   10.000000   clock network delay (propagated)
                                 -0.250000    9.750000   clock uncertainty
                                  0.000000    9.750000   clock reconvergence pessimism
                                 -2.000000    7.750000   output external delay
                                              7.750000   data required time
---------------------------------------------------------------------------------------------
                                              7.750000   data required time
                                             -0.452581   data arrival time
---------------------------------------------------------------------------------------------
                                              7.297419   slack (MET)


Startpoint: B[11]$_SDFFE_PP1P_ (rising edge-triggered flip-flop clocked by clk)
Endpoint: D[0] (output port clocked by clk)
Path Group: clk
Path Type: max

Fanout         Cap        Slew       Delay        Time   Description
---------------------------------------------------------------------------------------------
                                  0.000000    0.000000   clock clk (rise edge)
                                  0.000000    0.000000   clock source latency
     1    0.017718    0.022106    0.010538    0.010538 ^ clk (in)
                                                         clk (net)
                      0.022190    0.000000    0.010538 ^ clkbuf_0_clk/A (sg13g2_buf_8)
     4    0.053526    0.025923    0.054212    0.064750 ^ clkbuf_0_clk/X (sg13g2_buf_8)
                                                         clknet_0_clk (net)
                      0.026496    0.002961    0.067711 ^ clkbuf_2_2__f_clk/A (sg13g2_buf_8)
     8    0.034554    0.020282    0.051784    0.119495 ^ clkbuf_2_2__f_clk/X (sg13g2_buf_8)
                                                         clknet_2_2__leaf_clk (net)
                      0.020422    0.001479    0.120975 ^ B[11]$_SDFFE_PP1P_/CLK (sg13g2_dfrbpq_2)
     2    0.011818    0.021527    0.124959    0.245934 v B[11]$_SDFFE_PP1P_/Q (sg13g2_dfrbpq_2)
                                                         net10 (net)
                      0.021530    0.000394    0.246327 v fanout11/A (sg13g2_buf_8)
     6    0.045127    0.021376    0.054978    0.301305 v fanout11/X (sg13g2_buf_8)
                                                         net11 (net)
                      0.021818    0.002368    0.303673 v _153_/A (sg13g2_or2_1)
     1    0.003844    0.020185    0.067983    0.371656 v _153_/X (sg13g2_or2_1)
                                                         net43 (net)
                      0.020185    0.000255    0.371911 v output27/A (sg13g2_buf_1)
     1    0.009902    0.026929    0.051903    0.423815 v output27/X (sg13g2_buf_1)
                                                         D[0] (net)
                      0.026984    0.000838    0.424652 v D[0] (out)
                                              0.424652   data arrival time

                                 10.000000   10.000000   clock clk (rise edge)
                                  0.000000   10.000000   clock network delay (propagated)
                                 -0.250000    9.750000   clock uncertainty
                                  0.000000    9.750000   clock reconvergence pessimism
                                 -2.000000    7.750000   output external delay
                                              7.750000   data required time
---------------------------------------------------------------------------------------------
                                              7.750000   data required time
                                             -0.424652   data arrival time
---------------------------------------------------------------------------------------------
                                              7.325347   slack (MET)


Startpoint: Op (input port clocked by clk)
Endpoint: B[0]$_SDFFE_PP1P_ (rising edge-triggered flip-flop clocked by clk)
Path Group: clk
Path Type: max

Fanout         Cap        Slew       Delay        Time   Description
---------------------------------------------------------------------------------------------
                                  0.000000    0.000000   clock clk (rise edge)
                                  0.000000    0.000000   clock network delay (propagated)
                                  2.000000    2.000000 ^ input external delay
     1    0.004225    0.014433    0.002358    2.002358 ^ Op (in)
                                                         Op (net)
                      0.014433    0.000000    2.002358 ^ input2/A (sg13g2_buf_1)
     3    0.018600    0.053611    0.067015    2.069373 ^ input2/X (sg13g2_buf_1)
                                                         net18 (net)
                      0.053646    0.001126    2.070499 ^ _128_/B_N (sg13g2_nor2b_1)
     2    0.015671    0.094463    0.115530    2.186029 ^ _128_/Y (sg13g2_nor2b_1)
                                                         _030_ (net)
                      0.094466    0.000441    2.186470 ^ fanout6/A (sg13g2_buf_8)
     8    0.046972    0.026713    0.079780    2.266250 ^ fanout6/X (sg13g2_buf_8)
                                                         net6 (net)
                      0.028056    0.004587    2.270836 ^ _129_/C (sg13g2_nand3_1)
     1    0.005621    0.061270    0.062448    2.333285 v _129_/Y (sg13g2_nand3_1)
                                                         _031_ (net)
                      0.061271    0.000441    2.333726 v _130_/A2 (sg13g2_a21o_1)
     1    0.002029    0.017134    0.081937    2.415663 v _130_/X (sg13g2_a21o_1)
                                                         _012_ (net)
                      0.017134    0.000076    2.415739 v B[0]$_SDFFE_PP1P_/D (sg13g2_dfrbpq_1)
                                              2.415739   data arrival time

                                 10.000000   10.000000   clock clk (rise edge)
                                  0.000000   10.000000   clock source latency
     1    0.017718    0.022106    0.010538   10.010538 ^ clk (in)
                                                         clk (net)
                      0.022190    0.000000   10.010538 ^ clkbuf_0_clk/A (sg13g2_buf_8)
     4    0.053526    0.025923    0.054212   10.064751 ^ clkbuf_0_clk/X (sg13g2_buf_8)
                                                         clknet_0_clk (net)
                      0.026468    0.002883   10.067634 ^ clkbuf_2_0__f_clk/A (sg13g2_buf_8)
     8    0.033783    0.020022    0.051435   10.119068 ^ clkbuf_2_0__f_clk/X (sg13g2_buf_8)
                                                         clknet_2_0__leaf_clk (net)
                      0.020226    0.001701   10.120770 ^ B[0]$_SDFFE_PP1P_/CLK (sg13g2_dfrbpq_1)
                                 -0.250000    9.870770   clock uncertainty
                                  0.000000    9.870770   clock reconvergence pessimism
                                 -0.067768    9.803001   library setup time
                                              9.803001   data required time
---------------------------------------------------------------------------------------------
                                              9.803001   data required time
                                             -2.415739   data arrival time
---------------------------------------------------------------------------------------------
                                              7.387262   slack (MET)


Startpoint: Op (input port clocked by clk)
Endpoint: B[8]$_SDFFE_PP1P_ (rising edge-triggered flip-flop clocked by clk)
Path Group: clk
Path Type: max

Fanout         Cap        Slew       Delay        Time   Description
---------------------------------------------------------------------------------------------
                                  0.000000    0.000000   clock clk (rise edge)
                                  0.000000    0.000000   clock network delay (propagated)
                                  2.000000    2.000000 ^ input external delay
     1    0.004225    0.014433    0.002358    2.002358 ^ Op (in)
                                                         Op (net)
                      0.014433    0.000000    2.002358 ^ input2/A (sg13g2_buf_1)
     3    0.018600    0.053611    0.067015    2.069373 ^ input2/X (sg13g2_buf_1)
                                                         net18 (net)
                      0.053646    0.001126    2.070499 ^ _128_/B_N (sg13g2_nor2b_1)
     2    0.015671    0.094463    0.115530    2.186029 ^ _128_/Y (sg13g2_nor2b_1)
                                                         _030_ (net)
                      0.094466    0.000441    2.186470 ^ fanout6/A (sg13g2_buf_8)
     8    0.046972    0.026713    0.079780    2.266250 ^ fanout6/X (sg13g2_buf_8)
                                                         net6 (net)
                      0.028026    0.004524    2.270774 ^ _149_/C (sg13g2_nand3_1)
     1    0.005349    0.059975    0.061376    2.332150 v _149_/Y (sg13g2_nand3_1)
                                                         _041_ (net)
                      0.059976    0.000219    2.332370 v _150_/A2 (sg13g2_a21o_1)
     1    0.002369    0.017728    0.082208    2.414577 v _150_/X (sg13g2_a21o_1)
                                                         _022_ (net)
                      0.017728    0.000149    2.414726 v B[8]$_SDFFE_PP1P_/D (sg13g2_dfrbpq_1)
                                              2.414726   data arrival time

                                 10.000000   10.000000   clock clk (rise edge)
                                  0.000000   10.000000   clock source latency
     1    0.017718    0.022106    0.010538   10.010538 ^ clk (in)
                                                         clk (net)
                      0.022190    0.000000   10.010538 ^ clkbuf_0_clk/A (sg13g2_buf_8)
     4    0.053526    0.025923    0.054212   10.064751 ^ clkbuf_0_clk/X (sg13g2_buf_8)
                                                         clknet_0_clk (net)
                      0.026468    0.002883   10.067634 ^ clkbuf_2_0__f_clk/A (sg13g2_buf_8)
     8    0.033783    0.020022    0.051435   10.119068 ^ clkbuf_2_0__f_clk/X (sg13g2_buf_8)
                                                         clknet_2_0__leaf_clk (net)
                      0.020272    0.001897   10.120966 ^ B[8]$_SDFFE_PP1P_/CLK (sg13g2_dfrbpq_1)
                                 -0.250000    9.870966   clock uncertainty
                                  0.000000    9.870966   clock reconvergence pessimism
                                 -0.067919    9.803046   library setup time
                                              9.803046   data required time
---------------------------------------------------------------------------------------------
                                              9.803046   data required time
                                             -2.414726   data arrival time
---------------------------------------------------------------------------------------------
                                              7.388320   slack (MET)


Startpoint: Om (input port clocked by clk)
Endpoint: BN[2]$_SDFFE_PP1P_ (rising edge-triggered flip-flop clocked by clk)
Path Group: clk
Path Type: max

Fanout         Cap        Slew       Delay        Time   Description
---------------------------------------------------------------------------------------------
                                  0.000000    0.000000   clock clk (rise edge)
                                  0.000000    0.000000   clock network delay (propagated)
                                  2.000000    2.000000 ^ input external delay
     1    0.004228    0.014435    0.002360    2.002360 ^ Om (in)
                                                         Om (net)
                      0.014435    0.000000    2.002360 ^ input1/A (sg13g2_buf_1)
     3    0.016037    0.047330    0.061670    2.064029 ^ input1/X (sg13g2_buf_1)
                                                         net17 (net)
                      0.047469    0.002079    2.066108 ^ _096_/B_N (sg13g2_nor2b_1)
     2    0.012838    0.080832    0.103029    2.169137 ^ _096_/Y (sg13g2_nor2b_1)
                                                         _050_ (net)
                      0.080834    0.000335    2.169472 ^ fanout9/A (sg13g2_buf_1)
     4    0.021985    0.063276    0.095057    2.264529 ^ fanout9/X (sg13g2_buf_1)
                                                         net9 (net)
                      0.063318    0.000906    2.265436 ^ _111_/A (sg13g2_nand3_1)
     1    0.005640    0.055592    0.064423    2.329859 v _111_/Y (sg13g2_nand3_1)
                                                         _061_ (net)
                      0.055592    0.000231    2.330090 v _112_/A2 (sg13g2_a21o_1)
     1    0.003071    0.018910    0.082271    2.412360 v _112_/X (sg13g2_a21o_1)
                                                         _004_ (net)
                      0.018910    0.000177    2.412538 v BN[2]$_SDFFE_PP1P_/D (sg13g2_dfrbpq_1)
                                              2.412538   data arrival time

                                 10.000000   10.000000   clock clk (rise edge)
                                  0.000000   10.000000   clock source latency
     1    0.017718    0.022106    0.010538   10.010538 ^ clk (in)
                                                         clk (net)
                      0.022190    0.000000   10.010538 ^ clkbuf_0_clk/A (sg13g2_buf_8)
     4    0.053526    0.025923    0.054212   10.064751 ^ clkbuf_0_clk/X (sg13g2_buf_8)
                                                         clknet_0_clk (net)
                      0.026429    0.002768   10.067518 ^ clkbuf_2_3__f_clk/A (sg13g2_buf_8)
     8    0.035624    0.020601    0.052115   10.119634 ^ clkbuf_2_3__f_clk/X (sg13g2_buf_8)
                                                         clknet_2_3__leaf_clk (net)
                      0.020731    0.001394   10.121028 ^ BN[2]$_SDFFE_PP1P_/CLK (sg13g2_dfrbpq_1)
                                 -0.250000    9.871028   clock uncertainty
                                  0.000000    9.871028   clock reconvergence pessimism
                                 -0.068149    9.802878   library setup time
                                              9.802878   data required time
---------------------------------------------------------------------------------------------
                                              9.802878   data required time
                                             -2.412538   data arrival time
---------------------------------------------------------------------------------------------
                                              7.390341   slack (MET)


Startpoint: Op (input port clocked by clk)
Endpoint: B[10]$_SDFFE_PP1P_ (rising edge-triggered flip-flop clocked by clk)
Path Group: clk
Path Type: max

Fanout         Cap        Slew       Delay        Time   Description
---------------------------------------------------------------------------------------------
                                  0.000000    0.000000   clock clk (rise edge)
                                  0.000000    0.000000   clock network delay (propagated)
                                  2.000000    2.000000 ^ input external delay
     1    0.004225    0.014433    0.002358    2.002358 ^ Op (in)
                                                         Op (net)
                      0.014433    0.000000    2.002358 ^ input2/A (sg13g2_buf_1)
     3    0.018600    0.053611    0.067015    2.069373 ^ input2/X (sg13g2_buf_1)
                                                         net18 (net)
                      0.053646    0.001126    2.070499 ^ _128_/B_N (sg13g2_nor2b_1)
     2    0.015671    0.094463    0.115530    2.186029 ^ _128_/Y (sg13g2_nor2b_1)
                                                         _030_ (net)
                      0.094466    0.000441    2.186470 ^ fanout6/A (sg13g2_buf_8)
     8    0.046972    0.026713    0.079780    2.266250 ^ fanout6/X (sg13g2_buf_8)
                                                         net6 (net)
                      0.027594    0.003517    2.269767 ^ _131_/C (sg13g2_nand3_1)
     1    0.005010    0.055618    0.059847    2.329614 v _131_/Y (sg13g2_nand3_1)
                                                         _032_ (net)
                      0.055618    0.000208    2.329822 v _132_/A2 (sg13g2_a21o_1)
     1    0.002320    0.017897    0.080817    2.410639 v _132_/X (sg13g2_a21o_1)
                                                         _013_ (net)
                      0.017897    0.000145    2.410784 v B[10]$_SDFFE_PP1P_/D (sg13g2_dfrbpq_1)
                                              2.410784   data arrival time

                                 10.000000   10.000000   clock clk (rise edge)
                                  0.000000   10.000000   clock source latency
     1    0.017718    0.022106    0.010538   10.010538 ^ clk (in)
                                                         clk (net)
                      0.022190    0.000000   10.010538 ^ clkbuf_0_clk/A (sg13g2_buf_8)
     4    0.053526    0.025923    0.054212   10.064751 ^ clkbuf_0_clk/X (sg13g2_buf_8)
                                                         clknet_0_clk (net)
                      0.026496    0.002961   10.067712 ^ clkbuf_2_2__f_clk/A (sg13g2_buf_8)
     8    0.034554    0.020282    0.051784   10.119495 ^ clkbuf_2_2__f_clk/X (sg13g2_buf_8)
                                                         clknet_2_2__leaf_clk (net)
                      0.020430    0.001525   10.121020 ^ B[10]$_SDFFE_PP1P_/CLK (sg13g2_dfrbpq_1)
                                 -0.250000    9.871020   clock uncertainty
                                  0.000000    9.871020   clock reconvergence pessimism
                                 -0.067934    9.803086   library setup time
                                              9.803086   data required time
---------------------------------------------------------------------------------------------
                                              9.803086   data required time
                                             -2.410784   data arrival time
---------------------------------------------------------------------------------------------
                                              7.392303   slack (MET)


Startpoint: Op (input port clocked by clk)
Endpoint: dbit[3]$_SDFFE_PP1P_ (rising edge-triggered flip-flop clocked by clk)
Path Group: clk
Path Type: max

Fanout         Cap        Slew       Delay        Time   Description
---------------------------------------------------------------------------------------------
                                  0.000000    0.000000   clock clk (rise edge)
                                  0.000000    0.000000   clock network delay (propagated)
                                  2.000000    2.000000 v input external delay
     1    0.004182    0.011691    0.002025    2.002025 v Op (in)
                                                         Op (net)
                      0.011691    0.000000    2.002025 v input2/A (sg13g2_buf_1)
     3    0.018359    0.044022    0.062987    2.065012 v input2/X (sg13g2_buf_1)
                                                         net18 (net)
                      0.044078    0.001123    2.066134 v _165_/A (sg13g2_xnor2_1)
     6    0.024672    0.112138    0.128257    2.194391 v _165_/Y (sg13g2_xnor2_1)
                                                         _043_ (net)
                      0.112193    0.002043    2.196434 v _172_/A_N (sg13g2_nand3b_1)
     2    0.009754    0.077423    0.115990    2.312424 v _172_/Y (sg13g2_nand3b_1)
                                                         _048_ (net)
                      0.077461    0.000651    2.313074 v _175_/A2 (sg13g2_a21o_1)
     1    0.002687    0.018587    0.088041    2.401115 v _175_/X (sg13g2_a21o_1)
                                                         _027_ (net)
                      0.018587    0.000099    2.401214 v dbit[3]$_SDFFE_PP1P_/D (sg13g2_dfrbpq_2)
                                              2.401214   data arrival time

                                 10.000000   10.000000   clock clk (rise edge)
                                  0.000000   10.000000   clock source latency
     1    0.017718    0.022106    0.010538   10.010538 ^ clk (in)
                                                         clk (net)
                      0.022190    0.000000   10.010538 ^ clkbuf_0_clk/A (sg13g2_buf_8)
     4    0.053526    0.025923    0.054212   10.064751 ^ clkbuf_0_clk/X (sg13g2_buf_8)
                                                         clknet_0_clk (net)
                      0.026410    0.002711   10.067461 ^ clkbuf_2_1__f_clk/A (sg13g2_buf_8)
     7    0.030098    0.019021    0.050593   10.118054 ^ clkbuf_2_1__f_clk/X (sg13g2_buf_8)
                                                         clknet_2_1__leaf_clk (net)
                      0.019235    0.002070   10.120125 ^ dbit[3]$_SDFFE_PP1P_/CLK (sg13g2_dfrbpq_2)
                                 -0.250000    9.870125   clock uncertainty
                                  0.000000    9.870125   clock reconvergence pessimism
                                 -0.068340    9.801785   library setup time
                                              9.801785   data required time
---------------------------------------------------------------------------------------------
                                              9.801785   data required time
                                             -2.401214   data arrival time
---------------------------------------------------------------------------------------------
                                              7.400570   slack (MET)


Startpoint: Op (input port clocked by clk)
Endpoint: B[1]$_SDFFE_PP1P_ (rising edge-triggered flip-flop clocked by clk)
Path Group: clk
Path Type: max

Fanout         Cap        Slew       Delay        Time   Description
---------------------------------------------------------------------------------------------
                                  0.000000    0.000000   clock clk (rise edge)
                                  0.000000    0.000000   clock network delay (propagated)
                                  2.000000    2.000000 ^ input external delay
     1    0.004225    0.014433    0.002358    2.002358 ^ Op (in)
                                                         Op (net)
                      0.014433    0.000000    2.002358 ^ input2/A (sg13g2_buf_1)
     3    0.018600    0.053611    0.067015    2.069373 ^ input2/X (sg13g2_buf_1)
                                                         net18 (net)
                      0.053646    0.001126    2.070499 ^ _128_/B_N (sg13g2_nor2b_1)
     2    0.015671    0.094463    0.115530    2.186029 ^ _128_/Y (sg13g2_nor2b_1)
                                                         _030_ (net)
                      0.094466    0.000441    2.186470 ^ fanout6/A (sg13g2_buf_8)
     8    0.046972    0.026713    0.079780    2.266250 ^ fanout6/X (sg13g2_buf_8)
                                                         net6 (net)
                      0.027454    0.003140    2.269389 ^ _135_/C (sg13g2_nand3_1)
     1    0.003162    0.044072    0.052016    2.321405 v _135_/Y (sg13g2_nand3_1)
                                                         _034_ (net)
                      0.044072    0.000126    2.321531 v _136_/A2 (sg13g2_a21o_1)
     1    0.002597    0.018591    0.077917    2.399448 v _136_/X (sg13g2_a21o_1)
                                                         _015_ (net)
                      0.018591    0.000163    2.399610 v B[1]$_SDFFE_PP1P_/D (sg13g2_dfrbpq_1)
                                              2.399610   data arrival time

                                 10.000000   10.000000   clock clk (rise edge)
                                  0.000000   10.000000   clock source latency
     1    0.017718    0.022106    0.010538   10.010538 ^ clk (in)
                                                         clk (net)
                      0.022190    0.000000   10.010538 ^ clkbuf_0_clk/A (sg13g2_buf_8)
     4    0.053526    0.025923    0.054212   10.064751 ^ clkbuf_0_clk/X (sg13g2_buf_8)
                                                         clknet_0_clk (net)
                      0.026468    0.002883   10.067634 ^ clkbuf_2_0__f_clk/A (sg13g2_buf_8)
     8    0.033783    0.020022    0.051435   10.119068 ^ clkbuf_2_0__f_clk/X (sg13g2_buf_8)
                                                         clknet_2_0__leaf_clk (net)
                      0.020288    0.001966   10.121035 ^ B[1]$_SDFFE_PP1P_/CLK (sg13g2_dfrbpq_1)
                                 -0.250000    9.871035   clock uncertainty
                                  0.000000    9.871035   clock reconvergence pessimism
                                 -0.068147    9.802888   library setup time
                                              9.802888   data required time
---------------------------------------------------------------------------------------------
                                              9.802888   data required time
                                             -2.399610   data arrival time
---------------------------------------------------------------------------------------------
                                              7.403277   slack (MET)


Startpoint: BN[11]$_SDFFE_PP1P_ (rising edge-triggered flip-flop clocked by clk)
Endpoint: BN[11] (output port clocked by clk)
Path Group: clk
Path Type: max

Fanout         Cap        Slew       Delay        Time   Description
---------------------------------------------------------------------------------------------
                                  0.000000    0.000000   clock clk (rise edge)
                                  0.000000    0.000000   clock source latency
     1    0.017718    0.022106    0.010538    0.010538 ^ clk (in)
                                                         clk (net)
                      0.022190    0.000000    0.010538 ^ clkbuf_0_clk/A (sg13g2_buf_8)
     4    0.053526    0.025923    0.054212    0.064750 ^ clkbuf_0_clk/X (sg13g2_buf_8)
                                                         clknet_0_clk (net)
                      0.026410    0.002710    0.067461 ^ clkbuf_2_1__f_clk/A (sg13g2_buf_8)
     7    0.030098    0.019021    0.050593    0.118054 ^ clkbuf_2_1__f_clk/X (sg13g2_buf_8)
                                                         clknet_2_1__leaf_clk (net)
                      0.019098    0.001379    0.119432 ^ BN[11]$_SDFFE_PP1P_/CLK (sg13g2_dfrbpq_1)
     4    0.012420    0.038410    0.127211    0.246643 ^ BN[11]$_SDFFE_PP1P_/Q (sg13g2_dfrbpq_1)
                                                         net55 (net)
                      0.038423    0.000662    0.247305 ^ _204_/A (sg13g2_buf_1)
     1    0.003493    0.016916    0.046619    0.293924 ^ _204_/X (sg13g2_buf_1)
                                                         net21 (net)
                      0.016919    0.000234    0.294158 ^ output5/A (sg13g2_buf_1)
     1    0.008254    0.027581    0.048556    0.342715 ^ output5/X (sg13g2_buf_1)
                                                         BN[11] (net)
                      0.027625    0.000717    0.343432 ^ BN[11] (out)
                                              0.343432   data arrival time

                                 10.000000   10.000000   clock clk (rise edge)
                                  0.000000   10.000000   clock network delay (propagated)
                                 -0.250000    9.750000   clock uncertainty
                                  0.000000    9.750000   clock reconvergence pessimism
                                 -2.000000    7.750000   output external delay
                                              7.750000   data required time
---------------------------------------------------------------------------------------------
                                              7.750000   data required time
                                             -0.343432   data arrival time
---------------------------------------------------------------------------------------------
                                              7.406568   slack (MET)


Startpoint: Om (input port clocked by clk)
Endpoint: BN[0]$_SDFFE_PP1P_ (rising edge-triggered flip-flop clocked by clk)
Path Group: clk
Path Type: max

Fanout         Cap        Slew       Delay        Time   Description
---------------------------------------------------------------------------------------------
                                  0.000000    0.000000   clock clk (rise edge)
                                  0.000000    0.000000   clock network delay (propagated)
                                  2.000000    2.000000 ^ input external delay
     1    0.004228    0.014435    0.002360    2.002360 ^ Om (in)
                                                         Om (net)
                      0.014435    0.000000    2.002360 ^ input1/A (sg13g2_buf_1)
     3    0.016037    0.047330    0.061670    2.064029 ^ input1/X (sg13g2_buf_1)
                                                         net17 (net)
                      0.047469    0.002079    2.066108 ^ _096_/B_N (sg13g2_nor2b_1)
     2    0.012838    0.080832    0.103029    2.169137 ^ _096_/Y (sg13g2_nor2b_1)
                                                         _050_ (net)
                      0.080836    0.000461    2.169598 ^ fanout8/A (sg13g2_buf_8)
     8    0.042583    0.024595    0.072566    2.242164 ^ fanout8/X (sg13g2_buf_8)
                                                         net8 (net)
                      0.027682    0.006688    2.248852 ^ _100_/A (sg13g2_nand3_1)
     1    0.006264    0.060957    0.056701    2.305552 v _100_/Y (sg13g2_nand3_1)
                                                         _054_ (net)
                      0.060963    0.000582    2.306135 v _101_/A2 (sg13g2_a21o_1)
     1    0.002575    0.018114    0.082897    2.389032 v _101_/X (sg13g2_a21o_1)
                                                         _000_ (net)
                      0.018115    0.000176    2.389209 v BN[0]$_SDFFE_PP1P_/D (sg13g2_dfrbpq_1)
                                              2.389209   data arrival time

                                 10.000000   10.000000   clock clk (rise edge)
                                  0.000000   10.000000   clock source latency
     1    0.017718    0.022106    0.010538   10.010538 ^ clk (in)
                                                         clk (net)
                      0.022190    0.000000   10.010538 ^ clkbuf_0_clk/A (sg13g2_buf_8)
     4    0.053526    0.025923    0.054212   10.064751 ^ clkbuf_0_clk/X (sg13g2_buf_8)
                                                         clknet_0_clk (net)
                      0.026468    0.002883   10.067634 ^ clkbuf_2_0__f_clk/A (sg13g2_buf_8)
     8    0.033783    0.020022    0.051435   10.119068 ^ clkbuf_2_0__f_clk/X (sg13g2_buf_8)
                                                         clknet_2_0__leaf_clk (net)
                      0.020222    0.001680   10.120749 ^ BN[0]$_SDFFE_PP1P_/CLK (sg13g2_dfrbpq_1)
                                 -0.250000    9.870749   clock uncertainty
                                  0.000000    9.870749   clock reconvergence pessimism
                                 -0.068032    9.802717   library setup time
                                              9.802717   data required time
---------------------------------------------------------------------------------------------
                                              9.802717   data required time
                                             -2.389209   data arrival time
---------------------------------------------------------------------------------------------
                                              7.413509   slack (MET)


Startpoint: Om (input port clocked by clk)
Endpoint: BN[1]$_SDFFE_PP1P_ (rising edge-triggered flip-flop clocked by clk)
Path Group: clk
Path Type: max

Fanout         Cap        Slew       Delay        Time   Description
---------------------------------------------------------------------------------------------
                                  0.000000    0.000000   clock clk (rise edge)
                                  0.000000    0.000000   clock network delay (propagated)
                                  2.000000    2.000000 ^ input external delay
     1    0.004228    0.014435    0.002360    2.002360 ^ Om (in)
                                                         Om (net)
                      0.014435    0.000000    2.002360 ^ input1/A (sg13g2_buf_1)
     3    0.016037    0.047330    0.061670    2.064029 ^ input1/X (sg13g2_buf_1)
                                                         net17 (net)
                      0.047469    0.002079    2.066108 ^ _096_/B_N (sg13g2_nor2b_1)
     2    0.012838    0.080832    0.103029    2.169137 ^ _096_/Y (sg13g2_nor2b_1)
                                                         _050_ (net)
                      0.080836    0.000461    2.169598 ^ fanout8/A (sg13g2_buf_8)
     8    0.042583    0.024595    0.072566    2.242164 ^ fanout8/X (sg13g2_buf_8)
                                                         net8 (net)
                      0.026656    0.005274    2.247438 ^ _109_/A (sg13g2_nand3_1)
     1    0.003955    0.044737    0.046584    2.294022 v _109_/Y (sg13g2_nand3_1)
                                                         _060_ (net)
                      0.044737    0.000278    2.294300 v _110_/A2 (sg13g2_a21o_1)
     1    0.002271    0.018006    0.077492    2.371792 v _110_/X (sg13g2_a21o_1)
                                                         _003_ (net)
                      0.018007    0.000087    2.371879 v BN[1]$_SDFFE_PP1P_/D (sg13g2_dfrbpq_1)
                                              2.371879   data arrival time

                                 10.000000   10.000000   clock clk (rise edge)
                                  0.000000   10.000000   clock source latency
     1    0.017718    0.022106    0.010538   10.010538 ^ clk (in)
                                                         clk (net)
                      0.022190    0.000000   10.010538 ^ clkbuf_0_clk/A (sg13g2_buf_8)
     4    0.053526    0.025923    0.054212   10.064751 ^ clkbuf_0_clk/X (sg13g2_buf_8)
                                                         clknet_0_clk (net)
                      0.026496    0.002961   10.067712 ^ clkbuf_2_2__f_clk/A (sg13g2_buf_8)
     8    0.034554    0.020282    0.051784   10.119495 ^ clkbuf_2_2__f_clk/X (sg13g2_buf_8)
                                                         clknet_2_2__leaf_clk (net)
                      0.020478    0.001770   10.121266 ^ BN[1]$_SDFFE_PP1P_/CLK (sg13g2_dfrbpq_1)
                                 -0.250000    9.871265   clock uncertainty
                                  0.000000    9.871265   clock reconvergence pessimism
                                 -0.067955    9.803311   library setup time
                                              9.803311   data required time
---------------------------------------------------------------------------------------------
                                              9.803311   data required time
                                             -2.371879   data arrival time
---------------------------------------------------------------------------------------------
                                              7.431433   slack (MET)


Startpoint: Om (input port clocked by clk)
Endpoint: BN[10]$_SDFFE_PP1P_ (rising edge-triggered flip-flop clocked by clk)
Path Group: clk
Path Type: max

Fanout         Cap        Slew       Delay        Time   Description
---------------------------------------------------------------------------------------------
                                  0.000000    0.000000   clock clk (rise edge)
                                  0.000000    0.000000   clock network delay (propagated)
                                  2.000000    2.000000 ^ input external delay
     1    0.004228    0.014435    0.002360    2.002360 ^ Om (in)
                                                         Om (net)
                      0.014435    0.000000    2.002360 ^ input1/A (sg13g2_buf_1)
     3    0.016037    0.047330    0.061670    2.064029 ^ input1/X (sg13g2_buf_1)
                                                         net17 (net)
                      0.047469    0.002079    2.066108 ^ _096_/B_N (sg13g2_nor2b_1)
     2    0.012838    0.080832    0.103029    2.169137 ^ _096_/Y (sg13g2_nor2b_1)
                                                         _050_ (net)
                      0.080836    0.000461    2.169598 ^ fanout8/A (sg13g2_buf_8)
     8    0.042583    0.024595    0.072566    2.242164 ^ fanout8/X (sg13g2_buf_8)
                                                         net8 (net)
                      0.025782    0.003700    2.245864 ^ _104_/A (sg13g2_nand3_1)
     1    0.004180    0.048662    0.047301    2.293166 v _104_/Y (sg13g2_nand3_1)
                                                         _057_ (net)
                      0.048663    0.000298    2.293463 v _105_/A2 (sg13g2_a21o_1)
     1    0.002057    0.016973    0.078243    2.371707 v _105_/X (sg13g2_a21o_1)
                                                         _001_ (net)
                      0.016973    0.000077    2.371783 v BN[10]$_SDFFE_PP1P_/D (sg13g2_dfrbpq_1)
                                              2.371783   data arrival time

                                 10.000000   10.000000   clock clk (rise edge)
                                  0.000000   10.000000   clock source latency
     1    0.017718    0.022106    0.010538   10.010538 ^ clk (in)
                                                         clk (net)
                      0.022190    0.000000   10.010538 ^ clkbuf_0_clk/A (sg13g2_buf_8)
     4    0.053526    0.025923    0.054212   10.064751 ^ clkbuf_0_clk/X (sg13g2_buf_8)
                                                         clknet_0_clk (net)
                      0.026429    0.002768   10.067518 ^ clkbuf_2_3__f_clk/A (sg13g2_buf_8)
     8    0.035624    0.020601    0.052115   10.119634 ^ clkbuf_2_3__f_clk/X (sg13g2_buf_8)
                                                         clknet_2_3__leaf_clk (net)
                      0.020725    0.001358   10.120992 ^ BN[10]$_SDFFE_PP1P_/CLK (sg13g2_dfrbpq_1)
                                 -0.250000    9.870992   clock uncertainty
                                  0.000000    9.870992   clock reconvergence pessimism
                                 -0.067631    9.803360   library setup time
                                              9.803360   data required time
---------------------------------------------------------------------------------------------
                                              9.803360   data required time
                                             -2.371783   data arrival time
---------------------------------------------------------------------------------------------
                                              7.431576   slack (MET)


Startpoint: B[2]$_SDFFE_PP1P_ (rising edge-triggered flip-flop clocked by clk)
Endpoint: B[2] (output port clocked by clk)
Path Group: clk
Path Type: max

Fanout         Cap        Slew       Delay        Time   Description
---------------------------------------------------------------------------------------------
                                  0.000000    0.000000   clock clk (rise edge)
                                  0.000000    0.000000   clock source latency
     1    0.017718    0.022106    0.010538    0.010538 ^ clk (in)
                                                         clk (net)
                      0.022190    0.000000    0.010538 ^ clkbuf_0_clk/A (sg13g2_buf_8)
     4    0.053526    0.025923    0.054212    0.064750 ^ clkbuf_0_clk/X (sg13g2_buf_8)
                                                         clknet_0_clk (net)
                      0.026429    0.002768    0.067518 ^ clkbuf_2_3__f_clk/A (sg13g2_buf_8)
     8    0.035624    0.020601    0.052115    0.119634 ^ clkbuf_2_3__f_clk/X (sg13g2_buf_8)
                                                         clknet_2_3__leaf_clk (net)
                      0.020652    0.000823    0.120456 ^ B[2]$_SDFFE_PP1P_/CLK (sg13g2_dfrbpq_1)
     3    0.014670    0.043936    0.132053    0.252510 ^ B[2]$_SDFFE_PP1P_/Q (sg13g2_dfrbpq_1)
                                                         net35 (net)
                      0.043959    0.000926    0.253436 ^ output19/A (sg13g2_buf_1)
     1    0.009833    0.032245    0.060312    0.313748 ^ output19/X (sg13g2_buf_1)
                                                         B[2] (net)
                      0.032250    0.000414    0.314162 ^ B[2] (out)
                                              0.314162   data arrival time

                                 10.000000   10.000000   clock clk (rise edge)
                                  0.000000   10.000000   clock network delay (propagated)
                                 -0.250000    9.750000   clock uncertainty
                                  0.000000    9.750000   clock reconvergence pessimism
                                 -2.000000    7.750000   output external delay
                                              7.750000   data required time
---------------------------------------------------------------------------------------------
                                              7.750000   data required time
                                             -0.314162   data arrival time
---------------------------------------------------------------------------------------------
                                              7.435838   slack (MET)


Startpoint: Op (input port clocked by clk)
Endpoint: dbit[0]$_SDFFE_PP1P_ (rising edge-triggered flip-flop clocked by clk)
Path Group: clk
Path Type: max

Fanout         Cap        Slew       Delay        Time   Description
---------------------------------------------------------------------------------------------
                                  0.000000    0.000000   clock clk (rise edge)
                                  0.000000    0.000000   clock network delay (propagated)
                                  2.000000    2.000000 v input external delay
     1    0.004182    0.011691    0.002025    2.002025 v Op (in)
                                                         Op (net)
                      0.011691    0.000000    2.002025 v input2/A (sg13g2_buf_1)
     3    0.018359    0.044022    0.062987    2.065012 v input2/X (sg13g2_buf_1)
                                                         net18 (net)
                      0.044078    0.001123    2.066134 v _165_/A (sg13g2_xnor2_1)
     6    0.024672    0.112138    0.128257    2.194391 v _165_/Y (sg13g2_xnor2_1)
                                                         _043_ (net)
                      0.112156    0.001184    2.195576 v _166_/B1 (sg13g2_a21o_1)
     1    0.004439    0.023154    0.097370    2.292946 v _166_/X (sg13g2_a21o_1)
                                                         _044_ (net)
                      0.023154    0.000311    2.293257 v _168_/A2 (sg13g2_o21ai_1)
     1    0.004035    0.051015    0.055797    2.349053 ^ _168_/Y (sg13g2_o21ai_1)
                                                         _024_ (net)
                      0.051015    0.000219    2.349273 ^ dbit[0]$_SDFFE_PP1P_/D (sg13g2_dfrbpq_1)
                                              2.349273   data arrival time

                                 10.000000   10.000000   clock clk (rise edge)
                                  0.000000   10.000000   clock source latency
     1    0.017718    0.022106    0.010538   10.010538 ^ clk (in)
                                                         clk (net)
                      0.022190    0.000000   10.010538 ^ clkbuf_0_clk/A (sg13g2_buf_8)
     4    0.053526    0.025923    0.054212   10.064751 ^ clkbuf_0_clk/X (sg13g2_buf_8)
                                                         clknet_0_clk (net)
                      0.026410    0.002711   10.067461 ^ clkbuf_2_1__f_clk/A (sg13g2_buf_8)
     7    0.030098    0.019021    0.050593   10.118054 ^ clkbuf_2_1__f_clk/X (sg13g2_buf_8)
                                                         clknet_2_1__leaf_clk (net)
                      0.019134    0.001593   10.119648 ^ dbit[0]$_SDFFE_PP1P_/CLK (sg13g2_dfrbpq_1)
                                 -0.250000    9.869648   clock uncertainty
                                  0.000000    9.869648   clock reconvergence pessimism
                                 -0.083628    9.786019   library setup time
                                              9.786019   data required time
---------------------------------------------------------------------------------------------
                                              9.786019   data required time
                                             -2.349273   data arrival time
---------------------------------------------------------------------------------------------
                                              7.436747   slack (MET)


Startpoint: B[8]$_SDFFE_PP1P_ (rising edge-triggered flip-flop clocked by clk)
Endpoint: B[8] (output port clocked by clk)
Path Group: clk
Path Type: max

Fanout         Cap        Slew       Delay        Time   Description
---------------------------------------------------------------------------------------------
                                  0.000000    0.000000   clock clk (rise edge)
                                  0.000000    0.000000   clock source latency
     1    0.017718    0.022106    0.010538    0.010538 ^ clk (in)
                                                         clk (net)
                      0.022190    0.000000    0.010538 ^ clkbuf_0_clk/A (sg13g2_buf_8)
     4    0.053526    0.025923    0.054212    0.064750 ^ clkbuf_0_clk/X (sg13g2_buf_8)
                                                         clknet_0_clk (net)
                      0.026468    0.002883    0.067633 ^ clkbuf_2_0__f_clk/A (sg13g2_buf_8)
     8    0.033783    0.020022    0.051435    0.119068 ^ clkbuf_2_0__f_clk/X (sg13g2_buf_8)
                                                         clknet_2_0__leaf_clk (net)
                      0.020272    0.001897    0.120966 ^ B[8]$_SDFFE_PP1P_/CLK (sg13g2_dfrbpq_1)
     3    0.012752    0.039225    0.128273    0.249238 ^ B[8]$_SDFFE_PP1P_/Q (sg13g2_dfrbpq_1)
                                                         net41 (net)
                      0.039239    0.000706    0.249944 ^ output25/A (sg13g2_buf_1)
     1    0.009433    0.031119    0.058017    0.307960 ^ output25/X (sg13g2_buf_1)
                                                         B[8] (net)
                      0.031126    0.000442    0.308402 ^ B[8] (out)
                                              0.308402   data arrival time

                                 10.000000   10.000000   clock clk (rise edge)
                                  0.000000   10.000000   clock network delay (propagated)
                                 -0.250000    9.750000   clock uncertainty
                                  0.000000    9.750000   clock reconvergence pessimism
                                 -2.000000    7.750000   output external delay
                                              7.750000   data required time
---------------------------------------------------------------------------------------------
                                              7.750000   data required time
                                             -0.308402   data arrival time
---------------------------------------------------------------------------------------------
                                              7.441598   slack (MET)


Startpoint: BN[11]$_SDFFE_PP1P_ (rising edge-triggered flip-flop clocked by clk)
Endpoint: sign (output port clocked by clk)
Path Group: clk
Path Type: max

Fanout         Cap        Slew       Delay        Time   Description
---------------------------------------------------------------------------------------------
                                  0.000000    0.000000   clock clk (rise edge)
                                  0.000000    0.000000   clock source latency
     1    0.017718    0.022106    0.010538    0.010538 ^ clk (in)
                                                         clk (net)
                      0.022190    0.000000    0.010538 ^ clkbuf_0_clk/A (sg13g2_buf_8)
     4    0.053526    0.025923    0.054212    0.064750 ^ clkbuf_0_clk/X (sg13g2_buf_8)
                                                         clknet_0_clk (net)
                      0.026410    0.002710    0.067461 ^ clkbuf_2_1__f_clk/A (sg13g2_buf_8)
     7    0.030098    0.019021    0.050593    0.118054 ^ clkbuf_2_1__f_clk/X (sg13g2_buf_8)
                                                         clknet_2_1__leaf_clk (net)
                      0.019098    0.001379    0.119432 ^ BN[11]$_SDFFE_PP1P_/CLK (sg13g2_dfrbpq_1)
     4    0.012420    0.038410    0.127211    0.246643 ^ BN[11]$_SDFFE_PP1P_/Q (sg13g2_dfrbpq_1)
                                                         net55 (net)
                      0.038423    0.000667    0.247311 ^ output39/A (sg13g2_buf_1)
     1    0.010417    0.033515    0.059360    0.306670 ^ output39/X (sg13g2_buf_1)
                                                         sign (net)
                      0.033569    0.000893    0.307563 ^ sign (out)
                                              0.307563   data arrival time

                                 10.000000   10.000000   clock clk (rise edge)
                                  0.000000   10.000000   clock network delay (propagated)
                                 -0.250000    9.750000   clock uncertainty
                                  0.000000    9.750000   clock reconvergence pessimism
                                 -2.000000    7.750000   output external delay
                                              7.750000   data required time
---------------------------------------------------------------------------------------------
                                              7.750000   data required time
                                             -0.307563   data arrival time
---------------------------------------------------------------------------------------------
                                              7.442437   slack (MET)


Startpoint: BN[10]$_SDFFE_PP1P_ (rising edge-triggered flip-flop clocked by clk)
Endpoint: BN[10] (output port clocked by clk)
Path Group: clk
Path Type: max

Fanout         Cap        Slew       Delay        Time   Description
---------------------------------------------------------------------------------------------
                                  0.000000    0.000000   clock clk (rise edge)
                                  0.000000    0.000000   clock source latency
     1    0.017718    0.022106    0.010538    0.010538 ^ clk (in)
                                                         clk (net)
                      0.022190    0.000000    0.010538 ^ clkbuf_0_clk/A (sg13g2_buf_8)
     4    0.053526    0.025923    0.054212    0.064750 ^ clkbuf_0_clk/X (sg13g2_buf_8)
                                                         clknet_0_clk (net)
                      0.026429    0.002768    0.067518 ^ clkbuf_2_3__f_clk/A (sg13g2_buf_8)
     8    0.035624    0.020601    0.052115    0.119634 ^ clkbuf_2_3__f_clk/X (sg13g2_buf_8)
                                                         clknet_2_3__leaf_clk (net)
                      0.020725    0.001358    0.120991 ^ BN[10]$_SDFFE_PP1P_/CLK (sg13g2_dfrbpq_1)
     3    0.011633    0.036485    0.126361    0.247352 ^ BN[10]$_SDFFE_PP1P_/Q (sg13g2_dfrbpq_1)
                                                         net20 (net)
                      0.036500    0.000682    0.248035 ^ output4/A (sg13g2_buf_1)
     1    0.009479    0.031144    0.057147    0.305182 ^ output4/X (sg13g2_buf_1)
                                                         BN[10] (net)
                      0.031159    0.000625    0.305807 ^ BN[10] (out)
                                              0.305807   data arrival time

                                 10.000000   10.000000   clock clk (rise edge)
                                  0.000000   10.000000   clock network delay (propagated)
                                 -0.250000    9.750000   clock uncertainty
                                  0.000000    9.750000   clock reconvergence pessimism
                                 -2.000000    7.750000   output external delay
                                              7.750000   data required time
---------------------------------------------------------------------------------------------
                                              7.750000   data required time
                                             -0.305807   data arrival time
---------------------------------------------------------------------------------------------
                                              7.444193   slack (MET)


Startpoint: B[3]$_SDFFE_PP1P_ (rising edge-triggered flip-flop clocked by clk)
Endpoint: B[3] (output port clocked by clk)
Path Group: clk
Path Type: max

Fanout         Cap        Slew       Delay        Time   Description
---------------------------------------------------------------------------------------------
                                  0.000000    0.000000   clock clk (rise edge)
                                  0.000000    0.000000   clock source latency
     1    0.017718    0.022106    0.010538    0.010538 ^ clk (in)
                                                         clk (net)
                      0.022190    0.000000    0.010538 ^ clkbuf_0_clk/A (sg13g2_buf_8)
     4    0.053526    0.025923    0.054212    0.064750 ^ clkbuf_0_clk/X (sg13g2_buf_8)
                                                         clknet_0_clk (net)
                      0.026410    0.002710    0.067461 ^ clkbuf_2_1__f_clk/A (sg13g2_buf_8)
     7    0.030098    0.019021    0.050593    0.118054 ^ clkbuf_2_1__f_clk/X (sg13g2_buf_8)
                                                         clknet_2_1__leaf_clk (net)
                      0.019117    0.001495    0.119549 ^ B[3]$_SDFFE_PP1P_/CLK (sg13g2_dfrbpq_1)
     3    0.012744    0.039203    0.127747    0.247296 ^ B[3]$_SDFFE_PP1P_/Q (sg13g2_dfrbpq_1)
                                                         net36 (net)
                      0.039232    0.000963    0.248259 ^ output20/A (sg13g2_buf_1)
     1    0.008351    0.028464    0.056006    0.304265 ^ output20/X (sg13g2_buf_1)
                                                         B[3] (net)
                      0.028468    0.000366    0.304631 ^ B[3] (out)
                                              0.304631   data arrival time

                                 10.000000   10.000000   clock clk (rise edge)
                                  0.000000   10.000000   clock network delay (propagated)
                                 -0.250000    9.750000   clock uncertainty
                                  0.000000    9.750000   clock reconvergence pessimism
                                 -2.000000    7.750000   output external delay
                                              7.750000   data required time
---------------------------------------------------------------------------------------------
                                              7.750000   data required time
                                             -0.304631   data arrival time
---------------------------------------------------------------------------------------------
                                              7.445369   slack (MET)


Startpoint: BN[3]$_SDFFE_PP1P_ (rising edge-triggered flip-flop clocked by clk)
Endpoint: BN[3] (output port clocked by clk)
Path Group: clk
Path Type: max

Fanout         Cap        Slew       Delay        Time   Description
---------------------------------------------------------------------------------------------
                                  0.000000    0.000000   clock clk (rise edge)
                                  0.000000    0.000000   clock source latency
     1    0.017718    0.022106    0.010538    0.010538 ^ clk (in)
                                                         clk (net)
                      0.022190    0.000000    0.010538 ^ clkbuf_0_clk/A (sg13g2_buf_8)
     4    0.053526    0.025923    0.054212    0.064750 ^ clkbuf_0_clk/X (sg13g2_buf_8)
                                                         clknet_0_clk (net)
                      0.026410    0.002710    0.067461 ^ clkbuf_2_1__f_clk/A (sg13g2_buf_8)
     7    0.030098    0.019021    0.050593    0.118054 ^ clkbuf_2_1__f_clk/X (sg13g2_buf_8)
                                                         clknet_2_1__leaf_clk (net)
                      0.019115    0.001483    0.119537 ^ BN[3]$_SDFFE_PP1P_/CLK (sg13g2_dfrbpq_1)
     3    0.012660    0.039080    0.127812    0.247348 ^ BN[3]$_SDFFE_PP1P_/Q (sg13g2_dfrbpq_1)
                                                         net24 (net)
                      0.039084    0.000400    0.247748 ^ output8/A (sg13g2_buf_1)
     1    0.008485    0.028787    0.056214    0.303962 ^ output8/X (sg13g2_buf_1)
                                                         BN[3] (net)
                      0.028791    0.000368    0.304331 ^ BN[3] (out)
                                              0.304331   data arrival time

                                 10.000000   10.000000   clock clk (rise edge)
                                  0.000000   10.000000   clock network delay (propagated)
                                 -0.250000    9.750000   clock uncertainty
                                  0.000000    9.750000   clock reconvergence pessimism
                                 -2.000000    7.750000   output external delay
                                              7.750000   data required time
---------------------------------------------------------------------------------------------
                                              7.750000   data required time
                                             -0.304331   data arrival time
---------------------------------------------------------------------------------------------
                                              7.445669   slack (MET)


Startpoint: B[7]$_SDFFE_PP1P_ (rising edge-triggered flip-flop clocked by clk)
Endpoint: B[7] (output port clocked by clk)
Path Group: clk
Path Type: max

Fanout         Cap        Slew       Delay        Time   Description
---------------------------------------------------------------------------------------------
                                  0.000000    0.000000   clock clk (rise edge)
                                  0.000000    0.000000   clock source latency
     1    0.017718    0.022106    0.010538    0.010538 ^ clk (in)
                                                         clk (net)
                      0.022190    0.000000    0.010538 ^ clkbuf_0_clk/A (sg13g2_buf_8)
     4    0.053526    0.025923    0.054212    0.064750 ^ clkbuf_0_clk/X (sg13g2_buf_8)
                                                         clknet_0_clk (net)
                      0.026429    0.002768    0.067518 ^ clkbuf_2_3__f_clk/A (sg13g2_buf_8)
     8    0.035624    0.020601    0.052115    0.119634 ^ clkbuf_2_3__f_clk/X (sg13g2_buf_8)
                                                         clknet_2_3__leaf_clk (net)
                      0.020706    0.001233    0.120866 ^ B[7]$_SDFFE_PP1P_/CLK (sg13g2_dfrbpq_1)
     3    0.011379    0.035865    0.125984    0.246850 ^ B[7]$_SDFFE_PP1P_/Q (sg13g2_dfrbpq_1)
                                                         net40 (net)
                      0.035867    0.000333    0.247183 ^ output24/A (sg13g2_buf_1)
     1    0.008869    0.029615    0.055743    0.302926 ^ output24/X (sg13g2_buf_1)
                                                         B[7] (net)
                      0.029659    0.000728    0.303655 ^ B[7] (out)
                                              0.303655   data arrival time

                                 10.000000   10.000000   clock clk (rise edge)
                                  0.000000   10.000000   clock network delay (propagated)
                                 -0.250000    9.750000   clock uncertainty
                                  0.000000    9.750000   clock reconvergence pessimism
                                 -2.000000    7.750000   output external delay
                                              7.750000   data required time
---------------------------------------------------------------------------------------------
                                              7.750000   data required time
                                             -0.303655   data arrival time
---------------------------------------------------------------------------------------------
                                              7.446345   slack (MET)


Startpoint: BN[7]$_SDFFE_PP1P_ (rising edge-triggered flip-flop clocked by clk)
Endpoint: BN[7] (output port clocked by clk)
Path Group: clk
Path Type: max

Fanout         Cap        Slew       Delay        Time   Description
---------------------------------------------------------------------------------------------
                                  0.000000    0.000000   clock clk (rise edge)
                                  0.000000    0.000000   clock source latency
     1    0.017718    0.022106    0.010538    0.010538 ^ clk (in)
                                                         clk (net)
                      0.022190    0.000000    0.010538 ^ clkbuf_0_clk/A (sg13g2_buf_8)
     4    0.053526    0.025923    0.054212    0.064750 ^ clkbuf_0_clk/X (sg13g2_buf_8)
                                                         clknet_0_clk (net)
                      0.026429    0.002768    0.067518 ^ clkbuf_2_3__f_clk/A (sg13g2_buf_8)
     8    0.035624    0.020601    0.052115    0.119634 ^ clkbuf_2_3__f_clk/X (sg13g2_buf_8)
                                                         clknet_2_3__leaf_clk (net)
                      0.020726    0.001365    0.120999 ^ BN[7]$_SDFFE_PP1P_/CLK (sg13g2_dfrbpq_1)
     3    0.010817    0.034498    0.124984    0.245983 ^ BN[7]$_SDFFE_PP1P_/Q (sg13g2_dfrbpq_1)
                                                         net28 (net)
                      0.034501    0.000346    0.246328 ^ output12/A (sg13g2_buf_1)
     1    0.009060    0.030058    0.055824    0.302152 ^ output12/X (sg13g2_buf_1)
                                                         BN[7] (net)
                      0.030063    0.000410    0.302562 ^ BN[7] (out)
                                              0.302562   data arrival time

                                 10.000000   10.000000   clock clk (rise edge)
                                  0.000000   10.000000   clock network delay (propagated)
                                 -0.250000    9.750000   clock uncertainty
                                  0.000000    9.750000   clock reconvergence pessimism
                                 -2.000000    7.750000   output external delay
                                              7.750000   data required time
---------------------------------------------------------------------------------------------
                                              7.750000   data required time
                                             -0.302562   data arrival time
---------------------------------------------------------------------------------------------
                                              7.447438   slack (MET)


Startpoint: BN[0]$_SDFFE_PP1P_ (rising edge-triggered flip-flop clocked by clk)
Endpoint: BN[0] (output port clocked by clk)
Path Group: clk
Path Type: max

Fanout         Cap        Slew       Delay        Time   Description
---------------------------------------------------------------------------------------------
                                  0.000000    0.000000   clock clk (rise edge)
                                  0.000000    0.000000   clock source latency
     1    0.017718    0.022106    0.010538    0.010538 ^ clk (in)
                                                         clk (net)
                      0.022190    0.000000    0.010538 ^ clkbuf_0_clk/A (sg13g2_buf_8)
     4    0.053526    0.025923    0.054212    0.064750 ^ clkbuf_0_clk/X (sg13g2_buf_8)
                                                         clknet_0_clk (net)
                      0.026468    0.002883    0.067633 ^ clkbuf_2_0__f_clk/A (sg13g2_buf_8)
     8    0.033783    0.020022    0.051435    0.119068 ^ clkbuf_2_0__f_clk/X (sg13g2_buf_8)
                                                         clknet_2_0__leaf_clk (net)
                      0.020222    0.001681    0.120749 ^ BN[0]$_SDFFE_PP1P_/CLK (sg13g2_dfrbpq_1)
     3    0.011817    0.036933    0.126487    0.247236 ^ BN[0]$_SDFFE_PP1P_/Q (sg13g2_dfrbpq_1)
                                                         net19 (net)
                      0.036947    0.000680    0.247917 ^ output3/A (sg13g2_buf_1)
     1    0.007749    0.026921    0.054150    0.302067 ^ output3/X (sg13g2_buf_1)
                                                         BN[0] (net)
                      0.026926    0.000340    0.302407 ^ BN[0] (out)
                                              0.302407   data arrival time

                                 10.000000   10.000000   clock clk (rise edge)
                                  0.000000   10.000000   clock network delay (propagated)
                                 -0.250000    9.750000   clock uncertainty
                                  0.000000    9.750000   clock reconvergence pessimism
                                 -2.000000    7.750000   output external delay
                                              7.750000   data required time
---------------------------------------------------------------------------------------------
                                              7.750000   data required time
                                             -0.302407   data arrival time
---------------------------------------------------------------------------------------------
                                              7.447593   slack (MET)


Startpoint: B[4]$_SDFFE_PP1P_ (rising edge-triggered flip-flop clocked by clk)
Endpoint: B[4] (output port clocked by clk)
Path Group: clk
Path Type: max

Fanout         Cap        Slew       Delay        Time   Description
---------------------------------------------------------------------------------------------
                                  0.000000    0.000000   clock clk (rise edge)
                                  0.000000    0.000000   clock source latency
     1    0.017718    0.022106    0.010538    0.010538 ^ clk (in)
                                                         clk (net)
                      0.022190    0.000000    0.010538 ^ clkbuf_0_clk/A (sg13g2_buf_8)
     4    0.053526    0.025923    0.054212    0.064750 ^ clkbuf_0_clk/X (sg13g2_buf_8)
                                                         clknet_0_clk (net)
                      0.026468    0.002883    0.067633 ^ clkbuf_2_0__f_clk/A (sg13g2_buf_8)
     8    0.033783    0.020022    0.051435    0.119068 ^ clkbuf_2_0__f_clk/X (sg13g2_buf_8)
                                                         clknet_2_0__leaf_clk (net)
                      0.020278    0.001922    0.120990 ^ B[4]$_SDFFE_PP1P_/CLK (sg13g2_dfrbpq_1)
     3    0.010876    0.034638    0.124783    0.245774 ^ B[4]$_SDFFE_PP1P_/Q (sg13g2_dfrbpq_1)
                                                         net37 (net)
                      0.034647    0.000560    0.246333 ^ output21/A (sg13g2_buf_1)
     1    0.008808    0.029426    0.055219    0.301552 ^ output21/X (sg13g2_buf_1)
                                                         B[4] (net)
                      0.029471    0.000732    0.302284 ^ B[4] (out)
                                              0.302284   data arrival time

                                 10.000000   10.000000   clock clk (rise edge)
                                  0.000000   10.000000   clock network delay (propagated)
                                 -0.250000    9.750000   clock uncertainty
                                  0.000000    9.750000   clock reconvergence pessimism
                                 -2.000000    7.750000   output external delay
                                              7.750000   data required time
---------------------------------------------------------------------------------------------
                                              7.750000   data required time
                                             -0.302284   data arrival time
---------------------------------------------------------------------------------------------
                                              7.447716   slack (MET)


Startpoint: Op (input port clocked by clk)
Endpoint: dbit[1]$_SDFFE_PP1P_ (rising edge-triggered flip-flop clocked by clk)
Path Group: clk
Path Type: max

Fanout         Cap        Slew       Delay        Time   Description
---------------------------------------------------------------------------------------------
                                  0.000000    0.000000   clock clk (rise edge)
                                  0.000000    0.000000   clock network delay (propagated)
                                  2.000000    2.000000 ^ input external delay
     1    0.004225    0.014433    0.002358    2.002358 ^ Op (in)
                                                         Op (net)
                      0.014433    0.000000    2.002358 ^ input2/A (sg13g2_buf_1)
     3    0.018600    0.053611    0.067015    2.069373 ^ input2/X (sg13g2_buf_1)
                                                         net18 (net)
                      0.053647    0.001137    2.070510 ^ _165_/A (sg13g2_xnor2_1)
     6    0.026202    0.153216    0.141640    2.212150 ^ _165_/Y (sg13g2_xnor2_1)
                                                         _043_ (net)
                      0.153263    0.002191    2.214341 ^ _170_/C (sg13g2_or3_1)
     1    0.003796    0.022192    0.084456    2.298797 ^ _170_/X (sg13g2_or3_1)
                                                         _047_ (net)
                      0.022192    0.000289    2.299086 ^ _171_/C (sg13g2_nand3b_1)
     1    0.002189    0.038612    0.048632    2.347718 v _171_/Y (sg13g2_nand3b_1)
                                                         _025_ (net)
                      0.038612    0.000143    2.347861 v dbit[1]$_SDFFE_PP1P_/D (sg13g2_dfrbpq_2)
                                              2.347861   data arrival time

                                 10.000000   10.000000   clock clk (rise edge)
                                  0.000000   10.000000   clock source latency
     1    0.017718    0.022106    0.010538   10.010538 ^ clk (in)
                                                         clk (net)
                      0.022190    0.000000   10.010538 ^ clkbuf_0_clk/A (sg13g2_buf_8)
     4    0.053526    0.025923    0.054212   10.064751 ^ clkbuf_0_clk/X (sg13g2_buf_8)
                                                         clknet_0_clk (net)
                      0.026410    0.002711   10.067461 ^ clkbuf_2_1__f_clk/A (sg13g2_buf_8)
     7    0.030098    0.019021    0.050593   10.118054 ^ clkbuf_2_1__f_clk/X (sg13g2_buf_8)
                                                         clknet_2_1__leaf_clk (net)
                      0.019105    0.001423   10.119477 ^ dbit[1]$_SDFFE_PP1P_/CLK (sg13g2_dfrbpq_2)
                                 -0.250000    9.869477   clock uncertainty
                                  0.000000    9.869477   clock reconvergence pessimism
                                 -0.073633    9.795843   library setup time
                                              9.795843   data required time
---------------------------------------------------------------------------------------------
                                              9.795843   data required time
                                             -2.347861   data arrival time
---------------------------------------------------------------------------------------------
                                              7.447982   slack (MET)


Startpoint: BN[8]$_SDFFE_PP1P_ (rising edge-triggered flip-flop clocked by clk)
Endpoint: BN[8] (output port clocked by clk)
Path Group: clk
Path Type: max

Fanout         Cap        Slew       Delay        Time   Description
---------------------------------------------------------------------------------------------
                                  0.000000    0.000000   clock clk (rise edge)
                                  0.000000    0.000000   clock source latency
     1    0.017718    0.022106    0.010538    0.010538 ^ clk (in)
                                                         clk (net)
                      0.022190    0.000000    0.010538 ^ clkbuf_0_clk/A (sg13g2_buf_8)
     4    0.053526    0.025923    0.054212    0.064750 ^ clkbuf_0_clk/X (sg13g2_buf_8)
                                                         clknet_0_clk (net)
                      0.026468    0.002883    0.067633 ^ clkbuf_2_0__f_clk/A (sg13g2_buf_8)
     8    0.033783    0.020022    0.051435    0.119068 ^ clkbuf_2_0__f_clk/X (sg13g2_buf_8)
                                                         clknet_2_0__leaf_clk (net)
                      0.020276    0.001914    0.120982 ^ BN[8]$_SDFFE_PP1P_/CLK (sg13g2_dfrbpq_1)
     3    0.010550    0.033839    0.124115    0.245098 ^ BN[8]$_SDFFE_PP1P_/Q (sg13g2_dfrbpq_1)
                                                         net29 (net)
                      0.033848    0.000536    0.245633 ^ output13/A (sg13g2_buf_1)
     1    0.009175    0.030321    0.055826    0.301459 ^ output13/X (sg13g2_buf_1)
                                                         BN[8] (net)
                      0.030327    0.000426    0.301885 ^ BN[8] (out)
                                              0.301885   data arrival time

                                 10.000000   10.000000   clock clk (rise edge)
                                  0.000000   10.000000   clock network delay (propagated)
                                 -0.250000    9.750000   clock uncertainty
                                  0.000000    9.750000   clock reconvergence pessimism
                                 -2.000000    7.750000   output external delay
                                              7.750000   data required time
---------------------------------------------------------------------------------------------
                                              7.750000   data required time
                                             -0.301885   data arrival time
---------------------------------------------------------------------------------------------
                                              7.448115   slack (MET)


Startpoint: BN[4]$_SDFFE_PP1P_ (rising edge-triggered flip-flop clocked by clk)
Endpoint: BN[4] (output port clocked by clk)
Path Group: clk
Path Type: max

Fanout         Cap        Slew       Delay        Time   Description
---------------------------------------------------------------------------------------------
                                  0.000000    0.000000   clock clk (rise edge)
                                  0.000000    0.000000   clock source latency
     1    0.017718    0.022106    0.010538    0.010538 ^ clk (in)
                                                         clk (net)
                      0.022190    0.000000    0.010538 ^ clkbuf_0_clk/A (sg13g2_buf_8)
     4    0.053526    0.025923    0.054212    0.064750 ^ clkbuf_0_clk/X (sg13g2_buf_8)
                                                         clknet_0_clk (net)
                      0.026468    0.002883    0.067633 ^ clkbuf_2_0__f_clk/A (sg13g2_buf_8)
     8    0.033783    0.020022    0.051435    0.119068 ^ clkbuf_2_0__f_clk/X (sg13g2_buf_8)
                                                         clknet_2_0__leaf_clk (net)
                      0.020282    0.001940    0.121008 ^ BN[4]$_SDFFE_PP1P_/CLK (sg13g2_dfrbpq_1)
     3    0.010681    0.034164    0.124497    0.245505 ^ BN[4]$_SDFFE_PP1P_/Q (sg13g2_dfrbpq_1)
                                                         net25 (net)
                      0.034168    0.000388    0.245892 ^ output9/A (sg13g2_buf_1)
     1    0.008594    0.028901    0.054853    0.300745 ^ output9/X (sg13g2_buf_1)
                                                         BN[4] (net)
                      0.028906    0.000381    0.301126 ^ BN[4] (out)
                                              0.301126   data arrival time

                                 10.000000   10.000000   clock clk (rise edge)
                                  0.000000   10.000000   clock network delay (propagated)
                                 -0.250000    9.750000   clock uncertainty
                                  0.000000    9.750000   clock reconvergence pessimism
                                 -2.000000    7.750000   output external delay
                                              7.750000   data required time
---------------------------------------------------------------------------------------------
                                              7.750000   data required time
                                             -0.301126   data arrival time
---------------------------------------------------------------------------------------------
                                              7.448874   slack (MET)


Startpoint: B[9]$_SDFFE_PP1P_ (rising edge-triggered flip-flop clocked by clk)
Endpoint: B[9] (output port clocked by clk)
Path Group: clk
Path Type: max

Fanout         Cap        Slew       Delay        Time   Description
---------------------------------------------------------------------------------------------
                                  0.000000    0.000000   clock clk (rise edge)
                                  0.000000    0.000000   clock source latency
     1    0.017718    0.022106    0.010538    0.010538 ^ clk (in)
                                                         clk (net)
                      0.022190    0.000000    0.010538 ^ clkbuf_0_clk/A (sg13g2_buf_8)
     4    0.053526    0.025923    0.054212    0.064750 ^ clkbuf_0_clk/X (sg13g2_buf_8)
                                                         clknet_0_clk (net)
                      0.026496    0.002961    0.067711 ^ clkbuf_2_2__f_clk/A (sg13g2_buf_8)
     8    0.034554    0.020282    0.051784    0.119495 ^ clkbuf_2_2__f_clk/X (sg13g2_buf_8)
                                                         clknet_2_2__leaf_clk (net)
                      0.020467    0.001716    0.121212 ^ B[9]$_SDFFE_PP1P_/CLK (sg13g2_dfrbpq_1)
     3    0.011915    0.037173    0.126705    0.247917 ^ B[9]$_SDFFE_PP1P_/Q (sg13g2_dfrbpq_1)
                                                         net42 (net)
                      0.037184    0.000609    0.248526 ^ output26/A (sg13g2_buf_1)
     1    0.006718    0.024431    0.052298    0.300824 ^ output26/X (sg13g2_buf_1)
                                                         B[9] (net)
                      0.024434    0.000276    0.301100 ^ B[9] (out)
                                              0.301100   data arrival time

                                 10.000000   10.000000   clock clk (rise edge)
                                  0.000000   10.000000   clock network delay (propagated)
                                 -0.250000    9.750000   clock uncertainty
                                  0.000000    9.750000   clock reconvergence pessimism
                                 -2.000000    7.750000   output external delay
                                              7.750000   data required time
---------------------------------------------------------------------------------------------
                                              7.750000   data required time
                                             -0.301100   data arrival time
---------------------------------------------------------------------------------------------
                                              7.448899   slack (MET)


Startpoint: BN[1]$_SDFFE_PP1P_ (rising edge-triggered flip-flop clocked by clk)
Endpoint: BN[1] (output port clocked by clk)
Path Group: clk
Path Type: max

Fanout         Cap        Slew       Delay        Time   Description
---------------------------------------------------------------------------------------------
                                  0.000000    0.000000   clock clk (rise edge)
                                  0.000000    0.000000   clock source latency
     1    0.017718    0.022106    0.010538    0.010538 ^ clk (in)
                                                         clk (net)
                      0.022190    0.000000    0.010538 ^ clkbuf_0_clk/A (sg13g2_buf_8)
     4    0.053526    0.025923    0.054212    0.064750 ^ clkbuf_0_clk/X (sg13g2_buf_8)
                                                         clknet_0_clk (net)
                      0.026496    0.002961    0.067711 ^ clkbuf_2_2__f_clk/A (sg13g2_buf_8)
     8    0.034554    0.020282    0.051784    0.119495 ^ clkbuf_2_2__f_clk/X (sg13g2_buf_8)
                                                         clknet_2_2__leaf_clk (net)
                      0.020478    0.001770    0.121266 ^ BN[1]$_SDFFE_PP1P_/CLK (sg13g2_dfrbpq_1)
     3    0.011805    0.036905    0.126567    0.247833 ^ BN[1]$_SDFFE_PP1P_/Q (sg13g2_dfrbpq_1)
                                                         net22 (net)
                      0.036915    0.000588    0.248421 ^ output6/A (sg13g2_buf_1)
     1    0.006643    0.024240    0.052072    0.300493 ^ output6/X (sg13g2_buf_1)
                                                         BN[1] (net)
                      0.024244    0.000273    0.300766 ^ BN[1] (out)
                                              0.300766   data arrival time

                                 10.000000   10.000000   clock clk (rise edge)
                                  0.000000   10.000000   clock network delay (propagated)
                                 -0.250000    9.750000   clock uncertainty
                                  0.000000    9.750000   clock reconvergence pessimism
                                 -2.000000    7.750000   output external delay
                                              7.750000   data required time
---------------------------------------------------------------------------------------------
                                              7.750000   data required time
                                             -0.300766   data arrival time
---------------------------------------------------------------------------------------------
                                              7.449234   slack (MET)


Startpoint: BN[2]$_SDFFE_PP1P_ (rising edge-triggered flip-flop clocked by clk)
Endpoint: BN[2] (output port clocked by clk)
Path Group: clk
Path Type: max

Fanout         Cap        Slew       Delay        Time   Description
---------------------------------------------------------------------------------------------
                                  0.000000    0.000000   clock clk (rise edge)
                                  0.000000    0.000000   clock source latency
     1    0.017718    0.022106    0.010538    0.010538 ^ clk (in)
                                                         clk (net)
                      0.022190    0.000000    0.010538 ^ clkbuf_0_clk/A (sg13g2_buf_8)
     4    0.053526    0.025923    0.054212    0.064750 ^ clkbuf_0_clk/X (sg13g2_buf_8)
                                                         clknet_0_clk (net)
                      0.026429    0.002768    0.067518 ^ clkbuf_2_3__f_clk/A (sg13g2_buf_8)
     8    0.035624    0.020601    0.052115    0.119634 ^ clkbuf_2_3__f_clk/X (sg13g2_buf_8)
                                                         clknet_2_3__leaf_clk (net)
                      0.020731    0.001394    0.121028 ^ BN[2]$_SDFFE_PP1P_/CLK (sg13g2_dfrbpq_1)
     3    0.010322    0.033291    0.124007    0.245035 ^ BN[2]$_SDFFE_PP1P_/Q (sg13g2_dfrbpq_1)
                                                         net23 (net)
                      0.033296    0.000406    0.245441 ^ output7/A (sg13g2_buf_1)
     1    0.008728    0.029203    0.054827    0.300268 ^ output7/X (sg13g2_buf_1)
                                                         BN[2] (net)
                      0.029208    0.000388    0.300656 ^ BN[2] (out)
                                              0.300656   data arrival time

                                 10.000000   10.000000   clock clk (rise edge)
                                  0.000000   10.000000   clock network delay (propagated)
                                 -0.250000    9.750000   clock uncertainty
                                  0.000000    9.750000   clock reconvergence pessimism
                                 -2.000000    7.750000   output external delay
                                              7.750000   data required time
---------------------------------------------------------------------------------------------
                                              7.750000   data required time
                                             -0.300656   data arrival time
---------------------------------------------------------------------------------------------
                                              7.449344   slack (MET)


Startpoint: BN[9]$_SDFFE_PP1P_ (rising edge-triggered flip-flop clocked by clk)
Endpoint: BN[9] (output port clocked by clk)
Path Group: clk
Path Type: max

Fanout         Cap        Slew       Delay        Time   Description
---------------------------------------------------------------------------------------------
                                  0.000000    0.000000   clock clk (rise edge)
                                  0.000000    0.000000   clock source latency
     1    0.017718    0.022106    0.010538    0.010538 ^ clk (in)
                                                         clk (net)
                      0.022190    0.000000    0.010538 ^ clkbuf_0_clk/A (sg13g2_buf_8)
     4    0.053526    0.025923    0.054212    0.064750 ^ clkbuf_0_clk/X (sg13g2_buf_8)
                                                         clknet_0_clk (net)
                      0.026496    0.002961    0.067711 ^ clkbuf_2_2__f_clk/A (sg13g2_buf_8)
     8    0.034554    0.020282    0.051784    0.119495 ^ clkbuf_2_2__f_clk/X (sg13g2_buf_8)
                                                         clknet_2_2__leaf_clk (net)
                      0.020465    0.001704    0.121200 ^ BN[9]$_SDFFE_PP1P_/CLK (sg13g2_dfrbpq_1)
     3    0.011238    0.035519    0.125471    0.246671 ^ BN[9]$_SDFFE_PP1P_/Q (sg13g2_dfrbpq_1)
                                                         net30 (net)
                      0.035528    0.000574    0.247245 ^ output14/A (sg13g2_buf_1)
     1    0.006949    0.024933    0.052213    0.299458 ^ output14/X (sg13g2_buf_1)
                                                         BN[9] (net)
                      0.024936    0.000283    0.299740 ^ BN[9] (out)
                                              0.299740   data arrival time

                                 10.000000   10.000000   clock clk (rise edge)
                                  0.000000   10.000000   clock network delay (propagated)
                                 -0.250000    9.750000   clock uncertainty
                                  0.000000    9.750000   clock reconvergence pessimism
                                 -2.000000    7.750000   output external delay
                                              7.750000   data required time
---------------------------------------------------------------------------------------------
                                              7.750000   data required time
                                             -0.299740   data arrival time
---------------------------------------------------------------------------------------------
                                              7.450260   slack (MET)


Startpoint: B[1]$_SDFFE_PP1P_ (rising edge-triggered flip-flop clocked by clk)
Endpoint: B[1] (output port clocked by clk)
Path Group: clk
Path Type: max

Fanout         Cap        Slew       Delay        Time   Description
---------------------------------------------------------------------------------------------
                                  0.000000    0.000000   clock clk (rise edge)
                                  0.000000    0.000000   clock source latency
     1    0.017718    0.022106    0.010538    0.010538 ^ clk (in)
                                                         clk (net)
                      0.022190    0.000000    0.010538 ^ clkbuf_0_clk/A (sg13g2_buf_8)
     4    0.053526    0.025923    0.054212    0.064750 ^ clkbuf_0_clk/X (sg13g2_buf_8)
                                                         clknet_0_clk (net)
                      0.026468    0.002883    0.067633 ^ clkbuf_2_0__f_clk/A (sg13g2_buf_8)
     8    0.033783    0.020022    0.051435    0.119068 ^ clkbuf_2_0__f_clk/X (sg13g2_buf_8)
                                                         clknet_2_0__leaf_clk (net)
                      0.020288    0.001967    0.121035 ^ B[1]$_SDFFE_PP1P_/CLK (sg13g2_dfrbpq_1)
     3    0.010401    0.033484    0.124066    0.245101 ^ B[1]$_SDFFE_PP1P_/Q (sg13g2_dfrbpq_1)
                                                         net34 (net)
                      0.033484    0.000122    0.245223 ^ output18/A (sg13g2_buf_1)
     1    0.007683    0.026646    0.052934    0.298158 ^ output18/X (sg13g2_buf_1)
                                                         B[1] (net)
                      0.026650    0.000328    0.298485 ^ B[1] (out)
                                              0.298485   data arrival time

                                 10.000000   10.000000   clock clk (rise edge)
                                  0.000000   10.000000   clock network delay (propagated)
                                 -0.250000    9.750000   clock uncertainty
                                  0.000000    9.750000   clock reconvergence pessimism
                                 -2.000000    7.750000   output external delay
                                              7.750000   data required time
---------------------------------------------------------------------------------------------
                                              7.750000   data required time
                                             -0.298485   data arrival time
---------------------------------------------------------------------------------------------
                                              7.451514   slack (MET)


Startpoint: B[0]$_SDFFE_PP1P_ (rising edge-triggered flip-flop clocked by clk)
Endpoint: B[0] (output port clocked by clk)
Path Group: clk
Path Type: max

Fanout         Cap        Slew       Delay        Time   Description
---------------------------------------------------------------------------------------------
                                  0.000000    0.000000   clock clk (rise edge)
                                  0.000000    0.000000   clock source latency
     1    0.017718    0.022106    0.010538    0.010538 ^ clk (in)
                                                         clk (net)
                      0.022190    0.000000    0.010538 ^ clkbuf_0_clk/A (sg13g2_buf_8)
     4    0.053526    0.025923    0.054212    0.064750 ^ clkbuf_0_clk/X (sg13g2_buf_8)
                                                         clknet_0_clk (net)
                      0.026468    0.002883    0.067633 ^ clkbuf_2_0__f_clk/A (sg13g2_buf_8)
     8    0.033783    0.020022    0.051435    0.119068 ^ clkbuf_2_0__f_clk/X (sg13g2_buf_8)
                                                         clknet_2_0__leaf_clk (net)
                      0.020226    0.001701    0.120769 ^ B[0]$_SDFFE_PP1P_/CLK (sg13g2_dfrbpq_1)
     3    0.010277    0.033185    0.123796    0.244565 ^ B[0]$_SDFFE_PP1P_/Q (sg13g2_dfrbpq_1)
                                                         net31 (net)
                      0.033190    0.000418    0.244983 ^ output15/A (sg13g2_buf_1)
     1    0.007800    0.026912    0.052989    0.297972 ^ output15/X (sg13g2_buf_1)
                                                         B[0] (net)
                      0.026922    0.000491    0.298464 ^ B[0] (out)
                                              0.298464   data arrival time

                                 10.000000   10.000000   clock clk (rise edge)
                                  0.000000   10.000000   clock network delay (propagated)
                                 -0.250000    9.750000   clock uncertainty
                                  0.000000    9.750000   clock reconvergence pessimism
                                 -2.000000    7.750000   output external delay
                                              7.750000   data required time
---------------------------------------------------------------------------------------------
                                              7.750000   data required time
                                             -0.298464   data arrival time
---------------------------------------------------------------------------------------------
                                              7.451537   slack (MET)


Startpoint: B[5]$_SDFFE_PP1P_ (rising edge-triggered flip-flop clocked by clk)
Endpoint: B[5] (output port clocked by clk)
Path Group: clk
Path Type: max

Fanout         Cap        Slew       Delay        Time   Description
---------------------------------------------------------------------------------------------
                                  0.000000    0.000000   clock clk (rise edge)
                                  0.000000    0.000000   clock source latency
     1    0.017718    0.022106    0.010538    0.010538 ^ clk (in)
                                                         clk (net)
                      0.022190    0.000000    0.010538 ^ clkbuf_0_clk/A (sg13g2_buf_8)
     4    0.053526    0.025923    0.054212    0.064750 ^ clkbuf_0_clk/X (sg13g2_buf_8)
                                                         clknet_0_clk (net)
                      0.026496    0.002961    0.067711 ^ clkbuf_2_2__f_clk/A (sg13g2_buf_8)
     8    0.034554    0.020282    0.051784    0.119495 ^ clkbuf_2_2__f_clk/X (sg13g2_buf_8)
                                                         clknet_2_2__leaf_clk (net)
                      0.020322    0.000805    0.120300 ^ B[5]$_SDFFE_PP1P_/CLK (sg13g2_dfrbpq_1)
     3    0.010136    0.032829    0.123317    0.243617 ^ B[5]$_SDFFE_PP1P_/Q (sg13g2_dfrbpq_1)
                                                         net38 (net)
                      0.032856    0.000847    0.244464 ^ output22/A (sg13g2_buf_1)
     1    0.008113    0.027687    0.053610    0.298074 ^ output22/X (sg13g2_buf_1)
                                                         B[5] (net)
                      0.027689    0.000216    0.298290 ^ B[5] (out)
                                              0.298290   data arrival time

                                 10.000000   10.000000   clock clk (rise edge)
                                  0.000000   10.000000   clock network delay (propagated)
                                 -0.250000    9.750000   clock uncertainty
                                  0.000000    9.750000   clock reconvergence pessimism
                                 -2.000000    7.750000   output external delay
                                              7.750000   data required time
---------------------------------------------------------------------------------------------
                                              7.750000   data required time
                                             -0.298290   data arrival time
---------------------------------------------------------------------------------------------
                                              7.451711   slack (MET)


Startpoint: BN[6]$_SDFFE_PP1P_ (rising edge-triggered flip-flop clocked by clk)
Endpoint: BN[6] (output port clocked by clk)
Path Group: clk
Path Type: max

Fanout         Cap        Slew       Delay        Time   Description
---------------------------------------------------------------------------------------------
                                  0.000000    0.000000   clock clk (rise edge)
                                  0.000000    0.000000   clock source latency
     1    0.017718    0.022106    0.010538    0.010538 ^ clk (in)
                                                         clk (net)
                      0.022190    0.000000    0.010538 ^ clkbuf_0_clk/A (sg13g2_buf_8)
     4    0.053526    0.025923    0.054212    0.064750 ^ clkbuf_0_clk/X (sg13g2_buf_8)
                                                         clknet_0_clk (net)
                      0.026429    0.002768    0.067518 ^ clkbuf_2_3__f_clk/A (sg13g2_buf_8)
     8    0.035624    0.020601    0.052115    0.119634 ^ clkbuf_2_3__f_clk/X (sg13g2_buf_8)
                                                         clknet_2_3__leaf_clk (net)
                      0.020703    0.001216    0.120850 ^ BN[6]$_SDFFE_PP1P_/CLK (sg13g2_dfrbpq_1)
     3    0.010811    0.034476    0.124785    0.245635 ^ BN[6]$_SDFFE_PP1P_/Q (sg13g2_dfrbpq_1)
                                                         net27 (net)
                      0.034487    0.000587    0.246222 ^ output11/A (sg13g2_buf_1)
     1    0.006657    0.024189    0.051330    0.297552 ^ output11/X (sg13g2_buf_1)
                                                         BN[6] (net)
                      0.024192    0.000278    0.297830 ^ BN[6] (out)
                                              0.297830   data arrival time

                                 10.000000   10.000000   clock clk (rise edge)
                                  0.000000   10.000000   clock network delay (propagated)
                                 -0.250000    9.750000   clock uncertainty
                                  0.000000    9.750000   clock reconvergence pessimism
                                 -2.000000    7.750000   output external delay
                                              7.750000   data required time
---------------------------------------------------------------------------------------------
                                              7.750000   data required time
                                             -0.297830   data arrival time
---------------------------------------------------------------------------------------------
                                              7.452170   slack (MET)


Startpoint: B[6]$_SDFFE_PP1P_ (rising edge-triggered flip-flop clocked by clk)
Endpoint: B[6] (output port clocked by clk)
Path Group: clk
Path Type: max

Fanout         Cap        Slew       Delay        Time   Description
---------------------------------------------------------------------------------------------
                                  0.000000    0.000000   clock clk (rise edge)
                                  0.000000    0.000000   clock source latency
     1    0.017718    0.022106    0.010538    0.010538 ^ clk (in)
                                                         clk (net)
                      0.022190    0.000000    0.010538 ^ clkbuf_0_clk/A (sg13g2_buf_8)
     4    0.053526    0.025923    0.054212    0.064750 ^ clkbuf_0_clk/X (sg13g2_buf_8)
                                                         clknet_0_clk (net)
                      0.026429    0.002768    0.067518 ^ clkbuf_2_3__f_clk/A (sg13g2_buf_8)
     8    0.035624    0.020601    0.052115    0.119634 ^ clkbuf_2_3__f_clk/X (sg13g2_buf_8)
                                                         clknet_2_3__leaf_clk (net)
                      0.020709    0.001258    0.120891 ^ B[6]$_SDFFE_PP1P_/CLK (sg13g2_dfrbpq_1)
     3    0.009431    0.031130    0.122287    0.243178 ^ B[6]$_SDFFE_PP1P_/Q (sg13g2_dfrbpq_1)
                                                         net39 (net)
                      0.031139    0.000513    0.243691 ^ output23/A (sg13g2_buf_1)
     1    0.007808    0.026885    0.052489    0.296180 ^ output23/X (sg13g2_buf_1)
                                                         B[6] (net)
                      0.026887    0.000214    0.296394 ^ B[6] (out)
                                              0.296394   data arrival time

                                 10.000000   10.000000   clock clk (rise edge)
                                  0.000000   10.000000   clock network delay (propagated)
                                 -0.250000    9.750000   clock uncertainty
                                  0.000000    9.750000   clock reconvergence pessimism
                                 -2.000000    7.750000   output external delay
                                              7.750000   data required time
---------------------------------------------------------------------------------------------
                                              7.750000   data required time
                                             -0.296394   data arrival time
---------------------------------------------------------------------------------------------
                                              7.453606   slack (MET)


Startpoint: BN[5]$_SDFFE_PP1P_ (rising edge-triggered flip-flop clocked by clk)
Endpoint: BN[5] (output port clocked by clk)
Path Group: clk
Path Type: max

Fanout         Cap        Slew       Delay        Time   Description
---------------------------------------------------------------------------------------------
                                  0.000000    0.000000   clock clk (rise edge)
                                  0.000000    0.000000   clock source latency
     1    0.017718    0.022106    0.010538    0.010538 ^ clk (in)
                                                         clk (net)
                      0.022190    0.000000    0.010538 ^ clkbuf_0_clk/A (sg13g2_buf_8)
     4    0.053526    0.025923    0.054212    0.064750 ^ clkbuf_0_clk/X (sg13g2_buf_8)
                                                         clknet_0_clk (net)
                      0.026496    0.002961    0.067711 ^ clkbuf_2_2__f_clk/A (sg13g2_buf_8)
     8    0.034554    0.020282    0.051784    0.119495 ^ clkbuf_2_2__f_clk/X (sg13g2_buf_8)
                                                         clknet_2_2__leaf_clk (net)
                      0.020325    0.000824    0.120320 ^ BN[5]$_SDFFE_PP1P_/CLK (sg13g2_dfrbpq_1)
     3    0.009395    0.031087    0.122248    0.242568 ^ BN[5]$_SDFFE_PP1P_/Q (sg13g2_dfrbpq_1)
                                                         net26 (net)
                      0.031088    0.000209    0.242777 ^ output10/A (sg13g2_buf_1)
     1    0.008119    0.027645    0.053058    0.295835 ^ output10/X (sg13g2_buf_1)
                                                         BN[5] (net)
                      0.027646    0.000224    0.296059 ^ BN[5] (out)
                                              0.296059   data arrival time

                                 10.000000   10.000000   clock clk (rise edge)
                                  0.000000   10.000000   clock network delay (propagated)
                                 -0.250000    9.750000   clock uncertainty
                                  0.000000    9.750000   clock reconvergence pessimism
                                 -2.000000    7.750000   output external delay
                                              7.750000   data required time
---------------------------------------------------------------------------------------------
                                              7.750000   data required time
                                             -0.296059   data arrival time
---------------------------------------------------------------------------------------------
                                              7.453941   slack (MET)


Startpoint: B[10]$_SDFFE_PP1P_ (rising edge-triggered flip-flop clocked by clk)
Endpoint: B[10] (output port clocked by clk)
Path Group: clk
Path Type: max

Fanout         Cap        Slew       Delay        Time   Description
---------------------------------------------------------------------------------------------
                                  0.000000    0.000000   clock clk (rise edge)
                                  0.000000    0.000000   clock source latency
     1    0.017718    0.022106    0.010538    0.010538 ^ clk (in)
                                                         clk (net)
                      0.022190    0.000000    0.010538 ^ clkbuf_0_clk/A (sg13g2_buf_8)
     4    0.053526    0.025923    0.054212    0.064750 ^ clkbuf_0_clk/X (sg13g2_buf_8)
                                                         clknet_0_clk (net)
                      0.026496    0.002961    0.067711 ^ clkbuf_2_2__f_clk/A (sg13g2_buf_8)
     8    0.034554    0.020282    0.051784    0.119495 ^ clkbuf_2_2__f_clk/X (sg13g2_buf_8)
                                                         clknet_2_2__leaf_clk (net)
                      0.020430    0.001525    0.121021 ^ B[10]$_SDFFE_PP1P_/CLK (sg13g2_dfrbpq_1)
     3    0.008587    0.029105    0.120729    0.241750 ^ B[10]$_SDFFE_PP1P_/Q (sg13g2_dfrbpq_1)
                                                         net32 (net)
                      0.029106    0.000230    0.241980 ^ output16/A (sg13g2_buf_1)
     1    0.008001    0.027292    0.052209    0.294189 ^ output16/X (sg13g2_buf_1)
                                                         B[10] (net)
                      0.027294    0.000221    0.294409 ^ B[10] (out)
                                              0.294409   data arrival time

                                 10.000000   10.000000   clock clk (rise edge)
                                  0.000000   10.000000   clock network delay (propagated)
                                 -0.250000    9.750000   clock uncertainty
                                  0.000000    9.750000   clock reconvergence pessimism
                                 -2.000000    7.750000   output external delay
                                              7.750000   data required time
---------------------------------------------------------------------------------------------
                                              7.750000   data required time
                                             -0.294409   data arrival time
---------------------------------------------------------------------------------------------
                                              7.455591   slack (MET)



