
===========================================================================
report_checks -path_delay min (Hold)
============================================================================
======================= nom_fast_1p32V_m40C Corner ===================================

Startpoint: B[10]$_SDFFE_PP1P_ (rising edge-triggered flip-flop clocked by clk)
Endpoint: B[10]$_SDFFE_PP1P_ (rising edge-triggered flip-flop clocked by clk)
Path Group: clk
Path Type: min

Fanout         Cap        Slew       Delay        Time   Description
---------------------------------------------------------------------------------------------
                                  0.000000    0.000000   clock clk (rise edge)
                                  0.000000    0.000000   clock source latency
     1    0.017718    0.022106    0.010538    0.010538 ^ clk (in)
                                                         clk (net)
                      0.022190    0.000000    0.010538 ^ clkbuf_0_clk/A (sg13g2_buf_8)
     4    0.053526    0.025923    0.054212    0.064750 ^ clkbuf_0_clk/X (sg13g2_buf_8)
                                                         clknet_0_clk (net)
                      0.026496    0.002961    0.067711 ^ clkbuf_2_2__f_clk/A (sg13g2_buf_8)
     8    0.034554    0.020282    0.051784    0.119495 ^ clkbuf_2_2__f_clk/X (sg13g2_buf_8)
                                                         clknet_2_2__leaf_clk (net)
                      0.020430    0.001525    0.121021 ^ B[10]$_SDFFE_PP1P_/CLK (sg13g2_dfrbpq_1)
     3    0.008470    0.023915    0.118884    0.239904 v B[10]$_SDFFE_PP1P_/Q (sg13g2_dfrbpq_1)
                                                         net32 (net)
                      0.023916    0.000221    0.240125 v hold19/A (sg13g2_dlygate4sd3_1)
     1    0.003292    0.026224    0.251913    0.492039 v hold19/X (sg13g2_dlygate4sd3_1)
                                                         net102 (net)
                      0.026224    0.000252    0.492290 v _132_/A1 (sg13g2_a21o_1)
     1    0.002320    0.015276    0.065958    0.558249 v _132_/X (sg13g2_a21o_1)
                                                         _013_ (net)
                      0.015276    0.000145    0.558394 v B[10]$_SDFFE_PP1P_/D (sg13g2_dfrbpq_1)
                                              0.558394   data arrival time

                                  0.000000    0.000000   clock clk (rise edge)
                                  0.000000    0.000000   clock source latency
     1    0.017718    0.022106    0.010538    0.010538 ^ clk (in)
                                                         clk (net)
                      0.022190    0.000000    0.010538 ^ clkbuf_0_clk/A (sg13g2_buf_8)
     4    0.053526    0.025923    0.054212    0.064750 ^ clkbuf_0_clk/X (sg13g2_buf_8)
                                                         clknet_0_clk (net)
                      0.026496    0.002961    0.067711 ^ clkbuf_2_2__f_clk/A (sg13g2_buf_8)
     8    0.034554    0.020282    0.051784    0.119495 ^ clkbuf_2_2__f_clk/X (sg13g2_buf_8)
                                                         clknet_2_2__leaf_clk (net)
                      0.020430    0.001525    0.121021 ^ B[10]$_SDFFE_PP1P_/CLK (sg13g2_dfrbpq_1)
                                  0.250000    0.371021   clock uncertainty
                                  0.000000    0.371021   clock reconvergence pessimism
                                 -0.020947    0.350073   library hold time
                                              0.350073   data required time
---------------------------------------------------------------------------------------------
                                              0.350073   data required time
                                             -0.558394   data arrival time
---------------------------------------------------------------------------------------------
                                              0.208321   slack (MET)


Startpoint: B[0]$_SDFFE_PP1P_ (rising edge-triggered flip-flop clocked by clk)
Endpoint: B[0]$_SDFFE_PP1P_ (rising edge-triggered flip-flop clocked by clk)
Path Group: clk
Path Type: min

Fanout         Cap        Slew       Delay        Time   Description
---------------------------------------------------------------------------------------------
                                  0.000000    0.000000   clock clk (rise edge)
                                  0.000000    0.000000   clock source latency
     1    0.017718    0.022106    0.010538    0.010538 ^ clk (in)
                                                         clk (net)
                      0.022190    0.000000    0.010538 ^ clkbuf_0_clk/A (sg13g2_buf_8)
     4    0.053526    0.025923    0.054212    0.064750 ^ clkbuf_0_clk/X (sg13g2_buf_8)
                                                         clknet_0_clk (net)
                      0.026468    0.002883    0.067633 ^ clkbuf_2_0__f_clk/A (sg13g2_buf_8)
     8    0.033783    0.020022    0.051435    0.119068 ^ clkbuf_2_0__f_clk/X (sg13g2_buf_8)
                                                         clknet_2_0__leaf_clk (net)
                      0.020226    0.001701    0.120769 ^ B[0]$_SDFFE_PP1P_/CLK (sg13g2_dfrbpq_1)
     3    0.010160    0.027319    0.121540    0.242310 v B[0]$_SDFFE_PP1P_/Q (sg13g2_dfrbpq_1)
                                                         net31 (net)
                      0.027321    0.000273    0.242582 v hold24/A (sg13g2_dlygate4sd3_1)
     1    0.005018    0.029261    0.257658    0.500240 v hold24/X (sg13g2_dlygate4sd3_1)
                                                         net107 (net)
                      0.029261    0.000351    0.500591 v _130_/A1 (sg13g2_a21o_1)
     1    0.002029    0.013457    0.066257    0.566848 v _130_/X (sg13g2_a21o_1)
                                                         _012_ (net)
                      0.013457    0.000076    0.566925 v B[0]$_SDFFE_PP1P_/D (sg13g2_dfrbpq_1)
                                              0.566925   data arrival time

                                  0.000000    0.000000   clock clk (rise edge)
                                  0.000000    0.000000   clock source latency
     1    0.017718    0.022106    0.010538    0.010538 ^ clk (in)
                                                         clk (net)
                      0.022190    0.000000    0.010538 ^ clkbuf_0_clk/A (sg13g2_buf_8)
     4    0.053526    0.025923    0.054212    0.064750 ^ clkbuf_0_clk/X (sg13g2_buf_8)
                                                         clknet_0_clk (net)
                      0.026468    0.002883    0.067633 ^ clkbuf_2_0__f_clk/A (sg13g2_buf_8)
     8    0.033783    0.020022    0.051435    0.119068 ^ clkbuf_2_0__f_clk/X (sg13g2_buf_8)
                                                         clknet_2_0__leaf_clk (net)
                      0.020226    0.001701    0.120769 ^ B[0]$_SDFFE_PP1P_/CLK (sg13g2_dfrbpq_1)
                                  0.250000    0.370769   clock uncertainty
                                  0.000000    0.370769   clock reconvergence pessimism
                                 -0.020560    0.350210   library hold time
                                              0.350210   data required time
---------------------------------------------------------------------------------------------
                                              0.350210   data required time
                                             -0.566925   data arrival time
---------------------------------------------------------------------------------------------
                                              0.216715   slack (MET)


Startpoint: BN[10]$_SDFFE_PP1P_ (rising edge-triggered flip-flop clocked by clk)
Endpoint: BN[10]$_SDFFE_PP1P_ (rising edge-triggered flip-flop clocked by clk)
Path Group: clk
Path Type: min

Fanout         Cap        Slew       Delay        Time   Description
---------------------------------------------------------------------------------------------
                                  0.000000    0.000000   clock clk (rise edge)
                                  0.000000    0.000000   clock source latency
     1    0.017718    0.022106    0.010538    0.010538 ^ clk (in)
                                                         clk (net)
                      0.022190    0.000000    0.010538 ^ clkbuf_0_clk/A (sg13g2_buf_8)
     4    0.053526    0.025923    0.054212    0.064750 ^ clkbuf_0_clk/X (sg13g2_buf_8)
                                                         clknet_0_clk (net)
                      0.026429    0.002768    0.067518 ^ clkbuf_2_3__f_clk/A (sg13g2_buf_8)
     8    0.035624    0.020601    0.052115    0.119634 ^ clkbuf_2_3__f_clk/X (sg13g2_buf_8)
                                                         clknet_2_3__leaf_clk (net)
                      0.020725    0.001358    0.120991 ^ BN[10]$_SDFFE_PP1P_/CLK (sg13g2_dfrbpq_1)
     3    0.011517    0.029991    0.123777    0.244768 v BN[10]$_SDFFE_PP1P_/Q (sg13g2_dfrbpq_1)
                                                         net20 (net)
                      0.030003    0.000559    0.245328 v hold26/A (sg13g2_dlygate4sd3_1)
     1    0.004338    0.028206    0.257376    0.502704 v hold26/X (sg13g2_dlygate4sd3_1)
                                                         net109 (net)
                      0.028206    0.000295    0.502999 v _105_/A1 (sg13g2_a21o_1)
     1    0.002057    0.013494    0.066017    0.569016 v _105_/X (sg13g2_a21o_1)
                                                         _001_ (net)
                      0.013494    0.000077    0.569093 v BN[10]$_SDFFE_PP1P_/D (sg13g2_dfrbpq_1)
                                              0.569093   data arrival time

                                  0.000000    0.000000   clock clk (rise edge)
                                  0.000000    0.000000   clock source latency
     1    0.017718    0.022106    0.010538    0.010538 ^ clk (in)
                                                         clk (net)
                      0.022190    0.000000    0.010538 ^ clkbuf_0_clk/A (sg13g2_buf_8)
     4    0.053526    0.025923    0.054212    0.064750 ^ clkbuf_0_clk/X (sg13g2_buf_8)
                                                         clknet_0_clk (net)
                      0.026429    0.002768    0.067518 ^ clkbuf_2_3__f_clk/A (sg13g2_buf_8)
     8    0.035624    0.020601    0.052115    0.119634 ^ clkbuf_2_3__f_clk/X (sg13g2_buf_8)
                                                         clknet_2_3__leaf_clk (net)
                      0.020725    0.001358    0.120991 ^ BN[10]$_SDFFE_PP1P_/CLK (sg13g2_dfrbpq_1)
                                  0.250000    0.370991   clock uncertainty
                                  0.000000    0.370991   clock reconvergence pessimism
                                 -0.020489    0.350503   library hold time
                                              0.350503   data required time
---------------------------------------------------------------------------------------------
                                              0.350503   data required time
                                             -0.569093   data arrival time
---------------------------------------------------------------------------------------------
                                              0.218591   slack (MET)


Startpoint: B[1]$_SDFFE_PP1P_ (rising edge-triggered flip-flop clocked by clk)
Endpoint: B[1]$_SDFFE_PP1P_ (rising edge-triggered flip-flop clocked by clk)
Path Group: clk
Path Type: min

Fanout         Cap        Slew       Delay        Time   Description
---------------------------------------------------------------------------------------------
                                  0.000000    0.000000   clock clk (rise edge)
                                  0.000000    0.000000   clock source latency
     1    0.017718    0.022106    0.010538    0.010538 ^ clk (in)
                                                         clk (net)
                      0.022190    0.000000    0.010538 ^ clkbuf_0_clk/A (sg13g2_buf_8)
     4    0.053526    0.025923    0.054212    0.064750 ^ clkbuf_0_clk/X (sg13g2_buf_8)
                                                         clknet_0_clk (net)
                      0.026468    0.002883    0.067633 ^ clkbuf_2_0__f_clk/A (sg13g2_buf_8)
     8    0.033783    0.020022    0.051435    0.119068 ^ clkbuf_2_0__f_clk/X (sg13g2_buf_8)
                                                         clknet_2_0__leaf_clk (net)
                      0.020288    0.001967    0.121035 ^ B[1]$_SDFFE_PP1P_/CLK (sg13g2_dfrbpq_1)
     3    0.010284    0.027558    0.121782    0.242817 v B[1]$_SDFFE_PP1P_/Q (sg13g2_dfrbpq_1)
                                                         net34 (net)
                      0.027564    0.000389    0.243205 v hold4/A (sg13g2_dlygate4sd3_1)
     1    0.004972    0.029190    0.257663    0.500869 v hold4/X (sg13g2_dlygate4sd3_1)
                                                         net87 (net)
                      0.029190    0.000354    0.501223 v _136_/A1 (sg13g2_a21o_1)
     1    0.002597    0.016054    0.067306    0.568528 v _136_/X (sg13g2_a21o_1)
                                                         _015_ (net)
                      0.016054    0.000163    0.568691 v B[1]$_SDFFE_PP1P_/D (sg13g2_dfrbpq_1)
                                              0.568691   data arrival time

                                  0.000000    0.000000   clock clk (rise edge)
                                  0.000000    0.000000   clock source latency
     1    0.017718    0.022106    0.010538    0.010538 ^ clk (in)
                                                         clk (net)
                      0.022190    0.000000    0.010538 ^ clkbuf_0_clk/A (sg13g2_buf_8)
     4    0.053526    0.025923    0.054212    0.064750 ^ clkbuf_0_clk/X (sg13g2_buf_8)
                                                         clknet_0_clk (net)
                      0.026468    0.002883    0.067633 ^ clkbuf_2_0__f_clk/A (sg13g2_buf_8)
     8    0.033783    0.020022    0.051435    0.119068 ^ clkbuf_2_0__f_clk/X (sg13g2_buf_8)
                                                         clknet_2_0__leaf_clk (net)
                      0.020288    0.001967    0.121035 ^ B[1]$_SDFFE_PP1P_/CLK (sg13g2_dfrbpq_1)
                                  0.250000    0.371035   clock uncertainty
                                  0.000000    0.371035   clock reconvergence pessimism
                                 -0.021150    0.349885   library hold time
                                              0.349885   data required time
---------------------------------------------------------------------------------------------
                                              0.349885   data required time
                                             -0.568691   data arrival time
---------------------------------------------------------------------------------------------
                                              0.218806   slack (MET)


Startpoint: BN[0]$_SDFFE_PP1P_ (rising edge-triggered flip-flop clocked by clk)
Endpoint: BN[0]$_SDFFE_PP1P_ (rising edge-triggered flip-flop clocked by clk)
Path Group: clk
Path Type: min

Fanout         Cap        Slew       Delay        Time   Description
---------------------------------------------------------------------------------------------
                                  0.000000    0.000000   clock clk (rise edge)
                                  0.000000    0.000000   clock source latency
     1    0.017718    0.022106    0.010538    0.010538 ^ clk (in)
                                                         clk (net)
                      0.022190    0.000000    0.010538 ^ clkbuf_0_clk/A (sg13g2_buf_8)
     4    0.053526    0.025923    0.054212    0.064750 ^ clkbuf_0_clk/X (sg13g2_buf_8)
                                                         clknet_0_clk (net)
                      0.026468    0.002883    0.067633 ^ clkbuf_2_0__f_clk/A (sg13g2_buf_8)
     8    0.033783    0.020022    0.051435    0.119068 ^ clkbuf_2_0__f_clk/X (sg13g2_buf_8)
                                                         clknet_2_0__leaf_clk (net)
                      0.020222    0.001681    0.120749 ^ BN[0]$_SDFFE_PP1P_/CLK (sg13g2_dfrbpq_1)
     3    0.011700    0.030363    0.123859    0.244608 v BN[0]$_SDFFE_PP1P_/Q (sg13g2_dfrbpq_1)
                                                         net19 (net)
                      0.030385    0.000745    0.245353 v hold25/A (sg13g2_dlygate4sd3_1)
     1    0.004598    0.028622    0.258173    0.503525 v hold25/X (sg13g2_dlygate4sd3_1)
                                                         net108 (net)
                      0.028622    0.000312    0.503838 v _101_/A1 (sg13g2_a21o_1)
     1    0.002575    0.014449    0.067102    0.570940 v _101_/X (sg13g2_a21o_1)
                                                         _000_ (net)
                      0.014449    0.000176    0.571116 v BN[0]$_SDFFE_PP1P_/D (sg13g2_dfrbpq_1)
                                              0.571116   data arrival time

                                  0.000000    0.000000   clock clk (rise edge)
                                  0.000000    0.000000   clock source latency
     1    0.017718    0.022106    0.010538    0.010538 ^ clk (in)
                                                         clk (net)
                      0.022190    0.000000    0.010538 ^ clkbuf_0_clk/A (sg13g2_buf_8)
     4    0.053526    0.025923    0.054212    0.064750 ^ clkbuf_0_clk/X (sg13g2_buf_8)
                                                         clknet_0_clk (net)
                      0.026468    0.002883    0.067633 ^ clkbuf_2_0__f_clk/A (sg13g2_buf_8)
     8    0.033783    0.020022    0.051435    0.119068 ^ clkbuf_2_0__f_clk/X (sg13g2_buf_8)
                                                         clknet_2_0__leaf_clk (net)
                      0.020222    0.001681    0.120749 ^ BN[0]$_SDFFE_PP1P_/CLK (sg13g2_dfrbpq_1)
                                  0.250000    0.370749   clock uncertainty
                                  0.000000    0.370749   clock reconvergence pessimism
                                 -0.020789    0.349960   library hold time
                                              0.349960   data required time
---------------------------------------------------------------------------------------------
                                              0.349960   data required time
                                             -0.571116   data arrival time
---------------------------------------------------------------------------------------------
                                              0.221156   slack (MET)


Startpoint: BN[2]$_SDFFE_PP1P_ (rising edge-triggered flip-flop clocked by clk)
Endpoint: BN[2]$_SDFFE_PP1P_ (rising edge-triggered flip-flop clocked by clk)
Path Group: clk
Path Type: min

Fanout         Cap        Slew       Delay        Time   Description
---------------------------------------------------------------------------------------------
                                  0.000000    0.000000   clock clk (rise edge)
                                  0.000000    0.000000   clock source latency
     1    0.017718    0.022106    0.010538    0.010538 ^ clk (in)
                                                         clk (net)
                      0.022190    0.000000    0.010538 ^ clkbuf_0_clk/A (sg13g2_buf_8)
     4    0.053526    0.025923    0.054212    0.064750 ^ clkbuf_0_clk/X (sg13g2_buf_8)
                                                         clknet_0_clk (net)
                      0.026429    0.002768    0.067518 ^ clkbuf_2_3__f_clk/A (sg13g2_buf_8)
     8    0.035624    0.020601    0.052115    0.119634 ^ clkbuf_2_3__f_clk/X (sg13g2_buf_8)
                                                         clknet_2_3__leaf_clk (net)
                      0.020731    0.001394    0.121028 ^ BN[2]$_SDFFE_PP1P_/CLK (sg13g2_dfrbpq_1)
     3    0.010205    0.027355    0.121743    0.242771 v BN[2]$_SDFFE_PP1P_/Q (sg13g2_dfrbpq_1)
                                                         net23 (net)
                      0.027362    0.000412    0.243183 v hold3/A (sg13g2_dlygate4sd3_1)
     1    0.005679    0.030739    0.259242    0.502425 v hold3/X (sg13g2_dlygate4sd3_1)
                                                         net86 (net)
                      0.030739    0.000369    0.502794 v _112_/A1 (sg13g2_a21o_1)
     1    0.003071    0.015353    0.068640    0.571434 v _112_/X (sg13g2_a21o_1)
                                                         _004_ (net)
                      0.015353    0.000177    0.571611 v BN[2]$_SDFFE_PP1P_/D (sg13g2_dfrbpq_1)
                                              0.571611   data arrival time

                                  0.000000    0.000000   clock clk (rise edge)
                                  0.000000    0.000000   clock source latency
     1    0.017718    0.022106    0.010538    0.010538 ^ clk (in)
                                                         clk (net)
                      0.022190    0.000000    0.010538 ^ clkbuf_0_clk/A (sg13g2_buf_8)
     4    0.053526    0.025923    0.054212    0.064750 ^ clkbuf_0_clk/X (sg13g2_buf_8)
                                                         clknet_0_clk (net)
                      0.026429    0.002768    0.067518 ^ clkbuf_2_3__f_clk/A (sg13g2_buf_8)
     8    0.035624    0.020601    0.052115    0.119634 ^ clkbuf_2_3__f_clk/X (sg13g2_buf_8)
                                                         clknet_2_3__leaf_clk (net)
                      0.020731    0.001394    0.121028 ^ BN[2]$_SDFFE_PP1P_/CLK (sg13g2_dfrbpq_1)
                                  0.250000    0.371028   clock uncertainty
                                  0.000000    0.371028   clock reconvergence pessimism
                                 -0.020917    0.350110   library hold time
                                              0.350110   data required time
---------------------------------------------------------------------------------------------
                                              0.350110   data required time
                                             -0.571611   data arrival time
---------------------------------------------------------------------------------------------
                                              0.221501   slack (MET)


Startpoint: B[8]$_SDFFE_PP1P_ (rising edge-triggered flip-flop clocked by clk)
Endpoint: B[8]$_SDFFE_PP1P_ (rising edge-triggered flip-flop clocked by clk)
Path Group: clk
Path Type: min

Fanout         Cap        Slew       Delay        Time   Description
---------------------------------------------------------------------------------------------
                                  0.000000    0.000000   clock clk (rise edge)
                                  0.000000    0.000000   clock source latency
     1    0.017718    0.022106    0.010538    0.010538 ^ clk (in)
                                                         clk (net)
                      0.022190    0.000000    0.010538 ^ clkbuf_0_clk/A (sg13g2_buf_8)
     4    0.053526    0.025923    0.054212    0.064750 ^ clkbuf_0_clk/X (sg13g2_buf_8)
                                                         clknet_0_clk (net)
                      0.026468    0.002883    0.067633 ^ clkbuf_2_0__f_clk/A (sg13g2_buf_8)
     8    0.033783    0.020022    0.051435    0.119068 ^ clkbuf_2_0__f_clk/X (sg13g2_buf_8)
                                                         clknet_2_0__leaf_clk (net)
                      0.020272    0.001897    0.120966 ^ B[8]$_SDFFE_PP1P_/CLK (sg13g2_dfrbpq_1)
     3    0.012635    0.032243    0.125423    0.246388 v B[8]$_SDFFE_PP1P_/Q (sg13g2_dfrbpq_1)
                                                         net41 (net)
                      0.032259    0.000658    0.247046 v hold15/A (sg13g2_dlygate4sd3_1)
     1    0.004695    0.028761    0.259327    0.506373 v hold15/X (sg13g2_dlygate4sd3_1)
                                                         net98 (net)
                      0.028761    0.000311    0.506684 v _150_/A1 (sg13g2_a21o_1)
     1    0.002369    0.014053    0.066757    0.573441 v _150_/X (sg13g2_a21o_1)
                                                         _022_ (net)
                      0.014053    0.000149    0.573589 v B[8]$_SDFFE_PP1P_/D (sg13g2_dfrbpq_1)
                                              0.573589   data arrival time

                                  0.000000    0.000000   clock clk (rise edge)
                                  0.000000    0.000000   clock source latency
     1    0.017718    0.022106    0.010538    0.010538 ^ clk (in)
                                                         clk (net)
                      0.022190    0.000000    0.010538 ^ clkbuf_0_clk/A (sg13g2_buf_8)
     4    0.053526    0.025923    0.054212    0.064750 ^ clkbuf_0_clk/X (sg13g2_buf_8)
                                                         clknet_0_clk (net)
                      0.026468    0.002883    0.067633 ^ clkbuf_2_0__f_clk/A (sg13g2_buf_8)
     8    0.033783    0.020022    0.051435    0.119068 ^ clkbuf_2_0__f_clk/X (sg13g2_buf_8)
                                                         clknet_2_0__leaf_clk (net)
                      0.020272    0.001897    0.120966 ^ B[8]$_SDFFE_PP1P_/CLK (sg13g2_dfrbpq_1)
                                  0.250000    0.370966   clock uncertainty
                                  0.000000    0.370966   clock reconvergence pessimism
                                 -0.020690    0.350276   library hold time
                                              0.350276   data required time
---------------------------------------------------------------------------------------------
                                              0.350276   data required time
                                             -0.573589   data arrival time
---------------------------------------------------------------------------------------------
                                              0.223314   slack (MET)


Startpoint: BN[1]$_SDFFE_PP1P_ (rising edge-triggered flip-flop clocked by clk)
Endpoint: BN[1]$_SDFFE_PP1P_ (rising edge-triggered flip-flop clocked by clk)
Path Group: clk
Path Type: min

Fanout         Cap        Slew       Delay        Time   Description
---------------------------------------------------------------------------------------------
                                  0.000000    0.000000   clock clk (rise edge)
                                  0.000000    0.000000   clock source latency
     1    0.017718    0.022106    0.010538    0.010538 ^ clk (in)
                                                         clk (net)
                      0.022190    0.000000    0.010538 ^ clkbuf_0_clk/A (sg13g2_buf_8)
     4    0.053526    0.025923    0.054212    0.064750 ^ clkbuf_0_clk/X (sg13g2_buf_8)
                                                         clknet_0_clk (net)
                      0.026496    0.002961    0.067711 ^ clkbuf_2_2__f_clk/A (sg13g2_buf_8)
     8    0.034554    0.020282    0.051784    0.119495 ^ clkbuf_2_2__f_clk/X (sg13g2_buf_8)
                                                         clknet_2_2__leaf_clk (net)
                      0.020478    0.001770    0.121266 ^ BN[1]$_SDFFE_PP1P_/CLK (sg13g2_dfrbpq_1)
     3    0.011688    0.030339    0.123942    0.245207 v BN[1]$_SDFFE_PP1P_/Q (sg13g2_dfrbpq_1)
                                                         net22 (net)
                      0.030351    0.000567    0.245774 v hold18/A (sg13g2_dlygate4sd3_1)
     1    0.005789    0.030949    0.260946    0.506721 v hold18/X (sg13g2_dlygate4sd3_1)
                                                         net101 (net)
                      0.030949    0.000416    0.507137 v _110_/A1 (sg13g2_a21o_1)
     1    0.002271    0.015472    0.067187    0.574323 v _110_/X (sg13g2_a21o_1)
                                                         _003_ (net)
                      0.015472    0.000087    0.574410 v BN[1]$_SDFFE_PP1P_/D (sg13g2_dfrbpq_1)
                                              0.574410   data arrival time

                                  0.000000    0.000000   clock clk (rise edge)
                                  0.000000    0.000000   clock source latency
     1    0.017718    0.022106    0.010538    0.010538 ^ clk (in)
                                                         clk (net)
                      0.022190    0.000000    0.010538 ^ clkbuf_0_clk/A (sg13g2_buf_8)
     4    0.053526    0.025923    0.054212    0.064750 ^ clkbuf_0_clk/X (sg13g2_buf_8)
                                                         clknet_0_clk (net)
                      0.026496    0.002961    0.067711 ^ clkbuf_2_2__f_clk/A (sg13g2_buf_8)
     8    0.034554    0.020282    0.051784    0.119495 ^ clkbuf_2_2__f_clk/X (sg13g2_buf_8)
                                                         clknet_2_2__leaf_clk (net)
                      0.020478    0.001770    0.121266 ^ BN[1]$_SDFFE_PP1P_/CLK (sg13g2_dfrbpq_1)
                                  0.250000    0.371266   clock uncertainty
                                  0.000000    0.371266   clock reconvergence pessimism
                                 -0.020985    0.350280   library hold time
                                              0.350280   data required time
---------------------------------------------------------------------------------------------
                                              0.350280   data required time
                                             -0.574410   data arrival time
---------------------------------------------------------------------------------------------
                                              0.224130   slack (MET)


Startpoint: dbit[3]$_SDFFE_PP1P_
            (rising edge-triggered flip-flop clocked by clk)
Endpoint: dbit[3]$_SDFFE_PP1P_ (rising edge-triggered flip-flop clocked by clk)
Path Group: clk
Path Type: min

Fanout         Cap        Slew       Delay        Time   Description
---------------------------------------------------------------------------------------------
                                  0.000000    0.000000   clock clk (rise edge)
                                  0.000000    0.000000   clock source latency
     1    0.017718    0.022106    0.010538    0.010538 ^ clk (in)
                                                         clk (net)
                      0.022190    0.000000    0.010538 ^ clkbuf_0_clk/A (sg13g2_buf_8)
     4    0.053526    0.025923    0.054212    0.064750 ^ clkbuf_0_clk/X (sg13g2_buf_8)
                                                         clknet_0_clk (net)
                      0.026410    0.002710    0.067461 ^ clkbuf_2_1__f_clk/A (sg13g2_buf_8)
     7    0.030098    0.019021    0.050593    0.118054 ^ clkbuf_2_1__f_clk/X (sg13g2_buf_8)
                                                         clknet_2_1__leaf_clk (net)
                      0.019235    0.002070    0.120124 ^ dbit[3]$_SDFFE_PP1P_/CLK (sg13g2_dfrbpq_2)
     3    0.016953    0.026517    0.129079    0.249203 v dbit[3]$_SDFFE_PP1P_/Q (sg13g2_dfrbpq_2)
                                                         dbit[3] (net)
                      0.026523    0.000381    0.249584 v hold41/A (sg13g2_dlygate4sd3_1)
     2    0.010630    0.041238    0.270325    0.519908 v hold41/X (sg13g2_dlygate4sd3_1)
                                                         net124 (net)
                      0.041238    0.000723    0.520631 v _175_/A1 (sg13g2_a21o_1)
     1    0.002687    0.014641    0.070844    0.591475 v _175_/X (sg13g2_a21o_1)
                                                         _027_ (net)
                      0.014641    0.000099    0.591574 v dbit[3]$_SDFFE_PP1P_/D (sg13g2_dfrbpq_2)
                                              0.591574   data arrival time

                                  0.000000    0.000000   clock clk (rise edge)
                                  0.000000    0.000000   clock source latency
     1    0.017718    0.022106    0.010538    0.010538 ^ clk (in)
                                                         clk (net)
                      0.022190    0.000000    0.010538 ^ clkbuf_0_clk/A (sg13g2_buf_8)
     4    0.053526    0.025923    0.054212    0.064750 ^ clkbuf_0_clk/X (sg13g2_buf_8)
                                                         clknet_0_clk (net)
                      0.026410    0.002710    0.067461 ^ clkbuf_2_1__f_clk/A (sg13g2_buf_8)
     7    0.030098    0.019021    0.050593    0.118054 ^ clkbuf_2_1__f_clk/X (sg13g2_buf_8)
                                                         clknet_2_1__leaf_clk (net)
                      0.019235    0.002070    0.120124 ^ dbit[3]$_SDFFE_PP1P_/CLK (sg13g2_dfrbpq_2)
                                  0.250000    0.370124   clock uncertainty
                                  0.000000    0.370124   clock reconvergence pessimism
                                 -0.020991    0.349133   library hold time
                                              0.349133   data required time
---------------------------------------------------------------------------------------------
                                              0.349133   data required time
                                             -0.591574   data arrival time
---------------------------------------------------------------------------------------------
                                              0.242441   slack (MET)


Startpoint: dbit[1]$_SDFFE_PP1P_
            (rising edge-triggered flip-flop clocked by clk)
Endpoint: B[7]$_SDFFE_PP1P_ (rising edge-triggered flip-flop clocked by clk)
Path Group: clk
Path Type: min

Fanout         Cap        Slew       Delay        Time   Description
---------------------------------------------------------------------------------------------
                                  0.000000    0.000000   clock clk (rise edge)
                                  0.000000    0.000000   clock source latency
     1    0.017718    0.022106    0.010538    0.010538 ^ clk (in)
                                                         clk (net)
                      0.022190    0.000000    0.010538 ^ clkbuf_0_clk/A (sg13g2_buf_8)
     4    0.053526    0.025923    0.054212    0.064750 ^ clkbuf_0_clk/X (sg13g2_buf_8)
                                                         clknet_0_clk (net)
                      0.026410    0.002710    0.067461 ^ clkbuf_2_1__f_clk/A (sg13g2_buf_8)
     7    0.030098    0.019021    0.050593    0.118054 ^ clkbuf_2_1__f_clk/X (sg13g2_buf_8)
                                                         clknet_2_1__leaf_clk (net)
                      0.019105    0.001423    0.119477 ^ dbit[1]$_SDFFE_PP1P_/CLK (sg13g2_dfrbpq_2)
     4    0.016749    0.026419    0.128667    0.248144 v dbit[1]$_SDFFE_PP1P_/Q (sg13g2_dfrbpq_2)
                                                         dbit[1] (net)
                      0.026486    0.001005    0.249148 v _147_/A (sg13g2_nand4_1)
     1    0.004493    0.023553    0.028295    0.277443 ^ _147_/Y (sg13g2_nand4_1)
                                                         _040_ (net)
                      0.023554    0.000338    0.277781 ^ _148_/A2 (sg13g2_a21o_1)
     1    0.004145    0.019294    0.067922    0.345703 ^ _148_/X (sg13g2_a21o_1)
                                                         _021_ (net)
                      0.019298    0.000232    0.345935 ^ hold12/A (sg13g2_dlygate4sd3_1)
     1    0.002146    0.021001    0.243256    0.589190 ^ hold12/X (sg13g2_dlygate4sd3_1)
                                                         net95 (net)
                      0.021001    0.000081    0.589272 ^ B[7]$_SDFFE_PP1P_/D (sg13g2_dfrbpq_1)
                                              0.589272   data arrival time

                                  0.000000    0.000000   clock clk (rise edge)
                                  0.000000    0.000000   clock source latency
     1    0.017718    0.022106    0.010538    0.010538 ^ clk (in)
                                                         clk (net)
                      0.022190    0.000000    0.010538 ^ clkbuf_0_clk/A (sg13g2_buf_8)
     4    0.053526    0.025923    0.054212    0.064750 ^ clkbuf_0_clk/X (sg13g2_buf_8)
                                                         clknet_0_clk (net)
                      0.026429    0.002768    0.067518 ^ clkbuf_2_3__f_clk/A (sg13g2_buf_8)
     8    0.035624    0.020601    0.052115    0.119634 ^ clkbuf_2_3__f_clk/X (sg13g2_buf_8)
                                                         clknet_2_3__leaf_clk (net)
                      0.020706    0.001233    0.120866 ^ B[7]$_SDFFE_PP1P_/CLK (sg13g2_dfrbpq_1)
                                  0.250000    0.370866   clock uncertainty
                                  0.000000    0.370866   clock reconvergence pessimism
                                 -0.041890    0.328976   library hold time
                                              0.328976   data required time
---------------------------------------------------------------------------------------------
                                              0.328976   data required time
                                             -0.589272   data arrival time
---------------------------------------------------------------------------------------------
                                              0.260296   slack (MET)


Startpoint: dbit[1]$_SDFFE_PP1P_
            (rising edge-triggered flip-flop clocked by clk)
Endpoint: BN[7]$_SDFFE_PP1P_ (rising edge-triggered flip-flop clocked by clk)
Path Group: clk
Path Type: min

Fanout         Cap        Slew       Delay        Time   Description
---------------------------------------------------------------------------------------------
                                  0.000000    0.000000   clock clk (rise edge)
                                  0.000000    0.000000   clock source latency
     1    0.017718    0.022106    0.010538    0.010538 ^ clk (in)
                                                         clk (net)
                      0.022190    0.000000    0.010538 ^ clkbuf_0_clk/A (sg13g2_buf_8)
     4    0.053526    0.025923    0.054212    0.064750 ^ clkbuf_0_clk/X (sg13g2_buf_8)
                                                         clknet_0_clk (net)
                      0.026410    0.002710    0.067461 ^ clkbuf_2_1__f_clk/A (sg13g2_buf_8)
     7    0.030098    0.019021    0.050593    0.118054 ^ clkbuf_2_1__f_clk/X (sg13g2_buf_8)
                                                         clknet_2_1__leaf_clk (net)
                      0.019105    0.001423    0.119477 ^ dbit[1]$_SDFFE_PP1P_/CLK (sg13g2_dfrbpq_2)
     4    0.016749    0.026419    0.128667    0.248144 v dbit[1]$_SDFFE_PP1P_/Q (sg13g2_dfrbpq_2)
                                                         dbit[1] (net)
                      0.026483    0.000978    0.249122 v _122_/A (sg13g2_nand4_1)
     1    0.004401    0.023345    0.028160    0.277282 ^ _122_/Y (sg13g2_nand4_1)
                                                         _067_ (net)
                      0.023345    0.000177    0.277459 ^ _123_/A2 (sg13g2_a21o_1)
     1    0.004722    0.018795    0.069028    0.346486 ^ _123_/X (sg13g2_a21o_1)
                                                         _009_ (net)
                      0.018802    0.000283    0.346770 ^ hold2/A (sg13g2_dlygate4sd3_1)
     1    0.002022    0.020720    0.242771    0.589541 ^ hold2/X (sg13g2_dlygate4sd3_1)
                                                         net85 (net)
                      0.020720    0.000078    0.589619 ^ BN[7]$_SDFFE_PP1P_/D (sg13g2_dfrbpq_1)
                                              0.589619   data arrival time

                                  0.000000    0.000000   clock clk (rise edge)
                                  0.000000    0.000000   clock source latency
     1    0.017718    0.022106    0.010538    0.010538 ^ clk (in)
                                                         clk (net)
                      0.022190    0.000000    0.010538 ^ clkbuf_0_clk/A (sg13g2_buf_8)
     4    0.053526    0.025923    0.054212    0.064750 ^ clkbuf_0_clk/X (sg13g2_buf_8)
                                                         clknet_0_clk (net)
                      0.026429    0.002768    0.067518 ^ clkbuf_2_3__f_clk/A (sg13g2_buf_8)
     8    0.035624    0.020601    0.052115    0.119634 ^ clkbuf_2_3__f_clk/X (sg13g2_buf_8)
                                                         clknet_2_3__leaf_clk (net)
                      0.020726    0.001365    0.120999 ^ BN[7]$_SDFFE_PP1P_/CLK (sg13g2_dfrbpq_1)
                                  0.250000    0.370999   clock uncertainty
                                  0.000000    0.370999   clock reconvergence pessimism
                                 -0.041830    0.329168   library hold time
                                              0.329168   data required time
---------------------------------------------------------------------------------------------
                                              0.329168   data required time
                                             -0.589619   data arrival time
---------------------------------------------------------------------------------------------
                                              0.260450   slack (MET)


Startpoint: dbit[0]$_SDFFE_PP1P_
            (rising edge-triggered flip-flop clocked by clk)
Endpoint: dbit[0]$_SDFFE_PP1P_ (rising edge-triggered flip-flop clocked by clk)
Path Group: clk
Path Type: min

Fanout         Cap        Slew       Delay        Time   Description
---------------------------------------------------------------------------------------------
                                  0.000000    0.000000   clock clk (rise edge)
                                  0.000000    0.000000   clock source latency
     1    0.017718    0.022106    0.010538    0.010538 ^ clk (in)
                                                         clk (net)
                      0.022190    0.000000    0.010538 ^ clkbuf_0_clk/A (sg13g2_buf_8)
     4    0.053526    0.025923    0.054212    0.064750 ^ clkbuf_0_clk/X (sg13g2_buf_8)
                                                         clknet_0_clk (net)
                      0.026410    0.002710    0.067461 ^ clkbuf_2_1__f_clk/A (sg13g2_buf_8)
     7    0.030098    0.019021    0.050593    0.118054 ^ clkbuf_2_1__f_clk/X (sg13g2_buf_8)
                                                         clknet_2_1__leaf_clk (net)
                      0.019134    0.001594    0.119647 ^ dbit[0]$_SDFFE_PP1P_/CLK (sg13g2_dfrbpq_1)
     2    0.007714    0.027001    0.118497    0.238144 ^ dbit[0]$_SDFFE_PP1P_/Q (sg13g2_dfrbpq_1)
                                                         dbit[0] (net)
                      0.027009    0.000426    0.238571 ^ hold42/A (sg13g2_dlygate4sd3_1)
     1    0.010520    0.040237    0.265071    0.503642 ^ hold42/X (sg13g2_dlygate4sd3_1)
                                                         net125 (net)
                      0.040237    0.000444    0.504086 ^ fanout4/A (sg13g2_buf_8)
     8    0.043526    0.023398    0.058342    0.562427 ^ fanout4/X (sg13g2_buf_8)
                                                         net4 (net)
                      0.024202    0.003109    0.565537 ^ _168_/A1 (sg13g2_o21ai_1)
     1    0.004062    0.024868    0.044178    0.609715 v _168_/Y (sg13g2_o21ai_1)
                                                         _024_ (net)
                      0.024874    0.000222    0.609936 v dbit[0]$_SDFFE_PP1P_/D (sg13g2_dfrbpq_1)
                                              0.609936   data arrival time

                                  0.000000    0.000000   clock clk (rise edge)
                                  0.000000    0.000000   clock source latency
     1    0.017718    0.022106    0.010538    0.010538 ^ clk (in)
                                                         clk (net)
                      0.022190    0.000000    0.010538 ^ clkbuf_0_clk/A (sg13g2_buf_8)
     4    0.053526    0.025923    0.054212    0.064750 ^ clkbuf_0_clk/X (sg13g2_buf_8)
                                                         clknet_0_clk (net)
                      0.026410    0.002710    0.067461 ^ clkbuf_2_1__f_clk/A (sg13g2_buf_8)
     7    0.030098    0.019021    0.050593    0.118054 ^ clkbuf_2_1__f_clk/X (sg13g2_buf_8)
                                                         clknet_2_1__leaf_clk (net)
                      0.019134    0.001594    0.119647 ^ dbit[0]$_SDFFE_PP1P_/CLK (sg13g2_dfrbpq_1)
                                  0.250000    0.369647   clock uncertainty
                                  0.000000    0.369647   clock reconvergence pessimism
                                 -0.023372    0.346276   library hold time
                                              0.346276   data required time
---------------------------------------------------------------------------------------------
                                              0.346276   data required time
                                             -0.609936   data arrival time
---------------------------------------------------------------------------------------------
                                              0.263661   slack (MET)


Startpoint: dbit[1]$_SDFFE_PP1P_
            (rising edge-triggered flip-flop clocked by clk)
Endpoint: B[3]$_SDFFE_PP1P_ (rising edge-triggered flip-flop clocked by clk)
Path Group: clk
Path Type: min

Fanout         Cap        Slew       Delay        Time   Description
---------------------------------------------------------------------------------------------
                                  0.000000    0.000000   clock clk (rise edge)
                                  0.000000    0.000000   clock source latency
     1    0.017718    0.022106    0.010538    0.010538 ^ clk (in)
                                                         clk (net)
                      0.022190    0.000000    0.010538 ^ clkbuf_0_clk/A (sg13g2_buf_8)
     4    0.053526    0.025923    0.054212    0.064750 ^ clkbuf_0_clk/X (sg13g2_buf_8)
                                                         clknet_0_clk (net)
                      0.026410    0.002710    0.067461 ^ clkbuf_2_1__f_clk/A (sg13g2_buf_8)
     7    0.030098    0.019021    0.050593    0.118054 ^ clkbuf_2_1__f_clk/X (sg13g2_buf_8)
                                                         clknet_2_1__leaf_clk (net)
                      0.019105    0.001423    0.119477 ^ dbit[1]$_SDFFE_PP1P_/CLK (sg13g2_dfrbpq_2)
     4    0.016749    0.026419    0.128667    0.248144 v dbit[1]$_SDFFE_PP1P_/Q (sg13g2_dfrbpq_2)
                                                         dbit[1] (net)
                      0.026469    0.000833    0.248977 v _139_/A (sg13g2_nand4_1)
     1    0.007418    0.030278    0.033769    0.282746 ^ _139_/Y (sg13g2_nand4_1)
                                                         _036_ (net)
                      0.030315    0.000790    0.283536 ^ _140_/A2 (sg13g2_a21o_1)
     1    0.003814    0.016710    0.069418    0.352954 ^ _140_/X (sg13g2_a21o_1)
                                                         _017_ (net)
                      0.016710    0.000146    0.353100 ^ hold17/A (sg13g2_dlygate4sd3_1)
     1    0.001610    0.019797    0.240968    0.594068 ^ hold17/X (sg13g2_dlygate4sd3_1)
                                                         net100 (net)
                      0.019797    0.000123    0.594191 ^ B[3]$_SDFFE_PP1P_/D (sg13g2_dfrbpq_1)
                                              0.594191   data arrival time

                                  0.000000    0.000000   clock clk (rise edge)
                                  0.000000    0.000000   clock source latency
     1    0.017718    0.022106    0.010538    0.010538 ^ clk (in)
                                                         clk (net)
                      0.022190    0.000000    0.010538 ^ clkbuf_0_clk/A (sg13g2_buf_8)
     4    0.053526    0.025923    0.054212    0.064750 ^ clkbuf_0_clk/X (sg13g2_buf_8)
                                                         clknet_0_clk (net)
                      0.026410    0.002710    0.067461 ^ clkbuf_2_1__f_clk/A (sg13g2_buf_8)
     7    0.030098    0.019021    0.050593    0.118054 ^ clkbuf_2_1__f_clk/X (sg13g2_buf_8)
                                                         clknet_2_1__leaf_clk (net)
                      0.019117    0.001495    0.119549 ^ B[3]$_SDFFE_PP1P_/CLK (sg13g2_dfrbpq_1)
                                  0.250000    0.369549   clock uncertainty
                                  0.000000    0.369549   clock reconvergence pessimism
                                 -0.041773    0.327776   library hold time
                                              0.327776   data required time
---------------------------------------------------------------------------------------------
                                              0.327776   data required time
                                             -0.594191   data arrival time
---------------------------------------------------------------------------------------------
                                              0.266414   slack (MET)


Startpoint: dbit[3]$_SDFFE_PP1P_
            (rising edge-triggered flip-flop clocked by clk)
Endpoint: B[2]$_SDFFE_PP1P_ (rising edge-triggered flip-flop clocked by clk)
Path Group: clk
Path Type: min

Fanout         Cap        Slew       Delay        Time   Description
---------------------------------------------------------------------------------------------
                                  0.000000    0.000000   clock clk (rise edge)
                                  0.000000    0.000000   clock source latency
     1    0.017718    0.022106    0.010538    0.010538 ^ clk (in)
                                                         clk (net)
                      0.022190    0.000000    0.010538 ^ clkbuf_0_clk/A (sg13g2_buf_8)
     4    0.053526    0.025923    0.054212    0.064750 ^ clkbuf_0_clk/X (sg13g2_buf_8)
                                                         clknet_0_clk (net)
                      0.026410    0.002710    0.067461 ^ clkbuf_2_1__f_clk/A (sg13g2_buf_8)
     7    0.030098    0.019021    0.050593    0.118054 ^ clkbuf_2_1__f_clk/X (sg13g2_buf_8)
                                                         clknet_2_1__leaf_clk (net)
                      0.019235    0.002070    0.120124 ^ dbit[3]$_SDFFE_PP1P_/CLK (sg13g2_dfrbpq_2)
     3    0.017039    0.031099    0.130003    0.250127 ^ dbit[3]$_SDFFE_PP1P_/Q (sg13g2_dfrbpq_2)
                                                         dbit[3] (net)
                      0.031112    0.000584    0.250712 ^ _099_/A (sg13g2_nor2_2)
     3    0.014243    0.022828    0.033457    0.284169 v _099_/Y (sg13g2_nor2_2)
                                                         _053_ (net)
                      0.022864    0.000743    0.284912 v _137_/A (sg13g2_nand3_1)
     1    0.003636    0.019665    0.024583    0.309495 ^ _137_/Y (sg13g2_nand3_1)
                                                         _035_ (net)
                      0.019666    0.000268    0.309763 ^ _138_/A2 (sg13g2_a21o_1)
     1    0.002477    0.015553    0.063247    0.373010 ^ _138_/X (sg13g2_a21o_1)
                                                         _016_ (net)
                      0.015553    0.000158    0.373168 ^ hold23/A (sg13g2_dlygate4sd3_1)
     1    0.002220    0.021168    0.241856    0.615024 ^ hold23/X (sg13g2_dlygate4sd3_1)
                                                         net106 (net)
                      0.021168    0.000081    0.615105 ^ B[2]$_SDFFE_PP1P_/D (sg13g2_dfrbpq_1)
                                              0.615105   data arrival time

                                  0.000000    0.000000   clock clk (rise edge)
                                  0.000000    0.000000   clock source latency
     1    0.017718    0.022106    0.010538    0.010538 ^ clk (in)
                                                         clk (net)
                      0.022190    0.000000    0.010538 ^ clkbuf_0_clk/A (sg13g2_buf_8)
     4    0.053526    0.025923    0.054212    0.064750 ^ clkbuf_0_clk/X (sg13g2_buf_8)
                                                         clknet_0_clk (net)
                      0.026429    0.002768    0.067518 ^ clkbuf_2_3__f_clk/A (sg13g2_buf_8)
     8    0.035624    0.020601    0.052115    0.119634 ^ clkbuf_2_3__f_clk/X (sg13g2_buf_8)
                                                         clknet_2_3__leaf_clk (net)
                      0.020652    0.000823    0.120456 ^ B[2]$_SDFFE_PP1P_/CLK (sg13g2_dfrbpq_1)
                                  0.250000    0.370456   clock uncertainty
                                  0.000000    0.370456   clock reconvergence pessimism
                                 -0.041929    0.328527   library hold time
                                              0.328527   data required time
---------------------------------------------------------------------------------------------
                                              0.328527   data required time
                                             -0.615105   data arrival time
---------------------------------------------------------------------------------------------
                                              0.286578   slack (MET)


Startpoint: dbit[0]$_SDFFE_PP1P_
            (rising edge-triggered flip-flop clocked by clk)
Endpoint: dbit[1]$_SDFFE_PP1P_ (rising edge-triggered flip-flop clocked by clk)
Path Group: clk
Path Type: min

Fanout         Cap        Slew       Delay        Time   Description
---------------------------------------------------------------------------------------------
                                  0.000000    0.000000   clock clk (rise edge)
                                  0.000000    0.000000   clock source latency
     1    0.017718    0.022106    0.010538    0.010538 ^ clk (in)
                                                         clk (net)
                      0.022190    0.000000    0.010538 ^ clkbuf_0_clk/A (sg13g2_buf_8)
     4    0.053526    0.025923    0.054212    0.064750 ^ clkbuf_0_clk/X (sg13g2_buf_8)
                                                         clknet_0_clk (net)
                      0.026410    0.002710    0.067461 ^ clkbuf_2_1__f_clk/A (sg13g2_buf_8)
     7    0.030098    0.019021    0.050593    0.118054 ^ clkbuf_2_1__f_clk/X (sg13g2_buf_8)
                                                         clknet_2_1__leaf_clk (net)
                      0.019134    0.001594    0.119647 ^ dbit[0]$_SDFFE_PP1P_/CLK (sg13g2_dfrbpq_1)
     2    0.007714    0.027001    0.118497    0.238144 ^ dbit[0]$_SDFFE_PP1P_/Q (sg13g2_dfrbpq_1)
                                                         dbit[0] (net)
                      0.027009    0.000426    0.238571 ^ hold42/A (sg13g2_dlygate4sd3_1)
     1    0.010520    0.040237    0.265071    0.503642 ^ hold42/X (sg13g2_dlygate4sd3_1)
                                                         net125 (net)
                      0.040237    0.000444    0.504086 ^ fanout4/A (sg13g2_buf_8)
     8    0.043526    0.023398    0.058342    0.562427 ^ fanout4/X (sg13g2_buf_8)
                                                         net4 (net)
                      0.024173    0.003039    0.565466 ^ _169_/A1 (sg13g2_o21ai_1)
     1    0.004847    0.029425    0.046434    0.611901 v _169_/Y (sg13g2_o21ai_1)
                                                         _046_ (net)
                      0.029442    0.000333    0.612234 v _171_/B (sg13g2_nand3b_1)
     1    0.002162    0.016313    0.026237    0.638471 ^ _171_/Y (sg13g2_nand3b_1)
                                                         _025_ (net)
                      0.016314    0.000140    0.638611 ^ dbit[1]$_SDFFE_PP1P_/D (sg13g2_dfrbpq_2)
                                              0.638611   data arrival time

                                  0.000000    0.000000   clock clk (rise edge)
                                  0.000000    0.000000   clock source latency
     1    0.017718    0.022106    0.010538    0.010538 ^ clk (in)
                                                         clk (net)
                      0.022190    0.000000    0.010538 ^ clkbuf_0_clk/A (sg13g2_buf_8)
     4    0.053526    0.025923    0.054212    0.064750 ^ clkbuf_0_clk/X (sg13g2_buf_8)
                                                         clknet_0_clk (net)
                      0.026410    0.002710    0.067461 ^ clkbuf_2_1__f_clk/A (sg13g2_buf_8)
     7    0.030098    0.019021    0.050593    0.118054 ^ clkbuf_2_1__f_clk/X (sg13g2_buf_8)
                                                         clknet_2_1__leaf_clk (net)
                      0.019105    0.001423    0.119477 ^ dbit[1]$_SDFFE_PP1P_/CLK (sg13g2_dfrbpq_2)
                                  0.250000    0.369477   clock uncertainty
                                  0.000000    0.369477   clock reconvergence pessimism
                                 -0.041053    0.328423   library hold time
                                              0.328423   data required time
---------------------------------------------------------------------------------------------
                                              0.328423   data required time
                                             -0.638611   data arrival time
---------------------------------------------------------------------------------------------
                                              0.310188   slack (MET)


Startpoint: dbit[3]$_SDFFE_PP1P_
            (rising edge-triggered flip-flop clocked by clk)
Endpoint: B[4]$_SDFFE_PP1P_ (rising edge-triggered flip-flop clocked by clk)
Path Group: clk
Path Type: min

Fanout         Cap        Slew       Delay        Time   Description
---------------------------------------------------------------------------------------------
                                  0.000000    0.000000   clock clk (rise edge)
                                  0.000000    0.000000   clock source latency
     1    0.017718    0.022106    0.010538    0.010538 ^ clk (in)
                                                         clk (net)
                      0.022190    0.000000    0.010538 ^ clkbuf_0_clk/A (sg13g2_buf_8)
     4    0.053526    0.025923    0.054212    0.064750 ^ clkbuf_0_clk/X (sg13g2_buf_8)
                                                         clknet_0_clk (net)
                      0.026410    0.002710    0.067461 ^ clkbuf_2_1__f_clk/A (sg13g2_buf_8)
     7    0.030098    0.019021    0.050593    0.118054 ^ clkbuf_2_1__f_clk/X (sg13g2_buf_8)
                                                         clknet_2_1__leaf_clk (net)
                      0.019235    0.002070    0.120124 ^ dbit[3]$_SDFFE_PP1P_/CLK (sg13g2_dfrbpq_2)
     3    0.017039    0.031099    0.130003    0.250127 ^ dbit[3]$_SDFFE_PP1P_/Q (sg13g2_dfrbpq_2)
                                                         dbit[3] (net)
                      0.031112    0.000592    0.250720 ^ _115_/A (sg13g2_nor2b_2)
     8    0.044599    0.058477    0.054781    0.305501 v _115_/Y (sg13g2_nor2b_2)
                                                         _063_ (net)
                      0.059242    0.005439    0.310939 v _141_/B (sg13g2_nand3_1)
     1    0.003283    0.022548    0.036407    0.347347 ^ _141_/Y (sg13g2_nand3_1)
                                                         _037_ (net)
                      0.022548    0.000256    0.347602 ^ _142_/A2 (sg13g2_a21o_1)
     1    0.001787    0.011951    0.062753    0.410355 ^ _142_/X (sg13g2_a21o_1)
                                                         _018_ (net)
                      0.011951    0.000069    0.410424 ^ hold6/A (sg13g2_dlygate4sd3_1)
     1    0.001591    0.019744    0.238943    0.649367 ^ hold6/X (sg13g2_dlygate4sd3_1)
                                                         net89 (net)
                      0.019744    0.000063    0.649430 ^ B[4]$_SDFFE_PP1P_/D (sg13g2_dfrbpq_1)
                                              0.649430   data arrival time

                                  0.000000    0.000000   clock clk (rise edge)
                                  0.000000    0.000000   clock source latency
     1    0.017718    0.022106    0.010538    0.010538 ^ clk (in)
                                                         clk (net)
                      0.022190    0.000000    0.010538 ^ clkbuf_0_clk/A (sg13g2_buf_8)
     4    0.053526    0.025923    0.054212    0.064750 ^ clkbuf_0_clk/X (sg13g2_buf_8)
                                                         clknet_0_clk (net)
                      0.026468    0.002883    0.067633 ^ clkbuf_2_0__f_clk/A (sg13g2_buf_8)
     8    0.033783    0.020022    0.051435    0.119068 ^ clkbuf_2_0__f_clk/X (sg13g2_buf_8)
                                                         clknet_2_0__leaf_clk (net)
                      0.020278    0.001922    0.120990 ^ B[4]$_SDFFE_PP1P_/CLK (sg13g2_dfrbpq_1)
                                  0.250000    0.370990   clock uncertainty
                                  0.000000    0.370990   clock reconvergence pessimism
                                 -0.041666    0.329325   library hold time
                                              0.329325   data required time
---------------------------------------------------------------------------------------------
                                              0.329325   data required time
                                             -0.649430   data arrival time
---------------------------------------------------------------------------------------------
                                              0.320105   slack (MET)


Startpoint: dbit[3]$_SDFFE_PP1P_
            (rising edge-triggered flip-flop clocked by clk)
Endpoint: B[5]$_SDFFE_PP1P_ (rising edge-triggered flip-flop clocked by clk)
Path Group: clk
Path Type: min

Fanout         Cap        Slew       Delay        Time   Description
---------------------------------------------------------------------------------------------
                                  0.000000    0.000000   clock clk (rise edge)
                                  0.000000    0.000000   clock source latency
     1    0.017718    0.022106    0.010538    0.010538 ^ clk (in)
                                                         clk (net)
                      0.022190    0.000000    0.010538 ^ clkbuf_0_clk/A (sg13g2_buf_8)
     4    0.053526    0.025923    0.054212    0.064750 ^ clkbuf_0_clk/X (sg13g2_buf_8)
                                                         clknet_0_clk (net)
                      0.026410    0.002710    0.067461 ^ clkbuf_2_1__f_clk/A (sg13g2_buf_8)
     7    0.030098    0.019021    0.050593    0.118054 ^ clkbuf_2_1__f_clk/X (sg13g2_buf_8)
                                                         clknet_2_1__leaf_clk (net)
                      0.019235    0.002070    0.120124 ^ dbit[3]$_SDFFE_PP1P_/CLK (sg13g2_dfrbpq_2)
     3    0.017039    0.031099    0.130003    0.250127 ^ dbit[3]$_SDFFE_PP1P_/Q (sg13g2_dfrbpq_2)
                                                         dbit[3] (net)
                      0.031112    0.000592    0.250720 ^ _115_/A (sg13g2_nor2b_2)
     8    0.044599    0.058477    0.054781    0.305501 v _115_/Y (sg13g2_nor2b_2)
                                                         _063_ (net)
                      0.059078    0.004859    0.310360 v _143_/B (sg13g2_nand3_1)
     1    0.003541    0.022442    0.036974    0.347334 ^ _143_/Y (sg13g2_nand3_1)
                                                         _038_ (net)
                      0.022442    0.000141    0.347475 ^ _144_/A2 (sg13g2_a21o_1)
     1    0.002887    0.016928    0.064980    0.412455 ^ _144_/X (sg13g2_a21o_1)
                                                         _019_ (net)
                      0.016928    0.000174    0.412629 ^ hold21/A (sg13g2_dlygate4sd3_1)
     1    0.002552    0.021918    0.243174    0.655803 ^ hold21/X (sg13g2_dlygate4sd3_1)
                                                         net104 (net)
                      0.021918    0.000097    0.655900 ^ B[5]$_SDFFE_PP1P_/D (sg13g2_dfrbpq_1)
                                              0.655900   data arrival time

                                  0.000000    0.000000   clock clk (rise edge)
                                  0.000000    0.000000   clock source latency
     1    0.017718    0.022106    0.010538    0.010538 ^ clk (in)
                                                         clk (net)
                      0.022190    0.000000    0.010538 ^ clkbuf_0_clk/A (sg13g2_buf_8)
     4    0.053526    0.025923    0.054212    0.064750 ^ clkbuf_0_clk/X (sg13g2_buf_8)
                                                         clknet_0_clk (net)
                      0.026496    0.002961    0.067711 ^ clkbuf_2_2__f_clk/A (sg13g2_buf_8)
     8    0.034554    0.020282    0.051784    0.119495 ^ clkbuf_2_2__f_clk/X (sg13g2_buf_8)
                                                         clknet_2_2__leaf_clk (net)
                      0.020322    0.000805    0.120300 ^ B[5]$_SDFFE_PP1P_/CLK (sg13g2_dfrbpq_1)
                                  0.250000    0.370300   clock uncertainty
                                  0.000000    0.370300   clock reconvergence pessimism
                                 -0.042111    0.328189   library hold time
                                              0.328189   data required time
---------------------------------------------------------------------------------------------
                                              0.328189   data required time
                                             -0.655900   data arrival time
---------------------------------------------------------------------------------------------
                                              0.327711   slack (MET)


Startpoint: dbit[3]$_SDFFE_PP1P_
            (rising edge-triggered flip-flop clocked by clk)
Endpoint: BN[4]$_SDFFE_PP1P_ (rising edge-triggered flip-flop clocked by clk)
Path Group: clk
Path Type: min

Fanout         Cap        Slew       Delay        Time   Description
---------------------------------------------------------------------------------------------
                                  0.000000    0.000000   clock clk (rise edge)
                                  0.000000    0.000000   clock source latency
     1    0.017718    0.022106    0.010538    0.010538 ^ clk (in)
                                                         clk (net)
                      0.022190    0.000000    0.010538 ^ clkbuf_0_clk/A (sg13g2_buf_8)
     4    0.053526    0.025923    0.054212    0.064750 ^ clkbuf_0_clk/X (sg13g2_buf_8)
                                                         clknet_0_clk (net)
                      0.026410    0.002710    0.067461 ^ clkbuf_2_1__f_clk/A (sg13g2_buf_8)
     7    0.030098    0.019021    0.050593    0.118054 ^ clkbuf_2_1__f_clk/X (sg13g2_buf_8)
                                                         clknet_2_1__leaf_clk (net)
                      0.019235    0.002070    0.120124 ^ dbit[3]$_SDFFE_PP1P_/CLK (sg13g2_dfrbpq_2)
     3    0.017039    0.031099    0.130003    0.250127 ^ dbit[3]$_SDFFE_PP1P_/Q (sg13g2_dfrbpq_2)
                                                         dbit[3] (net)
                      0.031112    0.000592    0.250720 ^ _115_/A (sg13g2_nor2b_2)
     8    0.044599    0.058477    0.054781    0.305501 v _115_/Y (sg13g2_nor2b_2)
                                                         _063_ (net)
                      0.059248    0.005459    0.310960 v _116_/C (sg13g2_nand3_1)
     1    0.005045    0.023335    0.043043    0.354003 ^ _116_/Y (sg13g2_nand3_1)
                                                         _064_ (net)
                      0.023337    0.000388    0.354391 ^ _117_/A2 (sg13g2_a21o_1)
     1    0.001805    0.014498    0.063040    0.417432 ^ _117_/X (sg13g2_a21o_1)
                                                         _006_ (net)
                      0.014498    0.000070    0.417501 ^ hold14/A (sg13g2_dlygate4sd3_1)
     1    0.001785    0.020194    0.240442    0.657944 ^ hold14/X (sg13g2_dlygate4sd3_1)
                                                         net97 (net)
                      0.020194    0.000068    0.658012 ^ BN[4]$_SDFFE_PP1P_/D (sg13g2_dfrbpq_1)
                                              0.658012   data arrival time

                                  0.000000    0.000000   clock clk (rise edge)
                                  0.000000    0.000000   clock source latency
     1    0.017718    0.022106    0.010538    0.010538 ^ clk (in)
                                                         clk (net)
                      0.022190    0.000000    0.010538 ^ clkbuf_0_clk/A (sg13g2_buf_8)
     4    0.053526    0.025923    0.054212    0.064750 ^ clkbuf_0_clk/X (sg13g2_buf_8)
                                                         clknet_0_clk (net)
                      0.026468    0.002883    0.067633 ^ clkbuf_2_0__f_clk/A (sg13g2_buf_8)
     8    0.033783    0.020022    0.051435    0.119068 ^ clkbuf_2_0__f_clk/X (sg13g2_buf_8)
                                                         clknet_2_0__leaf_clk (net)
                      0.020282    0.001940    0.121008 ^ BN[4]$_SDFFE_PP1P_/CLK (sg13g2_dfrbpq_1)
                                  0.250000    0.371008   clock uncertainty
                                  0.000000    0.371008   clock reconvergence pessimism
                                 -0.041758    0.329249   library hold time
                                              0.329249   data required time
---------------------------------------------------------------------------------------------
                                              0.329249   data required time
                                             -0.658012   data arrival time
---------------------------------------------------------------------------------------------
                                              0.328763   slack (MET)


Startpoint: dbit[3]$_SDFFE_PP1P_
            (rising edge-triggered flip-flop clocked by clk)
Endpoint: BN[5]$_SDFFE_PP1P_ (rising edge-triggered flip-flop clocked by clk)
Path Group: clk
Path Type: min

Fanout         Cap        Slew       Delay        Time   Description
---------------------------------------------------------------------------------------------
                                  0.000000    0.000000   clock clk (rise edge)
                                  0.000000    0.000000   clock source latency
     1    0.017718    0.022106    0.010538    0.010538 ^ clk (in)
                                                         clk (net)
                      0.022190    0.000000    0.010538 ^ clkbuf_0_clk/A (sg13g2_buf_8)
     4    0.053526    0.025923    0.054212    0.064750 ^ clkbuf_0_clk/X (sg13g2_buf_8)
                                                         clknet_0_clk (net)
                      0.026410    0.002710    0.067461 ^ clkbuf_2_1__f_clk/A (sg13g2_buf_8)
     7    0.030098    0.019021    0.050593    0.118054 ^ clkbuf_2_1__f_clk/X (sg13g2_buf_8)
                                                         clknet_2_1__leaf_clk (net)
                      0.019235    0.002070    0.120124 ^ dbit[3]$_SDFFE_PP1P_/CLK (sg13g2_dfrbpq_2)
     3    0.017039    0.031099    0.130003    0.250127 ^ dbit[3]$_SDFFE_PP1P_/Q (sg13g2_dfrbpq_2)
                                                         dbit[3] (net)
                      0.031112    0.000592    0.250720 ^ _115_/A (sg13g2_nor2b_2)
     8    0.044599    0.058477    0.054781    0.305501 v _115_/Y (sg13g2_nor2b_2)
                                                         _063_ (net)
                      0.058974    0.004444    0.309945 v _118_/C (sg13g2_nand3_1)
     1    0.003906    0.020296    0.040431    0.350375 ^ _118_/Y (sg13g2_nand3_1)
                                                         _065_ (net)
                      0.020297    0.000281    0.350656 ^ _119_/A2 (sg13g2_a21o_1)
     1    0.003187    0.017600    0.064927    0.415583 ^ _119_/X (sg13g2_a21o_1)
                                                         _007_ (net)
                      0.017600    0.000114    0.415698 ^ hold36/A (sg13g2_dlygate4sd3_1)
     1    0.002028    0.020734    0.242273    0.657971 ^ hold36/X (sg13g2_dlygate4sd3_1)
                                                         net119 (net)
                      0.020734    0.000147    0.658118 ^ BN[5]$_SDFFE_PP1P_/D (sg13g2_dfrbpq_1)
                                              0.658118   data arrival time

                                  0.000000    0.000000   clock clk (rise edge)
                                  0.000000    0.000000   clock source latency
     1    0.017718    0.022106    0.010538    0.010538 ^ clk (in)
                                                         clk (net)
                      0.022190    0.000000    0.010538 ^ clkbuf_0_clk/A (sg13g2_buf_8)
     4    0.053526    0.025923    0.054212    0.064750 ^ clkbuf_0_clk/X (sg13g2_buf_8)
                                                         clknet_0_clk (net)
                      0.026496    0.002961    0.067711 ^ clkbuf_2_2__f_clk/A (sg13g2_buf_8)
     8    0.034554    0.020282    0.051784    0.119495 ^ clkbuf_2_2__f_clk/X (sg13g2_buf_8)
                                                         clknet_2_2__leaf_clk (net)
                      0.020325    0.000824    0.120320 ^ BN[5]$_SDFFE_PP1P_/CLK (sg13g2_dfrbpq_1)
                                  0.250000    0.370320   clock uncertainty
                                  0.000000    0.370320   clock reconvergence pessimism
                                 -0.041866    0.328453   library hold time
                                              0.328453   data required time
---------------------------------------------------------------------------------------------
                                              0.328453   data required time
                                             -0.658118   data arrival time
---------------------------------------------------------------------------------------------
                                              0.329665   slack (MET)


Startpoint: dbit[3]$_SDFFE_PP1P_
            (rising edge-triggered flip-flop clocked by clk)
Endpoint: B[6]$_SDFFE_PP1P_ (rising edge-triggered flip-flop clocked by clk)
Path Group: clk
Path Type: min

Fanout         Cap        Slew       Delay        Time   Description
---------------------------------------------------------------------------------------------
                                  0.000000    0.000000   clock clk (rise edge)
                                  0.000000    0.000000   clock source latency
     1    0.017718    0.022106    0.010538    0.010538 ^ clk (in)
                                                         clk (net)
                      0.022190    0.000000    0.010538 ^ clkbuf_0_clk/A (sg13g2_buf_8)
     4    0.053526    0.025923    0.054212    0.064750 ^ clkbuf_0_clk/X (sg13g2_buf_8)
                                                         clknet_0_clk (net)
                      0.026410    0.002710    0.067461 ^ clkbuf_2_1__f_clk/A (sg13g2_buf_8)
     7    0.030098    0.019021    0.050593    0.118054 ^ clkbuf_2_1__f_clk/X (sg13g2_buf_8)
                                                         clknet_2_1__leaf_clk (net)
                      0.019235    0.002070    0.120124 ^ dbit[3]$_SDFFE_PP1P_/CLK (sg13g2_dfrbpq_2)
     3    0.017039    0.031099    0.130003    0.250127 ^ dbit[3]$_SDFFE_PP1P_/Q (sg13g2_dfrbpq_2)
                                                         dbit[3] (net)
                      0.031112    0.000592    0.250720 ^ _115_/A (sg13g2_nor2b_2)
     8    0.044599    0.058477    0.054781    0.305501 v _115_/Y (sg13g2_nor2b_2)
                                                         _063_ (net)
                      0.059032    0.004682    0.310182 v _145_/B (sg13g2_nand3_1)
     1    0.005957    0.027609    0.042404    0.352586 ^ _145_/Y (sg13g2_nand3_1)
                                                         _039_ (net)
                      0.027610    0.000398    0.352984 ^ _146_/A2 (sg13g2_a21o_1)
     1    0.003967    0.018899    0.068866    0.421850 ^ _146_/X (sg13g2_a21o_1)
                                                         _020_ (net)
                      0.018902    0.000156    0.422006 ^ hold34/A (sg13g2_dlygate4sd3_1)
     1    0.002625    0.022082    0.244161    0.666167 ^ hold34/X (sg13g2_dlygate4sd3_1)
                                                         net117 (net)
                      0.022082    0.000102    0.666269 ^ B[6]$_SDFFE_PP1P_/D (sg13g2_dfrbpq_1)
                                              0.666269   data arrival time

                                  0.000000    0.000000   clock clk (rise edge)
                                  0.000000    0.000000   clock source latency
     1    0.017718    0.022106    0.010538    0.010538 ^ clk (in)
                                                         clk (net)
                      0.022190    0.000000    0.010538 ^ clkbuf_0_clk/A (sg13g2_buf_8)
     4    0.053526    0.025923    0.054212    0.064750 ^ clkbuf_0_clk/X (sg13g2_buf_8)
                                                         clknet_0_clk (net)
                      0.026429    0.002768    0.067518 ^ clkbuf_2_3__f_clk/A (sg13g2_buf_8)
     8    0.035624    0.020601    0.052115    0.119634 ^ clkbuf_2_3__f_clk/X (sg13g2_buf_8)
                                                         clknet_2_3__leaf_clk (net)
                      0.020709    0.001258    0.120891 ^ B[6]$_SDFFE_PP1P_/CLK (sg13g2_dfrbpq_1)
                                  0.250000    0.370891   clock uncertainty
                                  0.000000    0.370891   clock reconvergence pessimism
                                 -0.042113    0.328778   library hold time
                                              0.328778   data required time
---------------------------------------------------------------------------------------------
                                              0.328778   data required time
                                             -0.666269   data arrival time
---------------------------------------------------------------------------------------------
                                              0.337491   slack (MET)


Startpoint: dbit[3]$_SDFFE_PP1P_
            (rising edge-triggered flip-flop clocked by clk)
Endpoint: BN[6]$_SDFFE_PP1P_ (rising edge-triggered flip-flop clocked by clk)
Path Group: clk
Path Type: min

Fanout         Cap        Slew       Delay        Time   Description
---------------------------------------------------------------------------------------------
                                  0.000000    0.000000   clock clk (rise edge)
                                  0.000000    0.000000   clock source latency
     1    0.017718    0.022106    0.010538    0.010538 ^ clk (in)
                                                         clk (net)
                      0.022190    0.000000    0.010538 ^ clkbuf_0_clk/A (sg13g2_buf_8)
     4    0.053526    0.025923    0.054212    0.064750 ^ clkbuf_0_clk/X (sg13g2_buf_8)
                                                         clknet_0_clk (net)
                      0.026410    0.002710    0.067461 ^ clkbuf_2_1__f_clk/A (sg13g2_buf_8)
     7    0.030098    0.019021    0.050593    0.118054 ^ clkbuf_2_1__f_clk/X (sg13g2_buf_8)
                                                         clknet_2_1__leaf_clk (net)
                      0.019235    0.002070    0.120124 ^ dbit[3]$_SDFFE_PP1P_/CLK (sg13g2_dfrbpq_2)
     3    0.017039    0.031099    0.130003    0.250127 ^ dbit[3]$_SDFFE_PP1P_/Q (sg13g2_dfrbpq_2)
                                                         dbit[3] (net)
                      0.031112    0.000592    0.250720 ^ _115_/A (sg13g2_nor2b_2)
     8    0.044599    0.058477    0.054781    0.305501 v _115_/Y (sg13g2_nor2b_2)
                                                         _063_ (net)
                      0.059075    0.004846    0.310347 v _120_/C (sg13g2_nand3_1)
     1    0.008498    0.036030    0.050751    0.361098 ^ _120_/Y (sg13g2_nand3_1)
                                                         _066_ (net)
                      0.036061    0.000446    0.361543 ^ _121_/A2 (sg13g2_a21o_1)
     1    0.001774    0.013962    0.067034    0.428577 ^ _121_/X (sg13g2_a21o_1)
                                                         _008_ (net)
                      0.013962    0.000069    0.428647 ^ hold28/A (sg13g2_dlygate4sd3_1)
     1    0.003028    0.022981    0.242998    0.671645 ^ hold28/X (sg13g2_dlygate4sd3_1)
                                                         net111 (net)
                      0.022981    0.000112    0.671757 ^ BN[6]$_SDFFE_PP1P_/D (sg13g2_dfrbpq_1)
                                              0.671757   data arrival time

                                  0.000000    0.000000   clock clk (rise edge)
                                  0.000000    0.000000   clock source latency
     1    0.017718    0.022106    0.010538    0.010538 ^ clk (in)
                                                         clk (net)
                      0.022190    0.000000    0.010538 ^ clkbuf_0_clk/A (sg13g2_buf_8)
     4    0.053526    0.025923    0.054212    0.064750 ^ clkbuf_0_clk/X (sg13g2_buf_8)
                                                         clknet_0_clk (net)
                      0.026429    0.002768    0.067518 ^ clkbuf_2_3__f_clk/A (sg13g2_buf_8)
     8    0.035624    0.020601    0.052115    0.119634 ^ clkbuf_2_3__f_clk/X (sg13g2_buf_8)
                                                         clknet_2_3__leaf_clk (net)
                      0.020703    0.001216    0.120850 ^ BN[6]$_SDFFE_PP1P_/CLK (sg13g2_dfrbpq_1)
                                  0.250000    0.370850   clock uncertainty
                                  0.000000    0.370850   clock reconvergence pessimism
                                 -0.042300    0.328550   library hold time
                                              0.328550   data required time
---------------------------------------------------------------------------------------------
                                              0.328550   data required time
                                             -0.671757   data arrival time
---------------------------------------------------------------------------------------------
                                              0.343206   slack (MET)


Startpoint: dbit[0]$_SDFFE_PP1P_
            (rising edge-triggered flip-flop clocked by clk)
Endpoint: BN[11]$_SDFFE_PP1P_ (rising edge-triggered flip-flop clocked by clk)
Path Group: clk
Path Type: min

Fanout         Cap        Slew       Delay        Time   Description
---------------------------------------------------------------------------------------------
                                  0.000000    0.000000   clock clk (rise edge)
                                  0.000000    0.000000   clock source latency
     1    0.017718    0.022106    0.010538    0.010538 ^ clk (in)
                                                         clk (net)
                      0.022190    0.000000    0.010538 ^ clkbuf_0_clk/A (sg13g2_buf_8)
     4    0.053526    0.025923    0.054212    0.064750 ^ clkbuf_0_clk/X (sg13g2_buf_8)
                                                         clknet_0_clk (net)
                      0.026410    0.002710    0.067461 ^ clkbuf_2_1__f_clk/A (sg13g2_buf_8)
     7    0.030098    0.019021    0.050593    0.118054 ^ clkbuf_2_1__f_clk/X (sg13g2_buf_8)
                                                         clknet_2_1__leaf_clk (net)
                      0.019134    0.001594    0.119647 ^ dbit[0]$_SDFFE_PP1P_/CLK (sg13g2_dfrbpq_1)
     2    0.007694    0.022387    0.117015    0.236662 v dbit[0]$_SDFFE_PP1P_/Q (sg13g2_dfrbpq_1)
                                                         dbit[0] (net)
                      0.022416    0.000484    0.237146 v fanout5/A (sg13g2_buf_1)
     5    0.028637    0.064343    0.082625    0.319772 v fanout5/X (sg13g2_buf_1)
                                                         net5 (net)
                      0.064345    0.000295    0.320067 v _106_/B (sg13g2_nand4_1)
     1    0.007371    0.029505    0.048896    0.368963 ^ _106_/Y (sg13g2_nand4_1)
                                                         _058_ (net)
                      0.029537    0.000524    0.369487 ^ _107_/A2 (sg13g2_a21o_1)
     1    0.004554    0.018408    0.070658    0.440146 ^ _107_/X (sg13g2_a21o_1)
                                                         _002_ (net)
                      0.018410    0.000305    0.440451 ^ hold38/A (sg13g2_dlygate4sd3_1)
     1    0.002582    0.021985    0.243860    0.684311 ^ hold38/X (sg13g2_dlygate4sd3_1)
                                                         net121 (net)
                      0.021985    0.000099    0.684410 ^ BN[11]$_SDFFE_PP1P_/D (sg13g2_dfrbpq_1)
                                              0.684410   data arrival time

                                  0.000000    0.000000   clock clk (rise edge)
                                  0.000000    0.000000   clock source latency
     1    0.017718    0.022106    0.010538    0.010538 ^ clk (in)
                                                         clk (net)
                      0.022190    0.000000    0.010538 ^ clkbuf_0_clk/A (sg13g2_buf_8)
     4    0.053526    0.025923    0.054212    0.064750 ^ clkbuf_0_clk/X (sg13g2_buf_8)
                                                         clknet_0_clk (net)
                      0.026410    0.002710    0.067461 ^ clkbuf_2_1__f_clk/A (sg13g2_buf_8)
     7    0.030098    0.019021    0.050593    0.118054 ^ clkbuf_2_1__f_clk/X (sg13g2_buf_8)
                                                         clknet_2_1__leaf_clk (net)
                      0.019098    0.001379    0.119432 ^ BN[11]$_SDFFE_PP1P_/CLK (sg13g2_dfrbpq_1)
                                  0.250000    0.369432   clock uncertainty
                                  0.000000    0.369432   clock reconvergence pessimism
                                 -0.042227    0.327206   library hold time
                                              0.327206   data required time
---------------------------------------------------------------------------------------------
                                              0.327206   data required time
                                             -0.684410   data arrival time
---------------------------------------------------------------------------------------------
                                              0.357204   slack (MET)


Startpoint: dbit[0]$_SDFFE_PP1P_
            (rising edge-triggered flip-flop clocked by clk)
Endpoint: BN[3]$_SDFFE_PP1P_ (rising edge-triggered flip-flop clocked by clk)
Path Group: clk
Path Type: min

Fanout         Cap        Slew       Delay        Time   Description
---------------------------------------------------------------------------------------------
                                  0.000000    0.000000   clock clk (rise edge)
                                  0.000000    0.000000   clock source latency
     1    0.017718    0.022106    0.010538    0.010538 ^ clk (in)
                                                         clk (net)
                      0.022190    0.000000    0.010538 ^ clkbuf_0_clk/A (sg13g2_buf_8)
     4    0.053526    0.025923    0.054212    0.064750 ^ clkbuf_0_clk/X (sg13g2_buf_8)
                                                         clknet_0_clk (net)
                      0.026410    0.002710    0.067461 ^ clkbuf_2_1__f_clk/A (sg13g2_buf_8)
     7    0.030098    0.019021    0.050593    0.118054 ^ clkbuf_2_1__f_clk/X (sg13g2_buf_8)
                                                         clknet_2_1__leaf_clk (net)
                      0.019134    0.001594    0.119647 ^ dbit[0]$_SDFFE_PP1P_/CLK (sg13g2_dfrbpq_1)
     2    0.007694    0.022387    0.117015    0.236662 v dbit[0]$_SDFFE_PP1P_/Q (sg13g2_dfrbpq_1)
                                                         dbit[0] (net)
                      0.022416    0.000484    0.237146 v fanout5/A (sg13g2_buf_1)
     5    0.028637    0.064343    0.082625    0.319772 v fanout5/X (sg13g2_buf_1)
                                                         net5 (net)
                      0.064351    0.000603    0.320375 v _113_/B (sg13g2_nand4_1)
     1    0.006321    0.027036    0.046568    0.366943 ^ _113_/Y (sg13g2_nand4_1)
                                                         _062_ (net)
                      0.027037    0.000225    0.367168 ^ _114_/A2 (sg13g2_a21o_1)
     1    0.005946    0.021685    0.072650    0.439818 ^ _114_/X (sg13g2_a21o_1)
                                                         _005_ (net)
                      0.021702    0.000527    0.440345 ^ hold10/A (sg13g2_dlygate4sd3_1)
     1    0.002225    0.021180    0.244438    0.684784 ^ hold10/X (sg13g2_dlygate4sd3_1)
                                                         net93 (net)
                      0.021180    0.000081    0.684865 ^ BN[3]$_SDFFE_PP1P_/D (sg13g2_dfrbpq_1)
                                              0.684865   data arrival time

                                  0.000000    0.000000   clock clk (rise edge)
                                  0.000000    0.000000   clock source latency
     1    0.017718    0.022106    0.010538    0.010538 ^ clk (in)
                                                         clk (net)
                      0.022190    0.000000    0.010538 ^ clkbuf_0_clk/A (sg13g2_buf_8)
     4    0.053526    0.025923    0.054212    0.064750 ^ clkbuf_0_clk/X (sg13g2_buf_8)
                                                         clknet_0_clk (net)
                      0.026410    0.002710    0.067461 ^ clkbuf_2_1__f_clk/A (sg13g2_buf_8)
     7    0.030098    0.019021    0.050593    0.118054 ^ clkbuf_2_1__f_clk/X (sg13g2_buf_8)
                                                         clknet_2_1__leaf_clk (net)
                      0.019115    0.001483    0.119537 ^ BN[3]$_SDFFE_PP1P_/CLK (sg13g2_dfrbpq_1)
                                  0.250000    0.369537   clock uncertainty
                                  0.000000    0.369537   clock reconvergence pessimism
                                 -0.042059    0.327478   library hold time
                                              0.327478   data required time
---------------------------------------------------------------------------------------------
                                              0.327478   data required time
                                             -0.684865   data arrival time
---------------------------------------------------------------------------------------------
                                              0.357387   slack (MET)


Startpoint: BN[8]$_SDFFE_PP1P_ (rising edge-triggered flip-flop clocked by clk)
Endpoint: BN[8]$_SDFFE_PP1P_ (rising edge-triggered flip-flop clocked by clk)
Path Group: clk
Path Type: min

Fanout         Cap        Slew       Delay        Time   Description
---------------------------------------------------------------------------------------------
                                  0.000000    0.000000   clock clk (rise edge)
                                  0.000000    0.000000   clock source latency
     1    0.017718    0.022106    0.010538    0.010538 ^ clk (in)
                                                         clk (net)
                      0.022190    0.000000    0.010538 ^ clkbuf_0_clk/A (sg13g2_buf_8)
     4    0.053526    0.025923    0.054212    0.064750 ^ clkbuf_0_clk/X (sg13g2_buf_8)
                                                         clknet_0_clk (net)
                      0.026468    0.002883    0.067633 ^ clkbuf_2_0__f_clk/A (sg13g2_buf_8)
     8    0.033783    0.020022    0.051435    0.119068 ^ clkbuf_2_0__f_clk/X (sg13g2_buf_8)
                                                         clknet_2_0__leaf_clk (net)
                      0.020276    0.001914    0.120982 ^ BN[8]$_SDFFE_PP1P_/CLK (sg13g2_dfrbpq_1)
     3    0.010433    0.027827    0.121788    0.242771 v BN[8]$_SDFFE_PP1P_/Q (sg13g2_dfrbpq_1)
                                                         net29 (net)
                      0.027844    0.000627    0.243398 v hold7/A (sg13g2_dlygate4sd3_1)
     1    0.003703    0.027006    0.254807    0.498205 v hold7/X (sg13g2_dlygate4sd3_1)
                                                         net90 (net)
                      0.027006    0.000279    0.498484 v _125_/A1 (sg13g2_a21o_1)
     1    0.002078    0.013544    0.065723    0.564206 v _125_/X (sg13g2_a21o_1)
                                                         _010_ (net)
                      0.013544    0.000078    0.564284 v hold8/A (sg13g2_dlygate4sd3_1)
     1    0.001618    0.022960    0.242881    0.807166 v hold8/X (sg13g2_dlygate4sd3_1)
                                                         net91 (net)
                      0.022960    0.000064    0.807229 v BN[8]$_SDFFE_PP1P_/D (sg13g2_dfrbpq_1)
                                              0.807229   data arrival time

                                  0.000000    0.000000   clock clk (rise edge)
                                  0.000000    0.000000   clock source latency
     1    0.017718    0.022106    0.010538    0.010538 ^ clk (in)
                                                         clk (net)
                      0.022190    0.000000    0.010538 ^ clkbuf_0_clk/A (sg13g2_buf_8)
     4    0.053526    0.025923    0.054212    0.064750 ^ clkbuf_0_clk/X (sg13g2_buf_8)
                                                         clknet_0_clk (net)
                      0.026468    0.002883    0.067633 ^ clkbuf_2_0__f_clk/A (sg13g2_buf_8)
     8    0.033783    0.020022    0.051435    0.119068 ^ clkbuf_2_0__f_clk/X (sg13g2_buf_8)
                                                         clknet_2_0__leaf_clk (net)
                      0.020276    0.001914    0.120982 ^ BN[8]$_SDFFE_PP1P_/CLK (sg13g2_dfrbpq_1)
                                  0.250000    0.370982   clock uncertainty
                                  0.000000    0.370982   clock reconvergence pessimism
                                 -0.022748    0.348235   library hold time
                                              0.348235   data required time
---------------------------------------------------------------------------------------------
                                              0.348235   data required time
                                             -0.807229   data arrival time
---------------------------------------------------------------------------------------------
                                              0.458995   slack (MET)


Startpoint: BN[9]$_SDFFE_PP1P_ (rising edge-triggered flip-flop clocked by clk)
Endpoint: BN[9]$_SDFFE_PP1P_ (rising edge-triggered flip-flop clocked by clk)
Path Group: clk
Path Type: min

Fanout         Cap        Slew       Delay        Time   Description
---------------------------------------------------------------------------------------------
                                  0.000000    0.000000   clock clk (rise edge)
                                  0.000000    0.000000   clock source latency
     1    0.017718    0.022106    0.010538    0.010538 ^ clk (in)
                                                         clk (net)
                      0.022190    0.000000    0.010538 ^ clkbuf_0_clk/A (sg13g2_buf_8)
     4    0.053526    0.025923    0.054212    0.064750 ^ clkbuf_0_clk/X (sg13g2_buf_8)
                                                         clknet_0_clk (net)
                      0.026496    0.002961    0.067711 ^ clkbuf_2_2__f_clk/A (sg13g2_buf_8)
     8    0.034554    0.020282    0.051784    0.119495 ^ clkbuf_2_2__f_clk/X (sg13g2_buf_8)
                                                         clknet_2_2__leaf_clk (net)
                      0.020465    0.001704    0.121200 ^ BN[9]$_SDFFE_PP1P_/CLK (sg13g2_dfrbpq_1)
     3    0.011121    0.029206    0.122978    0.244178 v BN[9]$_SDFFE_PP1P_/Q (sg13g2_dfrbpq_1)
                                                         net30 (net)
                      0.029226    0.000706    0.244883 v hold29/A (sg13g2_dlygate4sd3_1)
     1    0.003791    0.027175    0.255688    0.500572 v hold29/X (sg13g2_dlygate4sd3_1)
                                                         net112 (net)
                      0.027175    0.000294    0.500865 v _127_/A1 (sg13g2_a21o_1)
     1    0.002611    0.016078    0.066773    0.567639 v _127_/X (sg13g2_a21o_1)
                                                         _011_ (net)
                      0.016078    0.000162    0.567801 v hold30/A (sg13g2_dlygate4sd3_1)
     1    0.002726    0.025130    0.246760    0.814560 v hold30/X (sg13g2_dlygate4sd3_1)
                                                         net113 (net)
                      0.025130    0.000103    0.814663 v BN[9]$_SDFFE_PP1P_/D (sg13g2_dfrbpq_1)
                                              0.814663   data arrival time

                                  0.000000    0.000000   clock clk (rise edge)
                                  0.000000    0.000000   clock source latency
     1    0.017718    0.022106    0.010538    0.010538 ^ clk (in)
                                                         clk (net)
                      0.022190    0.000000    0.010538 ^ clkbuf_0_clk/A (sg13g2_buf_8)
     4    0.053526    0.025923    0.054212    0.064750 ^ clkbuf_0_clk/X (sg13g2_buf_8)
                                                         clknet_0_clk (net)
                      0.026496    0.002961    0.067711 ^ clkbuf_2_2__f_clk/A (sg13g2_buf_8)
     8    0.034554    0.020282    0.051784    0.119495 ^ clkbuf_2_2__f_clk/X (sg13g2_buf_8)
                                                         clknet_2_2__leaf_clk (net)
                      0.020465    0.001704    0.121200 ^ BN[9]$_SDFFE_PP1P_/CLK (sg13g2_dfrbpq_1)
                                  0.250000    0.371200   clock uncertainty
                                  0.000000    0.371200   clock reconvergence pessimism
                                 -0.023219    0.347980   library hold time
                                              0.347980   data required time
---------------------------------------------------------------------------------------------
                                              0.347980   data required time
                                             -0.814663   data arrival time
---------------------------------------------------------------------------------------------
                                              0.466683   slack (MET)


Startpoint: B[9]$_SDFFE_PP1P_ (rising edge-triggered flip-flop clocked by clk)
Endpoint: B[9]$_SDFFE_PP1P_ (rising edge-triggered flip-flop clocked by clk)
Path Group: clk
Path Type: min

Fanout         Cap        Slew       Delay        Time   Description
---------------------------------------------------------------------------------------------
                                  0.000000    0.000000   clock clk (rise edge)
                                  0.000000    0.000000   clock source latency
     1    0.017718    0.022106    0.010538    0.010538 ^ clk (in)
                                                         clk (net)
                      0.022190    0.000000    0.010538 ^ clkbuf_0_clk/A (sg13g2_buf_8)
     4    0.053526    0.025923    0.054212    0.064750 ^ clkbuf_0_clk/X (sg13g2_buf_8)
                                                         clknet_0_clk (net)
                      0.026496    0.002961    0.067711 ^ clkbuf_2_2__f_clk/A (sg13g2_buf_8)
     8    0.034554    0.020282    0.051784    0.119495 ^ clkbuf_2_2__f_clk/X (sg13g2_buf_8)
                                                         clknet_2_2__leaf_clk (net)
                      0.020467    0.001716    0.121212 ^ B[9]$_SDFFE_PP1P_/CLK (sg13g2_dfrbpq_1)
     3    0.011798    0.030569    0.124048    0.245260 v B[9]$_SDFFE_PP1P_/Q (sg13g2_dfrbpq_1)
                                                         net42 (net)
                      0.030589    0.000709    0.245969 v hold31/A (sg13g2_dlygate4sd3_1)
     1    0.005517    0.030433    0.260441    0.506410 v hold31/X (sg13g2_dlygate4sd3_1)
                                                         net114 (net)
                      0.030433    0.000361    0.506771 v _152_/A1 (sg13g2_a21o_1)
     1    0.003278    0.017267    0.068940    0.575711 v _152_/X (sg13g2_a21o_1)
                                                         _023_ (net)
                      0.017267    0.000207    0.575918 v hold32/A (sg13g2_dlygate4sd3_1)
     1    0.001688    0.023102    0.244873    0.820791 v hold32/X (sg13g2_dlygate4sd3_1)
                                                         net115 (net)
                      0.023102    0.000066    0.820856 v B[9]$_SDFFE_PP1P_/D (sg13g2_dfrbpq_1)
                                              0.820856   data arrival time

                                  0.000000    0.000000   clock clk (rise edge)
                                  0.000000    0.000000   clock source latency
     1    0.017718    0.022106    0.010538    0.010538 ^ clk (in)
                                                         clk (net)
                      0.022190    0.000000    0.010538 ^ clkbuf_0_clk/A (sg13g2_buf_8)
     4    0.053526    0.025923    0.054212    0.064750 ^ clkbuf_0_clk/X (sg13g2_buf_8)
                                                         clknet_0_clk (net)
                      0.026496    0.002961    0.067711 ^ clkbuf_2_2__f_clk/A (sg13g2_buf_8)
     8    0.034554    0.020282    0.051784    0.119495 ^ clkbuf_2_2__f_clk/X (sg13g2_buf_8)
                                                         clknet_2_2__leaf_clk (net)
                      0.020467    0.001716    0.121212 ^ B[9]$_SDFFE_PP1P_/CLK (sg13g2_dfrbpq_1)
                                  0.250000    0.371212   clock uncertainty
                                  0.000000    0.371212   clock reconvergence pessimism
                                 -0.022750    0.348461   library hold time
                                              0.348461   data required time
---------------------------------------------------------------------------------------------
                                              0.348461   data required time
                                             -0.820856   data arrival time
---------------------------------------------------------------------------------------------
                                              0.472395   slack (MET)


Startpoint: dbit[2]$_SDFFE_PP0P_
            (rising edge-triggered flip-flop clocked by clk)
Endpoint: dbit[2]$_SDFFE_PP0P_ (rising edge-triggered flip-flop clocked by clk)
Path Group: clk
Path Type: min

Fanout         Cap        Slew       Delay        Time   Description
---------------------------------------------------------------------------------------------
                                  0.000000    0.000000   clock clk (rise edge)
                                  0.000000    0.000000   clock source latency
     1    0.017718    0.022106    0.010538    0.010538 ^ clk (in)
                                                         clk (net)
                      0.022190    0.000000    0.010538 ^ clkbuf_0_clk/A (sg13g2_buf_8)
     4    0.053526    0.025923    0.054212    0.064750 ^ clkbuf_0_clk/X (sg13g2_buf_8)
                                                         clknet_0_clk (net)
                      0.026410    0.002710    0.067461 ^ clkbuf_2_1__f_clk/A (sg13g2_buf_8)
     7    0.030098    0.019021    0.050593    0.118054 ^ clkbuf_2_1__f_clk/X (sg13g2_buf_8)
                                                         clknet_2_1__leaf_clk (net)
                      0.019201    0.001924    0.119978 ^ dbit[2]$_SDFFE_PP0P_/CLK (sg13g2_dfrbpq_2)
     3    0.010037    0.019900    0.122842    0.242820 v dbit[2]$_SDFFE_PP0P_/Q (sg13g2_dfrbpq_2)
                                                         dbit[2] (net)
                      0.019900    0.000268    0.243088 v hold39/A (sg13g2_dlygate4sd3_1)
     2    0.012191    0.044907    0.270612    0.513700 v hold39/X (sg13g2_dlygate4sd3_1)
                                                         net122 (net)
                      0.044973    0.000803    0.514503 v _173_/B1 (sg13g2_o21ai_1)
     1    0.005033    0.028591    0.035500    0.550003 ^ _173_/Y (sg13g2_o21ai_1)
                                                         _049_ (net)
                      0.028591    0.000203    0.550206 ^ _174_/A2 (sg13g2_a21oi_1)
     1    0.003611    0.014543    0.042558    0.592764 v _174_/Y (sg13g2_a21oi_1)
                                                         _026_ (net)
                      0.014544    0.000199    0.592963 v hold40/A (sg13g2_dlygate4sd3_1)
     1    0.002209    0.024124    0.244776    0.837739 v hold40/X (sg13g2_dlygate4sd3_1)
                                                         net123 (net)
                      0.024124    0.000085    0.837824 v dbit[2]$_SDFFE_PP0P_/D (sg13g2_dfrbpq_2)
                                              0.837824   data arrival time

                                  0.000000    0.000000   clock clk (rise edge)
                                  0.000000    0.000000   clock source latency
     1    0.017718    0.022106    0.010538    0.010538 ^ clk (in)
                                                         clk (net)
                      0.022190    0.000000    0.010538 ^ clkbuf_0_clk/A (sg13g2_buf_8)
     4    0.053526    0.025923    0.054212    0.064750 ^ clkbuf_0_clk/X (sg13g2_buf_8)
                                                         clknet_0_clk (net)
                      0.026410    0.002710    0.067461 ^ clkbuf_2_1__f_clk/A (sg13g2_buf_8)
     7    0.030098    0.019021    0.050593    0.118054 ^ clkbuf_2_1__f_clk/X (sg13g2_buf_8)
                                                         clknet_2_1__leaf_clk (net)
                      0.019201    0.001924    0.119978 ^ dbit[2]$_SDFFE_PP0P_/CLK (sg13g2_dfrbpq_2)
                                  0.250000    0.369978   clock uncertainty
                                  0.000000    0.369978   clock reconvergence pessimism
                                 -0.023188    0.346790   library hold time
                                              0.346790   data required time
---------------------------------------------------------------------------------------------
                                              0.346790   data required time
                                             -0.837824   data arrival time
---------------------------------------------------------------------------------------------
                                              0.491034   slack (MET)


Startpoint: B[11]$_SDFFE_PP1P_ (rising edge-triggered flip-flop clocked by clk)
Endpoint: B[11]$_SDFFE_PP1P_ (rising edge-triggered flip-flop clocked by clk)
Path Group: clk
Path Type: min

Fanout         Cap        Slew       Delay        Time   Description
---------------------------------------------------------------------------------------------
                                  0.000000    0.000000   clock clk (rise edge)
                                  0.000000    0.000000   clock source latency
     1    0.017718    0.022106    0.010538    0.010538 ^ clk (in)
                                                         clk (net)
                      0.022190    0.000000    0.010538 ^ clkbuf_0_clk/A (sg13g2_buf_8)
     4    0.053526    0.025923    0.054212    0.064750 ^ clkbuf_0_clk/X (sg13g2_buf_8)
                                                         clknet_0_clk (net)
                      0.026496    0.002961    0.067711 ^ clkbuf_2_2__f_clk/A (sg13g2_buf_8)
     8    0.034554    0.020282    0.051784    0.119495 ^ clkbuf_2_2__f_clk/X (sg13g2_buf_8)
                                                         clknet_2_2__leaf_clk (net)
                      0.020422    0.001479    0.120975 ^ B[11]$_SDFFE_PP1P_/CLK (sg13g2_dfrbpq_2)
     2    0.011818    0.021527    0.124959    0.245934 v B[11]$_SDFFE_PP1P_/Q (sg13g2_dfrbpq_2)
                                                         net10 (net)
                      0.021527    0.000084    0.246018 v hold43/A (sg13g2_dlygate4sd3_1)
     1    0.009541    0.038770    0.265493    0.511511 v hold43/X (sg13g2_dlygate4sd3_1)
                                                         net126 (net)
                      0.038770    0.000392    0.511903 v fanout10/A (sg13g2_buf_8)
     8    0.062948    0.026887    0.064874    0.576777 v fanout10/X (sg13g2_buf_8)
                                                         net33 (net)
                      0.027346    0.002680    0.579457 v _134_/A1 (sg13g2_a21o_1)
     1    0.001865    0.013142    0.065412    0.644869 v _134_/X (sg13g2_a21o_1)
                                                         _014_ (net)
                      0.013142    0.000073    0.644941 v hold44/A (sg13g2_dlygate4sd3_1)
     1    0.002686    0.025055    0.245214    0.890155 v hold44/X (sg13g2_dlygate4sd3_1)
                                                         net127 (net)
                      0.025055    0.000173    0.890329 v B[11]$_SDFFE_PP1P_/D (sg13g2_dfrbpq_2)
                                              0.890329   data arrival time

                                  0.000000    0.000000   clock clk (rise edge)
                                  0.000000    0.000000   clock source latency
     1    0.017718    0.022106    0.010538    0.010538 ^ clk (in)
                                                         clk (net)
                      0.022190    0.000000    0.010538 ^ clkbuf_0_clk/A (sg13g2_buf_8)
     4    0.053526    0.025923    0.054212    0.064750 ^ clkbuf_0_clk/X (sg13g2_buf_8)
                                                         clknet_0_clk (net)
                      0.026496    0.002961    0.067711 ^ clkbuf_2_2__f_clk/A (sg13g2_buf_8)
     8    0.034554    0.020282    0.051784    0.119495 ^ clkbuf_2_2__f_clk/X (sg13g2_buf_8)
                                                         clknet_2_2__leaf_clk (net)
                      0.020422    0.001479    0.120975 ^ B[11]$_SDFFE_PP1P_/CLK (sg13g2_dfrbpq_2)
                                  0.250000    0.370975   clock uncertainty
                                  0.000000    0.370975   clock reconvergence pessimism
                                 -0.023209    0.347766   library hold time
                                              0.347766   data required time
---------------------------------------------------------------------------------------------
                                              0.347766   data required time
                                             -0.890329   data arrival time
---------------------------------------------------------------------------------------------
                                              0.542563   slack (MET)


Startpoint: B[10]$_SDFFE_PP1P_ (rising edge-triggered flip-flop clocked by clk)
Endpoint: B[10] (output port clocked by clk)
Path Group: clk
Path Type: min

Fanout         Cap        Slew       Delay        Time   Description
---------------------------------------------------------------------------------------------
                                  0.000000    0.000000   clock clk (rise edge)
                                  0.000000    0.000000   clock source latency
     1    0.017718    0.022106    0.010538    0.010538 ^ clk (in)
                                                         clk (net)
                      0.022190    0.000000    0.010538 ^ clkbuf_0_clk/A (sg13g2_buf_8)
     4    0.053526    0.025923    0.054212    0.064750 ^ clkbuf_0_clk/X (sg13g2_buf_8)
                                                         clknet_0_clk (net)
                      0.026496    0.002961    0.067711 ^ clkbuf_2_2__f_clk/A (sg13g2_buf_8)
     8    0.034554    0.020282    0.051784    0.119495 ^ clkbuf_2_2__f_clk/X (sg13g2_buf_8)
                                                         clknet_2_2__leaf_clk (net)
                      0.020430    0.001525    0.121021 ^ B[10]$_SDFFE_PP1P_/CLK (sg13g2_dfrbpq_1)
     3    0.008470    0.023915    0.118884    0.239904 v B[10]$_SDFFE_PP1P_/Q (sg13g2_dfrbpq_1)
                                                         net32 (net)
                      0.023917    0.000226    0.240131 v output16/A (sg13g2_buf_1)
     1    0.008001    0.023098    0.050278    0.290408 v output16/X (sg13g2_buf_1)
                                                         B[10] (net)
                      0.023100    0.000221    0.290629 v B[10] (out)
                                              0.290629   data arrival time

                                  0.000000    0.000000   clock clk (rise edge)
                                  0.000000    0.000000   clock network delay (propagated)
                                  0.250000    0.250000   clock uncertainty
                                  0.000000    0.250000   clock reconvergence pessimism
                                 -2.000000   -1.750000   output external delay
                                             -1.750000   data required time
---------------------------------------------------------------------------------------------
                                             -1.750000   data required time
                                             -0.290629   data arrival time
---------------------------------------------------------------------------------------------
                                              2.040629   slack (MET)


Startpoint: BN[5]$_SDFFE_PP1P_ (rising edge-triggered flip-flop clocked by clk)
Endpoint: BN[5] (output port clocked by clk)
Path Group: clk
Path Type: min

Fanout         Cap        Slew       Delay        Time   Description
---------------------------------------------------------------------------------------------
                                  0.000000    0.000000   clock clk (rise edge)
                                  0.000000    0.000000   clock source latency
     1    0.017718    0.022106    0.010538    0.010538 ^ clk (in)
                                                         clk (net)
                      0.022190    0.000000    0.010538 ^ clkbuf_0_clk/A (sg13g2_buf_8)
     4    0.053526    0.025923    0.054212    0.064750 ^ clkbuf_0_clk/X (sg13g2_buf_8)
                                                         clknet_0_clk (net)
                      0.026496    0.002961    0.067711 ^ clkbuf_2_2__f_clk/A (sg13g2_buf_8)
     8    0.034554    0.020282    0.051784    0.119495 ^ clkbuf_2_2__f_clk/X (sg13g2_buf_8)
                                                         clknet_2_2__leaf_clk (net)
                      0.020325    0.000824    0.120320 ^ BN[5]$_SDFFE_PP1P_/CLK (sg13g2_dfrbpq_1)
     3    0.009278    0.025536    0.120214    0.240533 v BN[5]$_SDFFE_PP1P_/Q (sg13g2_dfrbpq_1)
                                                         net26 (net)
                      0.025537    0.000204    0.240738 v output10/A (sg13g2_buf_1)
     1    0.008119    0.023383    0.050977    0.291715 v output10/X (sg13g2_buf_1)
                                                         BN[5] (net)
                      0.023385    0.000224    0.291939 v BN[5] (out)
                                              0.291939   data arrival time

                                  0.000000    0.000000   clock clk (rise edge)
                                  0.000000    0.000000   clock network delay (propagated)
                                  0.250000    0.250000   clock uncertainty
                                  0.000000    0.250000   clock reconvergence pessimism
                                 -2.000000   -1.750000   output external delay
                                             -1.750000   data required time
---------------------------------------------------------------------------------------------
                                             -1.750000   data required time
                                             -0.291939   data arrival time
---------------------------------------------------------------------------------------------
                                              2.041939   slack (MET)


Startpoint: B[6]$_SDFFE_PP1P_ (rising edge-triggered flip-flop clocked by clk)
Endpoint: B[6] (output port clocked by clk)
Path Group: clk
Path Type: min

Fanout         Cap        Slew       Delay        Time   Description
---------------------------------------------------------------------------------------------
                                  0.000000    0.000000   clock clk (rise edge)
                                  0.000000    0.000000   clock source latency
     1    0.017718    0.022106    0.010538    0.010538 ^ clk (in)
                                                         clk (net)
                      0.022190    0.000000    0.010538 ^ clkbuf_0_clk/A (sg13g2_buf_8)
     4    0.053526    0.025923    0.054212    0.064750 ^ clkbuf_0_clk/X (sg13g2_buf_8)
                                                         clknet_0_clk (net)
                      0.026429    0.002768    0.067518 ^ clkbuf_2_3__f_clk/A (sg13g2_buf_8)
     8    0.035624    0.020601    0.052115    0.119634 ^ clkbuf_2_3__f_clk/X (sg13g2_buf_8)
                                                         clknet_2_3__leaf_clk (net)
                      0.020709    0.001258    0.120891 ^ B[6]$_SDFFE_PP1P_/CLK (sg13g2_dfrbpq_1)
     3    0.009314    0.025592    0.120231    0.241122 v B[6]$_SDFFE_PP1P_/Q (sg13g2_dfrbpq_1)
                                                         net39 (net)
                      0.025603    0.000506    0.241628 v output23/A (sg13g2_buf_1)
     1    0.007808    0.022770    0.050485    0.292113 v output23/X (sg13g2_buf_1)
                                                         B[6] (net)
                      0.022771    0.000214    0.292327 v B[6] (out)
                                              0.292327   data arrival time

                                  0.000000    0.000000   clock clk (rise edge)
                                  0.000000    0.000000   clock network delay (propagated)
                                  0.250000    0.250000   clock uncertainty
                                  0.000000    0.250000   clock reconvergence pessimism
                                 -2.000000   -1.750000   output external delay
                                             -1.750000   data required time
---------------------------------------------------------------------------------------------
                                             -1.750000   data required time
                                             -0.292327   data arrival time
---------------------------------------------------------------------------------------------
                                              2.042327   slack (MET)


Startpoint: BN[6]$_SDFFE_PP1P_ (rising edge-triggered flip-flop clocked by clk)
Endpoint: BN[6] (output port clocked by clk)
Path Group: clk
Path Type: min

Fanout         Cap        Slew       Delay        Time   Description
---------------------------------------------------------------------------------------------
                                  0.000000    0.000000   clock clk (rise edge)
                                  0.000000    0.000000   clock source latency
     1    0.017718    0.022106    0.010538    0.010538 ^ clk (in)
                                                         clk (net)
                      0.022190    0.000000    0.010538 ^ clkbuf_0_clk/A (sg13g2_buf_8)
     4    0.053526    0.025923    0.054212    0.064750 ^ clkbuf_0_clk/X (sg13g2_buf_8)
                                                         clknet_0_clk (net)
                      0.026429    0.002768    0.067518 ^ clkbuf_2_3__f_clk/A (sg13g2_buf_8)
     8    0.035624    0.020601    0.052115    0.119634 ^ clkbuf_2_3__f_clk/X (sg13g2_buf_8)
                                                         clknet_2_3__leaf_clk (net)
                      0.020703    0.001216    0.120850 ^ BN[6]$_SDFFE_PP1P_/CLK (sg13g2_dfrbpq_1)
     3    0.010694    0.028347    0.122395    0.243245 v BN[6]$_SDFFE_PP1P_/Q (sg13g2_dfrbpq_1)
                                                         net27 (net)
                      0.028360    0.000580    0.243825 v output11/A (sg13g2_buf_1)
     1    0.006657    0.020602    0.049393    0.293218 v output11/X (sg13g2_buf_1)
                                                         BN[6] (net)
                      0.020606    0.000278    0.293496 v BN[6] (out)
                                              0.293496   data arrival time

                                  0.000000    0.000000   clock clk (rise edge)
                                  0.000000    0.000000   clock network delay (propagated)
                                  0.250000    0.250000   clock uncertainty
                                  0.000000    0.250000   clock reconvergence pessimism
                                 -2.000000   -1.750000   output external delay
                                             -1.750000   data required time
---------------------------------------------------------------------------------------------
                                             -1.750000   data required time
                                             -0.293496   data arrival time
---------------------------------------------------------------------------------------------
                                              2.043496   slack (MET)


Startpoint: B[5]$_SDFFE_PP1P_ (rising edge-triggered flip-flop clocked by clk)
Endpoint: B[5] (output port clocked by clk)
Path Group: clk
Path Type: min

Fanout         Cap        Slew       Delay        Time   Description
---------------------------------------------------------------------------------------------
                                  0.000000    0.000000   clock clk (rise edge)
                                  0.000000    0.000000   clock source latency
     1    0.017718    0.022106    0.010538    0.010538 ^ clk (in)
                                                         clk (net)
                      0.022190    0.000000    0.010538 ^ clkbuf_0_clk/A (sg13g2_buf_8)
     4    0.053526    0.025923    0.054212    0.064750 ^ clkbuf_0_clk/X (sg13g2_buf_8)
                                                         clknet_0_clk (net)
                      0.026496    0.002961    0.067711 ^ clkbuf_2_2__f_clk/A (sg13g2_buf_8)
     8    0.034554    0.020282    0.051784    0.119495 ^ clkbuf_2_2__f_clk/X (sg13g2_buf_8)
                                                         clknet_2_2__leaf_clk (net)
                      0.020322    0.000805    0.120300 ^ B[5]$_SDFFE_PP1P_/CLK (sg13g2_dfrbpq_1)
     3    0.010019    0.027005    0.121086    0.241386 v B[5]$_SDFFE_PP1P_/Q (sg13g2_dfrbpq_1)
                                                         net38 (net)
                      0.027038    0.000833    0.242220 v output22/A (sg13g2_buf_1)
     1    0.008113    0.023418    0.051438    0.293658 v output22/X (sg13g2_buf_1)
                                                         B[5] (net)
                      0.023419    0.000216    0.293874 v B[5] (out)
                                              0.293874   data arrival time

                                  0.000000    0.000000   clock clk (rise edge)
                                  0.000000    0.000000   clock network delay (propagated)
                                  0.250000    0.250000   clock uncertainty
                                  0.000000    0.250000   clock reconvergence pessimism
                                 -2.000000   -1.750000   output external delay
                                             -1.750000   data required time
---------------------------------------------------------------------------------------------
                                             -1.750000   data required time
                                             -0.293874   data arrival time
---------------------------------------------------------------------------------------------
                                              2.043874   slack (MET)


Startpoint: B[0]$_SDFFE_PP1P_ (rising edge-triggered flip-flop clocked by clk)
Endpoint: B[0] (output port clocked by clk)
Path Group: clk
Path Type: min

Fanout         Cap        Slew       Delay        Time   Description
---------------------------------------------------------------------------------------------
                                  0.000000    0.000000   clock clk (rise edge)
                                  0.000000    0.000000   clock source latency
     1    0.017718    0.022106    0.010538    0.010538 ^ clk (in)
                                                         clk (net)
                      0.022190    0.000000    0.010538 ^ clkbuf_0_clk/A (sg13g2_buf_8)
     4    0.053526    0.025923    0.054212    0.064750 ^ clkbuf_0_clk/X (sg13g2_buf_8)
                                                         clknet_0_clk (net)
                      0.026468    0.002883    0.067633 ^ clkbuf_2_0__f_clk/A (sg13g2_buf_8)
     8    0.033783    0.020022    0.051435    0.119068 ^ clkbuf_2_0__f_clk/X (sg13g2_buf_8)
                                                         clknet_2_0__leaf_clk (net)
                      0.020226    0.001701    0.120769 ^ B[0]$_SDFFE_PP1P_/CLK (sg13g2_dfrbpq_1)
     3    0.010160    0.027319    0.121540    0.242310 v B[0]$_SDFFE_PP1P_/Q (sg13g2_dfrbpq_1)
                                                         net31 (net)
                      0.027325    0.000417    0.242727 v output15/A (sg13g2_buf_1)
     1    0.007800    0.022811    0.050867    0.293594 v output15/X (sg13g2_buf_1)
                                                         B[0] (net)
                      0.022824    0.000491    0.294086 v B[0] (out)
                                              0.294086   data arrival time

                                  0.000000    0.000000   clock clk (rise edge)
                                  0.000000    0.000000   clock network delay (propagated)
                                  0.250000    0.250000   clock uncertainty
                                  0.000000    0.250000   clock reconvergence pessimism
                                 -2.000000   -1.750000   output external delay
                                             -1.750000   data required time
---------------------------------------------------------------------------------------------
                                             -1.750000   data required time
                                             -0.294086   data arrival time
---------------------------------------------------------------------------------------------
                                              2.044086   slack (MET)


Startpoint: B[1]$_SDFFE_PP1P_ (rising edge-triggered flip-flop clocked by clk)
Endpoint: B[1] (output port clocked by clk)
Path Group: clk
Path Type: min

Fanout         Cap        Slew       Delay        Time   Description
---------------------------------------------------------------------------------------------
                                  0.000000    0.000000   clock clk (rise edge)
                                  0.000000    0.000000   clock source latency
     1    0.017718    0.022106    0.010538    0.010538 ^ clk (in)
                                                         clk (net)
                      0.022190    0.000000    0.010538 ^ clkbuf_0_clk/A (sg13g2_buf_8)
     4    0.053526    0.025923    0.054212    0.064750 ^ clkbuf_0_clk/X (sg13g2_buf_8)
                                                         clknet_0_clk (net)
                      0.026468    0.002883    0.067633 ^ clkbuf_2_0__f_clk/A (sg13g2_buf_8)
     8    0.033783    0.020022    0.051435    0.119068 ^ clkbuf_2_0__f_clk/X (sg13g2_buf_8)
                                                         clknet_2_0__leaf_clk (net)
                      0.020288    0.001967    0.121035 ^ B[1]$_SDFFE_PP1P_/CLK (sg13g2_dfrbpq_1)
     3    0.010284    0.027558    0.121782    0.242817 v B[1]$_SDFFE_PP1P_/Q (sg13g2_dfrbpq_1)
                                                         net34 (net)
                      0.027558    0.000121    0.242937 v output18/A (sg13g2_buf_1)
     1    0.007683    0.022585    0.050824    0.293761 v output18/X (sg13g2_buf_1)
                                                         B[1] (net)
                      0.022590    0.000328    0.294089 v B[1] (out)
                                              0.294089   data arrival time

                                  0.000000    0.000000   clock clk (rise edge)
                                  0.000000    0.000000   clock network delay (propagated)
                                  0.250000    0.250000   clock uncertainty
                                  0.000000    0.250000   clock reconvergence pessimism
                                 -2.000000   -1.750000   output external delay
                                             -1.750000   data required time
---------------------------------------------------------------------------------------------
                                             -1.750000   data required time
                                             -0.294089   data arrival time
---------------------------------------------------------------------------------------------
                                              2.044089   slack (MET)


Startpoint: BN[9]$_SDFFE_PP1P_ (rising edge-triggered flip-flop clocked by clk)
Endpoint: BN[9] (output port clocked by clk)
Path Group: clk
Path Type: min

Fanout         Cap        Slew       Delay        Time   Description
---------------------------------------------------------------------------------------------
                                  0.000000    0.000000   clock clk (rise edge)
                                  0.000000    0.000000   clock source latency
     1    0.017718    0.022106    0.010538    0.010538 ^ clk (in)
                                                         clk (net)
                      0.022190    0.000000    0.010538 ^ clkbuf_0_clk/A (sg13g2_buf_8)
     4    0.053526    0.025923    0.054212    0.064750 ^ clkbuf_0_clk/X (sg13g2_buf_8)
                                                         clknet_0_clk (net)
                      0.026496    0.002961    0.067711 ^ clkbuf_2_2__f_clk/A (sg13g2_buf_8)
     8    0.034554    0.020282    0.051784    0.119495 ^ clkbuf_2_2__f_clk/X (sg13g2_buf_8)
                                                         clknet_2_2__leaf_clk (net)
                      0.020465    0.001704    0.121200 ^ BN[9]$_SDFFE_PP1P_/CLK (sg13g2_dfrbpq_1)
     3    0.011121    0.029206    0.122978    0.244178 v BN[9]$_SDFFE_PP1P_/Q (sg13g2_dfrbpq_1)
                                                         net30 (net)
                      0.029218    0.000567    0.244745 v output14/A (sg13g2_buf_1)
     1    0.006949    0.021200    0.050145    0.294890 v output14/X (sg13g2_buf_1)
                                                         BN[9] (net)
                      0.021204    0.000283    0.295173 v BN[9] (out)
                                              0.295173   data arrival time

                                  0.000000    0.000000   clock clk (rise edge)
                                  0.000000    0.000000   clock network delay (propagated)
                                  0.250000    0.250000   clock uncertainty
                                  0.000000    0.250000   clock reconvergence pessimism
                                 -2.000000   -1.750000   output external delay
                                             -1.750000   data required time
---------------------------------------------------------------------------------------------
                                             -1.750000   data required time
                                             -0.295173   data arrival time
---------------------------------------------------------------------------------------------
                                              2.045172   slack (MET)


Startpoint: BN[2]$_SDFFE_PP1P_ (rising edge-triggered flip-flop clocked by clk)
Endpoint: BN[2] (output port clocked by clk)
Path Group: clk
Path Type: min

Fanout         Cap        Slew       Delay        Time   Description
---------------------------------------------------------------------------------------------
                                  0.000000    0.000000   clock clk (rise edge)
                                  0.000000    0.000000   clock source latency
     1    0.017718    0.022106    0.010538    0.010538 ^ clk (in)
                                                         clk (net)
                      0.022190    0.000000    0.010538 ^ clkbuf_0_clk/A (sg13g2_buf_8)
     4    0.053526    0.025923    0.054212    0.064750 ^ clkbuf_0_clk/X (sg13g2_buf_8)
                                                         clknet_0_clk (net)
                      0.026429    0.002768    0.067518 ^ clkbuf_2_3__f_clk/A (sg13g2_buf_8)
     8    0.035624    0.020601    0.052115    0.119634 ^ clkbuf_2_3__f_clk/X (sg13g2_buf_8)
                                                         clknet_2_3__leaf_clk (net)
                      0.020731    0.001394    0.121028 ^ BN[2]$_SDFFE_PP1P_/CLK (sg13g2_dfrbpq_1)
     3    0.010205    0.027355    0.121743    0.242771 v BN[2]$_SDFFE_PP1P_/Q (sg13g2_dfrbpq_1)
                                                         net23 (net)
                      0.027361    0.000400    0.243171 v output7/A (sg13g2_buf_1)
     1    0.008728    0.024656    0.052469    0.295641 v output7/X (sg13g2_buf_1)
                                                         BN[2] (net)
                      0.024662    0.000388    0.296029 v BN[2] (out)
                                              0.296029   data arrival time

                                  0.000000    0.000000   clock clk (rise edge)
                                  0.000000    0.000000   clock network delay (propagated)
                                  0.250000    0.250000   clock uncertainty
                                  0.000000    0.250000   clock reconvergence pessimism
                                 -2.000000   -1.750000   output external delay
                                             -1.750000   data required time
---------------------------------------------------------------------------------------------
                                             -1.750000   data required time
                                             -0.296029   data arrival time
---------------------------------------------------------------------------------------------
                                              2.046029   slack (MET)


Startpoint: BN[1]$_SDFFE_PP1P_ (rising edge-triggered flip-flop clocked by clk)
Endpoint: BN[1] (output port clocked by clk)
Path Group: clk
Path Type: min

Fanout         Cap        Slew       Delay        Time   Description
---------------------------------------------------------------------------------------------
                                  0.000000    0.000000   clock clk (rise edge)
                                  0.000000    0.000000   clock source latency
     1    0.017718    0.022106    0.010538    0.010538 ^ clk (in)
                                                         clk (net)
                      0.022190    0.000000    0.010538 ^ clkbuf_0_clk/A (sg13g2_buf_8)
     4    0.053526    0.025923    0.054212    0.064750 ^ clkbuf_0_clk/X (sg13g2_buf_8)
                                                         clknet_0_clk (net)
                      0.026496    0.002961    0.067711 ^ clkbuf_2_2__f_clk/A (sg13g2_buf_8)
     8    0.034554    0.020282    0.051784    0.119495 ^ clkbuf_2_2__f_clk/X (sg13g2_buf_8)
                                                         clknet_2_2__leaf_clk (net)
                      0.020478    0.001770    0.121266 ^ BN[1]$_SDFFE_PP1P_/CLK (sg13g2_dfrbpq_1)
     3    0.011688    0.030339    0.123942    0.245207 v BN[1]$_SDFFE_PP1P_/Q (sg13g2_dfrbpq_1)
                                                         net22 (net)
                      0.030352    0.000581    0.245789 v output6/A (sg13g2_buf_1)
     1    0.006643    0.020642    0.049990    0.295779 v output6/X (sg13g2_buf_1)
                                                         BN[1] (net)
                      0.020646    0.000273    0.296051 v BN[1] (out)
                                              0.296051   data arrival time

                                  0.000000    0.000000   clock clk (rise edge)
                                  0.000000    0.000000   clock network delay (propagated)
                                  0.250000    0.250000   clock uncertainty
                                  0.000000    0.250000   clock reconvergence pessimism
                                 -2.000000   -1.750000   output external delay
                                             -1.750000   data required time
---------------------------------------------------------------------------------------------
                                             -1.750000   data required time
                                             -0.296051   data arrival time
---------------------------------------------------------------------------------------------
                                              2.046051   slack (MET)


Startpoint: B[9]$_SDFFE_PP1P_ (rising edge-triggered flip-flop clocked by clk)
Endpoint: B[9] (output port clocked by clk)
Path Group: clk
Path Type: min

Fanout         Cap        Slew       Delay        Time   Description
---------------------------------------------------------------------------------------------
                                  0.000000    0.000000   clock clk (rise edge)
                                  0.000000    0.000000   clock source latency
     1    0.017718    0.022106    0.010538    0.010538 ^ clk (in)
                                                         clk (net)
                      0.022190    0.000000    0.010538 ^ clkbuf_0_clk/A (sg13g2_buf_8)
     4    0.053526    0.025923    0.054212    0.064750 ^ clkbuf_0_clk/X (sg13g2_buf_8)
                                                         clknet_0_clk (net)
                      0.026496    0.002961    0.067711 ^ clkbuf_2_2__f_clk/A (sg13g2_buf_8)
     8    0.034554    0.020282    0.051784    0.119495 ^ clkbuf_2_2__f_clk/X (sg13g2_buf_8)
                                                         clknet_2_2__leaf_clk (net)
                      0.020467    0.001716    0.121212 ^ B[9]$_SDFFE_PP1P_/CLK (sg13g2_dfrbpq_1)
     3    0.011798    0.030569    0.124048    0.245260 v B[9]$_SDFFE_PP1P_/Q (sg13g2_dfrbpq_1)
                                                         net42 (net)
                      0.030582    0.000602    0.245862 v output26/A (sg13g2_buf_1)
     1    0.006718    0.020795    0.050185    0.296047 v output26/X (sg13g2_buf_1)
                                                         B[9] (net)
                      0.020799    0.000276    0.296324 v B[9] (out)
                                              0.296324   data arrival time

                                  0.000000    0.000000   clock clk (rise edge)
                                  0.000000    0.000000   clock network delay (propagated)
                                  0.250000    0.250000   clock uncertainty
                                  0.000000    0.250000   clock reconvergence pessimism
                                 -2.000000   -1.750000   output external delay
                                             -1.750000   data required time
---------------------------------------------------------------------------------------------
                                             -1.750000   data required time
                                             -0.296324   data arrival time
---------------------------------------------------------------------------------------------
                                              2.046324   slack (MET)


Startpoint: BN[4]$_SDFFE_PP1P_ (rising edge-triggered flip-flop clocked by clk)
Endpoint: BN[4] (output port clocked by clk)
Path Group: clk
Path Type: min

Fanout         Cap        Slew       Delay        Time   Description
---------------------------------------------------------------------------------------------
                                  0.000000    0.000000   clock clk (rise edge)
                                  0.000000    0.000000   clock source latency
     1    0.017718    0.022106    0.010538    0.010538 ^ clk (in)
                                                         clk (net)
                      0.022190    0.000000    0.010538 ^ clkbuf_0_clk/A (sg13g2_buf_8)
     4    0.053526    0.025923    0.054212    0.064750 ^ clkbuf_0_clk/X (sg13g2_buf_8)
                                                         clknet_0_clk (net)
                      0.026468    0.002883    0.067633 ^ clkbuf_2_0__f_clk/A (sg13g2_buf_8)
     8    0.033783    0.020022    0.051435    0.119068 ^ clkbuf_2_0__f_clk/X (sg13g2_buf_8)
                                                         clknet_2_0__leaf_clk (net)
                      0.020282    0.001940    0.121008 ^ BN[4]$_SDFFE_PP1P_/CLK (sg13g2_dfrbpq_1)
     3    0.010564    0.028073    0.122148    0.243156 v BN[4]$_SDFFE_PP1P_/Q (sg13g2_dfrbpq_1)
                                                         net25 (net)
                      0.028078    0.000383    0.243539 v output9/A (sg13g2_buf_1)
     1    0.008594    0.024411    0.052473    0.296012 v output9/X (sg13g2_buf_1)
                                                         BN[4] (net)
                      0.024417    0.000380    0.296393 v BN[4] (out)
                                              0.296393   data arrival time

                                  0.000000    0.000000   clock clk (rise edge)
                                  0.000000    0.000000   clock network delay (propagated)
                                  0.250000    0.250000   clock uncertainty
                                  0.000000    0.250000   clock reconvergence pessimism
                                 -2.000000   -1.750000   output external delay
                                             -1.750000   data required time
---------------------------------------------------------------------------------------------
                                             -1.750000   data required time
                                             -0.296393   data arrival time
---------------------------------------------------------------------------------------------
                                              2.046392   slack (MET)


Startpoint: BN[8]$_SDFFE_PP1P_ (rising edge-triggered flip-flop clocked by clk)
Endpoint: BN[8] (output port clocked by clk)
Path Group: clk
Path Type: min

Fanout         Cap        Slew       Delay        Time   Description
---------------------------------------------------------------------------------------------
                                  0.000000    0.000000   clock clk (rise edge)
                                  0.000000    0.000000   clock source latency
     1    0.017718    0.022106    0.010538    0.010538 ^ clk (in)
                                                         clk (net)
                      0.022190    0.000000    0.010538 ^ clkbuf_0_clk/A (sg13g2_buf_8)
     4    0.053526    0.025923    0.054212    0.064750 ^ clkbuf_0_clk/X (sg13g2_buf_8)
                                                         clknet_0_clk (net)
                      0.026468    0.002883    0.067633 ^ clkbuf_2_0__f_clk/A (sg13g2_buf_8)
     8    0.033783    0.020022    0.051435    0.119068 ^ clkbuf_2_0__f_clk/X (sg13g2_buf_8)
                                                         clknet_2_0__leaf_clk (net)
                      0.020276    0.001914    0.120982 ^ BN[8]$_SDFFE_PP1P_/CLK (sg13g2_dfrbpq_1)
     3    0.010433    0.027827    0.121788    0.242771 v BN[8]$_SDFFE_PP1P_/Q (sg13g2_dfrbpq_1)
                                                         net29 (net)
                      0.027838    0.000529    0.243300 v output13/A (sg13g2_buf_1)
     1    0.009175    0.025566    0.053335    0.296635 v output13/X (sg13g2_buf_1)
                                                         BN[8] (net)
                      0.025574    0.000426    0.297061 v BN[8] (out)
                                              0.297061   data arrival time

                                  0.000000    0.000000   clock clk (rise edge)
                                  0.000000    0.000000   clock network delay (propagated)
                                  0.250000    0.250000   clock uncertainty
                                  0.000000    0.250000   clock reconvergence pessimism
                                 -2.000000   -1.750000   output external delay
                                             -1.750000   data required time
---------------------------------------------------------------------------------------------
                                             -1.750000   data required time
                                             -0.297061   data arrival time
---------------------------------------------------------------------------------------------
                                              2.047060   slack (MET)


Startpoint: B[4]$_SDFFE_PP1P_ (rising edge-triggered flip-flop clocked by clk)
Endpoint: B[4] (output port clocked by clk)
Path Group: clk
Path Type: min

Fanout         Cap        Slew       Delay        Time   Description
---------------------------------------------------------------------------------------------
                                  0.000000    0.000000   clock clk (rise edge)
                                  0.000000    0.000000   clock source latency
     1    0.017718    0.022106    0.010538    0.010538 ^ clk (in)
                                                         clk (net)
                      0.022190    0.000000    0.010538 ^ clkbuf_0_clk/A (sg13g2_buf_8)
     4    0.053526    0.025923    0.054212    0.064750 ^ clkbuf_0_clk/X (sg13g2_buf_8)
                                                         clknet_0_clk (net)
                      0.026468    0.002883    0.067633 ^ clkbuf_2_0__f_clk/A (sg13g2_buf_8)
     8    0.033783    0.020022    0.051435    0.119068 ^ clkbuf_2_0__f_clk/X (sg13g2_buf_8)
                                                         clknet_2_0__leaf_clk (net)
                      0.020278    0.001922    0.120990 ^ B[4]$_SDFFE_PP1P_/CLK (sg13g2_dfrbpq_1)
     3    0.010760    0.028474    0.122382    0.243373 v B[4]$_SDFFE_PP1P_/Q (sg13g2_dfrbpq_1)
                                                         net37 (net)
                      0.028486    0.000553    0.243926 v output21/A (sg13g2_buf_1)
     1    0.008808    0.024867    0.052752    0.296678 v output21/X (sg13g2_buf_1)
                                                         B[4] (net)
                      0.024894    0.000732    0.297409 v B[4] (out)
                                              0.297409   data arrival time

                                  0.000000    0.000000   clock clk (rise edge)
                                  0.000000    0.000000   clock network delay (propagated)
                                  0.250000    0.250000   clock uncertainty
                                  0.000000    0.250000   clock reconvergence pessimism
                                 -2.000000   -1.750000   output external delay
                                             -1.750000   data required time
---------------------------------------------------------------------------------------------
                                             -1.750000   data required time
                                             -0.297409   data arrival time
---------------------------------------------------------------------------------------------
                                              2.047409   slack (MET)


Startpoint: BN[0]$_SDFFE_PP1P_ (rising edge-triggered flip-flop clocked by clk)
Endpoint: BN[0] (output port clocked by clk)
Path Group: clk
Path Type: min

Fanout         Cap        Slew       Delay        Time   Description
---------------------------------------------------------------------------------------------
                                  0.000000    0.000000   clock clk (rise edge)
                                  0.000000    0.000000   clock source latency
     1    0.017718    0.022106    0.010538    0.010538 ^ clk (in)
                                                         clk (net)
                      0.022190    0.000000    0.010538 ^ clkbuf_0_clk/A (sg13g2_buf_8)
     4    0.053526    0.025923    0.054212    0.064750 ^ clkbuf_0_clk/X (sg13g2_buf_8)
                                                         clknet_0_clk (net)
                      0.026468    0.002883    0.067633 ^ clkbuf_2_0__f_clk/A (sg13g2_buf_8)
     8    0.033783    0.020022    0.051435    0.119068 ^ clkbuf_2_0__f_clk/X (sg13g2_buf_8)
                                                         clknet_2_0__leaf_clk (net)
                      0.020222    0.001681    0.120749 ^ BN[0]$_SDFFE_PP1P_/CLK (sg13g2_dfrbpq_1)
     3    0.011700    0.030363    0.123859    0.244608 v BN[0]$_SDFFE_PP1P_/Q (sg13g2_dfrbpq_1)
                                                         net19 (net)
                      0.030381    0.000673    0.245281 v output3/A (sg13g2_buf_1)
     1    0.007749    0.022807    0.051808    0.297088 v output3/X (sg13g2_buf_1)
                                                         BN[0] (net)
                      0.022813    0.000340    0.297429 v BN[0] (out)
                                              0.297429   data arrival time

                                  0.000000    0.000000   clock clk (rise edge)
                                  0.000000    0.000000   clock network delay (propagated)
                                  0.250000    0.250000   clock uncertainty
                                  0.000000    0.250000   clock reconvergence pessimism
                                 -2.000000   -1.750000   output external delay
                                             -1.750000   data required time
---------------------------------------------------------------------------------------------
                                             -1.750000   data required time
                                             -0.297429   data arrival time
---------------------------------------------------------------------------------------------
                                              2.047429   slack (MET)


Startpoint: BN[7]$_SDFFE_PP1P_ (rising edge-triggered flip-flop clocked by clk)
Endpoint: BN[7] (output port clocked by clk)
Path Group: clk
Path Type: min

Fanout         Cap        Slew       Delay        Time   Description
---------------------------------------------------------------------------------------------
                                  0.000000    0.000000   clock clk (rise edge)
                                  0.000000    0.000000   clock source latency
     1    0.017718    0.022106    0.010538    0.010538 ^ clk (in)
                                                         clk (net)
                      0.022190    0.000000    0.010538 ^ clkbuf_0_clk/A (sg13g2_buf_8)
     4    0.053526    0.025923    0.054212    0.064750 ^ clkbuf_0_clk/X (sg13g2_buf_8)
                                                         clknet_0_clk (net)
                      0.026429    0.002768    0.067518 ^ clkbuf_2_3__f_clk/A (sg13g2_buf_8)
     8    0.035624    0.020601    0.052115    0.119634 ^ clkbuf_2_3__f_clk/X (sg13g2_buf_8)
                                                         clknet_2_3__leaf_clk (net)
                      0.020726    0.001365    0.120999 ^ BN[7]$_SDFFE_PP1P_/CLK (sg13g2_dfrbpq_1)
     3    0.010701    0.028404    0.122597    0.243595 v BN[7]$_SDFFE_PP1P_/Q (sg13g2_dfrbpq_1)
                                                         net28 (net)
                      0.028408    0.000342    0.243937 v output12/A (sg13g2_buf_1)
     1    0.009060    0.025352    0.053332    0.297269 v output12/X (sg13g2_buf_1)
                                                         BN[7] (net)
                      0.025359    0.000410    0.297679 v BN[7] (out)
                                              0.297679   data arrival time

                                  0.000000    0.000000   clock clk (rise edge)
                                  0.000000    0.000000   clock network delay (propagated)
                                  0.250000    0.250000   clock uncertainty
                                  0.000000    0.250000   clock reconvergence pessimism
                                 -2.000000   -1.750000   output external delay
                                             -1.750000   data required time
---------------------------------------------------------------------------------------------
                                             -1.750000   data required time
                                             -0.297679   data arrival time
---------------------------------------------------------------------------------------------
                                              2.047679   slack (MET)


Startpoint: B[7]$_SDFFE_PP1P_ (rising edge-triggered flip-flop clocked by clk)
Endpoint: B[7] (output port clocked by clk)
Path Group: clk
Path Type: min

Fanout         Cap        Slew       Delay        Time   Description
---------------------------------------------------------------------------------------------
                                  0.000000    0.000000   clock clk (rise edge)
                                  0.000000    0.000000   clock source latency
     1    0.017718    0.022106    0.010538    0.010538 ^ clk (in)
                                                         clk (net)
                      0.022190    0.000000    0.010538 ^ clkbuf_0_clk/A (sg13g2_buf_8)
     4    0.053526    0.025923    0.054212    0.064750 ^ clkbuf_0_clk/X (sg13g2_buf_8)
                                                         clknet_0_clk (net)
                      0.026429    0.002768    0.067518 ^ clkbuf_2_3__f_clk/A (sg13g2_buf_8)
     8    0.035624    0.020601    0.052115    0.119634 ^ clkbuf_2_3__f_clk/X (sg13g2_buf_8)
                                                         clknet_2_3__leaf_clk (net)
                      0.020706    0.001233    0.120866 ^ B[7]$_SDFFE_PP1P_/CLK (sg13g2_dfrbpq_1)
     3    0.011262    0.029464    0.123469    0.244335 v B[7]$_SDFFE_PP1P_/Q (sg13g2_dfrbpq_1)
                                                         net40 (net)
                      0.029467    0.000329    0.244665 v output24/A (sg13g2_buf_1)
     1    0.008869    0.025015    0.053184    0.297848 v output24/X (sg13g2_buf_1)
                                                         B[7] (net)
                      0.025042    0.000728    0.298576 v B[7] (out)
                                              0.298576   data arrival time

                                  0.000000    0.000000   clock clk (rise edge)
                                  0.000000    0.000000   clock network delay (propagated)
                                  0.250000    0.250000   clock uncertainty
                                  0.000000    0.250000   clock reconvergence pessimism
                                 -2.000000   -1.750000   output external delay
                                             -1.750000   data required time
---------------------------------------------------------------------------------------------
                                             -1.750000   data required time
                                             -0.298576   data arrival time
---------------------------------------------------------------------------------------------
                                              2.048577   slack (MET)


Startpoint: BN[3]$_SDFFE_PP1P_ (rising edge-triggered flip-flop clocked by clk)
Endpoint: BN[3] (output port clocked by clk)
Path Group: clk
Path Type: min

Fanout         Cap        Slew       Delay        Time   Description
---------------------------------------------------------------------------------------------
                                  0.000000    0.000000   clock clk (rise edge)
                                  0.000000    0.000000   clock source latency
     1    0.017718    0.022106    0.010538    0.010538 ^ clk (in)
                                                         clk (net)
                      0.022190    0.000000    0.010538 ^ clkbuf_0_clk/A (sg13g2_buf_8)
     4    0.053526    0.025923    0.054212    0.064750 ^ clkbuf_0_clk/X (sg13g2_buf_8)
                                                         clknet_0_clk (net)
                      0.026410    0.002710    0.067461 ^ clkbuf_2_1__f_clk/A (sg13g2_buf_8)
     7    0.030098    0.019021    0.050593    0.118054 ^ clkbuf_2_1__f_clk/X (sg13g2_buf_8)
                                                         clknet_2_1__leaf_clk (net)
                      0.019115    0.001483    0.119537 ^ BN[3]$_SDFFE_PP1P_/CLK (sg13g2_dfrbpq_1)
     3    0.012543    0.032118    0.124999    0.244536 v BN[3]$_SDFFE_PP1P_/Q (sg13g2_dfrbpq_1)
                                                         net24 (net)
                      0.032123    0.000396    0.244932 v output8/A (sg13g2_buf_1)
     1    0.008485    0.024317    0.053566    0.298498 v output8/X (sg13g2_buf_1)
                                                         BN[3] (net)
                      0.024322    0.000368    0.298866 v BN[3] (out)
                                              0.298866   data arrival time

                                  0.000000    0.000000   clock clk (rise edge)
                                  0.000000    0.000000   clock network delay (propagated)
                                  0.250000    0.250000   clock uncertainty
                                  0.000000    0.250000   clock reconvergence pessimism
                                 -2.000000   -1.750000   output external delay
                                             -1.750000   data required time
---------------------------------------------------------------------------------------------
                                             -1.750000   data required time
                                             -0.298866   data arrival time
---------------------------------------------------------------------------------------------
                                              2.048866   slack (MET)


Startpoint: B[3]$_SDFFE_PP1P_ (rising edge-triggered flip-flop clocked by clk)
Endpoint: B[3] (output port clocked by clk)
Path Group: clk
Path Type: min

Fanout         Cap        Slew       Delay        Time   Description
---------------------------------------------------------------------------------------------
                                  0.000000    0.000000   clock clk (rise edge)
                                  0.000000    0.000000   clock source latency
     1    0.017718    0.022106    0.010538    0.010538 ^ clk (in)
                                                         clk (net)
                      0.022190    0.000000    0.010538 ^ clkbuf_0_clk/A (sg13g2_buf_8)
     4    0.053526    0.025923    0.054212    0.064750 ^ clkbuf_0_clk/X (sg13g2_buf_8)
                                                         clknet_0_clk (net)
                      0.026410    0.002710    0.067461 ^ clkbuf_2_1__f_clk/A (sg13g2_buf_8)
     7    0.030098    0.019021    0.050593    0.118054 ^ clkbuf_2_1__f_clk/X (sg13g2_buf_8)
                                                         clknet_2_1__leaf_clk (net)
                      0.019117    0.001495    0.119549 ^ B[3]$_SDFFE_PP1P_/CLK (sg13g2_dfrbpq_1)
     3    0.012627    0.032237    0.124898    0.244447 v B[3]$_SDFFE_PP1P_/Q (sg13g2_dfrbpq_1)
                                                         net36 (net)
                      0.032272    0.000953    0.245400 v output20/A (sg13g2_buf_1)
     1    0.008351    0.024056    0.053389    0.298790 v output20/X (sg13g2_buf_1)
                                                         B[3] (net)
                      0.024062    0.000366    0.299155 v B[3] (out)
                                              0.299155   data arrival time

                                  0.000000    0.000000   clock clk (rise edge)
                                  0.000000    0.000000   clock network delay (propagated)
                                  0.250000    0.250000   clock uncertainty
                                  0.000000    0.250000   clock reconvergence pessimism
                                 -2.000000   -1.750000   output external delay
                                             -1.750000   data required time
---------------------------------------------------------------------------------------------
                                             -1.750000   data required time
                                             -0.299155   data arrival time
---------------------------------------------------------------------------------------------
                                              2.049155   slack (MET)


Startpoint: BN[10]$_SDFFE_PP1P_ (rising edge-triggered flip-flop clocked by clk)
Endpoint: BN[10] (output port clocked by clk)
Path Group: clk
Path Type: min

Fanout         Cap        Slew       Delay        Time   Description
---------------------------------------------------------------------------------------------
                                  0.000000    0.000000   clock clk (rise edge)
                                  0.000000    0.000000   clock source latency
     1    0.017718    0.022106    0.010538    0.010538 ^ clk (in)
                                                         clk (net)
                      0.022190    0.000000    0.010538 ^ clkbuf_0_clk/A (sg13g2_buf_8)
     4    0.053526    0.025923    0.054212    0.064750 ^ clkbuf_0_clk/X (sg13g2_buf_8)
                                                         clknet_0_clk (net)
                      0.026429    0.002768    0.067518 ^ clkbuf_2_3__f_clk/A (sg13g2_buf_8)
     8    0.035624    0.020601    0.052115    0.119634 ^ clkbuf_2_3__f_clk/X (sg13g2_buf_8)
                                                         clknet_2_3__leaf_clk (net)
                      0.020725    0.001358    0.120991 ^ BN[10]$_SDFFE_PP1P_/CLK (sg13g2_dfrbpq_1)
     3    0.011517    0.029991    0.123777    0.244768 v BN[10]$_SDFFE_PP1P_/Q (sg13g2_dfrbpq_1)
                                                         net20 (net)
                      0.030009    0.000675    0.245443 v output4/A (sg13g2_buf_1)
     1    0.009479    0.026249    0.054417    0.299860 v output4/X (sg13g2_buf_1)
                                                         BN[10] (net)
                      0.026267    0.000624    0.300485 v BN[10] (out)
                                              0.300485   data arrival time

                                  0.000000    0.000000   clock clk (rise edge)
                                  0.000000    0.000000   clock network delay (propagated)
                                  0.250000    0.250000   clock uncertainty
                                  0.000000    0.250000   clock reconvergence pessimism
                                 -2.000000   -1.750000   output external delay
                                             -1.750000   data required time
---------------------------------------------------------------------------------------------
                                             -1.750000   data required time
                                             -0.300485   data arrival time
---------------------------------------------------------------------------------------------
                                              2.050484   slack (MET)


Startpoint: BN[11]$_SDFFE_PP1P_ (rising edge-triggered flip-flop clocked by clk)
Endpoint: sign (output port clocked by clk)
Path Group: clk
Path Type: min

Fanout         Cap        Slew       Delay        Time   Description
---------------------------------------------------------------------------------------------
                                  0.000000    0.000000   clock clk (rise edge)
                                  0.000000    0.000000   clock source latency
     1    0.017718    0.022106    0.010538    0.010538 ^ clk (in)
                                                         clk (net)
                      0.022190    0.000000    0.010538 ^ clkbuf_0_clk/A (sg13g2_buf_8)
     4    0.053526    0.025923    0.054212    0.064750 ^ clkbuf_0_clk/X (sg13g2_buf_8)
                                                         clknet_0_clk (net)
                      0.026410    0.002710    0.067461 ^ clkbuf_2_1__f_clk/A (sg13g2_buf_8)
     7    0.030098    0.019021    0.050593    0.118054 ^ clkbuf_2_1__f_clk/X (sg13g2_buf_8)
                                                         clknet_2_1__leaf_clk (net)
                      0.019098    0.001379    0.119432 ^ BN[11]$_SDFFE_PP1P_/CLK (sg13g2_dfrbpq_1)
     4    0.012201    0.031368    0.124281    0.243714 v BN[11]$_SDFFE_PP1P_/Q (sg13g2_dfrbpq_1)
                                                         net55 (net)
                      0.031384    0.000656    0.244370 v output39/A (sg13g2_buf_1)
     1    0.010417    0.028311    0.056223    0.300593 v output39/X (sg13g2_buf_1)
                                                         sign (net)
                      0.028368    0.000893    0.301485 v sign (out)
                                              0.301485   data arrival time

                                  0.000000    0.000000   clock clk (rise edge)
                                  0.000000    0.000000   clock network delay (propagated)
                                  0.250000    0.250000   clock uncertainty
                                  0.000000    0.250000   clock reconvergence pessimism
                                 -2.000000   -1.750000   output external delay
                                             -1.750000   data required time
---------------------------------------------------------------------------------------------
                                             -1.750000   data required time
                                             -0.301485   data arrival time
---------------------------------------------------------------------------------------------
                                              2.051485   slack (MET)


Startpoint: B[8]$_SDFFE_PP1P_ (rising edge-triggered flip-flop clocked by clk)
Endpoint: B[8] (output port clocked by clk)
Path Group: clk
Path Type: min

Fanout         Cap        Slew       Delay        Time   Description
---------------------------------------------------------------------------------------------
                                  0.000000    0.000000   clock clk (rise edge)
                                  0.000000    0.000000   clock source latency
     1    0.017718    0.022106    0.010538    0.010538 ^ clk (in)
                                                         clk (net)
                      0.022190    0.000000    0.010538 ^ clkbuf_0_clk/A (sg13g2_buf_8)
     4    0.053526    0.025923    0.054212    0.064750 ^ clkbuf_0_clk/X (sg13g2_buf_8)
                                                         clknet_0_clk (net)
                      0.026468    0.002883    0.067633 ^ clkbuf_2_0__f_clk/A (sg13g2_buf_8)
     8    0.033783    0.020022    0.051435    0.119068 ^ clkbuf_2_0__f_clk/X (sg13g2_buf_8)
                                                         clknet_2_0__leaf_clk (net)
                      0.020272    0.001897    0.120966 ^ B[8]$_SDFFE_PP1P_/CLK (sg13g2_dfrbpq_1)
     3    0.012635    0.032243    0.125423    0.246388 v B[8]$_SDFFE_PP1P_/Q (sg13g2_dfrbpq_1)
                                                         net41 (net)
                      0.032261    0.000698    0.247086 v output25/A (sg13g2_buf_1)
     1    0.009433    0.026217    0.055138    0.302225 v output25/X (sg13g2_buf_1)
                                                         B[8] (net)
                      0.026225    0.000441    0.302666 v B[8] (out)
                                              0.302666   data arrival time

                                  0.000000    0.000000   clock clk (rise edge)
                                  0.000000    0.000000   clock network delay (propagated)
                                  0.250000    0.250000   clock uncertainty
                                  0.000000    0.250000   clock reconvergence pessimism
                                 -2.000000   -1.750000   output external delay
                                             -1.750000   data required time
---------------------------------------------------------------------------------------------
                                             -1.750000   data required time
                                             -0.302666   data arrival time
---------------------------------------------------------------------------------------------
                                              2.052666   slack (MET)


Startpoint: B[2]$_SDFFE_PP1P_ (rising edge-triggered flip-flop clocked by clk)
Endpoint: B[2] (output port clocked by clk)
Path Group: clk
Path Type: min

Fanout         Cap        Slew       Delay        Time   Description
---------------------------------------------------------------------------------------------
                                  0.000000    0.000000   clock clk (rise edge)
                                  0.000000    0.000000   clock source latency
     1    0.017718    0.022106    0.010538    0.010538 ^ clk (in)
                                                         clk (net)
                      0.022190    0.000000    0.010538 ^ clkbuf_0_clk/A (sg13g2_buf_8)
     4    0.053526    0.025923    0.054212    0.064750 ^ clkbuf_0_clk/X (sg13g2_buf_8)
                                                         clknet_0_clk (net)
                      0.026429    0.002768    0.067518 ^ clkbuf_2_3__f_clk/A (sg13g2_buf_8)
     8    0.035624    0.020601    0.052115    0.119634 ^ clkbuf_2_3__f_clk/X (sg13g2_buf_8)
                                                         clknet_2_3__leaf_clk (net)
                      0.020652    0.000823    0.120456 ^ B[2]$_SDFFE_PP1P_/CLK (sg13g2_dfrbpq_1)
     3    0.014554    0.036108    0.128749    0.249206 v B[2]$_SDFFE_PP1P_/Q (sg13g2_dfrbpq_1)
                                                         net35 (net)
                      0.036136    0.000917    0.250123 v output19/A (sg13g2_buf_1)
     1    0.009833    0.027126    0.057059    0.307182 v output19/X (sg13g2_buf_1)
                                                         B[2] (net)
                      0.027132    0.000414    0.307596 v B[2] (out)
                                              0.307596   data arrival time

                                  0.000000    0.000000   clock clk (rise edge)
                                  0.000000    0.000000   clock network delay (propagated)
                                  0.250000    0.250000   clock uncertainty
                                  0.000000    0.250000   clock reconvergence pessimism
                                 -2.000000   -1.750000   output external delay
                                             -1.750000   data required time
---------------------------------------------------------------------------------------------
                                             -1.750000   data required time
                                             -0.307596   data arrival time
---------------------------------------------------------------------------------------------
                                              2.057595   slack (MET)


Startpoint: BN[11]$_SDFFE_PP1P_ (rising edge-triggered flip-flop clocked by clk)
Endpoint: BN[11] (output port clocked by clk)
Path Group: clk
Path Type: min

Fanout         Cap        Slew       Delay        Time   Description
---------------------------------------------------------------------------------------------
                                  0.000000    0.000000   clock clk (rise edge)
                                  0.000000    0.000000   clock source latency
     1    0.017718    0.022106    0.010538    0.010538 ^ clk (in)
                                                         clk (net)
                      0.022190    0.000000    0.010538 ^ clkbuf_0_clk/A (sg13g2_buf_8)
     4    0.053526    0.025923    0.054212    0.064750 ^ clkbuf_0_clk/X (sg13g2_buf_8)
                                                         clknet_0_clk (net)
                      0.026410    0.002710    0.067461 ^ clkbuf_2_1__f_clk/A (sg13g2_buf_8)
     7    0.030098    0.019021    0.050593    0.118054 ^ clkbuf_2_1__f_clk/X (sg13g2_buf_8)
                                                         clknet_2_1__leaf_clk (net)
                      0.019098    0.001379    0.119432 ^ BN[11]$_SDFFE_PP1P_/CLK (sg13g2_dfrbpq_1)
     4    0.012201    0.031368    0.124281    0.243714 v BN[11]$_SDFFE_PP1P_/Q (sg13g2_dfrbpq_1)
                                                         net55 (net)
                      0.031384    0.000651    0.244365 v _204_/A (sg13g2_buf_1)
     1    0.003450    0.014727    0.045048    0.289413 v _204_/X (sg13g2_buf_1)
                                                         net21 (net)
                      0.014730    0.000231    0.289643 v output5/A (sg13g2_buf_1)
     1    0.008254    0.023411    0.047545    0.337189 v output5/X (sg13g2_buf_1)
                                                         BN[11] (net)
                      0.023458    0.000717    0.337905 v BN[11] (out)
                                              0.337905   data arrival time

                                  0.000000    0.000000   clock clk (rise edge)
                                  0.000000    0.000000   clock network delay (propagated)
                                  0.250000    0.250000   clock uncertainty
                                  0.000000    0.250000   clock reconvergence pessimism
                                 -2.000000   -1.750000   output external delay
                                             -1.750000   data required time
---------------------------------------------------------------------------------------------
                                             -1.750000   data required time
                                             -0.337905   data arrival time
---------------------------------------------------------------------------------------------
                                              2.087905   slack (MET)


Startpoint: BN[11]$_SDFFE_PP1P_ (rising edge-triggered flip-flop clocked by clk)
Endpoint: D[0] (output port clocked by clk)
Path Group: clk
Path Type: min

Fanout         Cap        Slew       Delay        Time   Description
---------------------------------------------------------------------------------------------
                                  0.000000    0.000000   clock clk (rise edge)
                                  0.000000    0.000000   clock source latency
     1    0.017718    0.022106    0.010538    0.010538 ^ clk (in)
                                                         clk (net)
                      0.022190    0.000000    0.010538 ^ clkbuf_0_clk/A (sg13g2_buf_8)
     4    0.053526    0.025923    0.054212    0.064750 ^ clkbuf_0_clk/X (sg13g2_buf_8)
                                                         clknet_0_clk (net)
                      0.026410    0.002710    0.067461 ^ clkbuf_2_1__f_clk/A (sg13g2_buf_8)
     7    0.030098    0.019021    0.050593    0.118054 ^ clkbuf_2_1__f_clk/X (sg13g2_buf_8)
                                                         clknet_2_1__leaf_clk (net)
                      0.019098    0.001379    0.119432 ^ BN[11]$_SDFFE_PP1P_/CLK (sg13g2_dfrbpq_1)
     4    0.012420    0.038410    0.127211    0.246643 ^ BN[11]$_SDFFE_PP1P_/Q (sg13g2_dfrbpq_1)
                                                         net55 (net)
                      0.038421    0.000630    0.247274 ^ _153_/B (sg13g2_or2_1)
     1    0.003887    0.017630    0.049310    0.296584 ^ _153_/X (sg13g2_or2_1)
                                                         net43 (net)
                      0.017632    0.000259    0.296842 ^ output27/A (sg13g2_buf_1)
     1    0.009902    0.031635    0.051821    0.348663 ^ output27/X (sg13g2_buf_1)
                                                         D[0] (net)
                      0.031687    0.000838    0.349501 ^ D[0] (out)
                                              0.349501   data arrival time

                                  0.000000    0.000000   clock clk (rise edge)
                                  0.000000    0.000000   clock network delay (propagated)
                                  0.250000    0.250000   clock uncertainty
                                  0.000000    0.250000   clock reconvergence pessimism
                                 -2.000000   -1.750000   output external delay
                                             -1.750000   data required time
---------------------------------------------------------------------------------------------
                                             -1.750000   data required time
                                             -0.349501   data arrival time
---------------------------------------------------------------------------------------------
                                              2.099501   slack (MET)


Startpoint: BN[5]$_SDFFE_PP1P_ (rising edge-triggered flip-flop clocked by clk)
Endpoint: D[6] (output port clocked by clk)
Path Group: clk
Path Type: min

Fanout         Cap        Slew       Delay        Time   Description
---------------------------------------------------------------------------------------------
                                  0.000000    0.000000   clock clk (rise edge)
                                  0.000000    0.000000   clock source latency
     1    0.017718    0.022106    0.010538    0.010538 ^ clk (in)
                                                         clk (net)
                      0.022190    0.000000    0.010538 ^ clkbuf_0_clk/A (sg13g2_buf_8)
     4    0.053526    0.025923    0.054212    0.064750 ^ clkbuf_0_clk/X (sg13g2_buf_8)
                                                         clknet_0_clk (net)
                      0.026496    0.002961    0.067711 ^ clkbuf_2_2__f_clk/A (sg13g2_buf_8)
     8    0.034554    0.020282    0.051784    0.119495 ^ clkbuf_2_2__f_clk/X (sg13g2_buf_8)
                                                         clknet_2_2__leaf_clk (net)
                      0.020325    0.000824    0.120320 ^ BN[5]$_SDFFE_PP1P_/CLK (sg13g2_dfrbpq_1)
     3    0.009395    0.031087    0.122248    0.242568 ^ BN[5]$_SDFFE_PP1P_/Q (sg13g2_dfrbpq_1)
                                                         net26 (net)
                      0.031088    0.000209    0.242777 ^ _161_/A0 (sg13g2_mux2_1)
     1    0.002840    0.018542    0.059833    0.302611 ^ _161_/X (sg13g2_mux2_1)
                                                         net51 (net)
                      0.018542    0.000112    0.302723 ^ output35/A (sg13g2_buf_1)
     1    0.008464    0.028100    0.049738    0.352460 ^ output35/X (sg13g2_buf_1)
                                                         D[6] (net)
                      0.028101    0.000227    0.352687 ^ D[6] (out)
                                              0.352687   data arrival time

                                  0.000000    0.000000   clock clk (rise edge)
                                  0.000000    0.000000   clock network delay (propagated)
                                  0.250000    0.250000   clock uncertainty
                                  0.000000    0.250000   clock reconvergence pessimism
                                 -2.000000   -1.750000   output external delay
                                             -1.750000   data required time
---------------------------------------------------------------------------------------------
                                             -1.750000   data required time
                                             -0.352687   data arrival time
---------------------------------------------------------------------------------------------
                                              2.102687   slack (MET)


Startpoint: B[6]$_SDFFE_PP1P_ (rising edge-triggered flip-flop clocked by clk)
Endpoint: D[7] (output port clocked by clk)
Path Group: clk
Path Type: min

Fanout         Cap        Slew       Delay        Time   Description
---------------------------------------------------------------------------------------------
                                  0.000000    0.000000   clock clk (rise edge)
                                  0.000000    0.000000   clock source latency
     1    0.017718    0.022106    0.010538    0.010538 ^ clk (in)
                                                         clk (net)
                      0.022190    0.000000    0.010538 ^ clkbuf_0_clk/A (sg13g2_buf_8)
     4    0.053526    0.025923    0.054212    0.064750 ^ clkbuf_0_clk/X (sg13g2_buf_8)
                                                         clknet_0_clk (net)
                      0.026429    0.002768    0.067518 ^ clkbuf_2_3__f_clk/A (sg13g2_buf_8)
     8    0.035624    0.020601    0.052115    0.119634 ^ clkbuf_2_3__f_clk/X (sg13g2_buf_8)
                                                         clknet_2_3__leaf_clk (net)
                      0.020709    0.001258    0.120891 ^ B[6]$_SDFFE_PP1P_/CLK (sg13g2_dfrbpq_1)
     3    0.009431    0.031130    0.122287    0.243178 ^ B[6]$_SDFFE_PP1P_/Q (sg13g2_dfrbpq_1)
                                                         net39 (net)
                      0.031140    0.000521    0.243699 ^ _162_/A1 (sg13g2_mux2_1)
     1    0.004590    0.022339    0.063965    0.307665 ^ _162_/X (sg13g2_mux2_1)
                                                         net52 (net)
                      0.022340    0.000337    0.308001 ^ output36/A (sg13g2_buf_1)
     1    0.006700    0.023869    0.047577    0.355579 ^ output36/X (sg13g2_buf_1)
                                                         D[7] (net)
                      0.023872    0.000277    0.355856 ^ D[7] (out)
                                              0.355856   data arrival time

                                  0.000000    0.000000   clock clk (rise edge)
                                  0.000000    0.000000   clock network delay (propagated)
                                  0.250000    0.250000   clock uncertainty
                                  0.000000    0.250000   clock reconvergence pessimism
                                 -2.000000   -1.750000   output external delay
                                             -1.750000   data required time
---------------------------------------------------------------------------------------------
                                             -1.750000   data required time
                                             -0.355856   data arrival time
---------------------------------------------------------------------------------------------
                                              2.105856   slack (MET)


Startpoint: B[0]$_SDFFE_PP1P_ (rising edge-triggered flip-flop clocked by clk)
Endpoint: D[1] (output port clocked by clk)
Path Group: clk
Path Type: min

Fanout         Cap        Slew       Delay        Time   Description
---------------------------------------------------------------------------------------------
                                  0.000000    0.000000   clock clk (rise edge)
                                  0.000000    0.000000   clock source latency
     1    0.017718    0.022106    0.010538    0.010538 ^ clk (in)
                                                         clk (net)
                      0.022190    0.000000    0.010538 ^ clkbuf_0_clk/A (sg13g2_buf_8)
     4    0.053526    0.025923    0.054212    0.064750 ^ clkbuf_0_clk/X (sg13g2_buf_8)
                                                         clknet_0_clk (net)
                      0.026468    0.002883    0.067633 ^ clkbuf_2_0__f_clk/A (sg13g2_buf_8)
     8    0.033783    0.020022    0.051435    0.119068 ^ clkbuf_2_0__f_clk/X (sg13g2_buf_8)
                                                         clknet_2_0__leaf_clk (net)
                      0.020226    0.001701    0.120769 ^ B[0]$_SDFFE_PP1P_/CLK (sg13g2_dfrbpq_1)
     3    0.010277    0.033185    0.123796    0.244565 ^ B[0]$_SDFFE_PP1P_/Q (sg13g2_dfrbpq_1)
                                                         net31 (net)
                      0.033187    0.000289    0.244855 ^ _156_/A1 (sg13g2_mux2_1)
     1    0.003356    0.019708    0.062023    0.306877 ^ _156_/X (sg13g2_mux2_1)
                                                         net46 (net)
                      0.019708    0.000130    0.307007 ^ output30/A (sg13g2_buf_1)
     1    0.007987    0.026936    0.049076    0.356083 ^ output30/X (sg13g2_buf_1)
                                                         D[1] (net)
                      0.026947    0.000501    0.356584 ^ D[1] (out)
                                              0.356584   data arrival time

                                  0.000000    0.000000   clock clk (rise edge)
                                  0.000000    0.000000   clock network delay (propagated)
                                  0.250000    0.250000   clock uncertainty
                                  0.000000    0.250000   clock reconvergence pessimism
                                 -2.000000   -1.750000   output external delay
                                             -1.750000   data required time
---------------------------------------------------------------------------------------------
                                             -1.750000   data required time
                                             -0.356584   data arrival time
---------------------------------------------------------------------------------------------
                                              2.106584   slack (MET)


Startpoint: BN[4]$_SDFFE_PP1P_ (rising edge-triggered flip-flop clocked by clk)
Endpoint: D[5] (output port clocked by clk)
Path Group: clk
Path Type: min

Fanout         Cap        Slew       Delay        Time   Description
---------------------------------------------------------------------------------------------
                                  0.000000    0.000000   clock clk (rise edge)
                                  0.000000    0.000000   clock source latency
     1    0.017718    0.022106    0.010538    0.010538 ^ clk (in)
                                                         clk (net)
                      0.022190    0.000000    0.010538 ^ clkbuf_0_clk/A (sg13g2_buf_8)
     4    0.053526    0.025923    0.054212    0.064750 ^ clkbuf_0_clk/X (sg13g2_buf_8)
                                                         clknet_0_clk (net)
                      0.026468    0.002883    0.067633 ^ clkbuf_2_0__f_clk/A (sg13g2_buf_8)
     8    0.033783    0.020022    0.051435    0.119068 ^ clkbuf_2_0__f_clk/X (sg13g2_buf_8)
                                                         clknet_2_0__leaf_clk (net)
                      0.020282    0.001940    0.121008 ^ BN[4]$_SDFFE_PP1P_/CLK (sg13g2_dfrbpq_1)
     3    0.010681    0.034164    0.124497    0.245505 ^ BN[4]$_SDFFE_PP1P_/Q (sg13g2_dfrbpq_1)
                                                         net25 (net)
                      0.034174    0.000557    0.246062 ^ _160_/A0 (sg13g2_mux2_1)
     1    0.004078    0.021314    0.063477    0.309538 ^ _160_/X (sg13g2_mux2_1)
                                                         net50 (net)
                      0.021318    0.000257    0.309795 ^ output34/A (sg13g2_buf_1)
     1    0.007689    0.026261    0.049103    0.358898 ^ output34/X (sg13g2_buf_1)
                                                         D[5] (net)
                      0.026265    0.000328    0.359226 ^ D[5] (out)
                                              0.359226   data arrival time

                                  0.000000    0.000000   clock clk (rise edge)
                                  0.000000    0.000000   clock network delay (propagated)
                                  0.250000    0.250000   clock uncertainty
                                  0.000000    0.250000   clock reconvergence pessimism
                                 -2.000000   -1.750000   output external delay
                                             -1.750000   data required time
---------------------------------------------------------------------------------------------
                                             -1.750000   data required time
                                             -0.359226   data arrival time
---------------------------------------------------------------------------------------------
                                              2.109226   slack (MET)


Startpoint: BN[2]$_SDFFE_PP1P_ (rising edge-triggered flip-flop clocked by clk)
Endpoint: D[3] (output port clocked by clk)
Path Group: clk
Path Type: min

Fanout         Cap        Slew       Delay        Time   Description
---------------------------------------------------------------------------------------------
                                  0.000000    0.000000   clock clk (rise edge)
                                  0.000000    0.000000   clock source latency
     1    0.017718    0.022106    0.010538    0.010538 ^ clk (in)
                                                         clk (net)
                      0.022190    0.000000    0.010538 ^ clkbuf_0_clk/A (sg13g2_buf_8)
     4    0.053526    0.025923    0.054212    0.064750 ^ clkbuf_0_clk/X (sg13g2_buf_8)
                                                         clknet_0_clk (net)
                      0.026429    0.002768    0.067518 ^ clkbuf_2_3__f_clk/A (sg13g2_buf_8)
     8    0.035624    0.020601    0.052115    0.119634 ^ clkbuf_2_3__f_clk/X (sg13g2_buf_8)
                                                         clknet_2_3__leaf_clk (net)
                      0.020731    0.001394    0.121028 ^ BN[2]$_SDFFE_PP1P_/CLK (sg13g2_dfrbpq_1)
     3    0.010322    0.033291    0.124007    0.245035 ^ BN[2]$_SDFFE_PP1P_/Q (sg13g2_dfrbpq_1)
                                                         net23 (net)
                      0.033300    0.000512    0.245547 ^ _158_/A0 (sg13g2_mux2_1)
     1    0.004409    0.021934    0.063869    0.309416 ^ _158_/X (sg13g2_mux2_1)
                                                         net48 (net)
                      0.021939    0.000308    0.309724 ^ output32/A (sg13g2_buf_1)
     1    0.008008    0.027070    0.049895    0.359619 ^ output32/X (sg13g2_buf_1)
                                                         D[3] (net)
                      0.027074    0.000340    0.359959 ^ D[3] (out)
                                              0.359959   data arrival time

                                  0.000000    0.000000   clock clk (rise edge)
                                  0.000000    0.000000   clock network delay (propagated)
                                  0.250000    0.250000   clock uncertainty
                                  0.000000    0.250000   clock reconvergence pessimism
                                 -2.000000   -1.750000   output external delay
                                             -1.750000   data required time
---------------------------------------------------------------------------------------------
                                             -1.750000   data required time
                                             -0.359959   data arrival time
---------------------------------------------------------------------------------------------
                                              2.109958   slack (MET)


Startpoint: B[10]$_SDFFE_PP1P_ (rising edge-triggered flip-flop clocked by clk)
Endpoint: D[11] (output port clocked by clk)
Path Group: clk
Path Type: min

Fanout         Cap        Slew       Delay        Time   Description
---------------------------------------------------------------------------------------------
                                  0.000000    0.000000   clock clk (rise edge)
                                  0.000000    0.000000   clock source latency
     1    0.017718    0.022106    0.010538    0.010538 ^ clk (in)
                                                         clk (net)
                      0.022190    0.000000    0.010538 ^ clkbuf_0_clk/A (sg13g2_buf_8)
     4    0.053526    0.025923    0.054212    0.064750 ^ clkbuf_0_clk/X (sg13g2_buf_8)
                                                         clknet_0_clk (net)
                      0.026496    0.002961    0.067711 ^ clkbuf_2_2__f_clk/A (sg13g2_buf_8)
     8    0.034554    0.020282    0.051784    0.119495 ^ clkbuf_2_2__f_clk/X (sg13g2_buf_8)
                                                         clknet_2_2__leaf_clk (net)
                      0.020430    0.001525    0.121021 ^ B[10]$_SDFFE_PP1P_/CLK (sg13g2_dfrbpq_1)
     3    0.008587    0.029105    0.120729    0.241750 ^ B[10]$_SDFFE_PP1P_/Q (sg13g2_dfrbpq_1)
                                                         net32 (net)
                      0.029107    0.000269    0.242019 ^ _155_/A1 (sg13g2_mux2_1)
     1    0.005447    0.024253    0.065134    0.307153 ^ _155_/X (sg13g2_mux2_1)
                                                         net45 (net)
                      0.024255    0.000377    0.307530 ^ output29/A (sg13g2_buf_1)
     1    0.009541    0.030935    0.053376    0.360906 ^ output29/X (sg13g2_buf_1)
                                                         D[11] (net)
                      0.030970    0.000629    0.361535 ^ D[11] (out)
                                              0.361535   data arrival time

                                  0.000000    0.000000   clock clk (rise edge)
                                  0.000000    0.000000   clock network delay (propagated)
                                  0.250000    0.250000   clock uncertainty
                                  0.000000    0.250000   clock reconvergence pessimism
                                 -2.000000   -1.750000   output external delay
                                             -1.750000   data required time
---------------------------------------------------------------------------------------------
                                             -1.750000   data required time
                                             -0.361535   data arrival time
---------------------------------------------------------------------------------------------
                                              2.111535   slack (MET)


Startpoint: BN[9]$_SDFFE_PP1P_ (rising edge-triggered flip-flop clocked by clk)
Endpoint: D[10] (output port clocked by clk)
Path Group: clk
Path Type: min

Fanout         Cap        Slew       Delay        Time   Description
---------------------------------------------------------------------------------------------
                                  0.000000    0.000000   clock clk (rise edge)
                                  0.000000    0.000000   clock source latency
     1    0.017718    0.022106    0.010538    0.010538 ^ clk (in)
                                                         clk (net)
                      0.022190    0.000000    0.010538 ^ clkbuf_0_clk/A (sg13g2_buf_8)
     4    0.053526    0.025923    0.054212    0.064750 ^ clkbuf_0_clk/X (sg13g2_buf_8)
                                                         clknet_0_clk (net)
                      0.026496    0.002961    0.067711 ^ clkbuf_2_2__f_clk/A (sg13g2_buf_8)
     8    0.034554    0.020282    0.051784    0.119495 ^ clkbuf_2_2__f_clk/X (sg13g2_buf_8)
                                                         clknet_2_2__leaf_clk (net)
                      0.020465    0.001704    0.121200 ^ BN[9]$_SDFFE_PP1P_/CLK (sg13g2_dfrbpq_1)
     3    0.011238    0.035519    0.125471    0.246671 ^ BN[9]$_SDFFE_PP1P_/Q (sg13g2_dfrbpq_1)
                                                         net30 (net)
                      0.035543    0.000849    0.247519 ^ _154_/A0 (sg13g2_mux2_1)
     1    0.004785    0.022886    0.065409    0.312928 ^ _154_/X (sg13g2_mux2_1)
                                                         net44 (net)
                      0.022888    0.000346    0.313274 ^ output28/A (sg13g2_buf_1)
     1    0.007262    0.025263    0.048800    0.362074 ^ output28/X (sg13g2_buf_1)
                                                         D[10] (net)
                      0.025267    0.000304    0.362379 ^ D[10] (out)
                                              0.362379   data arrival time

                                  0.000000    0.000000   clock clk (rise edge)
                                  0.000000    0.000000   clock network delay (propagated)
                                  0.250000    0.250000   clock uncertainty
                                  0.000000    0.250000   clock reconvergence pessimism
                                 -2.000000   -1.750000   output external delay
                                             -1.750000   data required time
---------------------------------------------------------------------------------------------
                                             -1.750000   data required time
                                             -0.362379   data arrival time
---------------------------------------------------------------------------------------------
                                              2.112379   slack (MET)


Startpoint: B[1]$_SDFFE_PP1P_ (rising edge-triggered flip-flop clocked by clk)
Endpoint: D[2] (output port clocked by clk)
Path Group: clk
Path Type: min

Fanout         Cap        Slew       Delay        Time   Description
---------------------------------------------------------------------------------------------
                                  0.000000    0.000000   clock clk (rise edge)
                                  0.000000    0.000000   clock source latency
     1    0.017718    0.022106    0.010538    0.010538 ^ clk (in)
                                                         clk (net)
                      0.022190    0.000000    0.010538 ^ clkbuf_0_clk/A (sg13g2_buf_8)
     4    0.053526    0.025923    0.054212    0.064750 ^ clkbuf_0_clk/X (sg13g2_buf_8)
                                                         clknet_0_clk (net)
                      0.026468    0.002883    0.067633 ^ clkbuf_2_0__f_clk/A (sg13g2_buf_8)
     8    0.033783    0.020022    0.051435    0.119068 ^ clkbuf_2_0__f_clk/X (sg13g2_buf_8)
                                                         clknet_2_0__leaf_clk (net)
                      0.020288    0.001967    0.121035 ^ B[1]$_SDFFE_PP1P_/CLK (sg13g2_dfrbpq_1)
     3    0.010401    0.033484    0.124066    0.245101 ^ B[1]$_SDFFE_PP1P_/Q (sg13g2_dfrbpq_1)
                                                         net34 (net)
                      0.033490    0.000449    0.245549 ^ _157_/A1 (sg13g2_mux2_1)
     1    0.006407    0.026539    0.068665    0.314215 ^ _157_/X (sg13g2_mux2_1)
                                                         net47 (net)
                      0.026547    0.000405    0.314620 ^ output31/A (sg13g2_buf_1)
     1    0.007280    0.025432    0.049992    0.364612 ^ output31/X (sg13g2_buf_1)
                                                         D[2] (net)
                      0.025435    0.000302    0.364914 ^ D[2] (out)
                                              0.364914   data arrival time

                                  0.000000    0.000000   clock clk (rise edge)
                                  0.000000    0.000000   clock network delay (propagated)
                                  0.250000    0.250000   clock uncertainty
                                  0.000000    0.250000   clock reconvergence pessimism
                                 -2.000000   -1.750000   output external delay
                                             -1.750000   data required time
---------------------------------------------------------------------------------------------
                                             -1.750000   data required time
                                             -0.364914   data arrival time
---------------------------------------------------------------------------------------------
                                              2.114914   slack (MET)


Startpoint: BN[8]$_SDFFE_PP1P_ (rising edge-triggered flip-flop clocked by clk)
Endpoint: D[9] (output port clocked by clk)
Path Group: clk
Path Type: min

Fanout         Cap        Slew       Delay        Time   Description
---------------------------------------------------------------------------------------------
                                  0.000000    0.000000   clock clk (rise edge)
                                  0.000000    0.000000   clock source latency
     1    0.017718    0.022106    0.010538    0.010538 ^ clk (in)
                                                         clk (net)
                      0.022190    0.000000    0.010538 ^ clkbuf_0_clk/A (sg13g2_buf_8)
     4    0.053526    0.025923    0.054212    0.064750 ^ clkbuf_0_clk/X (sg13g2_buf_8)
                                                         clknet_0_clk (net)
                      0.026468    0.002883    0.067633 ^ clkbuf_2_0__f_clk/A (sg13g2_buf_8)
     8    0.033783    0.020022    0.051435    0.119068 ^ clkbuf_2_0__f_clk/X (sg13g2_buf_8)
                                                         clknet_2_0__leaf_clk (net)
                      0.020276    0.001914    0.120982 ^ BN[8]$_SDFFE_PP1P_/CLK (sg13g2_dfrbpq_1)
     3    0.010550    0.033839    0.124115    0.245098 ^ BN[8]$_SDFFE_PP1P_/Q (sg13g2_dfrbpq_1)
                                                         net29 (net)
                      0.033867    0.000863    0.245961 ^ _164_/A0 (sg13g2_mux2_1)
     1    0.005692    0.024919    0.066778    0.312739 ^ _164_/X (sg13g2_mux2_1)
                                                         net54 (net)
                      0.024921    0.000369    0.313108 ^ output38/A (sg13g2_buf_1)
     1    0.008814    0.029156    0.052332    0.365440 ^ output38/X (sg13g2_buf_1)
                                                         D[9] (net)
                      0.029161    0.000391    0.365831 ^ D[9] (out)
                                              0.365831   data arrival time

                                  0.000000    0.000000   clock clk (rise edge)
                                  0.000000    0.000000   clock network delay (propagated)
                                  0.250000    0.250000   clock uncertainty
                                  0.000000    0.250000   clock reconvergence pessimism
                                 -2.000000   -1.750000   output external delay
                                             -1.750000   data required time
---------------------------------------------------------------------------------------------
                                             -1.750000   data required time
                                             -0.365831   data arrival time
---------------------------------------------------------------------------------------------
                                              2.115831   slack (MET)


Startpoint: BN[7]$_SDFFE_PP1P_ (rising edge-triggered flip-flop clocked by clk)
Endpoint: D[8] (output port clocked by clk)
Path Group: clk
Path Type: min

Fanout         Cap        Slew       Delay        Time   Description
---------------------------------------------------------------------------------------------
                                  0.000000    0.000000   clock clk (rise edge)
                                  0.000000    0.000000   clock source latency
     1    0.017718    0.022106    0.010538    0.010538 ^ clk (in)
                                                         clk (net)
                      0.022190    0.000000    0.010538 ^ clkbuf_0_clk/A (sg13g2_buf_8)
     4    0.053526    0.025923    0.054212    0.064750 ^ clkbuf_0_clk/X (sg13g2_buf_8)
                                                         clknet_0_clk (net)
                      0.026429    0.002768    0.067518 ^ clkbuf_2_3__f_clk/A (sg13g2_buf_8)
     8    0.035624    0.020601    0.052115    0.119634 ^ clkbuf_2_3__f_clk/X (sg13g2_buf_8)
                                                         clknet_2_3__leaf_clk (net)
                      0.020726    0.001365    0.120999 ^ BN[7]$_SDFFE_PP1P_/CLK (sg13g2_dfrbpq_1)
     3    0.010817    0.034498    0.124984    0.245983 ^ BN[7]$_SDFFE_PP1P_/Q (sg13g2_dfrbpq_1)
                                                         net28 (net)
                      0.034504    0.000450    0.246432 ^ _163_/A0 (sg13g2_mux2_1)
     1    0.005724    0.024865    0.067017    0.313449 ^ _163_/X (sg13g2_mux2_1)
                                                         net53 (net)
                      0.024878    0.000512    0.313961 ^ output37/A (sg13g2_buf_1)
     1    0.010834    0.034190    0.056127    0.370088 ^ output37/X (sg13g2_buf_1)
                                                         D[8] (net)
                      0.034196    0.000454    0.370542 ^ D[8] (out)
                                              0.370542   data arrival time

                                  0.000000    0.000000   clock clk (rise edge)
                                  0.000000    0.000000   clock network delay (propagated)
                                  0.250000    0.250000   clock uncertainty
                                  0.000000    0.250000   clock reconvergence pessimism
                                 -2.000000   -1.750000   output external delay
                                             -1.750000   data required time
---------------------------------------------------------------------------------------------
                                             -1.750000   data required time
                                             -0.370542   data arrival time
---------------------------------------------------------------------------------------------
                                              2.120542   slack (MET)


Startpoint: BN[3]$_SDFFE_PP1P_ (rising edge-triggered flip-flop clocked by clk)
Endpoint: D[4] (output port clocked by clk)
Path Group: clk
Path Type: min

Fanout         Cap        Slew       Delay        Time   Description
---------------------------------------------------------------------------------------------
                                  0.000000    0.000000   clock clk (rise edge)
                                  0.000000    0.000000   clock source latency
     1    0.017718    0.022106    0.010538    0.010538 ^ clk (in)
                                                         clk (net)
                      0.022190    0.000000    0.010538 ^ clkbuf_0_clk/A (sg13g2_buf_8)
     4    0.053526    0.025923    0.054212    0.064750 ^ clkbuf_0_clk/X (sg13g2_buf_8)
                                                         clknet_0_clk (net)
                      0.026410    0.002710    0.067461 ^ clkbuf_2_1__f_clk/A (sg13g2_buf_8)
     7    0.030098    0.019021    0.050593    0.118054 ^ clkbuf_2_1__f_clk/X (sg13g2_buf_8)
                                                         clknet_2_1__leaf_clk (net)
                      0.019115    0.001483    0.119537 ^ BN[3]$_SDFFE_PP1P_/CLK (sg13g2_dfrbpq_1)
     3    0.012660    0.039080    0.127812    0.247348 ^ BN[3]$_SDFFE_PP1P_/Q (sg13g2_dfrbpq_1)
                                                         net24 (net)
                      0.039086    0.000475    0.247824 ^ _159_/A0 (sg13g2_mux2_1)
     1    0.006079    0.025702    0.069408    0.317231 ^ _159_/X (sg13g2_mux2_1)
                                                         net49 (net)
                      0.025704    0.000205    0.317436 ^ output33/A (sg13g2_buf_1)
     1    0.008807    0.029148    0.052396    0.369832 ^ output33/X (sg13g2_buf_1)
                                                         D[4] (net)
                      0.029192    0.000722    0.370554 ^ D[4] (out)
                                              0.370554   data arrival time

                                  0.000000    0.000000   clock clk (rise edge)
                                  0.000000    0.000000   clock network delay (propagated)
                                  0.250000    0.250000   clock uncertainty
                                  0.000000    0.250000   clock reconvergence pessimism
                                 -2.000000   -1.750000   output external delay
                                             -1.750000   data required time
---------------------------------------------------------------------------------------------
                                             -1.750000   data required time
                                             -0.370554   data arrival time
---------------------------------------------------------------------------------------------
                                              2.120554   slack (MET)


Startpoint: B[11]$_SDFFE_PP1P_ (rising edge-triggered flip-flop clocked by clk)
Endpoint: B[11] (output port clocked by clk)
Path Group: clk
Path Type: min

Fanout         Cap        Slew       Delay        Time   Description
---------------------------------------------------------------------------------------------
                                  0.000000    0.000000   clock clk (rise edge)
                                  0.000000    0.000000   clock source latency
     1    0.017718    0.022106    0.010538    0.010538 ^ clk (in)
                                                         clk (net)
                      0.022190    0.000000    0.010538 ^ clkbuf_0_clk/A (sg13g2_buf_8)
     4    0.053526    0.025923    0.054212    0.064750 ^ clkbuf_0_clk/X (sg13g2_buf_8)
                                                         clknet_0_clk (net)
                      0.026496    0.002961    0.067711 ^ clkbuf_2_2__f_clk/A (sg13g2_buf_8)
     8    0.034554    0.020282    0.051784    0.119495 ^ clkbuf_2_2__f_clk/X (sg13g2_buf_8)
                                                         clknet_2_2__leaf_clk (net)
                      0.020422    0.001479    0.120975 ^ B[11]$_SDFFE_PP1P_/CLK (sg13g2_dfrbpq_2)
     2    0.012022    0.025266    0.125458    0.246433 ^ B[11]$_SDFFE_PP1P_/Q (sg13g2_dfrbpq_2)
                                                         net10 (net)
                      0.025266    0.000083    0.246517 ^ hold43/A (sg13g2_dlygate4sd3_1)
     1    0.009768    0.038391    0.262680    0.509196 ^ hold43/X (sg13g2_dlygate4sd3_1)
                                                         net126 (net)
                      0.038391    0.000401    0.509598 ^ fanout10/A (sg13g2_buf_8)
     8    0.063176    0.029577    0.062498    0.572095 ^ fanout10/X (sg13g2_buf_8)
                                                         net33 (net)
                      0.029808    0.001973    0.574068 ^ output17/A (sg13g2_buf_1)
     1    0.007490    0.026052    0.051413    0.625481 ^ output17/X (sg13g2_buf_1)
                                                         B[11] (net)
                      0.026056    0.000318    0.625799 ^ B[11] (out)
                                              0.625799   data arrival time

                                  0.000000    0.000000   clock clk (rise edge)
                                  0.000000    0.000000   clock network delay (propagated)
                                  0.250000    0.250000   clock uncertainty
                                  0.000000    0.250000   clock reconvergence pessimism
                                 -2.000000   -1.750000   output external delay
                                             -1.750000   data required time
---------------------------------------------------------------------------------------------
                                             -1.750000   data required time
                                             -0.625799   data arrival time
---------------------------------------------------------------------------------------------
                                              2.375799   slack (MET)



